0.000000000000000000e+00
7.071067811865475727e-01
7.071067811865475727e-01
7.071067811865475727e-01
7.071067811865475727e-01
7.071067811865475727e-01
7.071067811865475727e-01
7.071067811865475727e-01
7.071067811865475727e-01
1.000000000000000000e+00
1.000000000000000000e+00
1.000000000000000000e+00
1.000000000000000000e+00
1.000000000000000000e+00
1.000000000000000000e+00
1.224744871391588941e+00
1.224744871391588941e+00
1.224744871391588941e+00
1.224744871391588941e+00
1.224744871391588941e+00
1.224744871391588941e+00
1.224744871391588941e+00
1.224744871391588941e+00
1.224744871391588941e+00
1.224744871391588941e+00
1.224744871391588941e+00
1.224744871391588941e+00
1.224744871391588941e+00
1.224744871391588941e+00
1.224744871391588941e+00
1.224744871391588941e+00
1.414213562373095145e+00
1.414213562373095145e+00
1.414213562373095145e+00
1.414213562373095145e+00
1.414213562373095145e+00
1.414213562373095145e+00
1.414213562373095145e+00
1.414213562373095145e+00
1.414213562373095145e+00
1.414213562373095145e+00
1.414213562373095145e+00
1.414213562373095145e+00
1.581138830084189761e+00
1.581138830084189761e+00
1.581138830084189761e+00
1.581138830084189761e+00
1.581138830084189761e+00
1.581138830084189761e+00
1.581138830084189761e+00
1.581138830084189761e+00
1.581138830084189761e+00
1.581138830084189761e+00
1.581138830084189761e+00
1.581138830084189761e+00
1.581138830084189761e+00
1.581138830084189761e+00
1.581138830084189761e+00
1.581138830084189761e+00
1.732050807568877193e+00
1.732050807568877193e+00
1.732050807568877193e+00
1.732050807568877193e+00
1.732050807568877193e+00
1.732050807568877193e+00
1.732050807568877193e+00
1.732050807568877193e+00
1.870828693386970665e+00
1.870828693386970665e+00
1.870828693386970665e+00
1.870828693386970665e+00
1.870828693386970665e+00
1.870828693386970665e+00
1.870828693386970665e+00
1.870828693386970665e+00
1.870828693386970665e+00
1.870828693386970665e+00
1.870828693386970665e+00
1.870828693386970665e+00
1.870828693386970665e+00
1.870828693386970665e+00
1.870828693386970665e+00
1.870828693386970665e+00
1.870828693386970665e+00
1.870828693386970665e+00
1.870828693386970665e+00
1.870828693386970665e+00
1.870828693386970665e+00
1.870828693386970665e+00
1.870828693386970665e+00
1.870828693386970665e+00
1.870828693386970665e+00
1.870828693386970665e+00
1.870828693386970665e+00
1.870828693386970665e+00
1.870828693386970665e+00
1.870828693386970665e+00
1.870828693386970665e+00
1.870828693386970665e+00
2.000000000000000000e+00
2.000000000000000000e+00
2.000000000000000000e+00
2.000000000000000000e+00
2.000000000000000000e+00
2.000000000000000000e+00
2.121320343559642385e+00
2.121320343559642385e+00
2.121320343559642385e+00
2.121320343559642385e+00
2.121320343559642385e+00
2.121320343559642385e+00
2.121320343559642385e+00
2.121320343559642385e+00
2.121320343559642385e+00
2.121320343559642385e+00
2.121320343559642385e+00
2.121320343559642385e+00
2.121320343559642385e+00
2.121320343559642385e+00
2.121320343559642385e+00
2.121320343559642385e+00
2.121320343559642385e+00
2.121320343559642385e+00
2.121320343559642385e+00
2.121320343559642385e+00
2.121320343559642385e+00
2.121320343559642385e+00
2.121320343559642385e+00
2.121320343559642385e+00
2.236067977499789805e+00
2.236067977499789805e+00
2.236067977499789805e+00
2.236067977499789805e+00
2.236067977499789805e+00
2.236067977499789805e+00
2.236067977499789805e+00
2.236067977499789805e+00
2.236067977499789805e+00
2.236067977499789805e+00
2.236067977499789805e+00
2.236067977499789805e+00
2.236067977499789805e+00
2.236067977499789805e+00
2.236067977499789805e+00
2.236067977499789805e+00
2.236067977499789805e+00
2.236067977499789805e+00
2.236067977499789805e+00
2.236067977499789805e+00
2.236067977499789805e+00
2.236067977499789805e+00
2.236067977499789805e+00
2.236067977499789805e+00
2.345207879911714866e+00
2.345207879911714866e+00
2.345207879911714866e+00
2.345207879911714866e+00
2.345207879911714866e+00
2.345207879911714866e+00
2.345207879911714866e+00
2.345207879911714866e+00
2.345207879911714866e+00
2.345207879911714866e+00
2.345207879911714866e+00
2.345207879911714866e+00
2.345207879911714866e+00
2.345207879911714866e+00
2.345207879911714866e+00
2.345207879911714866e+00
2.449489742783177881e+00
2.449489742783177881e+00
2.449489742783177881e+00
2.449489742783177881e+00
2.449489742783177881e+00
2.449489742783177881e+00
2.449489742783177881e+00
2.449489742783177881e+00
2.449489742783177881e+00
2.449489742783177881e+00
2.449489742783177881e+00
2.449489742783177881e+00
2.449489742783177881e+00
2.449489742783177881e+00
2.449489742783177881e+00
2.449489742783177881e+00
2.449489742783177881e+00
2.449489742783177881e+00
2.449489742783177881e+00
2.449489742783177881e+00
2.449489742783177881e+00
2.449489742783177881e+00
2.449489742783177881e+00
2.449489742783177881e+00
2.549509756796392246e+00
2.549509756796392246e+00
2.549509756796392246e+00
2.549509756796392246e+00
2.549509756796392246e+00
2.549509756796392246e+00
2.549509756796392246e+00
2.549509756796392246e+00
2.549509756796392246e+00
2.549509756796392246e+00
2.549509756796392246e+00
2.549509756796392246e+00
2.549509756796392246e+00
2.549509756796392246e+00
2.549509756796392246e+00
2.549509756796392246e+00
2.549509756796392246e+00
2.549509756796392246e+00
2.549509756796392246e+00
2.549509756796392246e+00
2.549509756796392246e+00
2.549509756796392246e+00
2.549509756796392246e+00
2.549509756796392246e+00
2.549509756796392246e+00
2.549509756796392246e+00
2.549509756796392246e+00
2.549509756796392246e+00
2.549509756796392246e+00
2.549509756796392246e+00
2.549509756796392246e+00
2.549509756796392246e+00
2.549509756796392246e+00
2.549509756796392246e+00
2.549509756796392246e+00
2.549509756796392246e+00
2.549509756796392246e+00
2.549509756796392246e+00
2.549509756796392246e+00
2.549509756796392246e+00
2.549509756796392246e+00
2.549509756796392246e+00
2.549509756796392246e+00
2.549509756796392246e+00
2.549509756796392246e+00
2.549509756796392246e+00
2.549509756796392246e+00
2.549509756796392246e+00
2.738612787525830594e+00
2.738612787525830594e+00
2.738612787525830594e+00
2.738612787525830594e+00
2.738612787525830594e+00
2.738612787525830594e+00
2.738612787525830594e+00
2.738612787525830594e+00
2.738612787525830594e+00
2.738612787525830594e+00
2.738612787525830594e+00
2.738612787525830594e+00
2.738612787525830594e+00
2.738612787525830594e+00
2.738612787525830594e+00
2.738612787525830594e+00
2.738612787525830594e+00
2.738612787525830594e+00
2.738612787525830594e+00
2.738612787525830594e+00
2.738612787525830594e+00
2.738612787525830594e+00
2.738612787525830594e+00
2.738612787525830594e+00
2.738612787525830594e+00
2.738612787525830594e+00
2.738612787525830594e+00
2.738612787525830594e+00
2.738612787525830594e+00
2.738612787525830594e+00
2.738612787525830594e+00
2.738612787525830594e+00
2.828427124746190291e+00
2.828427124746190291e+00
2.828427124746190291e+00
2.828427124746190291e+00
2.828427124746190291e+00
2.828427124746190291e+00
2.828427124746190291e+00
2.828427124746190291e+00
2.828427124746190291e+00
2.828427124746190291e+00
2.828427124746190291e+00
2.828427124746190291e+00
2.915475947422650371e+00
2.915475947422650371e+00
2.915475947422650371e+00
2.915475947422650371e+00
2.915475947422650371e+00
2.915475947422650371e+00
2.915475947422650371e+00
2.915475947422650371e+00
2.915475947422650371e+00
2.915475947422650371e+00
2.915475947422650371e+00
2.915475947422650371e+00
2.915475947422650371e+00
2.915475947422650371e+00
2.915475947422650371e+00
2.915475947422650371e+00
2.915475947422650371e+00
2.915475947422650371e+00
2.915475947422650371e+00
2.915475947422650371e+00
2.915475947422650371e+00
2.915475947422650371e+00
2.915475947422650371e+00
2.915475947422650371e+00
2.915475947422650371e+00
2.915475947422650371e+00
2.915475947422650371e+00
2.915475947422650371e+00
2.915475947422650371e+00
2.915475947422650371e+00
2.915475947422650371e+00
2.915475947422650371e+00
3.000000000000000000e+00
3.000000000000000000e+00
3.000000000000000000e+00
3.000000000000000000e+00
3.000000000000000000e+00
3.000000000000000000e+00
3.000000000000000000e+00
3.000000000000000000e+00
3.000000000000000000e+00
3.000000000000000000e+00
3.000000000000000000e+00
3.000000000000000000e+00
3.000000000000000000e+00
3.000000000000000000e+00
3.000000000000000000e+00
3.000000000000000000e+00
3.000000000000000000e+00
3.000000000000000000e+00
3.000000000000000000e+00
3.000000000000000000e+00
3.000000000000000000e+00
3.000000000000000000e+00
3.000000000000000000e+00
3.000000000000000000e+00
3.000000000000000000e+00
3.000000000000000000e+00
3.000000000000000000e+00
3.000000000000000000e+00
3.000000000000000000e+00
3.000000000000000000e+00
3.082207001484488007e+00
3.082207001484488007e+00
3.082207001484488007e+00
3.082207001484488007e+00
3.082207001484488007e+00
3.082207001484488007e+00
3.082207001484488007e+00
3.082207001484488007e+00
3.082207001484488007e+00
3.082207001484488007e+00
3.082207001484488007e+00
3.082207001484488007e+00
3.082207001484488007e+00
3.082207001484488007e+00
3.082207001484488007e+00
3.082207001484488007e+00
3.082207001484488007e+00
3.082207001484488007e+00
3.082207001484488007e+00
3.082207001484488007e+00
3.082207001484488007e+00
3.082207001484488007e+00
3.082207001484488007e+00
3.082207001484488007e+00
3.082207001484488007e+00
3.082207001484488007e+00
3.082207001484488007e+00
3.082207001484488007e+00
3.082207001484488007e+00
3.082207001484488007e+00
3.082207001484488007e+00
3.082207001484488007e+00
3.082207001484488007e+00
3.082207001484488007e+00
3.082207001484488007e+00
3.082207001484488007e+00
3.082207001484488007e+00
3.082207001484488007e+00
3.082207001484488007e+00
3.082207001484488007e+00
3.082207001484488007e+00
3.082207001484488007e+00
3.082207001484488007e+00
3.082207001484488007e+00
3.082207001484488007e+00
3.082207001484488007e+00
3.082207001484488007e+00
3.082207001484488007e+00
3.162277660168379523e+00
3.162277660168379523e+00
3.162277660168379523e+00
3.162277660168379523e+00
3.162277660168379523e+00
3.162277660168379523e+00
3.162277660168379523e+00
3.162277660168379523e+00
3.162277660168379523e+00
3.162277660168379523e+00
3.162277660168379523e+00
3.162277660168379523e+00
3.162277660168379523e+00
3.162277660168379523e+00
3.162277660168379523e+00
3.162277660168379523e+00
3.162277660168379523e+00
3.162277660168379523e+00
3.162277660168379523e+00
3.162277660168379523e+00
3.162277660168379523e+00
3.162277660168379523e+00
3.162277660168379523e+00
3.162277660168379523e+00
3.240370349203930189e+00
3.240370349203930189e+00
3.240370349203930189e+00
3.240370349203930189e+00
3.240370349203930189e+00
3.240370349203930189e+00
3.240370349203930189e+00
3.240370349203930189e+00
3.240370349203930189e+00
3.240370349203930189e+00
3.240370349203930189e+00
3.240370349203930189e+00
3.240370349203930189e+00
3.240370349203930189e+00
3.240370349203930189e+00
3.240370349203930189e+00
3.240370349203930189e+00
3.240370349203930189e+00
3.240370349203930189e+00
3.240370349203930189e+00
3.240370349203930189e+00
3.240370349203930189e+00
3.240370349203930189e+00
3.240370349203930189e+00
3.240370349203930189e+00
3.240370349203930189e+00
3.240370349203930189e+00
3.240370349203930189e+00
3.240370349203930189e+00
3.240370349203930189e+00
3.240370349203930189e+00
3.240370349203930189e+00
3.316624790355399810e+00
3.316624790355399810e+00
3.316624790355399810e+00
3.316624790355399810e+00
3.316624790355399810e+00
3.316624790355399810e+00
3.316624790355399810e+00
3.316624790355399810e+00
3.316624790355399810e+00
3.316624790355399810e+00
3.316624790355399810e+00
3.316624790355399810e+00
3.316624790355399810e+00
3.316624790355399810e+00
3.316624790355399810e+00
3.316624790355399810e+00
3.316624790355399810e+00
3.316624790355399810e+00
3.316624790355399810e+00
3.316624790355399810e+00
3.316624790355399810e+00
3.316624790355399810e+00
3.316624790355399810e+00
3.316624790355399810e+00
3.391164991562634068e+00
3.391164991562634068e+00
3.391164991562634068e+00
3.391164991562634068e+00
3.391164991562634068e+00
3.391164991562634068e+00
3.391164991562634068e+00
3.391164991562634068e+00
3.391164991562634068e+00
3.391164991562634068e+00
3.391164991562634068e+00
3.391164991562634068e+00
3.391164991562634068e+00
3.391164991562634068e+00
3.391164991562634068e+00
3.391164991562634068e+00
3.391164991562634068e+00
3.391164991562634068e+00
3.391164991562634068e+00
3.391164991562634068e+00
3.391164991562634068e+00
3.391164991562634068e+00
3.391164991562634068e+00
3.391164991562634068e+00
3.391164991562634068e+00
3.391164991562634068e+00
3.391164991562634068e+00
3.391164991562634068e+00
3.391164991562634068e+00
3.391164991562634068e+00
3.391164991562634068e+00
3.391164991562634068e+00
3.464101615137754386e+00
3.464101615137754386e+00
3.464101615137754386e+00
3.464101615137754386e+00
3.464101615137754386e+00
3.464101615137754386e+00
3.464101615137754386e+00
3.464101615137754386e+00
3.535533905932737753e+00
3.535533905932737753e+00
3.535533905932737753e+00
3.535533905932737753e+00
3.535533905932737753e+00
3.535533905932737753e+00
3.535533905932737753e+00
3.535533905932737753e+00
3.535533905932737753e+00
3.535533905932737753e+00
3.535533905932737753e+00
3.535533905932737753e+00
3.535533905932737753e+00
3.535533905932737753e+00
3.535533905932737753e+00
3.535533905932737753e+00
3.535533905932737753e+00
3.535533905932737753e+00
3.535533905932737753e+00
3.535533905932737753e+00
3.535533905932737753e+00
3.535533905932737753e+00
3.535533905932737753e+00
3.535533905932737753e+00
3.535533905932737753e+00
3.535533905932737753e+00
3.535533905932737753e+00
3.535533905932737753e+00
3.535533905932737753e+00
3.535533905932737753e+00
3.535533905932737753e+00
3.535533905932737753e+00
3.535533905932737753e+00
3.535533905932737753e+00
3.535533905932737753e+00
3.535533905932737753e+00
3.535533905932737753e+00
3.535533905932737753e+00
3.535533905932737753e+00
3.535533905932737753e+00
3.535533905932737753e+00
3.535533905932737753e+00
3.535533905932737753e+00
3.535533905932737753e+00
3.535533905932737753e+00
3.535533905932737753e+00
3.535533905932737753e+00
3.535533905932737753e+00
3.535533905932737753e+00
3.535533905932737753e+00
3.535533905932737753e+00
3.535533905932737753e+00
3.535533905932737753e+00
3.535533905932737753e+00
3.535533905932737753e+00
3.535533905932737753e+00
3.605551275463989125e+00
3.605551275463989125e+00
3.605551275463989125e+00
3.605551275463989125e+00
3.605551275463989125e+00
3.605551275463989125e+00
3.605551275463989125e+00
3.605551275463989125e+00
3.605551275463989125e+00
3.605551275463989125e+00
3.605551275463989125e+00
3.605551275463989125e+00
3.605551275463989125e+00
3.605551275463989125e+00
3.605551275463989125e+00
3.605551275463989125e+00
3.605551275463989125e+00
3.605551275463989125e+00
3.605551275463989125e+00
3.605551275463989125e+00
3.605551275463989125e+00
3.605551275463989125e+00
3.605551275463989125e+00
3.605551275463989125e+00
3.674234614174767266e+00
3.674234614174767266e+00
3.674234614174767266e+00
3.674234614174767266e+00
3.674234614174767266e+00
3.674234614174767266e+00
3.674234614174767266e+00
3.674234614174767266e+00
3.674234614174767266e+00
3.674234614174767266e+00
3.674234614174767266e+00
3.674234614174767266e+00
3.674234614174767266e+00
3.674234614174767266e+00
3.674234614174767266e+00
3.674234614174767266e+00
3.674234614174767266e+00
3.674234614174767266e+00
3.674234614174767266e+00
3.674234614174767266e+00
3.674234614174767266e+00
3.674234614174767266e+00
3.674234614174767266e+00
3.674234614174767266e+00
3.674234614174767266e+00
3.674234614174767266e+00
3.674234614174767266e+00
3.674234614174767266e+00
3.674234614174767266e+00
3.674234614174767266e+00
3.674234614174767266e+00
3.674234614174767266e+00
3.674234614174767266e+00
3.674234614174767266e+00
3.674234614174767266e+00
3.674234614174767266e+00
3.674234614174767266e+00
3.674234614174767266e+00
3.674234614174767266e+00
3.674234614174767266e+00
3.674234614174767266e+00
3.674234614174767266e+00
3.674234614174767266e+00
3.674234614174767266e+00
3.674234614174767266e+00
3.674234614174767266e+00
3.674234614174767266e+00
3.674234614174767266e+00
3.674234614174767266e+00
3.674234614174767266e+00
3.674234614174767266e+00
3.674234614174767266e+00
3.674234614174767266e+00
3.674234614174767266e+00
3.674234614174767266e+00
3.674234614174767266e+00
3.674234614174767266e+00
3.674234614174767266e+00
3.674234614174767266e+00
3.674234614174767266e+00
3.674234614174767266e+00
3.674234614174767266e+00
3.674234614174767266e+00
3.674234614174767266e+00
3.741657386773941329e+00
3.741657386773941329e+00
3.741657386773941329e+00
3.741657386773941329e+00
3.741657386773941329e+00
3.741657386773941329e+00
3.741657386773941329e+00
3.741657386773941329e+00
3.741657386773941329e+00
3.741657386773941329e+00
3.741657386773941329e+00
3.741657386773941329e+00
3.741657386773941329e+00
3.741657386773941329e+00
3.741657386773941329e+00
3.741657386773941329e+00
3.741657386773941329e+00
3.741657386773941329e+00
3.741657386773941329e+00
3.741657386773941329e+00
3.741657386773941329e+00
3.741657386773941329e+00
3.741657386773941329e+00
3.741657386773941329e+00
3.741657386773941329e+00
3.741657386773941329e+00
3.741657386773941329e+00
3.741657386773941329e+00
3.741657386773941329e+00
3.741657386773941329e+00
3.741657386773941329e+00
3.741657386773941329e+00
3.741657386773941329e+00
3.741657386773941329e+00
3.741657386773941329e+00
3.741657386773941329e+00
3.741657386773941329e+00
3.741657386773941329e+00
3.741657386773941329e+00
3.741657386773941329e+00
3.741657386773941329e+00
3.741657386773941329e+00
3.741657386773941329e+00
3.741657386773941329e+00
3.741657386773941329e+00
3.741657386773941329e+00
3.741657386773941329e+00
3.741657386773941329e+00
3.807886552931954327e+00
3.807886552931954327e+00
3.807886552931954327e+00
3.807886552931954327e+00
3.807886552931954327e+00
3.807886552931954327e+00
3.807886552931954327e+00
3.807886552931954327e+00
3.807886552931954327e+00
3.807886552931954327e+00
3.807886552931954327e+00
3.807886552931954327e+00
3.807886552931954327e+00
3.807886552931954327e+00
3.807886552931954327e+00
3.807886552931954327e+00
3.937003937005905563e+00
3.937003937005905563e+00
3.937003937005905563e+00
3.937003937005905563e+00
3.937003937005905563e+00
3.937003937005905563e+00
3.937003937005905563e+00
3.937003937005905563e+00
3.937003937005905563e+00
3.937003937005905563e+00
3.937003937005905563e+00
3.937003937005905563e+00
3.937003937005905563e+00
3.937003937005905563e+00
3.937003937005905563e+00
3.937003937005905563e+00
3.937003937005905563e+00
3.937003937005905563e+00
3.937003937005905563e+00
3.937003937005905563e+00
3.937003937005905563e+00
3.937003937005905563e+00
3.937003937005905563e+00
3.937003937005905563e+00
3.937003937005905563e+00
3.937003937005905563e+00
3.937003937005905563e+00
3.937003937005905563e+00
3.937003937005905563e+00
3.937003937005905563e+00
3.937003937005905563e+00
3.937003937005905563e+00
3.937003937005905563e+00
3.937003937005905563e+00
3.937003937005905563e+00
3.937003937005905563e+00
3.937003937005905563e+00
3.937003937005905563e+00
3.937003937005905563e+00
3.937003937005905563e+00
3.937003937005905563e+00
3.937003937005905563e+00
3.937003937005905563e+00
3.937003937005905563e+00
3.937003937005905563e+00
3.937003937005905563e+00
3.937003937005905563e+00
3.937003937005905563e+00
3.937003937005905563e+00
3.937003937005905563e+00
3.937003937005905563e+00
3.937003937005905563e+00
3.937003937005905563e+00
3.937003937005905563e+00
3.937003937005905563e+00
3.937003937005905563e+00
3.937003937005905563e+00
3.937003937005905563e+00
3.937003937005905563e+00
3.937003937005905563e+00
3.937003937005905563e+00
3.937003937005905563e+00
3.937003937005905563e+00
3.937003937005905563e+00
4.000000000000000000e+00
4.000000000000000000e+00
4.000000000000000000e+00
4.000000000000000000e+00
4.000000000000000000e+00
4.000000000000000000e+00
4.062019202317980415e+00
4.062019202317980415e+00
4.062019202317980415e+00
4.062019202317980415e+00
4.062019202317980415e+00
4.062019202317980415e+00
4.062019202317980415e+00
4.062019202317980415e+00
4.062019202317980415e+00
4.062019202317980415e+00
4.062019202317980415e+00
4.062019202317980415e+00
4.062019202317980415e+00
4.062019202317980415e+00
4.062019202317980415e+00
4.062019202317980415e+00
4.062019202317980415e+00
4.062019202317980415e+00
4.062019202317980415e+00
4.062019202317980415e+00
4.062019202317980415e+00
4.062019202317980415e+00
4.062019202317980415e+00
4.062019202317980415e+00
4.062019202317980415e+00
4.062019202317980415e+00
4.062019202317980415e+00
4.062019202317980415e+00
4.062019202317980415e+00
4.062019202317980415e+00
4.062019202317980415e+00
4.062019202317980415e+00
4.062019202317980415e+00
4.062019202317980415e+00
4.062019202317980415e+00
4.062019202317980415e+00
4.062019202317980415e+00
4.062019202317980415e+00
4.062019202317980415e+00
4.062019202317980415e+00
4.062019202317980415e+00
4.062019202317980415e+00
4.062019202317980415e+00
4.062019202317980415e+00
4.062019202317980415e+00
4.062019202317980415e+00
4.062019202317980415e+00
4.062019202317980415e+00
4.062019202317980415e+00
4.062019202317980415e+00
4.062019202317980415e+00
4.062019202317980415e+00
4.062019202317980415e+00
4.062019202317980415e+00
4.062019202317980415e+00
4.062019202317980415e+00
4.062019202317980415e+00
4.062019202317980415e+00
4.062019202317980415e+00
4.062019202317980415e+00
4.062019202317980415e+00
4.062019202317980415e+00
4.062019202317980415e+00
4.062019202317980415e+00
4.123105625617660586e+00
4.123105625617660586e+00
4.123105625617660586e+00
4.123105625617660586e+00
4.123105625617660586e+00
4.123105625617660586e+00
4.123105625617660586e+00
4.123105625617660586e+00
4.123105625617660586e+00
4.123105625617660586e+00
4.123105625617660586e+00
4.123105625617660586e+00
4.123105625617660586e+00
4.123105625617660586e+00
4.123105625617660586e+00
4.123105625617660586e+00
4.123105625617660586e+00
4.123105625617660586e+00
4.123105625617660586e+00
4.123105625617660586e+00
4.123105625617660586e+00
4.123105625617660586e+00
4.123105625617660586e+00
4.123105625617660586e+00
4.123105625617660586e+00
4.123105625617660586e+00
4.123105625617660586e+00
4.123105625617660586e+00
4.123105625617660586e+00
4.123105625617660586e+00
4.123105625617660586e+00
4.123105625617660586e+00
4.123105625617660586e+00
4.123105625617660586e+00
4.123105625617660586e+00
4.123105625617660586e+00
4.123105625617660586e+00
4.123105625617660586e+00
4.123105625617660586e+00
4.123105625617660586e+00
4.123105625617660586e+00
4.123105625617660586e+00
4.123105625617660586e+00
4.123105625617660586e+00
4.123105625617660586e+00
4.123105625617660586e+00
4.123105625617660586e+00
4.123105625617660586e+00
4.183300132670377813e+00
4.183300132670377813e+00
4.183300132670377813e+00
4.183300132670377813e+00
4.183300132670377813e+00
4.183300132670377813e+00
4.183300132670377813e+00
4.183300132670377813e+00
4.183300132670377813e+00
4.183300132670377813e+00
4.183300132670377813e+00
4.183300132670377813e+00
4.183300132670377813e+00
4.183300132670377813e+00
4.183300132670377813e+00
4.183300132670377813e+00
4.183300132670377813e+00
4.183300132670377813e+00
4.183300132670377813e+00
4.183300132670377813e+00
4.183300132670377813e+00
4.183300132670377813e+00
4.183300132670377813e+00
4.183300132670377813e+00
4.183300132670377813e+00
4.183300132670377813e+00
4.183300132670377813e+00
4.183300132670377813e+00
4.183300132670377813e+00
4.183300132670377813e+00
4.183300132670377813e+00
4.183300132670377813e+00
4.242640687119284770e+00
4.242640687119284770e+00
4.242640687119284770e+00
4.242640687119284770e+00
4.242640687119284770e+00
4.242640687119284770e+00
4.242640687119284770e+00
4.242640687119284770e+00
4.242640687119284770e+00
4.242640687119284770e+00
4.242640687119284770e+00
4.242640687119284770e+00
4.242640687119284770e+00
4.242640687119284770e+00
4.242640687119284770e+00
4.242640687119284770e+00
4.242640687119284770e+00
4.242640687119284770e+00
4.242640687119284770e+00
4.242640687119284770e+00
4.242640687119284770e+00
4.242640687119284770e+00
4.242640687119284770e+00
4.242640687119284770e+00
4.242640687119284770e+00
4.242640687119284770e+00
4.242640687119284770e+00
4.242640687119284770e+00
4.242640687119284770e+00
4.242640687119284770e+00
4.242640687119284770e+00
4.242640687119284770e+00
4.242640687119284770e+00
4.242640687119284770e+00
4.242640687119284770e+00
4.242640687119284770e+00
4.301162633521313339e+00
4.301162633521313339e+00
4.301162633521313339e+00
4.301162633521313339e+00
4.301162633521313339e+00
4.301162633521313339e+00
4.301162633521313339e+00
4.301162633521313339e+00
4.301162633521313339e+00
4.301162633521313339e+00
4.301162633521313339e+00
4.301162633521313339e+00
4.301162633521313339e+00
4.301162633521313339e+00
4.301162633521313339e+00
4.301162633521313339e+00
4.301162633521313339e+00
4.301162633521313339e+00
4.301162633521313339e+00
4.301162633521313339e+00
4.301162633521313339e+00
4.301162633521313339e+00
4.301162633521313339e+00
4.301162633521313339e+00
4.301162633521313339e+00
4.301162633521313339e+00
4.301162633521313339e+00
4.301162633521313339e+00
4.301162633521313339e+00
4.301162633521313339e+00
4.301162633521313339e+00
4.301162633521313339e+00
4.301162633521313339e+00
4.301162633521313339e+00
4.301162633521313339e+00
4.301162633521313339e+00
4.301162633521313339e+00
4.301162633521313339e+00
4.301162633521313339e+00
4.301162633521313339e+00
4.301162633521313339e+00
4.301162633521313339e+00
4.301162633521313339e+00
4.301162633521313339e+00
4.301162633521313339e+00
4.301162633521313339e+00
4.301162633521313339e+00
4.301162633521313339e+00
4.301162633521313339e+00
4.301162633521313339e+00
4.301162633521313339e+00
4.301162633521313339e+00
4.301162633521313339e+00
4.301162633521313339e+00
4.301162633521313339e+00
4.301162633521313339e+00
4.301162633521313339e+00
4.301162633521313339e+00
4.301162633521313339e+00
4.301162633521313339e+00
4.301162633521313339e+00
4.301162633521313339e+00
4.301162633521313339e+00
4.301162633521313339e+00
4.301162633521313339e+00
4.301162633521313339e+00
4.301162633521313339e+00
4.301162633521313339e+00
4.301162633521313339e+00
4.301162633521313339e+00
4.301162633521313339e+00
4.301162633521313339e+00
4.301162633521313339e+00
4.301162633521313339e+00
4.301162633521313339e+00
4.301162633521313339e+00
4.301162633521313339e+00
4.301162633521313339e+00
4.301162633521313339e+00
4.301162633521313339e+00
4.358898943540673976e+00
4.358898943540673976e+00
4.358898943540673976e+00
4.358898943540673976e+00
4.358898943540673976e+00
4.358898943540673976e+00
4.358898943540673976e+00
4.358898943540673976e+00
4.358898943540673976e+00
4.358898943540673976e+00
4.358898943540673976e+00
4.358898943540673976e+00
4.358898943540673976e+00
4.358898943540673976e+00
4.358898943540673976e+00
4.358898943540673976e+00
4.358898943540673976e+00
4.358898943540673976e+00
4.358898943540673976e+00
4.358898943540673976e+00
4.358898943540673976e+00
4.358898943540673976e+00
4.358898943540673976e+00
4.358898943540673976e+00
4.415880433163923868e+00
4.415880433163923868e+00
4.415880433163923868e+00
4.415880433163923868e+00
4.415880433163923868e+00
4.415880433163923868e+00
4.415880433163923868e+00
4.415880433163923868e+00
4.415880433163923868e+00
4.415880433163923868e+00
4.415880433163923868e+00
4.415880433163923868e+00
4.415880433163923868e+00
4.415880433163923868e+00
4.415880433163923868e+00
4.415880433163923868e+00
4.415880433163923868e+00
4.415880433163923868e+00
4.415880433163923868e+00
4.415880433163923868e+00
4.415880433163923868e+00
4.415880433163923868e+00
4.415880433163923868e+00
4.415880433163923868e+00
4.415880433163923868e+00
4.415880433163923868e+00
4.415880433163923868e+00
4.415880433163923868e+00
4.415880433163923868e+00
4.415880433163923868e+00
4.415880433163923868e+00
4.415880433163923868e+00
4.472135954999579610e+00
4.472135954999579610e+00
4.472135954999579610e+00
4.472135954999579610e+00
4.472135954999579610e+00
4.472135954999579610e+00
4.472135954999579610e+00
4.472135954999579610e+00
4.472135954999579610e+00
4.472135954999579610e+00
4.472135954999579610e+00
4.472135954999579610e+00
4.472135954999579610e+00
4.472135954999579610e+00
4.472135954999579610e+00
4.472135954999579610e+00
4.472135954999579610e+00
4.472135954999579610e+00
4.472135954999579610e+00
4.472135954999579610e+00
4.472135954999579610e+00
4.472135954999579610e+00
4.472135954999579610e+00
4.472135954999579610e+00
4.527692569068708650e+00
4.527692569068708650e+00
4.527692569068708650e+00
4.527692569068708650e+00
4.527692569068708650e+00
4.527692569068708650e+00
4.527692569068708650e+00
4.527692569068708650e+00
4.527692569068708650e+00
4.527692569068708650e+00
4.527692569068708650e+00
4.527692569068708650e+00
4.527692569068708650e+00
4.527692569068708650e+00
4.527692569068708650e+00
4.527692569068708650e+00
4.527692569068708650e+00
4.527692569068708650e+00
4.527692569068708650e+00
4.527692569068708650e+00
4.527692569068708650e+00
4.527692569068708650e+00
4.527692569068708650e+00
4.527692569068708650e+00
4.527692569068708650e+00
4.527692569068708650e+00
4.527692569068708650e+00
4.527692569068708650e+00
4.527692569068708650e+00
4.527692569068708650e+00
4.527692569068708650e+00
4.527692569068708650e+00
4.582575694955839829e+00
4.582575694955839829e+00
4.582575694955839829e+00
4.582575694955839829e+00
4.582575694955839829e+00
4.582575694955839829e+00
4.582575694955839829e+00
4.582575694955839829e+00
4.582575694955839829e+00
4.582575694955839829e+00
4.582575694955839829e+00
4.582575694955839829e+00
4.582575694955839829e+00
4.582575694955839829e+00
4.582575694955839829e+00
4.582575694955839829e+00
4.582575694955839829e+00
4.582575694955839829e+00
4.582575694955839829e+00
4.582575694955839829e+00
4.582575694955839829e+00
4.582575694955839829e+00
4.582575694955839829e+00
4.582575694955839829e+00
4.582575694955839829e+00
4.582575694955839829e+00
4.582575694955839829e+00
4.582575694955839829e+00
4.582575694955839829e+00
4.582575694955839829e+00
4.582575694955839829e+00
4.582575694955839829e+00
4.582575694955839829e+00
4.582575694955839829e+00
4.582575694955839829e+00
4.582575694955839829e+00
4.582575694955839829e+00
4.582575694955839829e+00
4.582575694955839829e+00
4.582575694955839829e+00
4.582575694955839829e+00
4.582575694955839829e+00
4.582575694955839829e+00
4.582575694955839829e+00
4.582575694955839829e+00
4.582575694955839829e+00
4.582575694955839829e+00
4.582575694955839829e+00
4.636809247747851970e+00
4.636809247747851970e+00
4.636809247747851970e+00
4.636809247747851970e+00
4.636809247747851970e+00
4.636809247747851970e+00
4.636809247747851970e+00
4.636809247747851970e+00
4.636809247747851970e+00
4.636809247747851970e+00
4.636809247747851970e+00
4.636809247747851970e+00
4.636809247747851970e+00
4.636809247747851970e+00
4.636809247747851970e+00
4.636809247747851970e+00
4.636809247747851970e+00
4.636809247747851970e+00
4.636809247747851970e+00
4.636809247747851970e+00
4.636809247747851970e+00
4.636809247747851970e+00
4.636809247747851970e+00
4.636809247747851970e+00
4.636809247747851970e+00
4.636809247747851970e+00
4.636809247747851970e+00
4.636809247747851970e+00
4.636809247747851970e+00
4.636809247747851970e+00
4.636809247747851970e+00
4.636809247747851970e+00
4.636809247747851970e+00
4.636809247747851970e+00
4.636809247747851970e+00
4.636809247747851970e+00
4.636809247747851970e+00
4.636809247747851970e+00
4.636809247747851970e+00
4.636809247747851970e+00
4.636809247747851970e+00
4.636809247747851970e+00
4.636809247747851970e+00
4.636809247747851970e+00
4.636809247747851970e+00
4.636809247747851970e+00
4.636809247747851970e+00
4.636809247747851970e+00
4.636809247747851970e+00
4.636809247747851970e+00
4.636809247747851970e+00
4.636809247747851970e+00
4.636809247747851970e+00
4.636809247747851970e+00
4.636809247747851970e+00
4.636809247747851970e+00
4.636809247747851970e+00
4.636809247747851970e+00
4.636809247747851970e+00
4.636809247747851970e+00
4.636809247747851970e+00
4.636809247747851970e+00
4.636809247747851970e+00
4.636809247747851970e+00
4.636809247747851970e+00
4.636809247747851970e+00
4.636809247747851970e+00
4.636809247747851970e+00
4.636809247747851970e+00
4.636809247747851970e+00
4.636809247747851970e+00
4.636809247747851970e+00
4.636809247747851970e+00
4.636809247747851970e+00
4.636809247747851970e+00
4.636809247747851970e+00
4.636809247747851970e+00
4.636809247747851970e+00
4.636809247747851970e+00
4.636809247747851970e+00
4.690415759823429731e+00
4.690415759823429731e+00
4.690415759823429731e+00
4.690415759823429731e+00
4.690415759823429731e+00
4.690415759823429731e+00
4.690415759823429731e+00
4.690415759823429731e+00
4.690415759823429731e+00
4.690415759823429731e+00
4.690415759823429731e+00
4.690415759823429731e+00
4.690415759823429731e+00
4.690415759823429731e+00
4.690415759823429731e+00
4.690415759823429731e+00
4.690415759823429731e+00
4.690415759823429731e+00
4.690415759823429731e+00
4.690415759823429731e+00
4.690415759823429731e+00
4.690415759823429731e+00
4.690415759823429731e+00
4.690415759823429731e+00
4.743416490252569062e+00
4.743416490252569062e+00
4.743416490252569062e+00
4.743416490252569062e+00
4.743416490252569062e+00
4.743416490252569062e+00
4.743416490252569062e+00
4.743416490252569062e+00
4.743416490252569062e+00
4.743416490252569062e+00
4.743416490252569062e+00
4.743416490252569062e+00
4.743416490252569062e+00
4.743416490252569062e+00
4.743416490252569062e+00
4.743416490252569062e+00
4.743416490252569062e+00
4.743416490252569062e+00
4.743416490252569062e+00
4.743416490252569062e+00
4.743416490252569062e+00
4.743416490252569062e+00
4.743416490252569062e+00
4.743416490252569062e+00
4.743416490252569062e+00
4.743416490252569062e+00
4.743416490252569062e+00
4.743416490252569062e+00
4.743416490252569062e+00
4.743416490252569062e+00
4.743416490252569062e+00
4.743416490252569062e+00
4.743416490252569062e+00
4.743416490252569062e+00
4.743416490252569062e+00
4.743416490252569062e+00
4.743416490252569062e+00
4.743416490252569062e+00
4.743416490252569062e+00
4.743416490252569062e+00
4.743416490252569062e+00
4.743416490252569062e+00
4.743416490252569062e+00
4.743416490252569062e+00
4.743416490252569062e+00
4.743416490252569062e+00
4.743416490252569062e+00
4.743416490252569062e+00
4.743416490252569062e+00
4.743416490252569062e+00
4.743416490252569062e+00
4.743416490252569062e+00
4.743416490252569062e+00
4.743416490252569062e+00
4.743416490252569062e+00
4.743416490252569062e+00
4.743416490252569062e+00
4.743416490252569062e+00
4.743416490252569062e+00
4.743416490252569062e+00
4.743416490252569062e+00
4.743416490252569062e+00
4.743416490252569062e+00
4.743416490252569062e+00
4.743416490252569062e+00
4.743416490252569062e+00
4.743416490252569062e+00
4.743416490252569062e+00
4.743416490252569062e+00
4.743416490252569062e+00
4.743416490252569062e+00
4.743416490252569062e+00
4.743416490252569062e+00
4.743416490252569062e+00
4.743416490252569062e+00
4.743416490252569062e+00
4.743416490252569062e+00
4.743416490252569062e+00
4.743416490252569062e+00
4.743416490252569062e+00
4.847679857416329341e+00
4.847679857416329341e+00
4.847679857416329341e+00
4.847679857416329341e+00
4.847679857416329341e+00
4.847679857416329341e+00
4.847679857416329341e+00
4.847679857416329341e+00
4.847679857416329341e+00
4.847679857416329341e+00
4.847679857416329341e+00
4.847679857416329341e+00
4.847679857416329341e+00
4.847679857416329341e+00
4.847679857416329341e+00
4.847679857416329341e+00
4.847679857416329341e+00
4.847679857416329341e+00
4.847679857416329341e+00
4.847679857416329341e+00
4.847679857416329341e+00
4.847679857416329341e+00
4.847679857416329341e+00
4.847679857416329341e+00
4.847679857416329341e+00
4.847679857416329341e+00
4.847679857416329341e+00
4.847679857416329341e+00
4.847679857416329341e+00
4.847679857416329341e+00
4.847679857416329341e+00
4.847679857416329341e+00
4.847679857416329341e+00
4.847679857416329341e+00
4.847679857416329341e+00
4.847679857416329341e+00
4.847679857416329341e+00
4.847679857416329341e+00
4.847679857416329341e+00
4.847679857416329341e+00
4.847679857416329341e+00
4.847679857416329341e+00
4.847679857416329341e+00
4.847679857416329341e+00
4.847679857416329341e+00
4.847679857416329341e+00
4.847679857416329341e+00
4.847679857416329341e+00
4.847679857416329341e+00
4.847679857416329341e+00
4.847679857416329341e+00
4.847679857416329341e+00
4.847679857416329341e+00
4.847679857416329341e+00
4.847679857416329341e+00
4.847679857416329341e+00
4.847679857416329341e+00
4.847679857416329341e+00
4.847679857416329341e+00
4.847679857416329341e+00
4.847679857416329341e+00
4.847679857416329341e+00
4.847679857416329341e+00
4.847679857416329341e+00
4.898979485566355763e+00
4.898979485566355763e+00
4.898979485566355763e+00
4.898979485566355763e+00
4.898979485566355763e+00
4.898979485566355763e+00
4.898979485566355763e+00
4.898979485566355763e+00
4.898979485566355763e+00
4.898979485566355763e+00
4.898979485566355763e+00
4.898979485566355763e+00
4.898979485566355763e+00
4.898979485566355763e+00
4.898979485566355763e+00
4.898979485566355763e+00
4.898979485566355763e+00
4.898979485566355763e+00
4.898979485566355763e+00
4.898979485566355763e+00
4.898979485566355763e+00
4.898979485566355763e+00
4.898979485566355763e+00
4.898979485566355763e+00
4.949747468305832676e+00
4.949747468305832676e+00
4.949747468305832676e+00
4.949747468305832676e+00
4.949747468305832676e+00
4.949747468305832676e+00
4.949747468305832676e+00
4.949747468305832676e+00
4.949747468305832676e+00
4.949747468305832676e+00
4.949747468305832676e+00
4.949747468305832676e+00
4.949747468305832676e+00
4.949747468305832676e+00
4.949747468305832676e+00
4.949747468305832676e+00
4.949747468305832676e+00
4.949747468305832676e+00
4.949747468305832676e+00
4.949747468305832676e+00
4.949747468305832676e+00
4.949747468305832676e+00
4.949747468305832676e+00
4.949747468305832676e+00
4.949747468305832676e+00
4.949747468305832676e+00
4.949747468305832676e+00
4.949747468305832676e+00
4.949747468305832676e+00
4.949747468305832676e+00
4.949747468305832676e+00
4.949747468305832676e+00
4.949747468305832676e+00
4.949747468305832676e+00
4.949747468305832676e+00
4.949747468305832676e+00
4.949747468305832676e+00
4.949747468305832676e+00
4.949747468305832676e+00
4.949747468305832676e+00
4.949747468305832676e+00
4.949747468305832676e+00
4.949747468305832676e+00
4.949747468305832676e+00
4.949747468305832676e+00
4.949747468305832676e+00
4.949747468305832676e+00
4.949747468305832676e+00
4.949747468305832676e+00
4.949747468305832676e+00
4.949747468305832676e+00
4.949747468305832676e+00
4.949747468305832676e+00
4.949747468305832676e+00
4.949747468305832676e+00
4.949747468305832676e+00
4.949747468305832676e+00
4.949747468305832676e+00
4.949747468305832676e+00
4.949747468305832676e+00
4.949747468305832676e+00
4.949747468305832676e+00
4.949747468305832676e+00
4.949747468305832676e+00
4.949747468305832676e+00
4.949747468305832676e+00
4.949747468305832676e+00
4.949747468305832676e+00
4.949747468305832676e+00
4.949747468305832676e+00
4.949747468305832676e+00
4.949747468305832676e+00
5.000000000000000000e+00
5.000000000000000000e+00
5.000000000000000000e+00
5.000000000000000000e+00
5.000000000000000000e+00
5.000000000000000000e+00
5.000000000000000000e+00
5.000000000000000000e+00
5.000000000000000000e+00
5.000000000000000000e+00
5.000000000000000000e+00
5.000000000000000000e+00
5.000000000000000000e+00
5.000000000000000000e+00
5.000000000000000000e+00
5.000000000000000000e+00
5.000000000000000000e+00
5.000000000000000000e+00
5.000000000000000000e+00
5.000000000000000000e+00
5.000000000000000000e+00
5.000000000000000000e+00
5.000000000000000000e+00
5.000000000000000000e+00
5.000000000000000000e+00
5.000000000000000000e+00
5.000000000000000000e+00
5.000000000000000000e+00
5.000000000000000000e+00
5.000000000000000000e+00
5.049752469181038705e+00
5.049752469181038705e+00
5.049752469181038705e+00
5.049752469181038705e+00
5.049752469181038705e+00
5.049752469181038705e+00
5.049752469181038705e+00
5.049752469181038705e+00
5.049752469181038705e+00
5.049752469181038705e+00
5.049752469181038705e+00
5.049752469181038705e+00
5.049752469181038705e+00
5.049752469181038705e+00
5.049752469181038705e+00
5.049752469181038705e+00
5.049752469181038705e+00
5.049752469181038705e+00
5.049752469181038705e+00
5.049752469181038705e+00
5.049752469181038705e+00
5.049752469181038705e+00
5.049752469181038705e+00
5.049752469181038705e+00
5.049752469181038705e+00
5.049752469181038705e+00
5.049752469181038705e+00
5.049752469181038705e+00
5.049752469181038705e+00
5.049752469181038705e+00
5.049752469181038705e+00
5.049752469181038705e+00
5.099019513592784492e+00
5.099019513592784492e+00
5.099019513592784492e+00
5.099019513592784492e+00
5.099019513592784492e+00
5.099019513592784492e+00
5.099019513592784492e+00
5.099019513592784492e+00
5.099019513592784492e+00
5.099019513592784492e+00
5.099019513592784492e+00
5.099019513592784492e+00
5.099019513592784492e+00
5.099019513592784492e+00
5.099019513592784492e+00
5.099019513592784492e+00
5.099019513592784492e+00
5.099019513592784492e+00
5.099019513592784492e+00
5.099019513592784492e+00
5.099019513592784492e+00
5.099019513592784492e+00
5.099019513592784492e+00
5.099019513592784492e+00
5.099019513592784492e+00
5.099019513592784492e+00
5.099019513592784492e+00
5.099019513592784492e+00
5.099019513592784492e+00
5.099019513592784492e+00
5.099019513592784492e+00
5.099019513592784492e+00
5.099019513592784492e+00
5.099019513592784492e+00
5.099019513592784492e+00
5.099019513592784492e+00
5.099019513592784492e+00
5.099019513592784492e+00
5.099019513592784492e+00
5.099019513592784492e+00
5.099019513592784492e+00
5.099019513592784492e+00
5.099019513592784492e+00
5.099019513592784492e+00
5.099019513592784492e+00
5.099019513592784492e+00
5.099019513592784492e+00
5.099019513592784492e+00
5.099019513592784492e+00
5.099019513592784492e+00
5.099019513592784492e+00
5.099019513592784492e+00
5.099019513592784492e+00
5.099019513592784492e+00
5.099019513592784492e+00
5.099019513592784492e+00
5.099019513592784492e+00
5.099019513592784492e+00
5.099019513592784492e+00
5.099019513592784492e+00
5.099019513592784492e+00
5.099019513592784492e+00
5.099019513592784492e+00
5.099019513592784492e+00
5.099019513592784492e+00
5.099019513592784492e+00
5.099019513592784492e+00
5.099019513592784492e+00
5.099019513592784492e+00
5.099019513592784492e+00
5.099019513592784492e+00
5.099019513592784492e+00
5.147815070493500400e+00
5.147815070493500400e+00
5.147815070493500400e+00
5.147815070493500400e+00
5.147815070493500400e+00
5.147815070493500400e+00
5.147815070493500400e+00
5.147815070493500400e+00
5.147815070493500400e+00
5.147815070493500400e+00
5.147815070493500400e+00
5.147815070493500400e+00
5.147815070493500400e+00
5.147815070493500400e+00
5.147815070493500400e+00
5.147815070493500400e+00
5.147815070493500400e+00
5.147815070493500400e+00
5.147815070493500400e+00
5.147815070493500400e+00
5.147815070493500400e+00
5.147815070493500400e+00
5.147815070493500400e+00
5.147815070493500400e+00
5.147815070493500400e+00
5.147815070493500400e+00
5.147815070493500400e+00
5.147815070493500400e+00
5.147815070493500400e+00
5.147815070493500400e+00
5.147815070493500400e+00
5.147815070493500400e+00
5.147815070493500400e+00
5.147815070493500400e+00
5.147815070493500400e+00
5.147815070493500400e+00
5.147815070493500400e+00
5.147815070493500400e+00
5.147815070493500400e+00
5.147815070493500400e+00
5.147815070493500400e+00
5.147815070493500400e+00
5.147815070493500400e+00
5.147815070493500400e+00
5.147815070493500400e+00
5.147815070493500400e+00
5.147815070493500400e+00
5.147815070493500400e+00
5.196152422706632024e+00
5.196152422706632024e+00
5.196152422706632024e+00
5.196152422706632024e+00
5.196152422706632024e+00
5.196152422706632024e+00
5.196152422706632024e+00
5.196152422706632024e+00
5.196152422706632024e+00
5.196152422706632024e+00
5.196152422706632024e+00
5.196152422706632024e+00
5.196152422706632024e+00
5.196152422706632024e+00
5.196152422706632024e+00
5.196152422706632024e+00
5.196152422706632024e+00
5.196152422706632024e+00
5.196152422706632024e+00
5.196152422706632024e+00
5.196152422706632024e+00
5.196152422706632024e+00
5.196152422706632024e+00
5.196152422706632024e+00
5.196152422706632024e+00
5.196152422706632024e+00
5.196152422706632024e+00
5.196152422706632024e+00
5.196152422706632024e+00
5.196152422706632024e+00
5.196152422706632024e+00
5.196152422706632024e+00
5.244044240850757710e+00
5.244044240850757710e+00
5.244044240850757710e+00
5.244044240850757710e+00
5.244044240850757710e+00
5.244044240850757710e+00
5.244044240850757710e+00
5.244044240850757710e+00
5.244044240850757710e+00
5.244044240850757710e+00
5.244044240850757710e+00
5.244044240850757710e+00
5.244044240850757710e+00
5.244044240850757710e+00
5.244044240850757710e+00
5.244044240850757710e+00
5.244044240850757710e+00
5.244044240850757710e+00
5.244044240850757710e+00
5.244044240850757710e+00
5.244044240850757710e+00
5.244044240850757710e+00
5.244044240850757710e+00
5.244044240850757710e+00
5.244044240850757710e+00
5.244044240850757710e+00
5.244044240850757710e+00
5.244044240850757710e+00
5.244044240850757710e+00
5.244044240850757710e+00
5.244044240850757710e+00
5.244044240850757710e+00
5.244044240850757710e+00
5.244044240850757710e+00
5.244044240850757710e+00
5.244044240850757710e+00
5.244044240850757710e+00
5.244044240850757710e+00
5.244044240850757710e+00
5.244044240850757710e+00
5.244044240850757710e+00
5.244044240850757710e+00
5.244044240850757710e+00
5.244044240850757710e+00
5.244044240850757710e+00
5.244044240850757710e+00
5.244044240850757710e+00
5.244044240850757710e+00
5.244044240850757710e+00
5.244044240850757710e+00
5.244044240850757710e+00
5.244044240850757710e+00
5.244044240850757710e+00
5.244044240850757710e+00
5.244044240850757710e+00
5.244044240850757710e+00
5.244044240850757710e+00
5.244044240850757710e+00
5.244044240850757710e+00
5.244044240850757710e+00
5.244044240850757710e+00
5.244044240850757710e+00
5.244044240850757710e+00
5.244044240850757710e+00
5.244044240850757710e+00
5.244044240850757710e+00
5.244044240850757710e+00
5.244044240850757710e+00
5.244044240850757710e+00
5.244044240850757710e+00
5.244044240850757710e+00
5.244044240850757710e+00
5.244044240850757710e+00
5.244044240850757710e+00
5.244044240850757710e+00
5.244044240850757710e+00
5.244044240850757710e+00
5.244044240850757710e+00
5.244044240850757710e+00
5.244044240850757710e+00
5.244044240850757710e+00
5.244044240850757710e+00
5.244044240850757710e+00
5.244044240850757710e+00
5.244044240850757710e+00
5.244044240850757710e+00
5.244044240850757710e+00
5.244044240850757710e+00
5.244044240850757710e+00
5.244044240850757710e+00
5.244044240850757710e+00
5.244044240850757710e+00
5.244044240850757710e+00
5.244044240850757710e+00
5.244044240850757710e+00
5.244044240850757710e+00
5.338539126015655611e+00
5.338539126015655611e+00
5.338539126015655611e+00
5.338539126015655611e+00
5.338539126015655611e+00
5.338539126015655611e+00
5.338539126015655611e+00
5.338539126015655611e+00
5.338539126015655611e+00
5.338539126015655611e+00
5.338539126015655611e+00
5.338539126015655611e+00
5.338539126015655611e+00
5.338539126015655611e+00
5.338539126015655611e+00
5.338539126015655611e+00
5.338539126015655611e+00
5.338539126015655611e+00
5.338539126015655611e+00
5.338539126015655611e+00
5.338539126015655611e+00
5.338539126015655611e+00
5.338539126015655611e+00
5.338539126015655611e+00
5.338539126015655611e+00
5.338539126015655611e+00
5.338539126015655611e+00
5.338539126015655611e+00
5.338539126015655611e+00
5.338539126015655611e+00
5.338539126015655611e+00
5.338539126015655611e+00
5.338539126015655611e+00
5.338539126015655611e+00
5.338539126015655611e+00
5.338539126015655611e+00
5.338539126015655611e+00
5.338539126015655611e+00
5.338539126015655611e+00
5.338539126015655611e+00
5.338539126015655611e+00
5.338539126015655611e+00
5.338539126015655611e+00
5.338539126015655611e+00
5.338539126015655611e+00
5.338539126015655611e+00
5.338539126015655611e+00
5.338539126015655611e+00
5.338539126015655611e+00
5.338539126015655611e+00
5.338539126015655611e+00
5.338539126015655611e+00
5.338539126015655611e+00
5.338539126015655611e+00
5.338539126015655611e+00
5.338539126015655611e+00
5.338539126015655611e+00
5.338539126015655611e+00
5.338539126015655611e+00
5.338539126015655611e+00
5.338539126015655611e+00
5.338539126015655611e+00
5.338539126015655611e+00
5.338539126015655611e+00
5.385164807134503739e+00
5.385164807134503739e+00
5.385164807134503739e+00
5.385164807134503739e+00
5.385164807134503739e+00
5.385164807134503739e+00
5.385164807134503739e+00
5.385164807134503739e+00
5.385164807134503739e+00
5.385164807134503739e+00
5.385164807134503739e+00
5.385164807134503739e+00
5.385164807134503739e+00
5.385164807134503739e+00
5.385164807134503739e+00
5.385164807134503739e+00
5.385164807134503739e+00
5.385164807134503739e+00
5.385164807134503739e+00
5.385164807134503739e+00
5.385164807134503739e+00
5.385164807134503739e+00
5.385164807134503739e+00
5.385164807134503739e+00
5.385164807134503739e+00
5.385164807134503739e+00
5.385164807134503739e+00
5.385164807134503739e+00
5.385164807134503739e+00
5.385164807134503739e+00
5.385164807134503739e+00
5.385164807134503739e+00
5.385164807134503739e+00
5.385164807134503739e+00
5.385164807134503739e+00
5.385164807134503739e+00
5.385164807134503739e+00
5.385164807134503739e+00
5.385164807134503739e+00
5.385164807134503739e+00
5.385164807134503739e+00
5.385164807134503739e+00
5.385164807134503739e+00
5.385164807134503739e+00
5.385164807134503739e+00
5.385164807134503739e+00
5.385164807134503739e+00
5.385164807134503739e+00
5.385164807134503739e+00
5.385164807134503739e+00
5.385164807134503739e+00
5.385164807134503739e+00
5.385164807134503739e+00
5.385164807134503739e+00
5.385164807134503739e+00
5.385164807134503739e+00
5.385164807134503739e+00
5.385164807134503739e+00
5.385164807134503739e+00
5.385164807134503739e+00
5.385164807134503739e+00
5.385164807134503739e+00
5.385164807134503739e+00
5.385164807134503739e+00
5.385164807134503739e+00
5.385164807134503739e+00
5.385164807134503739e+00
5.385164807134503739e+00
5.385164807134503739e+00
5.385164807134503739e+00
5.385164807134503739e+00
5.385164807134503739e+00
5.431390245600107747e+00
5.431390245600107747e+00
5.431390245600107747e+00
5.431390245600107747e+00
5.431390245600107747e+00
5.431390245600107747e+00
5.431390245600107747e+00
5.431390245600107747e+00
5.431390245600107747e+00
5.431390245600107747e+00
5.431390245600107747e+00
5.431390245600107747e+00
5.431390245600107747e+00
5.431390245600107747e+00
5.431390245600107747e+00
5.431390245600107747e+00
5.431390245600107747e+00
5.431390245600107747e+00
5.431390245600107747e+00
5.431390245600107747e+00
5.431390245600107747e+00
5.431390245600107747e+00
5.431390245600107747e+00
5.431390245600107747e+00
5.431390245600107747e+00
5.431390245600107747e+00
5.431390245600107747e+00
5.431390245600107747e+00
5.431390245600107747e+00
5.431390245600107747e+00
5.431390245600107747e+00
5.431390245600107747e+00
5.431390245600107747e+00
5.431390245600107747e+00
5.431390245600107747e+00
5.431390245600107747e+00
5.431390245600107747e+00
5.431390245600107747e+00
5.431390245600107747e+00
5.431390245600107747e+00
5.431390245600107747e+00
5.431390245600107747e+00
5.431390245600107747e+00
5.431390245600107747e+00
5.431390245600107747e+00
5.431390245600107747e+00
5.431390245600107747e+00
5.431390245600107747e+00
5.477225575051661188e+00
5.477225575051661188e+00
5.477225575051661188e+00
5.477225575051661188e+00
5.477225575051661188e+00
5.477225575051661188e+00
5.477225575051661188e+00
5.477225575051661188e+00
5.477225575051661188e+00
5.477225575051661188e+00
5.477225575051661188e+00
5.477225575051661188e+00
5.477225575051661188e+00
5.477225575051661188e+00
5.477225575051661188e+00
5.477225575051661188e+00
5.477225575051661188e+00
5.477225575051661188e+00
5.477225575051661188e+00
5.477225575051661188e+00
5.477225575051661188e+00
5.477225575051661188e+00
5.477225575051661188e+00
5.477225575051661188e+00
5.477225575051661188e+00
5.477225575051661188e+00
5.477225575051661188e+00
5.477225575051661188e+00
5.477225575051661188e+00
5.477225575051661188e+00
5.477225575051661188e+00
5.477225575051661188e+00
5.477225575051661188e+00
5.477225575051661188e+00
5.477225575051661188e+00
5.477225575051661188e+00
5.477225575051661188e+00
5.477225575051661188e+00
5.477225575051661188e+00
5.477225575051661188e+00
5.477225575051661188e+00
5.477225575051661188e+00
5.477225575051661188e+00
5.477225575051661188e+00
5.477225575051661188e+00
5.477225575051661188e+00
5.477225575051661188e+00
5.477225575051661188e+00
5.522680508593630577e+00
5.522680508593630577e+00
5.522680508593630577e+00
5.522680508593630577e+00
5.522680508593630577e+00
5.522680508593630577e+00
5.522680508593630577e+00
5.522680508593630577e+00
5.522680508593630577e+00
5.522680508593630577e+00
5.522680508593630577e+00
5.522680508593630577e+00
5.522680508593630577e+00
5.522680508593630577e+00
5.522680508593630577e+00
5.522680508593630577e+00
5.522680508593630577e+00
5.522680508593630577e+00
5.522680508593630577e+00
5.522680508593630577e+00
5.522680508593630577e+00
5.522680508593630577e+00
5.522680508593630577e+00
5.522680508593630577e+00
5.522680508593630577e+00
5.522680508593630577e+00
5.522680508593630577e+00
5.522680508593630577e+00
5.522680508593630577e+00
5.522680508593630577e+00
5.522680508593630577e+00
5.522680508593630577e+00
5.522680508593630577e+00
5.522680508593630577e+00
5.522680508593630577e+00
5.522680508593630577e+00
5.522680508593630577e+00
5.522680508593630577e+00
5.522680508593630577e+00
5.522680508593630577e+00
5.522680508593630577e+00
5.522680508593630577e+00
5.522680508593630577e+00
5.522680508593630577e+00
5.522680508593630577e+00
5.522680508593630577e+00
5.522680508593630577e+00
5.522680508593630577e+00
5.522680508593630577e+00
5.522680508593630577e+00
5.522680508593630577e+00
5.522680508593630577e+00
5.522680508593630577e+00
5.522680508593630577e+00
5.522680508593630577e+00
5.522680508593630577e+00
5.522680508593630577e+00
5.522680508593630577e+00
5.522680508593630577e+00
5.522680508593630577e+00
5.522680508593630577e+00
5.522680508593630577e+00
5.522680508593630577e+00
5.522680508593630577e+00
5.522680508593630577e+00
5.522680508593630577e+00
5.522680508593630577e+00
5.522680508593630577e+00
5.522680508593630577e+00
5.522680508593630577e+00
5.522680508593630577e+00
5.522680508593630577e+00
5.522680508593630577e+00
5.522680508593630577e+00
5.522680508593630577e+00
5.522680508593630577e+00
5.522680508593630577e+00
5.522680508593630577e+00
5.522680508593630577e+00
5.522680508593630577e+00
5.612486080160912216e+00
5.612486080160912216e+00
5.612486080160912216e+00
5.612486080160912216e+00
5.612486080160912216e+00
5.612486080160912216e+00
5.612486080160912216e+00
5.612486080160912216e+00
5.612486080160912216e+00
5.612486080160912216e+00
5.612486080160912216e+00
5.612486080160912216e+00
5.612486080160912216e+00
5.612486080160912216e+00
5.612486080160912216e+00
5.612486080160912216e+00
5.612486080160912216e+00
5.612486080160912216e+00
5.612486080160912216e+00
5.612486080160912216e+00
5.612486080160912216e+00
5.612486080160912216e+00
5.612486080160912216e+00
5.612486080160912216e+00
5.612486080160912216e+00
5.612486080160912216e+00
5.612486080160912216e+00
5.612486080160912216e+00
5.612486080160912216e+00
5.612486080160912216e+00
5.612486080160912216e+00
5.612486080160912216e+00
5.612486080160912216e+00
5.612486080160912216e+00
5.612486080160912216e+00
5.612486080160912216e+00
5.612486080160912216e+00
5.612486080160912216e+00
5.612486080160912216e+00
5.612486080160912216e+00
5.612486080160912216e+00
5.612486080160912216e+00
5.612486080160912216e+00
5.612486080160912216e+00
5.612486080160912216e+00
5.612486080160912216e+00
5.612486080160912216e+00
5.612486080160912216e+00
5.612486080160912216e+00
5.612486080160912216e+00
5.612486080160912216e+00
5.612486080160912216e+00
5.612486080160912216e+00
5.612486080160912216e+00
5.612486080160912216e+00
5.612486080160912216e+00
5.612486080160912216e+00
5.612486080160912216e+00
5.612486080160912216e+00
5.612486080160912216e+00
5.612486080160912216e+00
5.612486080160912216e+00
5.612486080160912216e+00
5.612486080160912216e+00
5.612486080160912216e+00
5.612486080160912216e+00
5.612486080160912216e+00
5.612486080160912216e+00
5.612486080160912216e+00
5.612486080160912216e+00
5.612486080160912216e+00
5.612486080160912216e+00
5.612486080160912216e+00
5.612486080160912216e+00
5.612486080160912216e+00
5.612486080160912216e+00
5.612486080160912216e+00
5.612486080160912216e+00
5.612486080160912216e+00
5.612486080160912216e+00
5.612486080160912216e+00
5.612486080160912216e+00
5.612486080160912216e+00
5.612486080160912216e+00
5.612486080160912216e+00
5.612486080160912216e+00
5.612486080160912216e+00
5.612486080160912216e+00
5.612486080160912216e+00
5.612486080160912216e+00
5.612486080160912216e+00
5.612486080160912216e+00
5.612486080160912216e+00
5.612486080160912216e+00
5.612486080160912216e+00
5.612486080160912216e+00
5.656854249492380582e+00
5.656854249492380582e+00
5.656854249492380582e+00
5.656854249492380582e+00
5.656854249492380582e+00
5.656854249492380582e+00
5.656854249492380582e+00
5.656854249492380582e+00
5.656854249492380582e+00
5.656854249492380582e+00
5.656854249492380582e+00
5.656854249492380582e+00
5.700877125495689590e+00
5.700877125495689590e+00
5.700877125495689590e+00
5.700877125495689590e+00
5.700877125495689590e+00
5.700877125495689590e+00
5.700877125495689590e+00
5.700877125495689590e+00
5.700877125495689590e+00
5.700877125495689590e+00
5.700877125495689590e+00
5.700877125495689590e+00
5.700877125495689590e+00
5.700877125495689590e+00
5.700877125495689590e+00
5.700877125495689590e+00
5.700877125495689590e+00
5.700877125495689590e+00
5.700877125495689590e+00
5.700877125495689590e+00
5.700877125495689590e+00
5.700877125495689590e+00
5.700877125495689590e+00
5.700877125495689590e+00
5.700877125495689590e+00
5.700877125495689590e+00
5.700877125495689590e+00
5.700877125495689590e+00
5.700877125495689590e+00
5.700877125495689590e+00
5.700877125495689590e+00
5.700877125495689590e+00
5.744562646538028616e+00
5.744562646538028616e+00
5.744562646538028616e+00
5.744562646538028616e+00
5.744562646538028616e+00
5.744562646538028616e+00
5.744562646538028616e+00
5.744562646538028616e+00
5.744562646538028616e+00
5.744562646538028616e+00
5.744562646538028616e+00
5.744562646538028616e+00
5.744562646538028616e+00
5.744562646538028616e+00
5.744562646538028616e+00
5.744562646538028616e+00
5.744562646538028616e+00
5.744562646538028616e+00
5.744562646538028616e+00
5.744562646538028616e+00
5.744562646538028616e+00
5.744562646538028616e+00
5.744562646538028616e+00
5.744562646538028616e+00
5.744562646538028616e+00
5.744562646538028616e+00
5.744562646538028616e+00
5.744562646538028616e+00
5.744562646538028616e+00
5.744562646538028616e+00
5.744562646538028616e+00
5.744562646538028616e+00
5.744562646538028616e+00
5.744562646538028616e+00
5.744562646538028616e+00
5.744562646538028616e+00
5.744562646538028616e+00
5.744562646538028616e+00
5.744562646538028616e+00
5.744562646538028616e+00
5.744562646538028616e+00
5.744562646538028616e+00
5.744562646538028616e+00
5.744562646538028616e+00
5.744562646538028616e+00
5.744562646538028616e+00
5.744562646538028616e+00
5.744562646538028616e+00
5.787918451395112740e+00
5.787918451395112740e+00
5.787918451395112740e+00
5.787918451395112740e+00
5.787918451395112740e+00
5.787918451395112740e+00
5.787918451395112740e+00
5.787918451395112740e+00
5.787918451395112740e+00
5.787918451395112740e+00
5.787918451395112740e+00
5.787918451395112740e+00
5.787918451395112740e+00
5.787918451395112740e+00
5.787918451395112740e+00
5.787918451395112740e+00
5.787918451395112740e+00
5.787918451395112740e+00
5.787918451395112740e+00
5.787918451395112740e+00
5.787918451395112740e+00
5.787918451395112740e+00
5.787918451395112740e+00
5.787918451395112740e+00
5.787918451395112740e+00
5.787918451395112740e+00
5.787918451395112740e+00
5.787918451395112740e+00
5.787918451395112740e+00
5.787918451395112740e+00
5.787918451395112740e+00
5.787918451395112740e+00
5.787918451395112740e+00
5.787918451395112740e+00
5.787918451395112740e+00
5.787918451395112740e+00
5.787918451395112740e+00
5.787918451395112740e+00
5.787918451395112740e+00
5.787918451395112740e+00
5.787918451395112740e+00
5.787918451395112740e+00
5.787918451395112740e+00
5.787918451395112740e+00
5.787918451395112740e+00
5.787918451395112740e+00
5.787918451395112740e+00
5.787918451395112740e+00
5.787918451395112740e+00
5.787918451395112740e+00
5.787918451395112740e+00
5.787918451395112740e+00
5.787918451395112740e+00
5.787918451395112740e+00
5.787918451395112740e+00
5.787918451395112740e+00
5.787918451395112740e+00
5.787918451395112740e+00
5.787918451395112740e+00
5.787918451395112740e+00
5.787918451395112740e+00
5.787918451395112740e+00
5.787918451395112740e+00
5.787918451395112740e+00
5.787918451395112740e+00
5.787918451395112740e+00
5.787918451395112740e+00
5.787918451395112740e+00
5.787918451395112740e+00
5.787918451395112740e+00
5.787918451395112740e+00
5.787918451395112740e+00
5.787918451395112740e+00
5.787918451395112740e+00
5.787918451395112740e+00
5.787918451395112740e+00
5.787918451395112740e+00
5.787918451395112740e+00
5.787918451395112740e+00
5.787918451395112740e+00
5.787918451395112740e+00
5.787918451395112740e+00
5.787918451395112740e+00
5.787918451395112740e+00
5.787918451395112740e+00
5.787918451395112740e+00
5.787918451395112740e+00
5.787918451395112740e+00
5.787918451395112740e+00
5.787918451395112740e+00
5.787918451395112740e+00
5.787918451395112740e+00
5.787918451395112740e+00
5.787918451395112740e+00
5.787918451395112740e+00
5.787918451395112740e+00
5.787918451395112740e+00
5.787918451395112740e+00
5.787918451395112740e+00
5.787918451395112740e+00
5.787918451395112740e+00
5.787918451395112740e+00
5.787918451395112740e+00
5.787918451395112740e+00
5.787918451395112740e+00
5.787918451395112740e+00
5.787918451395112740e+00
5.787918451395112740e+00
5.787918451395112740e+00
5.787918451395112740e+00
5.787918451395112740e+00
5.787918451395112740e+00
5.830951894845300743e+00
5.830951894845300743e+00
5.830951894845300743e+00
5.830951894845300743e+00
5.830951894845300743e+00
5.830951894845300743e+00
5.830951894845300743e+00
5.830951894845300743e+00
5.830951894845300743e+00
5.830951894845300743e+00
5.830951894845300743e+00
5.830951894845300743e+00
5.830951894845300743e+00
5.830951894845300743e+00
5.830951894845300743e+00
5.830951894845300743e+00
5.830951894845300743e+00
5.830951894845300743e+00
5.830951894845300743e+00
5.830951894845300743e+00
5.830951894845300743e+00
5.830951894845300743e+00
5.830951894845300743e+00
5.830951894845300743e+00
5.830951894845300743e+00
5.830951894845300743e+00
5.830951894845300743e+00
5.830951894845300743e+00
5.830951894845300743e+00
5.830951894845300743e+00
5.830951894845300743e+00
5.830951894845300743e+00
5.830951894845300743e+00
5.830951894845300743e+00
5.830951894845300743e+00
5.830951894845300743e+00
5.830951894845300743e+00
5.830951894845300743e+00
5.830951894845300743e+00
5.830951894845300743e+00
5.830951894845300743e+00
5.830951894845300743e+00
5.830951894845300743e+00
5.830951894845300743e+00
5.830951894845300743e+00
5.830951894845300743e+00
5.830951894845300743e+00
5.830951894845300743e+00
5.873670062235365030e+00
5.873670062235365030e+00
5.873670062235365030e+00
5.873670062235365030e+00
5.873670062235365030e+00
5.873670062235365030e+00
5.873670062235365030e+00
5.873670062235365030e+00
5.873670062235365030e+00
5.873670062235365030e+00
5.873670062235365030e+00
5.873670062235365030e+00
5.873670062235365030e+00
5.873670062235365030e+00
5.873670062235365030e+00
5.873670062235365030e+00
5.873670062235365030e+00
5.873670062235365030e+00
5.873670062235365030e+00
5.873670062235365030e+00
5.873670062235365030e+00
5.873670062235365030e+00
5.873670062235365030e+00
5.873670062235365030e+00
5.873670062235365030e+00
5.873670062235365030e+00
5.873670062235365030e+00
5.873670062235365030e+00
5.873670062235365030e+00
5.873670062235365030e+00
5.873670062235365030e+00
5.873670062235365030e+00
5.873670062235365030e+00
5.873670062235365030e+00
5.873670062235365030e+00
5.873670062235365030e+00
5.873670062235365030e+00
5.873670062235365030e+00
5.873670062235365030e+00
5.873670062235365030e+00
5.873670062235365030e+00
5.873670062235365030e+00
5.873670062235365030e+00
5.873670062235365030e+00
5.873670062235365030e+00
5.873670062235365030e+00
5.873670062235365030e+00
5.873670062235365030e+00
5.873670062235365030e+00
5.873670062235365030e+00
5.873670062235365030e+00
5.873670062235365030e+00
5.873670062235365030e+00
5.873670062235365030e+00
5.873670062235365030e+00
5.873670062235365030e+00
5.873670062235365030e+00
5.873670062235365030e+00
5.873670062235365030e+00
5.873670062235365030e+00
5.873670062235365030e+00
5.873670062235365030e+00
5.873670062235365030e+00
5.873670062235365030e+00
5.916079783099616130e+00
5.916079783099616130e+00
5.916079783099616130e+00
5.916079783099616130e+00
5.916079783099616130e+00
5.916079783099616130e+00
5.916079783099616130e+00
5.916079783099616130e+00
5.916079783099616130e+00
5.916079783099616130e+00
5.916079783099616130e+00
5.916079783099616130e+00
5.916079783099616130e+00
5.916079783099616130e+00
5.916079783099616130e+00
5.916079783099616130e+00
5.916079783099616130e+00
5.916079783099616130e+00
5.916079783099616130e+00
5.916079783099616130e+00
5.916079783099616130e+00
5.916079783099616130e+00
5.916079783099616130e+00
5.916079783099616130e+00
5.916079783099616130e+00
5.916079783099616130e+00
5.916079783099616130e+00
5.916079783099616130e+00
5.916079783099616130e+00
5.916079783099616130e+00
5.916079783099616130e+00
5.916079783099616130e+00
5.916079783099616130e+00
5.916079783099616130e+00
5.916079783099616130e+00
5.916079783099616130e+00
5.916079783099616130e+00
5.916079783099616130e+00
5.916079783099616130e+00
5.916079783099616130e+00
5.916079783099616130e+00
5.916079783099616130e+00
5.916079783099616130e+00
5.916079783099616130e+00
5.916079783099616130e+00
5.916079783099616130e+00
5.916079783099616130e+00
5.916079783099616130e+00
5.958187643906492248e+00
5.958187643906492248e+00
5.958187643906492248e+00
5.958187643906492248e+00
5.958187643906492248e+00
5.958187643906492248e+00
5.958187643906492248e+00
5.958187643906492248e+00
5.958187643906492248e+00
5.958187643906492248e+00
5.958187643906492248e+00
5.958187643906492248e+00
5.958187643906492248e+00
5.958187643906492248e+00
5.958187643906492248e+00
5.958187643906492248e+00
5.958187643906492248e+00
5.958187643906492248e+00
5.958187643906492248e+00
5.958187643906492248e+00
5.958187643906492248e+00
5.958187643906492248e+00
5.958187643906492248e+00
5.958187643906492248e+00
5.958187643906492248e+00
5.958187643906492248e+00
5.958187643906492248e+00
5.958187643906492248e+00
5.958187643906492248e+00
5.958187643906492248e+00
5.958187643906492248e+00
5.958187643906492248e+00
6.000000000000000000e+00
6.000000000000000000e+00
6.000000000000000000e+00
6.000000000000000000e+00
6.000000000000000000e+00
6.000000000000000000e+00
6.000000000000000000e+00
6.000000000000000000e+00
6.000000000000000000e+00
6.000000000000000000e+00
6.000000000000000000e+00
6.000000000000000000e+00
6.000000000000000000e+00
6.000000000000000000e+00
6.000000000000000000e+00
6.000000000000000000e+00
6.000000000000000000e+00
6.000000000000000000e+00
6.000000000000000000e+00
6.000000000000000000e+00
6.000000000000000000e+00
6.000000000000000000e+00
6.000000000000000000e+00
6.000000000000000000e+00
6.000000000000000000e+00
6.000000000000000000e+00
6.000000000000000000e+00
6.000000000000000000e+00
6.000000000000000000e+00
6.000000000000000000e+00
6.041522986797286165e+00
6.041522986797286165e+00
6.041522986797286165e+00
6.041522986797286165e+00
6.041522986797286165e+00
6.041522986797286165e+00
6.041522986797286165e+00
6.041522986797286165e+00
6.041522986797286165e+00
6.041522986797286165e+00
6.041522986797286165e+00
6.041522986797286165e+00
6.041522986797286165e+00
6.041522986797286165e+00
6.041522986797286165e+00
6.041522986797286165e+00
6.041522986797286165e+00
6.041522986797286165e+00
6.041522986797286165e+00
6.041522986797286165e+00
6.041522986797286165e+00
6.041522986797286165e+00
6.041522986797286165e+00
6.041522986797286165e+00
6.041522986797286165e+00
6.041522986797286165e+00
6.041522986797286165e+00
6.041522986797286165e+00
6.041522986797286165e+00
6.041522986797286165e+00
6.041522986797286165e+00
6.041522986797286165e+00
6.041522986797286165e+00
6.041522986797286165e+00
6.041522986797286165e+00
6.041522986797286165e+00
6.041522986797286165e+00
6.041522986797286165e+00
6.041522986797286165e+00
6.041522986797286165e+00
6.041522986797286165e+00
6.041522986797286165e+00
6.041522986797286165e+00
6.041522986797286165e+00
6.041522986797286165e+00
6.041522986797286165e+00
6.041522986797286165e+00
6.041522986797286165e+00
6.041522986797286165e+00
6.041522986797286165e+00
6.041522986797286165e+00
6.041522986797286165e+00
6.041522986797286165e+00
6.041522986797286165e+00
6.041522986797286165e+00
6.041522986797286165e+00
6.041522986797286165e+00
6.041522986797286165e+00
6.041522986797286165e+00
6.041522986797286165e+00
6.041522986797286165e+00
6.041522986797286165e+00
6.041522986797286165e+00
6.041522986797286165e+00
6.041522986797286165e+00
6.041522986797286165e+00
6.041522986797286165e+00
6.041522986797286165e+00
6.041522986797286165e+00
6.041522986797286165e+00
6.041522986797286165e+00
6.041522986797286165e+00
6.041522986797286165e+00
6.041522986797286165e+00
6.041522986797286165e+00
6.041522986797286165e+00
6.041522986797286165e+00
6.041522986797286165e+00
6.041522986797286165e+00
6.041522986797286165e+00
6.041522986797286165e+00
6.041522986797286165e+00
6.041522986797286165e+00
6.041522986797286165e+00
6.041522986797286165e+00
6.041522986797286165e+00
6.041522986797286165e+00
6.041522986797286165e+00
6.041522986797286165e+00
6.041522986797286165e+00
6.041522986797286165e+00
6.041522986797286165e+00
6.041522986797286165e+00
6.041522986797286165e+00
6.041522986797286165e+00
6.041522986797286165e+00
6.041522986797286165e+00
6.041522986797286165e+00
6.041522986797286165e+00
6.041522986797286165e+00
6.041522986797286165e+00
6.041522986797286165e+00
6.041522986797286165e+00
6.041522986797286165e+00
6.041522986797286165e+00
6.041522986797286165e+00
6.041522986797286165e+00
6.041522986797286165e+00
6.041522986797286165e+00
6.041522986797286165e+00
6.041522986797286165e+00
6.041522986797286165e+00
6.041522986797286165e+00
6.041522986797286165e+00
6.041522986797286165e+00
6.041522986797286165e+00
6.041522986797286165e+00
6.041522986797286165e+00
6.041522986797286165e+00
6.041522986797286165e+00
6.041522986797286165e+00
6.041522986797286165e+00
6.041522986797286165e+00
6.041522986797286165e+00
6.041522986797286165e+00
6.041522986797286165e+00
6.041522986797286165e+00
6.041522986797286165e+00
6.082762530298219339e+00
6.082762530298219339e+00
6.082762530298219339e+00
6.082762530298219339e+00
6.082762530298219339e+00
6.082762530298219339e+00
6.082762530298219339e+00
6.082762530298219339e+00
6.082762530298219339e+00
6.082762530298219339e+00
6.082762530298219339e+00
6.082762530298219339e+00
6.082762530298219339e+00
6.082762530298219339e+00
6.082762530298219339e+00
6.082762530298219339e+00
6.082762530298219339e+00
6.082762530298219339e+00
6.082762530298219339e+00
6.082762530298219339e+00
6.082762530298219339e+00
6.082762530298219339e+00
6.082762530298219339e+00
6.082762530298219339e+00
6.123724356957945147e+00
6.123724356957945147e+00
6.123724356957945147e+00
6.123724356957945147e+00
6.123724356957945147e+00
6.123724356957945147e+00
6.123724356957945147e+00
6.123724356957945147e+00
6.123724356957945147e+00
6.123724356957945147e+00
6.123724356957945147e+00
6.123724356957945147e+00
6.123724356957945147e+00
6.123724356957945147e+00
6.123724356957945147e+00
6.123724356957945147e+00
6.123724356957945147e+00
6.123724356957945147e+00
6.123724356957945147e+00
6.123724356957945147e+00
6.123724356957945147e+00
6.123724356957945147e+00
6.123724356957945147e+00
6.123724356957945147e+00
6.123724356957945147e+00
6.123724356957945147e+00
6.123724356957945147e+00
6.123724356957945147e+00
6.123724356957945147e+00
6.123724356957945147e+00
6.123724356957945147e+00
6.123724356957945147e+00
6.123724356957945147e+00
6.123724356957945147e+00
6.123724356957945147e+00
6.123724356957945147e+00
6.123724356957945147e+00
6.123724356957945147e+00
6.123724356957945147e+00
6.123724356957945147e+00
6.123724356957945147e+00
6.123724356957945147e+00
6.123724356957945147e+00
6.123724356957945147e+00
6.123724356957945147e+00
6.123724356957945147e+00
6.123724356957945147e+00
6.123724356957945147e+00
6.123724356957945147e+00
6.123724356957945147e+00
6.123724356957945147e+00
6.123724356957945147e+00
6.123724356957945147e+00
6.123724356957945147e+00
6.123724356957945147e+00
6.123724356957945147e+00
6.123724356957945147e+00
6.123724356957945147e+00
6.123724356957945147e+00
6.123724356957945147e+00
6.123724356957945147e+00
6.123724356957945147e+00
6.123724356957945147e+00
6.123724356957945147e+00
6.123724356957945147e+00
6.123724356957945147e+00
6.123724356957945147e+00
6.123724356957945147e+00
6.123724356957945147e+00
6.123724356957945147e+00
6.123724356957945147e+00
6.123724356957945147e+00
6.123724356957945147e+00
6.123724356957945147e+00
6.123724356957945147e+00
6.123724356957945147e+00
6.123724356957945147e+00
6.123724356957945147e+00
6.123724356957945147e+00
6.123724356957945147e+00
6.164414002968976014e+00
6.164414002968976014e+00
6.164414002968976014e+00
6.164414002968976014e+00
6.164414002968976014e+00
6.164414002968976014e+00
6.164414002968976014e+00
6.164414002968976014e+00
6.164414002968976014e+00
6.164414002968976014e+00
6.164414002968976014e+00
6.164414002968976014e+00
6.164414002968976014e+00
6.164414002968976014e+00
6.164414002968976014e+00
6.164414002968976014e+00
6.164414002968976014e+00
6.164414002968976014e+00
6.164414002968976014e+00
6.164414002968976014e+00
6.164414002968976014e+00
6.164414002968976014e+00
6.164414002968976014e+00
6.164414002968976014e+00
6.164414002968976014e+00
6.164414002968976014e+00
6.164414002968976014e+00
6.164414002968976014e+00
6.164414002968976014e+00
6.164414002968976014e+00
6.164414002968976014e+00
6.164414002968976014e+00
6.164414002968976014e+00
6.164414002968976014e+00
6.164414002968976014e+00
6.164414002968976014e+00
6.164414002968976014e+00
6.164414002968976014e+00
6.164414002968976014e+00
6.164414002968976014e+00
6.164414002968976014e+00
6.164414002968976014e+00
6.164414002968976014e+00
6.164414002968976014e+00
6.164414002968976014e+00
6.164414002968976014e+00
6.164414002968976014e+00
6.164414002968976014e+00
6.164414002968976014e+00
6.164414002968976014e+00
6.164414002968976014e+00
6.164414002968976014e+00
6.164414002968976014e+00
6.164414002968976014e+00
6.164414002968976014e+00
6.164414002968976014e+00
6.164414002968976014e+00
6.164414002968976014e+00
6.164414002968976014e+00
6.164414002968976014e+00
6.164414002968976014e+00
6.164414002968976014e+00
6.164414002968976014e+00
6.164414002968976014e+00
6.164414002968976014e+00
6.164414002968976014e+00
6.164414002968976014e+00
6.164414002968976014e+00
6.164414002968976014e+00
6.164414002968976014e+00
6.164414002968976014e+00
6.164414002968976014e+00
6.204836822995428491e+00
6.204836822995428491e+00
6.204836822995428491e+00
6.204836822995428491e+00
6.204836822995428491e+00
6.204836822995428491e+00
6.204836822995428491e+00
6.204836822995428491e+00
6.204836822995428491e+00
6.204836822995428491e+00
6.204836822995428491e+00
6.204836822995428491e+00
6.204836822995428491e+00
6.204836822995428491e+00
6.204836822995428491e+00
6.204836822995428491e+00
6.204836822995428491e+00
6.204836822995428491e+00
6.204836822995428491e+00
6.204836822995428491e+00
6.204836822995428491e+00
6.204836822995428491e+00
6.204836822995428491e+00
6.204836822995428491e+00
6.204836822995428491e+00
6.204836822995428491e+00
6.204836822995428491e+00
6.204836822995428491e+00
6.204836822995428491e+00
6.204836822995428491e+00
6.204836822995428491e+00
6.204836822995428491e+00
6.204836822995428491e+00
6.204836822995428491e+00
6.204836822995428491e+00
6.204836822995428491e+00
6.204836822995428491e+00
6.204836822995428491e+00
6.204836822995428491e+00
6.204836822995428491e+00
6.204836822995428491e+00
6.204836822995428491e+00
6.204836822995428491e+00
6.204836822995428491e+00
6.204836822995428491e+00
6.204836822995428491e+00
6.204836822995428491e+00
6.204836822995428491e+00
6.204836822995428491e+00
6.204836822995428491e+00
6.204836822995428491e+00
6.204836822995428491e+00
6.204836822995428491e+00
6.204836822995428491e+00
6.204836822995428491e+00
6.204836822995428491e+00
6.204836822995428491e+00
6.204836822995428491e+00
6.204836822995428491e+00
6.204836822995428491e+00
6.204836822995428491e+00
6.204836822995428491e+00
6.204836822995428491e+00
6.204836822995428491e+00
6.284902544988267614e+00
6.284902544988267614e+00
6.284902544988267614e+00
6.284902544988267614e+00
6.284902544988267614e+00
6.284902544988267614e+00
6.284902544988267614e+00
6.284902544988267614e+00
6.284902544988267614e+00
6.284902544988267614e+00
6.284902544988267614e+00
6.284902544988267614e+00
6.284902544988267614e+00
6.284902544988267614e+00
6.284902544988267614e+00
6.284902544988267614e+00
6.284902544988267614e+00
6.284902544988267614e+00
6.284902544988267614e+00
6.284902544988267614e+00
6.284902544988267614e+00
6.284902544988267614e+00
6.284902544988267614e+00
6.284902544988267614e+00
6.284902544988267614e+00
6.284902544988267614e+00
6.284902544988267614e+00
6.284902544988267614e+00
6.284902544988267614e+00
6.284902544988267614e+00
6.284902544988267614e+00
6.284902544988267614e+00
6.284902544988267614e+00
6.284902544988267614e+00
6.284902544988267614e+00
6.284902544988267614e+00
6.284902544988267614e+00
6.284902544988267614e+00
6.284902544988267614e+00
6.284902544988267614e+00
6.284902544988267614e+00
6.284902544988267614e+00
6.284902544988267614e+00
6.284902544988267614e+00
6.284902544988267614e+00
6.284902544988267614e+00
6.284902544988267614e+00
6.284902544988267614e+00
6.284902544988267614e+00
6.284902544988267614e+00
6.284902544988267614e+00
6.284902544988267614e+00
6.284902544988267614e+00
6.284902544988267614e+00
6.284902544988267614e+00
6.284902544988267614e+00
6.284902544988267614e+00
6.284902544988267614e+00
6.284902544988267614e+00
6.284902544988267614e+00
6.284902544988267614e+00
6.284902544988267614e+00
6.284902544988267614e+00
6.284902544988267614e+00
6.324555320336759046e+00
6.324555320336759046e+00
6.324555320336759046e+00
6.324555320336759046e+00
6.324555320336759046e+00
6.324555320336759046e+00
6.324555320336759046e+00
6.324555320336759046e+00
6.324555320336759046e+00
6.324555320336759046e+00
6.324555320336759046e+00
6.324555320336759046e+00
6.324555320336759046e+00
6.324555320336759046e+00
6.324555320336759046e+00
6.324555320336759046e+00
6.324555320336759046e+00
6.324555320336759046e+00
6.324555320336759046e+00
6.324555320336759046e+00
6.324555320336759046e+00
6.324555320336759046e+00
6.324555320336759046e+00
6.324555320336759046e+00
6.363961030678927600e+00
6.363961030678927600e+00
6.363961030678927600e+00
6.363961030678927600e+00
6.363961030678927600e+00
6.363961030678927600e+00
6.363961030678927600e+00
6.363961030678927600e+00
6.363961030678927600e+00
6.363961030678927600e+00
6.363961030678927600e+00
6.363961030678927600e+00
6.363961030678927600e+00
6.363961030678927600e+00
6.363961030678927600e+00
6.363961030678927600e+00
6.363961030678927600e+00
6.363961030678927600e+00
6.363961030678927600e+00
6.363961030678927600e+00
6.363961030678927600e+00
6.363961030678927600e+00
6.363961030678927600e+00
6.363961030678927600e+00
6.363961030678927600e+00
6.363961030678927600e+00
6.363961030678927600e+00
6.363961030678927600e+00
6.363961030678927600e+00
6.363961030678927600e+00
6.363961030678927600e+00
6.363961030678927600e+00
6.363961030678927600e+00
6.363961030678927600e+00
6.363961030678927600e+00
6.363961030678927600e+00
6.363961030678927600e+00
6.363961030678927600e+00
6.363961030678927600e+00
6.363961030678927600e+00
6.363961030678927600e+00
6.363961030678927600e+00
6.363961030678927600e+00
6.363961030678927600e+00
6.363961030678927600e+00
6.363961030678927600e+00
6.363961030678927600e+00
6.363961030678927600e+00
6.363961030678927600e+00
6.363961030678927600e+00
6.363961030678927600e+00
6.363961030678927600e+00
6.363961030678927600e+00
6.363961030678927600e+00
6.363961030678927600e+00
6.363961030678927600e+00
6.363961030678927600e+00
6.363961030678927600e+00
6.363961030678927600e+00
6.363961030678927600e+00
6.363961030678927600e+00
6.363961030678927600e+00
6.363961030678927600e+00
6.363961030678927600e+00
6.363961030678927600e+00
6.363961030678927600e+00
6.363961030678927600e+00
6.363961030678927600e+00
6.363961030678927600e+00
6.363961030678927600e+00
6.363961030678927600e+00
6.363961030678927600e+00
6.403124237432848531e+00
6.403124237432848531e+00
6.403124237432848531e+00
6.403124237432848531e+00
6.403124237432848531e+00
6.403124237432848531e+00
6.403124237432848531e+00
6.403124237432848531e+00
6.403124237432848531e+00
6.403124237432848531e+00
6.403124237432848531e+00
6.403124237432848531e+00
6.403124237432848531e+00
6.403124237432848531e+00
6.403124237432848531e+00
6.403124237432848531e+00
6.403124237432848531e+00
6.403124237432848531e+00
6.403124237432848531e+00
6.403124237432848531e+00
6.403124237432848531e+00
6.403124237432848531e+00
6.403124237432848531e+00
6.403124237432848531e+00
6.403124237432848531e+00
6.403124237432848531e+00
6.403124237432848531e+00
6.403124237432848531e+00
6.403124237432848531e+00
6.403124237432848531e+00
6.403124237432848531e+00
6.403124237432848531e+00
6.403124237432848531e+00
6.403124237432848531e+00
6.403124237432848531e+00
6.403124237432848531e+00
6.403124237432848531e+00
6.403124237432848531e+00
6.403124237432848531e+00
6.403124237432848531e+00
6.403124237432848531e+00
6.403124237432848531e+00
6.403124237432848531e+00
6.403124237432848531e+00
6.403124237432848531e+00
6.403124237432848531e+00
6.403124237432848531e+00
6.403124237432848531e+00
6.403124237432848531e+00
6.403124237432848531e+00
6.403124237432848531e+00
6.403124237432848531e+00
6.403124237432848531e+00
6.403124237432848531e+00
6.403124237432848531e+00
6.403124237432848531e+00
6.403124237432848531e+00
6.403124237432848531e+00
6.403124237432848531e+00
6.403124237432848531e+00
6.403124237432848531e+00
6.403124237432848531e+00
6.403124237432848531e+00
6.403124237432848531e+00
6.403124237432848531e+00
6.403124237432848531e+00
6.403124237432848531e+00
6.403124237432848531e+00
6.403124237432848531e+00
6.403124237432848531e+00
6.403124237432848531e+00
6.403124237432848531e+00
6.403124237432848531e+00
6.403124237432848531e+00
6.403124237432848531e+00
6.403124237432848531e+00
6.403124237432848531e+00
6.403124237432848531e+00
6.403124237432848531e+00
6.403124237432848531e+00
6.403124237432848531e+00
6.403124237432848531e+00
6.403124237432848531e+00
6.403124237432848531e+00
6.403124237432848531e+00
6.403124237432848531e+00
6.403124237432848531e+00
6.403124237432848531e+00
6.403124237432848531e+00
6.403124237432848531e+00
6.403124237432848531e+00
6.403124237432848531e+00
6.403124237432848531e+00
6.403124237432848531e+00
6.403124237432848531e+00
6.403124237432848531e+00
6.442049363362563064e+00
6.442049363362563064e+00
6.442049363362563064e+00
6.442049363362563064e+00
6.442049363362563064e+00
6.442049363362563064e+00
6.442049363362563064e+00
6.442049363362563064e+00
6.442049363362563064e+00
6.442049363362563064e+00
6.442049363362563064e+00
6.442049363362563064e+00
6.442049363362563064e+00
6.442049363362563064e+00
6.442049363362563064e+00
6.442049363362563064e+00
6.442049363362563064e+00
6.442049363362563064e+00
6.442049363362563064e+00
6.442049363362563064e+00
6.442049363362563064e+00
6.442049363362563064e+00
6.442049363362563064e+00
6.442049363362563064e+00
6.442049363362563064e+00
6.442049363362563064e+00
6.442049363362563064e+00
6.442049363362563064e+00
6.442049363362563064e+00
6.442049363362563064e+00
6.442049363362563064e+00
6.442049363362563064e+00
6.442049363362563064e+00
6.442049363362563064e+00
6.442049363362563064e+00
6.442049363362563064e+00
6.442049363362563064e+00
6.442049363362563064e+00
6.442049363362563064e+00
6.442049363362563064e+00
6.442049363362563064e+00
6.442049363362563064e+00
6.442049363362563064e+00
6.442049363362563064e+00
6.442049363362563064e+00
6.442049363362563064e+00
6.442049363362563064e+00
6.442049363362563064e+00
6.442049363362563064e+00
6.442049363362563064e+00
6.442049363362563064e+00
6.442049363362563064e+00
6.442049363362563064e+00
6.442049363362563064e+00
6.442049363362563064e+00
6.442049363362563064e+00
6.442049363362563064e+00
6.442049363362563064e+00
6.442049363362563064e+00
6.442049363362563064e+00
6.442049363362563064e+00
6.442049363362563064e+00
6.442049363362563064e+00
6.442049363362563064e+00
6.442049363362563064e+00
6.442049363362563064e+00
6.442049363362563064e+00
6.442049363362563064e+00
6.442049363362563064e+00
6.442049363362563064e+00
6.442049363362563064e+00
6.442049363362563064e+00
6.442049363362563064e+00
6.442049363362563064e+00
6.442049363362563064e+00
6.442049363362563064e+00
6.442049363362563064e+00
6.442049363362563064e+00
6.442049363362563064e+00
6.442049363362563064e+00
6.480740698407860378e+00
6.480740698407860378e+00
6.480740698407860378e+00
6.480740698407860378e+00
6.480740698407860378e+00
6.480740698407860378e+00
6.480740698407860378e+00
6.480740698407860378e+00
6.480740698407860378e+00
6.480740698407860378e+00
6.480740698407860378e+00
6.480740698407860378e+00
6.480740698407860378e+00
6.480740698407860378e+00
6.480740698407860378e+00
6.480740698407860378e+00
6.480740698407860378e+00
6.480740698407860378e+00
6.480740698407860378e+00
6.480740698407860378e+00
6.480740698407860378e+00
6.480740698407860378e+00
6.480740698407860378e+00
6.480740698407860378e+00
6.480740698407860378e+00
6.480740698407860378e+00
6.480740698407860378e+00
6.480740698407860378e+00
6.480740698407860378e+00
6.480740698407860378e+00
6.480740698407860378e+00
6.480740698407860378e+00
6.480740698407860378e+00
6.480740698407860378e+00
6.480740698407860378e+00
6.480740698407860378e+00
6.480740698407860378e+00
6.480740698407860378e+00
6.480740698407860378e+00
6.480740698407860378e+00
6.480740698407860378e+00
6.480740698407860378e+00
6.480740698407860378e+00
6.480740698407860378e+00
6.480740698407860378e+00
6.480740698407860378e+00
6.480740698407860378e+00
6.480740698407860378e+00
6.519202405202649153e+00
6.519202405202649153e+00
6.519202405202649153e+00
6.519202405202649153e+00
6.519202405202649153e+00
6.519202405202649153e+00
6.519202405202649153e+00
6.519202405202649153e+00
6.519202405202649153e+00
6.519202405202649153e+00
6.519202405202649153e+00
6.519202405202649153e+00
6.519202405202649153e+00
6.519202405202649153e+00
6.519202405202649153e+00
6.519202405202649153e+00
6.519202405202649153e+00
6.519202405202649153e+00
6.519202405202649153e+00
6.519202405202649153e+00
6.519202405202649153e+00
6.519202405202649153e+00
6.519202405202649153e+00
6.519202405202649153e+00
6.519202405202649153e+00
6.519202405202649153e+00
6.519202405202649153e+00
6.519202405202649153e+00
6.519202405202649153e+00
6.519202405202649153e+00
6.519202405202649153e+00
6.519202405202649153e+00
6.519202405202649153e+00
6.519202405202649153e+00
6.519202405202649153e+00
6.519202405202649153e+00
6.519202405202649153e+00
6.519202405202649153e+00
6.519202405202649153e+00
6.519202405202649153e+00
6.519202405202649153e+00
6.519202405202649153e+00
6.519202405202649153e+00
6.519202405202649153e+00
6.519202405202649153e+00
6.519202405202649153e+00
6.519202405202649153e+00
6.519202405202649153e+00
6.519202405202649153e+00
6.519202405202649153e+00
6.519202405202649153e+00
6.519202405202649153e+00
6.519202405202649153e+00
6.519202405202649153e+00
6.519202405202649153e+00
6.519202405202649153e+00
6.519202405202649153e+00
6.519202405202649153e+00
6.519202405202649153e+00
6.519202405202649153e+00
6.519202405202649153e+00
6.519202405202649153e+00
6.519202405202649153e+00
6.519202405202649153e+00
6.519202405202649153e+00
6.519202405202649153e+00
6.519202405202649153e+00
6.519202405202649153e+00
6.519202405202649153e+00
6.519202405202649153e+00
6.519202405202649153e+00
6.519202405202649153e+00
6.519202405202649153e+00
6.519202405202649153e+00
6.519202405202649153e+00
6.519202405202649153e+00
6.519202405202649153e+00
6.519202405202649153e+00
6.519202405202649153e+00
6.519202405202649153e+00
6.519202405202649153e+00
6.519202405202649153e+00
6.519202405202649153e+00
6.519202405202649153e+00
6.519202405202649153e+00
6.519202405202649153e+00
6.519202405202649153e+00
6.519202405202649153e+00
6.519202405202649153e+00
6.519202405202649153e+00
6.519202405202649153e+00
6.519202405202649153e+00
6.519202405202649153e+00
6.519202405202649153e+00
6.519202405202649153e+00
6.519202405202649153e+00
6.557438524302000360e+00
6.557438524302000360e+00
6.557438524302000360e+00
6.557438524302000360e+00
6.557438524302000360e+00
6.557438524302000360e+00
6.557438524302000360e+00
6.557438524302000360e+00
6.557438524302000360e+00
6.557438524302000360e+00
6.557438524302000360e+00
6.557438524302000360e+00
6.557438524302000360e+00
6.557438524302000360e+00
6.557438524302000360e+00
6.557438524302000360e+00
6.557438524302000360e+00
6.557438524302000360e+00
6.557438524302000360e+00
6.557438524302000360e+00
6.557438524302000360e+00
6.557438524302000360e+00
6.557438524302000360e+00
6.557438524302000360e+00
6.595452979136459781e+00
6.595452979136459781e+00
6.595452979136459781e+00
6.595452979136459781e+00
6.595452979136459781e+00
6.595452979136459781e+00
6.595452979136459781e+00
6.595452979136459781e+00
6.595452979136459781e+00
6.595452979136459781e+00
6.595452979136459781e+00
6.595452979136459781e+00
6.595452979136459781e+00
6.595452979136459781e+00
6.595452979136459781e+00
6.595452979136459781e+00
6.595452979136459781e+00
6.595452979136459781e+00
6.595452979136459781e+00
6.595452979136459781e+00
6.595452979136459781e+00
6.595452979136459781e+00
6.595452979136459781e+00
6.595452979136459781e+00
6.595452979136459781e+00
6.595452979136459781e+00
6.595452979136459781e+00
6.595452979136459781e+00
6.595452979136459781e+00
6.595452979136459781e+00
6.595452979136459781e+00
6.595452979136459781e+00
6.595452979136459781e+00
6.595452979136459781e+00
6.595452979136459781e+00
6.595452979136459781e+00
6.595452979136459781e+00
6.595452979136459781e+00
6.595452979136459781e+00
6.595452979136459781e+00
6.595452979136459781e+00
6.595452979136459781e+00
6.595452979136459781e+00
6.595452979136459781e+00
6.595452979136459781e+00
6.595452979136459781e+00
6.595452979136459781e+00
6.595452979136459781e+00
6.595452979136459781e+00
6.595452979136459781e+00
6.595452979136459781e+00
6.595452979136459781e+00
6.595452979136459781e+00
6.595452979136459781e+00
6.595452979136459781e+00
6.595452979136459781e+00
6.595452979136459781e+00
6.595452979136459781e+00
6.595452979136459781e+00
6.595452979136459781e+00
6.595452979136459781e+00
6.595452979136459781e+00
6.595452979136459781e+00
6.595452979136459781e+00
6.595452979136459781e+00
6.595452979136459781e+00
6.595452979136459781e+00
6.595452979136459781e+00
6.595452979136459781e+00
6.595452979136459781e+00
6.595452979136459781e+00
6.595452979136459781e+00
6.595452979136459781e+00
6.595452979136459781e+00
6.595452979136459781e+00
6.595452979136459781e+00
6.595452979136459781e+00
6.595452979136459781e+00
6.595452979136459781e+00
6.595452979136459781e+00
6.595452979136459781e+00
6.595452979136459781e+00
6.595452979136459781e+00
6.595452979136459781e+00
6.595452979136459781e+00
6.595452979136459781e+00
6.595452979136459781e+00
6.595452979136459781e+00
6.595452979136459781e+00
6.595452979136459781e+00
6.595452979136459781e+00
6.595452979136459781e+00
6.595452979136459781e+00
6.595452979136459781e+00
6.595452979136459781e+00
6.595452979136459781e+00
6.633249580710799620e+00
6.633249580710799620e+00
6.633249580710799620e+00
6.633249580710799620e+00
6.633249580710799620e+00
6.633249580710799620e+00
6.633249580710799620e+00
6.633249580710799620e+00
6.633249580710799620e+00
6.633249580710799620e+00
6.633249580710799620e+00
6.633249580710799620e+00
6.633249580710799620e+00
6.633249580710799620e+00
6.633249580710799620e+00
6.633249580710799620e+00
6.633249580710799620e+00
6.633249580710799620e+00
6.633249580710799620e+00
6.633249580710799620e+00
6.633249580710799620e+00
6.633249580710799620e+00
6.633249580710799620e+00
6.633249580710799620e+00
6.670832032063167105e+00
6.670832032063167105e+00
6.670832032063167105e+00
6.670832032063167105e+00
6.670832032063167105e+00
6.670832032063167105e+00
6.670832032063167105e+00
6.670832032063167105e+00
6.670832032063167105e+00
6.670832032063167105e+00
6.670832032063167105e+00
6.670832032063167105e+00
6.670832032063167105e+00
6.670832032063167105e+00
6.670832032063167105e+00
6.670832032063167105e+00
6.670832032063167105e+00
6.670832032063167105e+00
6.670832032063167105e+00
6.670832032063167105e+00
6.670832032063167105e+00
6.670832032063167105e+00
6.670832032063167105e+00
6.670832032063167105e+00
6.670832032063167105e+00
6.670832032063167105e+00
6.670832032063167105e+00
6.670832032063167105e+00
6.670832032063167105e+00
6.670832032063167105e+00
6.670832032063167105e+00
6.670832032063167105e+00
6.670832032063167105e+00
6.670832032063167105e+00
6.670832032063167105e+00
6.670832032063167105e+00
6.670832032063167105e+00
6.670832032063167105e+00
6.670832032063167105e+00
6.670832032063167105e+00
6.670832032063167105e+00
6.670832032063167105e+00
6.670832032063167105e+00
6.670832032063167105e+00
6.670832032063167105e+00
6.670832032063167105e+00
6.670832032063167105e+00
6.670832032063167105e+00
6.670832032063167105e+00
6.670832032063167105e+00
6.670832032063167105e+00
6.670832032063167105e+00
6.670832032063167105e+00
6.670832032063167105e+00
6.670832032063167105e+00
6.670832032063167105e+00
6.670832032063167105e+00
6.670832032063167105e+00
6.670832032063167105e+00
6.670832032063167105e+00
6.670832032063167105e+00
6.670832032063167105e+00
6.670832032063167105e+00
6.670832032063167105e+00
6.708203932499369415e+00
6.708203932499369415e+00
6.708203932499369415e+00
6.708203932499369415e+00
6.708203932499369415e+00
6.708203932499369415e+00
6.708203932499369415e+00
6.708203932499369415e+00
6.708203932499369415e+00
6.708203932499369415e+00
6.708203932499369415e+00
6.708203932499369415e+00
6.708203932499369415e+00
6.708203932499369415e+00
6.708203932499369415e+00
6.708203932499369415e+00
6.708203932499369415e+00
6.708203932499369415e+00
6.708203932499369415e+00
6.708203932499369415e+00
6.708203932499369415e+00
6.708203932499369415e+00
6.708203932499369415e+00
6.708203932499369415e+00
6.708203932499369415e+00
6.708203932499369415e+00
6.708203932499369415e+00
6.708203932499369415e+00
6.708203932499369415e+00
6.708203932499369415e+00
6.708203932499369415e+00
6.708203932499369415e+00
6.708203932499369415e+00
6.708203932499369415e+00
6.708203932499369415e+00
6.708203932499369415e+00
6.708203932499369415e+00
6.708203932499369415e+00
6.708203932499369415e+00
6.708203932499369415e+00
6.708203932499369415e+00
6.708203932499369415e+00
6.708203932499369415e+00
6.708203932499369415e+00
6.708203932499369415e+00
6.708203932499369415e+00
6.708203932499369415e+00
6.708203932499369415e+00
6.708203932499369415e+00
6.708203932499369415e+00
6.708203932499369415e+00
6.708203932499369415e+00
6.708203932499369415e+00
6.708203932499369415e+00
6.708203932499369415e+00
6.708203932499369415e+00
6.708203932499369415e+00
6.708203932499369415e+00
6.708203932499369415e+00
6.708203932499369415e+00
6.708203932499369415e+00
6.708203932499369415e+00
6.708203932499369415e+00
6.708203932499369415e+00
6.708203932499369415e+00
6.708203932499369415e+00
6.708203932499369415e+00
6.708203932499369415e+00
6.708203932499369415e+00
6.708203932499369415e+00
6.708203932499369415e+00
6.708203932499369415e+00
6.745368781616020826e+00
6.745368781616020826e+00
6.745368781616020826e+00
6.745368781616020826e+00
6.745368781616020826e+00
6.745368781616020826e+00
6.745368781616020826e+00
6.745368781616020826e+00
6.745368781616020826e+00
6.745368781616020826e+00
6.745368781616020826e+00
6.745368781616020826e+00
6.745368781616020826e+00
6.745368781616020826e+00
6.745368781616020826e+00
6.745368781616020826e+00
6.745368781616020826e+00
6.745368781616020826e+00
6.745368781616020826e+00
6.745368781616020826e+00
6.745368781616020826e+00
6.745368781616020826e+00
6.745368781616020826e+00
6.745368781616020826e+00
6.745368781616020826e+00
6.745368781616020826e+00
6.745368781616020826e+00
6.745368781616020826e+00
6.745368781616020826e+00
6.745368781616020826e+00
6.745368781616020826e+00
6.745368781616020826e+00
6.745368781616020826e+00
6.745368781616020826e+00
6.745368781616020826e+00
6.745368781616020826e+00
6.745368781616020826e+00
6.745368781616020826e+00
6.745368781616020826e+00
6.745368781616020826e+00
6.745368781616020826e+00
6.745368781616020826e+00
6.745368781616020826e+00
6.745368781616020826e+00
6.745368781616020826e+00
6.745368781616020826e+00
6.745368781616020826e+00
6.745368781616020826e+00
6.745368781616020826e+00
6.745368781616020826e+00
6.745368781616020826e+00
6.745368781616020826e+00
6.745368781616020826e+00
6.745368781616020826e+00
6.745368781616020826e+00
6.745368781616020826e+00
6.745368781616020826e+00
6.745368781616020826e+00
6.745368781616020826e+00
6.745368781616020826e+00
6.745368781616020826e+00
6.745368781616020826e+00
6.745368781616020826e+00
6.745368781616020826e+00
6.745368781616020826e+00
6.745368781616020826e+00
6.745368781616020826e+00
6.745368781616020826e+00
6.745368781616020826e+00
6.745368781616020826e+00
6.745368781616020826e+00
6.745368781616020826e+00
6.745368781616020826e+00
6.745368781616020826e+00
6.745368781616020826e+00
6.745368781616020826e+00
6.745368781616020826e+00
6.745368781616020826e+00
6.745368781616020826e+00
6.745368781616020826e+00
6.745368781616020826e+00
6.745368781616020826e+00
6.745368781616020826e+00
6.745368781616020826e+00
6.745368781616020826e+00
6.745368781616020826e+00
6.745368781616020826e+00
6.745368781616020826e+00
6.745368781616020826e+00
6.745368781616020826e+00
6.745368781616020826e+00
6.745368781616020826e+00
6.745368781616020826e+00
6.745368781616020826e+00
6.745368781616020826e+00
6.745368781616020826e+00
6.782329983125268136e+00
6.782329983125268136e+00
6.782329983125268136e+00
6.782329983125268136e+00
6.782329983125268136e+00
6.782329983125268136e+00
6.782329983125268136e+00
6.782329983125268136e+00
6.782329983125268136e+00
6.782329983125268136e+00
6.782329983125268136e+00
6.782329983125268136e+00
6.782329983125268136e+00
6.782329983125268136e+00
6.782329983125268136e+00
6.782329983125268136e+00
6.782329983125268136e+00
6.782329983125268136e+00
6.782329983125268136e+00
6.782329983125268136e+00
6.782329983125268136e+00
6.782329983125268136e+00
6.782329983125268136e+00
6.782329983125268136e+00
6.782329983125268136e+00
6.782329983125268136e+00
6.782329983125268136e+00
6.782329983125268136e+00
6.782329983125268136e+00
6.782329983125268136e+00
6.782329983125268136e+00
6.782329983125268136e+00
6.782329983125268136e+00
6.782329983125268136e+00
6.782329983125268136e+00
6.782329983125268136e+00
6.782329983125268136e+00
6.782329983125268136e+00
6.782329983125268136e+00
6.782329983125268136e+00
6.782329983125268136e+00
6.782329983125268136e+00
6.782329983125268136e+00
6.782329983125268136e+00
6.782329983125268136e+00
6.782329983125268136e+00
6.782329983125268136e+00
6.782329983125268136e+00
6.819090848492927570e+00
6.819090848492927570e+00
6.819090848492927570e+00
6.819090848492927570e+00
6.819090848492927570e+00
6.819090848492927570e+00
6.819090848492927570e+00
6.819090848492927570e+00
6.819090848492927570e+00
6.819090848492927570e+00
6.819090848492927570e+00
6.819090848492927570e+00
6.819090848492927570e+00
6.819090848492927570e+00
6.819090848492927570e+00
6.819090848492927570e+00
6.819090848492927570e+00
6.819090848492927570e+00
6.819090848492927570e+00
6.819090848492927570e+00
6.819090848492927570e+00
6.819090848492927570e+00
6.819090848492927570e+00
6.819090848492927570e+00
6.819090848492927570e+00
6.819090848492927570e+00
6.819090848492927570e+00
6.819090848492927570e+00
6.819090848492927570e+00
6.819090848492927570e+00
6.819090848492927570e+00
6.819090848492927570e+00
6.819090848492927570e+00
6.819090848492927570e+00
6.819090848492927570e+00
6.819090848492927570e+00
6.819090848492927570e+00
6.819090848492927570e+00
6.819090848492927570e+00
6.819090848492927570e+00
6.819090848492927570e+00
6.819090848492927570e+00
6.819090848492927570e+00
6.819090848492927570e+00
6.819090848492927570e+00
6.819090848492927570e+00
6.819090848492927570e+00
6.819090848492927570e+00
6.819090848492927570e+00
6.819090848492927570e+00
6.819090848492927570e+00
6.819090848492927570e+00
6.819090848492927570e+00
6.819090848492927570e+00
6.819090848492927570e+00
6.819090848492927570e+00
6.819090848492927570e+00
6.819090848492927570e+00
6.819090848492927570e+00
6.819090848492927570e+00
6.819090848492927570e+00
6.819090848492927570e+00
6.819090848492927570e+00
6.819090848492927570e+00
6.819090848492927570e+00
6.819090848492927570e+00
6.819090848492927570e+00
6.819090848492927570e+00
6.819090848492927570e+00
6.819090848492927570e+00
6.819090848492927570e+00
6.819090848492927570e+00
6.819090848492927570e+00
6.819090848492927570e+00
6.819090848492927570e+00
6.819090848492927570e+00
6.819090848492927570e+00
6.819090848492927570e+00
6.819090848492927570e+00
6.819090848492927570e+00
6.819090848492927570e+00
6.819090848492927570e+00
6.819090848492927570e+00
6.819090848492927570e+00
6.819090848492927570e+00
6.819090848492927570e+00
6.819090848492927570e+00
6.819090848492927570e+00
6.819090848492927570e+00
6.819090848492927570e+00
6.819090848492927570e+00
6.819090848492927570e+00
6.819090848492927570e+00
6.819090848492927570e+00
6.819090848492927570e+00
6.819090848492927570e+00
6.892024376045110756e+00
6.892024376045110756e+00
6.892024376045110756e+00
6.892024376045110756e+00
6.892024376045110756e+00
6.892024376045110756e+00
6.892024376045110756e+00
6.892024376045110756e+00
6.892024376045110756e+00
6.892024376045110756e+00
6.892024376045110756e+00
6.892024376045110756e+00
6.892024376045110756e+00
6.892024376045110756e+00
6.892024376045110756e+00
6.892024376045110756e+00
6.892024376045110756e+00
6.892024376045110756e+00
6.892024376045110756e+00
6.892024376045110756e+00
6.892024376045110756e+00
6.892024376045110756e+00
6.892024376045110756e+00
6.892024376045110756e+00
6.892024376045110756e+00
6.892024376045110756e+00
6.892024376045110756e+00
6.892024376045110756e+00
6.892024376045110756e+00
6.892024376045110756e+00
6.892024376045110756e+00
6.892024376045110756e+00
6.928203230275508773e+00
6.928203230275508773e+00
6.928203230275508773e+00
6.928203230275508773e+00
6.928203230275508773e+00
6.928203230275508773e+00
6.928203230275508773e+00
6.928203230275508773e+00
6.964194138592059602e+00
6.964194138592059602e+00
6.964194138592059602e+00
6.964194138592059602e+00
6.964194138592059602e+00
6.964194138592059602e+00
6.964194138592059602e+00
6.964194138592059602e+00
6.964194138592059602e+00
6.964194138592059602e+00
6.964194138592059602e+00
6.964194138592059602e+00
6.964194138592059602e+00
6.964194138592059602e+00
6.964194138592059602e+00
6.964194138592059602e+00
6.964194138592059602e+00
6.964194138592059602e+00
6.964194138592059602e+00
6.964194138592059602e+00
6.964194138592059602e+00
6.964194138592059602e+00
6.964194138592059602e+00
6.964194138592059602e+00
6.964194138592059602e+00
6.964194138592059602e+00
6.964194138592059602e+00
6.964194138592059602e+00
6.964194138592059602e+00
6.964194138592059602e+00
6.964194138592059602e+00
6.964194138592059602e+00
6.964194138592059602e+00
6.964194138592059602e+00
6.964194138592059602e+00
6.964194138592059602e+00
6.964194138592059602e+00
6.964194138592059602e+00
6.964194138592059602e+00
6.964194138592059602e+00
6.964194138592059602e+00
6.964194138592059602e+00
6.964194138592059602e+00
6.964194138592059602e+00
6.964194138592059602e+00
6.964194138592059602e+00
6.964194138592059602e+00
6.964194138592059602e+00
6.964194138592059602e+00
6.964194138592059602e+00
6.964194138592059602e+00
6.964194138592059602e+00
6.964194138592059602e+00
6.964194138592059602e+00
6.964194138592059602e+00
6.964194138592059602e+00
6.964194138592059602e+00
6.964194138592059602e+00
6.964194138592059602e+00
6.964194138592059602e+00
6.964194138592059602e+00
6.964194138592059602e+00
6.964194138592059602e+00
6.964194138592059602e+00
6.964194138592059602e+00
6.964194138592059602e+00
6.964194138592059602e+00
6.964194138592059602e+00
6.964194138592059602e+00
6.964194138592059602e+00
6.964194138592059602e+00
6.964194138592059602e+00
6.964194138592059602e+00
6.964194138592059602e+00
6.964194138592059602e+00
6.964194138592059602e+00
6.964194138592059602e+00
6.964194138592059602e+00
6.964194138592059602e+00
6.964194138592059602e+00
6.964194138592059602e+00
6.964194138592059602e+00
6.964194138592059602e+00
6.964194138592059602e+00
6.964194138592059602e+00
6.964194138592059602e+00
6.964194138592059602e+00
6.964194138592059602e+00
6.964194138592059602e+00
6.964194138592059602e+00
6.964194138592059602e+00
6.964194138592059602e+00
6.964194138592059602e+00
6.964194138592059602e+00
6.964194138592059602e+00
6.964194138592059602e+00
6.964194138592059602e+00
6.964194138592059602e+00
6.964194138592059602e+00
6.964194138592059602e+00
6.964194138592059602e+00
6.964194138592059602e+00
6.964194138592059602e+00
6.964194138592059602e+00
6.964194138592059602e+00
6.964194138592059602e+00
6.964194138592059602e+00
6.964194138592059602e+00
6.964194138592059602e+00
6.964194138592059602e+00
6.964194138592059602e+00
6.964194138592059602e+00
6.964194138592059602e+00
6.964194138592059602e+00
6.964194138592059602e+00
6.964194138592059602e+00
6.964194138592059602e+00
6.964194138592059602e+00
6.964194138592059602e+00
6.964194138592059602e+00
6.964194138592059602e+00
6.964194138592059602e+00
6.964194138592059602e+00
6.964194138592059602e+00
6.964194138592059602e+00
6.964194138592059602e+00
6.964194138592059602e+00
6.964194138592059602e+00
6.964194138592059602e+00
6.964194138592059602e+00
6.964194138592059602e+00
6.964194138592059602e+00
6.964194138592059602e+00
6.964194138592059602e+00
6.964194138592059602e+00
6.964194138592059602e+00
6.964194138592059602e+00
6.964194138592059602e+00
6.964194138592059602e+00
6.964194138592059602e+00
6.964194138592059602e+00
6.964194138592059602e+00
6.964194138592059602e+00
6.964194138592059602e+00
6.964194138592059602e+00
6.964194138592059602e+00
6.964194138592059602e+00
6.964194138592059602e+00
6.964194138592059602e+00
6.964194138592059602e+00
6.964194138592059602e+00
6.964194138592059602e+00
6.964194138592059602e+00
6.964194138592059602e+00
6.964194138592059602e+00
6.964194138592059602e+00
6.964194138592059602e+00
6.964194138592059602e+00
6.964194138592059602e+00
6.964194138592059602e+00
7.000000000000000000e+00
7.000000000000000000e+00
7.000000000000000000e+00
7.000000000000000000e+00
7.000000000000000000e+00
7.000000000000000000e+00
7.000000000000000000e+00
7.000000000000000000e+00
7.000000000000000000e+00
7.000000000000000000e+00
7.000000000000000000e+00
7.000000000000000000e+00
7.000000000000000000e+00
7.000000000000000000e+00
7.000000000000000000e+00
7.000000000000000000e+00
7.000000000000000000e+00
7.000000000000000000e+00
7.000000000000000000e+00
7.000000000000000000e+00
7.000000000000000000e+00
7.000000000000000000e+00
7.000000000000000000e+00
7.000000000000000000e+00
7.000000000000000000e+00
7.000000000000000000e+00
7.000000000000000000e+00
7.000000000000000000e+00
7.000000000000000000e+00
7.000000000000000000e+00
7.000000000000000000e+00
7.000000000000000000e+00
7.000000000000000000e+00
7.000000000000000000e+00
7.000000000000000000e+00
7.000000000000000000e+00
7.000000000000000000e+00
7.000000000000000000e+00
7.000000000000000000e+00
7.000000000000000000e+00
7.000000000000000000e+00
7.000000000000000000e+00
7.000000000000000000e+00
7.000000000000000000e+00
7.000000000000000000e+00
7.000000000000000000e+00
7.000000000000000000e+00
7.000000000000000000e+00
7.000000000000000000e+00
7.000000000000000000e+00
7.000000000000000000e+00
7.000000000000000000e+00
7.000000000000000000e+00
7.000000000000000000e+00
7.035623639735144152e+00
7.035623639735144152e+00
7.035623639735144152e+00
7.035623639735144152e+00
7.035623639735144152e+00
7.035623639735144152e+00
7.035623639735144152e+00
7.035623639735144152e+00
7.035623639735144152e+00
7.035623639735144152e+00
7.035623639735144152e+00
7.035623639735144152e+00
7.035623639735144152e+00
7.035623639735144152e+00
7.035623639735144152e+00
7.035623639735144152e+00
7.035623639735144152e+00
7.035623639735144152e+00
7.035623639735144152e+00
7.035623639735144152e+00
7.035623639735144152e+00
7.035623639735144152e+00
7.035623639735144152e+00
7.035623639735144152e+00
7.035623639735144152e+00
7.035623639735144152e+00
7.035623639735144152e+00
7.035623639735144152e+00
7.035623639735144152e+00
7.035623639735144152e+00
7.035623639735144152e+00
7.035623639735144152e+00
7.035623639735144152e+00
7.035623639735144152e+00
7.035623639735144152e+00
7.035623639735144152e+00
7.035623639735144152e+00
7.035623639735144152e+00
7.035623639735144152e+00
7.035623639735144152e+00
7.035623639735144152e+00
7.035623639735144152e+00
7.035623639735144152e+00
7.035623639735144152e+00
7.035623639735144152e+00
7.035623639735144152e+00
7.035623639735144152e+00
7.035623639735144152e+00
7.035623639735144152e+00
7.035623639735144152e+00
7.035623639735144152e+00
7.035623639735144152e+00
7.035623639735144152e+00
7.035623639735144152e+00
7.035623639735144152e+00
7.035623639735144152e+00
7.035623639735144152e+00
7.035623639735144152e+00
7.035623639735144152e+00
7.035623639735144152e+00
7.035623639735144152e+00
7.035623639735144152e+00
7.035623639735144152e+00
7.035623639735144152e+00
7.035623639735144152e+00
7.035623639735144152e+00
7.035623639735144152e+00
7.035623639735144152e+00
7.035623639735144152e+00
7.035623639735144152e+00
7.035623639735144152e+00
7.035623639735144152e+00
7.035623639735144152e+00
7.035623639735144152e+00
7.035623639735144152e+00
7.035623639735144152e+00
7.035623639735144152e+00
7.035623639735144152e+00
7.035623639735144152e+00
7.035623639735144152e+00
7.071067811865475505e+00
7.071067811865475505e+00
7.071067811865475505e+00
7.071067811865475505e+00
7.071067811865475505e+00
7.071067811865475505e+00
7.071067811865475505e+00
7.071067811865475505e+00
7.071067811865475505e+00
7.071067811865475505e+00
7.071067811865475505e+00
7.071067811865475505e+00
7.071067811865475505e+00
7.071067811865475505e+00
7.071067811865475505e+00
7.071067811865475505e+00
7.071067811865475505e+00
7.071067811865475505e+00
7.071067811865475505e+00
7.071067811865475505e+00
7.071067811865475505e+00
7.071067811865475505e+00
7.071067811865475505e+00
7.071067811865475505e+00
7.071067811865475505e+00
7.071067811865475505e+00
7.071067811865475505e+00
7.071067811865475505e+00
7.071067811865475505e+00
7.071067811865475505e+00
7.071067811865475505e+00
7.071067811865475505e+00
7.071067811865475505e+00
7.071067811865475505e+00
7.071067811865475505e+00
7.071067811865475505e+00
7.071067811865475505e+00
7.071067811865475505e+00
7.071067811865475505e+00
7.071067811865475505e+00
7.071067811865475505e+00
7.071067811865475505e+00
7.071067811865475505e+00
7.071067811865475505e+00
7.071067811865475505e+00
7.071067811865475505e+00
7.071067811865475505e+00
7.071067811865475505e+00
7.071067811865475505e+00
7.071067811865475505e+00
7.071067811865475505e+00
7.071067811865475505e+00
7.071067811865475505e+00
7.071067811865475505e+00
7.071067811865475505e+00
7.071067811865475505e+00
7.071067811865475505e+00
7.071067811865475505e+00
7.071067811865475505e+00
7.071067811865475505e+00
7.071067811865475505e+00
7.071067811865475505e+00
7.071067811865475505e+00
7.071067811865475505e+00
7.071067811865475505e+00
7.071067811865475505e+00
7.071067811865475505e+00
7.071067811865475505e+00
7.071067811865475505e+00
7.071067811865475505e+00
7.071067811865475505e+00
7.071067811865475505e+00
7.071067811865475505e+00
7.071067811865475505e+00
7.071067811865475505e+00
7.071067811865475505e+00
7.071067811865475505e+00
7.071067811865475505e+00
7.071067811865475505e+00
7.071067811865475505e+00
7.071067811865475505e+00
7.071067811865475505e+00
7.071067811865475505e+00
7.071067811865475505e+00
7.106335201775947574e+00
7.106335201775947574e+00
7.106335201775947574e+00
7.106335201775947574e+00
7.106335201775947574e+00
7.106335201775947574e+00
7.106335201775947574e+00
7.106335201775947574e+00
7.106335201775947574e+00
7.106335201775947574e+00
7.106335201775947574e+00
7.106335201775947574e+00
7.106335201775947574e+00
7.106335201775947574e+00
7.106335201775947574e+00
7.106335201775947574e+00
7.106335201775947574e+00
7.106335201775947574e+00
7.106335201775947574e+00
7.106335201775947574e+00
7.106335201775947574e+00
7.106335201775947574e+00
7.106335201775947574e+00
7.106335201775947574e+00
7.106335201775947574e+00
7.106335201775947574e+00
7.106335201775947574e+00
7.106335201775947574e+00
7.106335201775947574e+00
7.106335201775947574e+00
7.106335201775947574e+00
7.106335201775947574e+00
7.106335201775947574e+00
7.106335201775947574e+00
7.106335201775947574e+00
7.106335201775947574e+00
7.106335201775947574e+00
7.106335201775947574e+00
7.106335201775947574e+00
7.106335201775947574e+00
7.106335201775947574e+00
7.106335201775947574e+00
7.106335201775947574e+00
7.106335201775947574e+00
7.106335201775947574e+00
7.106335201775947574e+00
7.106335201775947574e+00
7.106335201775947574e+00
7.141428428542850426e+00
7.141428428542850426e+00
7.141428428542850426e+00
7.141428428542850426e+00
7.141428428542850426e+00
7.141428428542850426e+00
7.141428428542850426e+00
7.141428428542850426e+00
7.141428428542850426e+00
7.141428428542850426e+00
7.141428428542850426e+00
7.141428428542850426e+00
7.141428428542850426e+00
7.141428428542850426e+00
7.141428428542850426e+00
7.141428428542850426e+00
7.141428428542850426e+00
7.141428428542850426e+00
7.141428428542850426e+00
7.141428428542850426e+00
7.141428428542850426e+00
7.141428428542850426e+00
7.141428428542850426e+00
7.141428428542850426e+00
7.141428428542850426e+00
7.141428428542850426e+00
7.141428428542850426e+00
7.141428428542850426e+00
7.141428428542850426e+00
7.141428428542850426e+00
7.141428428542850426e+00
7.141428428542850426e+00
7.141428428542850426e+00
7.141428428542850426e+00
7.141428428542850426e+00
7.141428428542850426e+00
7.141428428542850426e+00
7.141428428542850426e+00
7.141428428542850426e+00
7.141428428542850426e+00
7.141428428542850426e+00
7.141428428542850426e+00
7.141428428542850426e+00
7.141428428542850426e+00
7.141428428542850426e+00
7.141428428542850426e+00
7.141428428542850426e+00
7.141428428542850426e+00
7.176350047203661653e+00
7.176350047203661653e+00
7.176350047203661653e+00
7.176350047203661653e+00
7.176350047203661653e+00
7.176350047203661653e+00
7.176350047203661653e+00
7.176350047203661653e+00
7.176350047203661653e+00
7.176350047203661653e+00
7.176350047203661653e+00
7.176350047203661653e+00
7.176350047203661653e+00
7.176350047203661653e+00
7.176350047203661653e+00
7.176350047203661653e+00
7.176350047203661653e+00
7.176350047203661653e+00
7.176350047203661653e+00
7.176350047203661653e+00
7.176350047203661653e+00
7.176350047203661653e+00
7.176350047203661653e+00
7.176350047203661653e+00
7.176350047203661653e+00
7.176350047203661653e+00
7.176350047203661653e+00
7.176350047203661653e+00
7.176350047203661653e+00
7.176350047203661653e+00
7.176350047203661653e+00
7.176350047203661653e+00
7.176350047203661653e+00
7.176350047203661653e+00
7.176350047203661653e+00
7.176350047203661653e+00
7.176350047203661653e+00
7.176350047203661653e+00
7.176350047203661653e+00
7.176350047203661653e+00
7.176350047203661653e+00
7.176350047203661653e+00
7.176350047203661653e+00
7.176350047203661653e+00
7.176350047203661653e+00
7.176350047203661653e+00
7.176350047203661653e+00
7.176350047203661653e+00
7.176350047203661653e+00
7.176350047203661653e+00
7.176350047203661653e+00
7.176350047203661653e+00
7.176350047203661653e+00
7.176350047203661653e+00
7.176350047203661653e+00
7.176350047203661653e+00
7.176350047203661653e+00
7.176350047203661653e+00
7.176350047203661653e+00
7.176350047203661653e+00
7.176350047203661653e+00
7.176350047203661653e+00
7.176350047203661653e+00
7.176350047203661653e+00
7.176350047203661653e+00
7.176350047203661653e+00
7.176350047203661653e+00
7.176350047203661653e+00
7.176350047203661653e+00
7.176350047203661653e+00
7.176350047203661653e+00
7.176350047203661653e+00
7.176350047203661653e+00
7.176350047203661653e+00
7.176350047203661653e+00
7.176350047203661653e+00
7.176350047203661653e+00
7.176350047203661653e+00
7.176350047203661653e+00
7.176350047203661653e+00
7.176350047203661653e+00
7.176350047203661653e+00
7.176350047203661653e+00
7.176350047203661653e+00
7.176350047203661653e+00
7.176350047203661653e+00
7.176350047203661653e+00
7.176350047203661653e+00
7.176350047203661653e+00
7.176350047203661653e+00
7.176350047203661653e+00
7.176350047203661653e+00
7.176350047203661653e+00
7.176350047203661653e+00
7.176350047203661653e+00
7.176350047203661653e+00
7.176350047203661653e+00
7.176350047203661653e+00
7.176350047203661653e+00
7.176350047203661653e+00
7.176350047203661653e+00
7.176350047203661653e+00
7.176350047203661653e+00
7.176350047203661653e+00
7.176350047203661653e+00
7.176350047203661653e+00
7.176350047203661653e+00
7.176350047203661653e+00
7.176350047203661653e+00
7.176350047203661653e+00
7.176350047203661653e+00
7.176350047203661653e+00
7.176350047203661653e+00
7.176350047203661653e+00
7.176350047203661653e+00
7.176350047203661653e+00
7.176350047203661653e+00
7.176350047203661653e+00
7.176350047203661653e+00
7.176350047203661653e+00
7.176350047203661653e+00
7.176350047203661653e+00
7.176350047203661653e+00
7.176350047203661653e+00
7.176350047203661653e+00
7.176350047203661653e+00
7.176350047203661653e+00
7.176350047203661653e+00
7.176350047203661653e+00
7.176350047203661653e+00
7.176350047203661653e+00
7.176350047203661653e+00
7.176350047203661653e+00
7.176350047203661653e+00
7.176350047203661653e+00
7.176350047203661653e+00
7.176350047203661653e+00
7.176350047203661653e+00
7.176350047203661653e+00
7.176350047203661653e+00
7.176350047203661653e+00
7.176350047203661653e+00
7.176350047203661653e+00
7.176350047203661653e+00
7.176350047203661653e+00
7.176350047203661653e+00
7.176350047203661653e+00
7.176350047203661653e+00
7.176350047203661653e+00
7.176350047203661653e+00
7.176350047203661653e+00
7.176350047203661653e+00
7.176350047203661653e+00
7.176350047203661653e+00
7.176350047203661653e+00
7.176350047203661653e+00
7.176350047203661653e+00
7.176350047203661653e+00
7.176350047203661653e+00
7.176350047203661653e+00
7.211102550927978250e+00
7.211102550927978250e+00
7.211102550927978250e+00
7.211102550927978250e+00
7.211102550927978250e+00
7.211102550927978250e+00
7.211102550927978250e+00
7.211102550927978250e+00
7.211102550927978250e+00
7.211102550927978250e+00
7.211102550927978250e+00
7.211102550927978250e+00
7.211102550927978250e+00
7.211102550927978250e+00
7.211102550927978250e+00
7.211102550927978250e+00
7.211102550927978250e+00
7.211102550927978250e+00
7.211102550927978250e+00
7.211102550927978250e+00
7.211102550927978250e+00
7.211102550927978250e+00
7.211102550927978250e+00
7.211102550927978250e+00
7.245688373094719026e+00
7.245688373094719026e+00
7.245688373094719026e+00
7.245688373094719026e+00
7.245688373094719026e+00
7.245688373094719026e+00
7.245688373094719026e+00
7.245688373094719026e+00
7.245688373094719026e+00
7.245688373094719026e+00
7.245688373094719026e+00
7.245688373094719026e+00
7.245688373094719026e+00
7.245688373094719026e+00
7.245688373094719026e+00
7.245688373094719026e+00
7.245688373094719026e+00
7.245688373094719026e+00
7.245688373094719026e+00
7.245688373094719026e+00
7.245688373094719026e+00
7.245688373094719026e+00
7.245688373094719026e+00
7.245688373094719026e+00
7.245688373094719026e+00
7.245688373094719026e+00
7.245688373094719026e+00
7.245688373094719026e+00
7.245688373094719026e+00
7.245688373094719026e+00
7.245688373094719026e+00
7.245688373094719026e+00
7.245688373094719026e+00
7.245688373094719026e+00
7.245688373094719026e+00
7.245688373094719026e+00
7.245688373094719026e+00
7.245688373094719026e+00
7.245688373094719026e+00
7.245688373094719026e+00
7.245688373094719026e+00
7.245688373094719026e+00
7.245688373094719026e+00
7.245688373094719026e+00
7.245688373094719026e+00
7.245688373094719026e+00
7.245688373094719026e+00
7.245688373094719026e+00
7.245688373094719026e+00
7.245688373094719026e+00
7.245688373094719026e+00
7.245688373094719026e+00
7.245688373094719026e+00
7.245688373094719026e+00
7.245688373094719026e+00
7.245688373094719026e+00
7.245688373094719026e+00
7.245688373094719026e+00
7.245688373094719026e+00
7.245688373094719026e+00
7.245688373094719026e+00
7.245688373094719026e+00
7.245688373094719026e+00
7.245688373094719026e+00
7.280109889280518054e+00
7.280109889280518054e+00
7.280109889280518054e+00
7.280109889280518054e+00
7.280109889280518054e+00
7.280109889280518054e+00
7.280109889280518054e+00
7.280109889280518054e+00
7.280109889280518054e+00
7.280109889280518054e+00
7.280109889280518054e+00
7.280109889280518054e+00
7.280109889280518054e+00
7.280109889280518054e+00
7.280109889280518054e+00
7.280109889280518054e+00
7.280109889280518054e+00
7.280109889280518054e+00
7.280109889280518054e+00
7.280109889280518054e+00
7.280109889280518054e+00
7.280109889280518054e+00
7.280109889280518054e+00
7.280109889280518054e+00
7.280109889280518054e+00
7.280109889280518054e+00
7.280109889280518054e+00
7.280109889280518054e+00
7.280109889280518054e+00
7.280109889280518054e+00
7.280109889280518054e+00
7.280109889280518054e+00
7.280109889280518054e+00
7.280109889280518054e+00
7.280109889280518054e+00
7.280109889280518054e+00
7.280109889280518054e+00
7.280109889280518054e+00
7.280109889280518054e+00
7.280109889280518054e+00
7.280109889280518054e+00
7.280109889280518054e+00
7.280109889280518054e+00
7.280109889280518054e+00
7.280109889280518054e+00
7.280109889280518054e+00
7.280109889280518054e+00
7.280109889280518054e+00
7.280109889280518054e+00
7.280109889280518054e+00
7.280109889280518054e+00
7.280109889280518054e+00
7.280109889280518054e+00
7.280109889280518054e+00
7.280109889280518054e+00
7.280109889280518054e+00
7.280109889280518054e+00
7.280109889280518054e+00
7.280109889280518054e+00
7.280109889280518054e+00
7.280109889280518054e+00
7.280109889280518054e+00
7.280109889280518054e+00
7.280109889280518054e+00
7.280109889280518054e+00
7.280109889280518054e+00
7.280109889280518054e+00
7.280109889280518054e+00
7.280109889280518054e+00
7.280109889280518054e+00
7.280109889280518054e+00
7.280109889280518054e+00
7.314369419163896602e+00
7.314369419163896602e+00
7.314369419163896602e+00
7.314369419163896602e+00
7.314369419163896602e+00
7.314369419163896602e+00
7.314369419163896602e+00
7.314369419163896602e+00
7.314369419163896602e+00
7.314369419163896602e+00
7.314369419163896602e+00
7.314369419163896602e+00
7.314369419163896602e+00
7.314369419163896602e+00
7.314369419163896602e+00
7.314369419163896602e+00
7.314369419163896602e+00
7.314369419163896602e+00
7.314369419163896602e+00
7.314369419163896602e+00
7.314369419163896602e+00
7.314369419163896602e+00
7.314369419163896602e+00
7.314369419163896602e+00
7.314369419163896602e+00
7.314369419163896602e+00
7.314369419163896602e+00
7.314369419163896602e+00
7.314369419163896602e+00
7.314369419163896602e+00
7.314369419163896602e+00
7.314369419163896602e+00
7.314369419163896602e+00
7.314369419163896602e+00
7.314369419163896602e+00
7.314369419163896602e+00
7.314369419163896602e+00
7.314369419163896602e+00
7.314369419163896602e+00
7.314369419163896602e+00
7.314369419163896602e+00
7.314369419163896602e+00
7.314369419163896602e+00
7.314369419163896602e+00
7.314369419163896602e+00
7.314369419163896602e+00
7.314369419163896602e+00
7.314369419163896602e+00
7.348469228349534532e+00
7.348469228349534532e+00
7.348469228349534532e+00
7.348469228349534532e+00
7.348469228349534532e+00
7.348469228349534532e+00
7.348469228349534532e+00
7.348469228349534532e+00
7.348469228349534532e+00
7.348469228349534532e+00
7.348469228349534532e+00
7.348469228349534532e+00
7.348469228349534532e+00
7.348469228349534532e+00
7.348469228349534532e+00
7.348469228349534532e+00
7.348469228349534532e+00
7.348469228349534532e+00
7.348469228349534532e+00
7.348469228349534532e+00
7.348469228349534532e+00
7.348469228349534532e+00
7.348469228349534532e+00
7.348469228349534532e+00
7.348469228349534532e+00
7.348469228349534532e+00
7.348469228349534532e+00
7.348469228349534532e+00
7.348469228349534532e+00
7.348469228349534532e+00
7.348469228349534532e+00
7.348469228349534532e+00
7.348469228349534532e+00
7.348469228349534532e+00
7.348469228349534532e+00
7.348469228349534532e+00
7.348469228349534532e+00
7.348469228349534532e+00
7.348469228349534532e+00
7.348469228349534532e+00
7.348469228349534532e+00
7.348469228349534532e+00
7.348469228349534532e+00
7.348469228349534532e+00
7.348469228349534532e+00
7.348469228349534532e+00
7.348469228349534532e+00
7.348469228349534532e+00
7.348469228349534532e+00
7.348469228349534532e+00
7.348469228349534532e+00
7.348469228349534532e+00
7.348469228349534532e+00
7.348469228349534532e+00
7.348469228349534532e+00
7.348469228349534532e+00
7.348469228349534532e+00
7.348469228349534532e+00
7.348469228349534532e+00
7.348469228349534532e+00
7.348469228349534532e+00
7.348469228349534532e+00
7.348469228349534532e+00
7.348469228349534532e+00
7.348469228349534532e+00
7.348469228349534532e+00
7.348469228349534532e+00
7.348469228349534532e+00
7.348469228349534532e+00
7.348469228349534532e+00
7.348469228349534532e+00
7.348469228349534532e+00
7.348469228349534532e+00
7.348469228349534532e+00
7.348469228349534532e+00
7.348469228349534532e+00
7.348469228349534532e+00
7.348469228349534532e+00
7.348469228349534532e+00
7.348469228349534532e+00
7.348469228349534532e+00
7.348469228349534532e+00
7.348469228349534532e+00
7.348469228349534532e+00
7.348469228349534532e+00
7.348469228349534532e+00
7.348469228349534532e+00
7.348469228349534532e+00
7.348469228349534532e+00
7.348469228349534532e+00
7.348469228349534532e+00
7.348469228349534532e+00
7.348469228349534532e+00
7.348469228349534532e+00
7.348469228349534532e+00
7.348469228349534532e+00
7.382411530116700149e+00
7.382411530116700149e+00
7.382411530116700149e+00
7.382411530116700149e+00
7.382411530116700149e+00
7.382411530116700149e+00
7.382411530116700149e+00
7.382411530116700149e+00
7.382411530116700149e+00
7.382411530116700149e+00
7.382411530116700149e+00
7.382411530116700149e+00
7.382411530116700149e+00
7.382411530116700149e+00
7.382411530116700149e+00
7.382411530116700149e+00
7.382411530116700149e+00
7.382411530116700149e+00
7.382411530116700149e+00
7.382411530116700149e+00
7.382411530116700149e+00
7.382411530116700149e+00
7.382411530116700149e+00
7.382411530116700149e+00
7.382411530116700149e+00
7.382411530116700149e+00
7.382411530116700149e+00
7.382411530116700149e+00
7.382411530116700149e+00
7.382411530116700149e+00
7.382411530116700149e+00
7.382411530116700149e+00
7.382411530116700149e+00
7.382411530116700149e+00
7.382411530116700149e+00
7.382411530116700149e+00
7.382411530116700149e+00
7.382411530116700149e+00
7.382411530116700149e+00
7.382411530116700149e+00
7.382411530116700149e+00
7.382411530116700149e+00
7.382411530116700149e+00
7.382411530116700149e+00
7.382411530116700149e+00
7.382411530116700149e+00
7.382411530116700149e+00
7.382411530116700149e+00
7.382411530116700149e+00
7.382411530116700149e+00
7.382411530116700149e+00
7.382411530116700149e+00
7.382411530116700149e+00
7.382411530116700149e+00
7.382411530116700149e+00
7.382411530116700149e+00
7.382411530116700149e+00
7.382411530116700149e+00
7.382411530116700149e+00
7.382411530116700149e+00
7.382411530116700149e+00
7.382411530116700149e+00
7.382411530116700149e+00
7.382411530116700149e+00
7.382411530116700149e+00
7.382411530116700149e+00
7.382411530116700149e+00
7.382411530116700149e+00
7.382411530116700149e+00
7.382411530116700149e+00
7.382411530116700149e+00
7.382411530116700149e+00
7.382411530116700149e+00
7.382411530116700149e+00
7.382411530116700149e+00
7.382411530116700149e+00
7.382411530116700149e+00
7.382411530116700149e+00
7.382411530116700149e+00
7.382411530116700149e+00
7.449832212875669768e+00
7.449832212875669768e+00
7.449832212875669768e+00
7.449832212875669768e+00
7.449832212875669768e+00
7.449832212875669768e+00
7.449832212875669768e+00
7.449832212875669768e+00
7.449832212875669768e+00
7.449832212875669768e+00
7.449832212875669768e+00
7.449832212875669768e+00
7.449832212875669768e+00
7.449832212875669768e+00
7.449832212875669768e+00
7.449832212875669768e+00
7.449832212875669768e+00
7.449832212875669768e+00
7.449832212875669768e+00
7.449832212875669768e+00
7.449832212875669768e+00
7.449832212875669768e+00
7.449832212875669768e+00
7.449832212875669768e+00
7.449832212875669768e+00
7.449832212875669768e+00
7.449832212875669768e+00
7.449832212875669768e+00
7.449832212875669768e+00
7.449832212875669768e+00
7.449832212875669768e+00
7.449832212875669768e+00
7.449832212875669768e+00
7.449832212875669768e+00
7.449832212875669768e+00
7.449832212875669768e+00
7.449832212875669768e+00
7.449832212875669768e+00
7.449832212875669768e+00
7.449832212875669768e+00
7.449832212875669768e+00
7.449832212875669768e+00
7.449832212875669768e+00
7.449832212875669768e+00
7.449832212875669768e+00
7.449832212875669768e+00
7.449832212875669768e+00
7.449832212875669768e+00
7.449832212875669768e+00
7.449832212875669768e+00
7.449832212875669768e+00
7.449832212875669768e+00
7.449832212875669768e+00
7.449832212875669768e+00
7.449832212875669768e+00
7.449832212875669768e+00
7.449832212875669768e+00
7.449832212875669768e+00
7.449832212875669768e+00
7.449832212875669768e+00
7.449832212875669768e+00
7.449832212875669768e+00
7.449832212875669768e+00
7.449832212875669768e+00
7.449832212875669768e+00
7.449832212875669768e+00
7.449832212875669768e+00
7.449832212875669768e+00
7.449832212875669768e+00
7.449832212875669768e+00
7.449832212875669768e+00
7.449832212875669768e+00
7.449832212875669768e+00
7.449832212875669768e+00
7.449832212875669768e+00
7.449832212875669768e+00
7.449832212875669768e+00
7.449832212875669768e+00
7.449832212875669768e+00
7.449832212875669768e+00
7.449832212875669768e+00
7.449832212875669768e+00
7.449832212875669768e+00
7.449832212875669768e+00
7.449832212875669768e+00
7.449832212875669768e+00
7.449832212875669768e+00
7.449832212875669768e+00
7.449832212875669768e+00
7.449832212875669768e+00
7.449832212875669768e+00
7.449832212875669768e+00
7.449832212875669768e+00
7.449832212875669768e+00
7.449832212875669768e+00
7.449832212875669768e+00
7.483314773547882659e+00
7.483314773547882659e+00
7.483314773547882659e+00
7.483314773547882659e+00
7.483314773547882659e+00
7.483314773547882659e+00
7.483314773547882659e+00
7.483314773547882659e+00
7.483314773547882659e+00
7.483314773547882659e+00
7.483314773547882659e+00
7.483314773547882659e+00
7.483314773547882659e+00
7.483314773547882659e+00
7.483314773547882659e+00
7.483314773547882659e+00
7.483314773547882659e+00
7.483314773547882659e+00
7.483314773547882659e+00
7.483314773547882659e+00
7.483314773547882659e+00
7.483314773547882659e+00
7.483314773547882659e+00
7.483314773547882659e+00
7.483314773547882659e+00
7.483314773547882659e+00
7.483314773547882659e+00
7.483314773547882659e+00
7.483314773547882659e+00
7.483314773547882659e+00
7.483314773547882659e+00
7.483314773547882659e+00
7.483314773547882659e+00
7.483314773547882659e+00
7.483314773547882659e+00
7.483314773547882659e+00
7.483314773547882659e+00
7.483314773547882659e+00
7.483314773547882659e+00
7.483314773547882659e+00
7.483314773547882659e+00
7.483314773547882659e+00
7.483314773547882659e+00
7.483314773547882659e+00
7.483314773547882659e+00
7.483314773547882659e+00
7.483314773547882659e+00
7.483314773547882659e+00
7.516648189186454054e+00
7.516648189186454054e+00
7.516648189186454054e+00
7.516648189186454054e+00
7.516648189186454054e+00
7.516648189186454054e+00
7.516648189186454054e+00
7.516648189186454054e+00
7.516648189186454054e+00
7.516648189186454054e+00
7.516648189186454054e+00
7.516648189186454054e+00
7.516648189186454054e+00
7.516648189186454054e+00
7.516648189186454054e+00
7.516648189186454054e+00
7.516648189186454054e+00
7.516648189186454054e+00
7.516648189186454054e+00
7.516648189186454054e+00
7.516648189186454054e+00
7.516648189186454054e+00
7.516648189186454054e+00
7.516648189186454054e+00
7.516648189186454054e+00
7.516648189186454054e+00
7.516648189186454054e+00
7.516648189186454054e+00
7.516648189186454054e+00
7.516648189186454054e+00
7.516648189186454054e+00
7.516648189186454054e+00
7.516648189186454054e+00
7.516648189186454054e+00
7.516648189186454054e+00
7.516648189186454054e+00
7.516648189186454054e+00
7.516648189186454054e+00
7.516648189186454054e+00
7.516648189186454054e+00
7.516648189186454054e+00
7.516648189186454054e+00
7.516648189186454054e+00
7.516648189186454054e+00
7.516648189186454054e+00
7.516648189186454054e+00
7.516648189186454054e+00
7.516648189186454054e+00
7.516648189186454054e+00
7.516648189186454054e+00
7.516648189186454054e+00
7.516648189186454054e+00
7.516648189186454054e+00
7.516648189186454054e+00
7.516648189186454054e+00
7.516648189186454054e+00
7.549834435270749822e+00
7.549834435270749822e+00
7.549834435270749822e+00
7.549834435270749822e+00
7.549834435270749822e+00
7.549834435270749822e+00
7.549834435270749822e+00
7.549834435270749822e+00
7.549834435270749822e+00
7.549834435270749822e+00
7.549834435270749822e+00
7.549834435270749822e+00
7.549834435270749822e+00
7.549834435270749822e+00
7.549834435270749822e+00
7.549834435270749822e+00
7.549834435270749822e+00
7.549834435270749822e+00
7.549834435270749822e+00
7.549834435270749822e+00
7.549834435270749822e+00
7.549834435270749822e+00
7.549834435270749822e+00
7.549834435270749822e+00
7.549834435270749822e+00
7.549834435270749822e+00
7.549834435270749822e+00
7.549834435270749822e+00
7.549834435270749822e+00
7.549834435270749822e+00
7.549834435270749822e+00
7.549834435270749822e+00
7.549834435270749822e+00
7.549834435270749822e+00
7.549834435270749822e+00
7.549834435270749822e+00
7.549834435270749822e+00
7.549834435270749822e+00
7.549834435270749822e+00
7.549834435270749822e+00
7.549834435270749822e+00
7.549834435270749822e+00
7.549834435270749822e+00
7.549834435270749822e+00
7.549834435270749822e+00
7.549834435270749822e+00
7.549834435270749822e+00
7.549834435270749822e+00
7.582875444051550673e+00
7.582875444051550673e+00
7.582875444051550673e+00
7.582875444051550673e+00
7.582875444051550673e+00
7.582875444051550673e+00
7.582875444051550673e+00
7.582875444051550673e+00
7.582875444051550673e+00
7.582875444051550673e+00
7.582875444051550673e+00
7.582875444051550673e+00
7.582875444051550673e+00
7.582875444051550673e+00
7.582875444051550673e+00
7.582875444051550673e+00
7.582875444051550673e+00
7.582875444051550673e+00
7.582875444051550673e+00
7.582875444051550673e+00
7.582875444051550673e+00
7.582875444051550673e+00
7.582875444051550673e+00
7.582875444051550673e+00
7.582875444051550673e+00
7.582875444051550673e+00
7.582875444051550673e+00
7.582875444051550673e+00
7.582875444051550673e+00
7.582875444051550673e+00
7.582875444051550673e+00
7.582875444051550673e+00
7.582875444051550673e+00
7.582875444051550673e+00
7.582875444051550673e+00
7.582875444051550673e+00
7.582875444051550673e+00
7.582875444051550673e+00
7.582875444051550673e+00
7.582875444051550673e+00
7.582875444051550673e+00
7.582875444051550673e+00
7.582875444051550673e+00
7.582875444051550673e+00
7.582875444051550673e+00
7.582875444051550673e+00
7.582875444051550673e+00
7.582875444051550673e+00
7.582875444051550673e+00
7.582875444051550673e+00
7.582875444051550673e+00
7.582875444051550673e+00
7.582875444051550673e+00
7.582875444051550673e+00
7.582875444051550673e+00
7.582875444051550673e+00
7.582875444051550673e+00
7.582875444051550673e+00
7.582875444051550673e+00
7.582875444051550673e+00
7.582875444051550673e+00
7.582875444051550673e+00
7.582875444051550673e+00
7.582875444051550673e+00
7.582875444051550673e+00
7.582875444051550673e+00
7.582875444051550673e+00
7.582875444051550673e+00
7.582875444051550673e+00
7.582875444051550673e+00
7.582875444051550673e+00
7.582875444051550673e+00
7.582875444051550673e+00
7.582875444051550673e+00
7.582875444051550673e+00
7.582875444051550673e+00
7.582875444051550673e+00
7.582875444051550673e+00
7.582875444051550673e+00
7.582875444051550673e+00
7.582875444051550673e+00
7.582875444051550673e+00
7.582875444051550673e+00
7.582875444051550673e+00
7.582875444051550673e+00
7.582875444051550673e+00
7.582875444051550673e+00
7.582875444051550673e+00
7.582875444051550673e+00
7.582875444051550673e+00
7.582875444051550673e+00
7.582875444051550673e+00
7.582875444051550673e+00
7.582875444051550673e+00
7.582875444051550673e+00
7.582875444051550673e+00
7.582875444051550673e+00
7.582875444051550673e+00
7.582875444051550673e+00
7.582875444051550673e+00
7.582875444051550673e+00
7.582875444051550673e+00
7.582875444051550673e+00
7.582875444051550673e+00
7.582875444051550673e+00
7.582875444051550673e+00
7.582875444051550673e+00
7.582875444051550673e+00
7.582875444051550673e+00
7.582875444051550673e+00
7.582875444051550673e+00
7.582875444051550673e+00
7.582875444051550673e+00
7.582875444051550673e+00
7.582875444051550673e+00
7.582875444051550673e+00
7.582875444051550673e+00
7.582875444051550673e+00
7.582875444051550673e+00
7.582875444051550673e+00
7.582875444051550673e+00
7.582875444051550673e+00
7.582875444051550673e+00
7.582875444051550673e+00
7.582875444051550673e+00
7.582875444051550673e+00
7.582875444051550673e+00
7.582875444051550673e+00
7.582875444051550673e+00
7.582875444051550673e+00
7.582875444051550673e+00
7.582875444051550673e+00
7.582875444051550673e+00
7.582875444051550673e+00
7.582875444051550673e+00
7.582875444051550673e+00
7.582875444051550673e+00
7.582875444051550673e+00
7.582875444051550673e+00
7.582875444051550673e+00
7.582875444051550673e+00
7.582875444051550673e+00
7.582875444051550673e+00
7.582875444051550673e+00
7.615773105863908654e+00
7.615773105863908654e+00
7.615773105863908654e+00
7.615773105863908654e+00
7.615773105863908654e+00
7.615773105863908654e+00
7.615773105863908654e+00
7.615773105863908654e+00
7.615773105863908654e+00
7.615773105863908654e+00
7.615773105863908654e+00
7.615773105863908654e+00
7.615773105863908654e+00
7.615773105863908654e+00
7.615773105863908654e+00
7.615773105863908654e+00
7.615773105863908654e+00
7.615773105863908654e+00
7.615773105863908654e+00
7.615773105863908654e+00
7.615773105863908654e+00
7.615773105863908654e+00
7.615773105863908654e+00
7.615773105863908654e+00
7.648529270389177626e+00
7.648529270389177626e+00
7.648529270389177626e+00
7.648529270389177626e+00
7.648529270389177626e+00
7.648529270389177626e+00
7.648529270389177626e+00
7.648529270389177626e+00
7.648529270389177626e+00
7.648529270389177626e+00
7.648529270389177626e+00
7.648529270389177626e+00
7.648529270389177626e+00
7.648529270389177626e+00
7.648529270389177626e+00
7.648529270389177626e+00
7.648529270389177626e+00
7.648529270389177626e+00
7.648529270389177626e+00
7.648529270389177626e+00
7.648529270389177626e+00
7.648529270389177626e+00
7.648529270389177626e+00
7.648529270389177626e+00
7.648529270389177626e+00
7.648529270389177626e+00
7.648529270389177626e+00
7.648529270389177626e+00
7.648529270389177626e+00
7.648529270389177626e+00
7.648529270389177626e+00
7.648529270389177626e+00
7.648529270389177626e+00
7.648529270389177626e+00
7.648529270389177626e+00
7.648529270389177626e+00
7.648529270389177626e+00
7.648529270389177626e+00
7.648529270389177626e+00
7.648529270389177626e+00
7.648529270389177626e+00
7.648529270389177626e+00
7.648529270389177626e+00
7.648529270389177626e+00
7.648529270389177626e+00
7.648529270389177626e+00
7.648529270389177626e+00
7.648529270389177626e+00
7.648529270389177626e+00
7.648529270389177626e+00
7.648529270389177626e+00
7.648529270389177626e+00
7.648529270389177626e+00
7.648529270389177626e+00
7.648529270389177626e+00
7.648529270389177626e+00
7.648529270389177626e+00
7.648529270389177626e+00
7.648529270389177626e+00
7.648529270389177626e+00
7.648529270389177626e+00
7.648529270389177626e+00
7.648529270389177626e+00
7.648529270389177626e+00
7.648529270389177626e+00
7.648529270389177626e+00
7.648529270389177626e+00
7.648529270389177626e+00
7.648529270389177626e+00
7.648529270389177626e+00
7.648529270389177626e+00
7.648529270389177626e+00
7.648529270389177626e+00
7.648529270389177626e+00
7.648529270389177626e+00
7.648529270389177626e+00
7.648529270389177626e+00
7.648529270389177626e+00
7.648529270389177626e+00
7.648529270389177626e+00
7.648529270389177626e+00
7.648529270389177626e+00
7.648529270389177626e+00
7.648529270389177626e+00
7.648529270389177626e+00
7.648529270389177626e+00
7.648529270389177626e+00
7.648529270389177626e+00
7.648529270389177626e+00
7.648529270389177626e+00
7.648529270389177626e+00
7.648529270389177626e+00
7.648529270389177626e+00
7.648529270389177626e+00
7.648529270389177626e+00
7.648529270389177626e+00
7.648529270389177626e+00
7.648529270389177626e+00
7.648529270389177626e+00
7.648529270389177626e+00
7.648529270389177626e+00
7.648529270389177626e+00
7.648529270389177626e+00
7.648529270389177626e+00
7.648529270389177626e+00
7.648529270389177626e+00
7.648529270389177626e+00
7.648529270389177626e+00
7.648529270389177626e+00
7.648529270389177626e+00
7.648529270389177626e+00
7.648529270389177626e+00
7.648529270389177626e+00
7.648529270389177626e+00
7.648529270389177626e+00
7.648529270389177626e+00
7.648529270389177626e+00
7.648529270389177626e+00
7.648529270389177626e+00
7.648529270389177626e+00
7.648529270389177626e+00
7.648529270389177626e+00
7.648529270389177626e+00
7.648529270389177626e+00
7.648529270389177626e+00
7.648529270389177626e+00
7.648529270389177626e+00
7.648529270389177626e+00
7.648529270389177626e+00
7.648529270389177626e+00
7.648529270389177626e+00
7.648529270389177626e+00
7.648529270389177626e+00
7.648529270389177626e+00
7.648529270389177626e+00
7.648529270389177626e+00
7.681145747868607820e+00
7.681145747868607820e+00
7.681145747868607820e+00
7.681145747868607820e+00
7.681145747868607820e+00
7.681145747868607820e+00
7.681145747868607820e+00
7.681145747868607820e+00
7.681145747868607820e+00
7.681145747868607820e+00
7.681145747868607820e+00
7.681145747868607820e+00
7.681145747868607820e+00
7.681145747868607820e+00
7.681145747868607820e+00
7.681145747868607820e+00
7.681145747868607820e+00
7.681145747868607820e+00
7.681145747868607820e+00
7.681145747868607820e+00
7.681145747868607820e+00
7.681145747868607820e+00
7.681145747868607820e+00
7.681145747868607820e+00
7.681145747868607820e+00
7.681145747868607820e+00
7.681145747868607820e+00
7.681145747868607820e+00
7.681145747868607820e+00
7.681145747868607820e+00
7.681145747868607820e+00
7.681145747868607820e+00
7.681145747868607820e+00
7.681145747868607820e+00
7.681145747868607820e+00
7.681145747868607820e+00
7.681145747868607820e+00
7.681145747868607820e+00
7.681145747868607820e+00
7.681145747868607820e+00
7.681145747868607820e+00
7.681145747868607820e+00
7.681145747868607820e+00
7.681145747868607820e+00
7.681145747868607820e+00
7.681145747868607820e+00
7.681145747868607820e+00
7.681145747868607820e+00
7.681145747868607820e+00
7.681145747868607820e+00
7.681145747868607820e+00
7.681145747868607820e+00
7.681145747868607820e+00
7.681145747868607820e+00
7.681145747868607820e+00
7.681145747868607820e+00
7.681145747868607820e+00
7.681145747868607820e+00
7.681145747868607820e+00
7.681145747868607820e+00
7.681145747868607820e+00
7.681145747868607820e+00
7.681145747868607820e+00
7.681145747868607820e+00
7.681145747868607820e+00
7.681145747868607820e+00
7.681145747868607820e+00
7.681145747868607820e+00
7.681145747868607820e+00
7.681145747868607820e+00
7.681145747868607820e+00
7.681145747868607820e+00
7.713624310270756013e+00
7.713624310270756013e+00
7.713624310270756013e+00
7.713624310270756013e+00
7.713624310270756013e+00
7.713624310270756013e+00
7.713624310270756013e+00
7.713624310270756013e+00
7.713624310270756013e+00
7.713624310270756013e+00
7.713624310270756013e+00
7.713624310270756013e+00
7.713624310270756013e+00
7.713624310270756013e+00
7.713624310270756013e+00
7.713624310270756013e+00
7.713624310270756013e+00
7.713624310270756013e+00
7.713624310270756013e+00
7.713624310270756013e+00
7.713624310270756013e+00
7.713624310270756013e+00
7.713624310270756013e+00
7.713624310270756013e+00
7.713624310270756013e+00
7.713624310270756013e+00
7.713624310270756013e+00
7.713624310270756013e+00
7.713624310270756013e+00
7.713624310270756013e+00
7.713624310270756013e+00
7.713624310270756013e+00
7.713624310270756013e+00
7.713624310270756013e+00
7.713624310270756013e+00
7.713624310270756013e+00
7.713624310270756013e+00
7.713624310270756013e+00
7.713624310270756013e+00
7.713624310270756013e+00
7.713624310270756013e+00
7.713624310270756013e+00
7.713624310270756013e+00
7.713624310270756013e+00
7.713624310270756013e+00
7.713624310270756013e+00
7.713624310270756013e+00
7.713624310270756013e+00
7.778174593052022523e+00
7.778174593052022523e+00
7.778174593052022523e+00
7.778174593052022523e+00
7.778174593052022523e+00
7.778174593052022523e+00
7.778174593052022523e+00
7.778174593052022523e+00
7.778174593052022523e+00
7.778174593052022523e+00
7.778174593052022523e+00
7.778174593052022523e+00
7.778174593052022523e+00
7.778174593052022523e+00
7.778174593052022523e+00
7.778174593052022523e+00
7.778174593052022523e+00
7.778174593052022523e+00
7.778174593052022523e+00
7.778174593052022523e+00
7.778174593052022523e+00
7.778174593052022523e+00
7.778174593052022523e+00
7.778174593052022523e+00
7.778174593052022523e+00
7.778174593052022523e+00
7.778174593052022523e+00
7.778174593052022523e+00
7.778174593052022523e+00
7.778174593052022523e+00
7.778174593052022523e+00
7.778174593052022523e+00
7.778174593052022523e+00
7.778174593052022523e+00
7.778174593052022523e+00
7.778174593052022523e+00
7.778174593052022523e+00
7.778174593052022523e+00
7.778174593052022523e+00
7.778174593052022523e+00
7.778174593052022523e+00
7.778174593052022523e+00
7.778174593052022523e+00
7.778174593052022523e+00
7.778174593052022523e+00
7.778174593052022523e+00
7.778174593052022523e+00
7.778174593052022523e+00
7.778174593052022523e+00
7.778174593052022523e+00
7.778174593052022523e+00
7.778174593052022523e+00
7.778174593052022523e+00
7.778174593052022523e+00
7.778174593052022523e+00
7.778174593052022523e+00
7.778174593052022523e+00
7.778174593052022523e+00
7.778174593052022523e+00
7.778174593052022523e+00
7.778174593052022523e+00
7.778174593052022523e+00
7.778174593052022523e+00
7.778174593052022523e+00
7.778174593052022523e+00
7.778174593052022523e+00
7.778174593052022523e+00
7.778174593052022523e+00
7.778174593052022523e+00
7.778174593052022523e+00
7.778174593052022523e+00
7.778174593052022523e+00
7.810249675906653977e+00
7.810249675906653977e+00
7.810249675906653977e+00
7.810249675906653977e+00
7.810249675906653977e+00
7.810249675906653977e+00
7.810249675906653977e+00
7.810249675906653977e+00
7.810249675906653977e+00
7.810249675906653977e+00
7.810249675906653977e+00
7.810249675906653977e+00
7.810249675906653977e+00
7.810249675906653977e+00
7.810249675906653977e+00
7.810249675906653977e+00
7.810249675906653977e+00
7.810249675906653977e+00
7.810249675906653977e+00
7.810249675906653977e+00
7.810249675906653977e+00
7.810249675906653977e+00
7.810249675906653977e+00
7.810249675906653977e+00
7.810249675906653977e+00
7.810249675906653977e+00
7.810249675906653977e+00
7.810249675906653977e+00
7.810249675906653977e+00
7.810249675906653977e+00
7.810249675906653977e+00
7.810249675906653977e+00
7.810249675906653977e+00
7.810249675906653977e+00
7.810249675906653977e+00
7.810249675906653977e+00
7.810249675906653977e+00
7.810249675906653977e+00
7.810249675906653977e+00
7.810249675906653977e+00
7.810249675906653977e+00
7.810249675906653977e+00
7.810249675906653977e+00
7.810249675906653977e+00
7.810249675906653977e+00
7.810249675906653977e+00
7.810249675906653977e+00
7.810249675906653977e+00
7.810249675906653977e+00
7.810249675906653977e+00
7.810249675906653977e+00
7.810249675906653977e+00
7.810249675906653977e+00
7.810249675906653977e+00
7.810249675906653977e+00
7.810249675906653977e+00
7.810249675906653977e+00
7.810249675906653977e+00
7.810249675906653977e+00
7.810249675906653977e+00
7.810249675906653977e+00
7.810249675906653977e+00
7.810249675906653977e+00
7.810249675906653977e+00
7.810249675906653977e+00
7.810249675906653977e+00
7.810249675906653977e+00
7.810249675906653977e+00
7.810249675906653977e+00
7.810249675906653977e+00
7.810249675906653977e+00
7.810249675906653977e+00
7.842193570679061310e+00
7.842193570679061310e+00
7.842193570679061310e+00
7.842193570679061310e+00
7.842193570679061310e+00
7.842193570679061310e+00
7.842193570679061310e+00
7.842193570679061310e+00
7.842193570679061310e+00
7.842193570679061310e+00
7.842193570679061310e+00
7.842193570679061310e+00
7.842193570679061310e+00
7.842193570679061310e+00
7.842193570679061310e+00
7.842193570679061310e+00
7.842193570679061310e+00
7.842193570679061310e+00
7.842193570679061310e+00
7.842193570679061310e+00
7.842193570679061310e+00
7.842193570679061310e+00
7.842193570679061310e+00
7.842193570679061310e+00
7.842193570679061310e+00
7.842193570679061310e+00
7.842193570679061310e+00
7.842193570679061310e+00
7.842193570679061310e+00
7.842193570679061310e+00
7.842193570679061310e+00
7.842193570679061310e+00
7.842193570679061310e+00
7.842193570679061310e+00
7.842193570679061310e+00
7.842193570679061310e+00
7.842193570679061310e+00
7.842193570679061310e+00
7.842193570679061310e+00
7.842193570679061310e+00
7.842193570679061310e+00
7.842193570679061310e+00
7.842193570679061310e+00
7.842193570679061310e+00
7.842193570679061310e+00
7.842193570679061310e+00
7.842193570679061310e+00
7.842193570679061310e+00
7.842193570679061310e+00
7.842193570679061310e+00
7.842193570679061310e+00
7.842193570679061310e+00
7.842193570679061310e+00
7.842193570679061310e+00
7.842193570679061310e+00
7.842193570679061310e+00
7.842193570679061310e+00
7.842193570679061310e+00
7.842193570679061310e+00
7.842193570679061310e+00
7.842193570679061310e+00
7.842193570679061310e+00
7.842193570679061310e+00
7.842193570679061310e+00
7.842193570679061310e+00
7.842193570679061310e+00
7.842193570679061310e+00
7.842193570679061310e+00
7.842193570679061310e+00
7.842193570679061310e+00
7.842193570679061310e+00
7.842193570679061310e+00
7.842193570679061310e+00
7.842193570679061310e+00
7.842193570679061310e+00
7.842193570679061310e+00
7.842193570679061310e+00
7.842193570679061310e+00
7.842193570679061310e+00
7.842193570679061310e+00
7.842193570679061310e+00
7.842193570679061310e+00
7.842193570679061310e+00
7.842193570679061310e+00
7.842193570679061310e+00
7.842193570679061310e+00
7.842193570679061310e+00
7.842193570679061310e+00
7.842193570679061310e+00
7.842193570679061310e+00
7.842193570679061310e+00
7.842193570679061310e+00
7.842193570679061310e+00
7.842193570679061310e+00
7.842193570679061310e+00
7.842193570679061310e+00
7.874007874011811126e+00
7.874007874011811126e+00
7.874007874011811126e+00
7.874007874011811126e+00
7.874007874011811126e+00
7.874007874011811126e+00
7.874007874011811126e+00
7.874007874011811126e+00
7.874007874011811126e+00
7.874007874011811126e+00
7.874007874011811126e+00
7.874007874011811126e+00
7.874007874011811126e+00
7.874007874011811126e+00
7.874007874011811126e+00
7.874007874011811126e+00
7.874007874011811126e+00
7.874007874011811126e+00
7.874007874011811126e+00
7.874007874011811126e+00
7.874007874011811126e+00
7.874007874011811126e+00
7.874007874011811126e+00
7.874007874011811126e+00
7.874007874011811126e+00
7.874007874011811126e+00
7.874007874011811126e+00
7.874007874011811126e+00
7.874007874011811126e+00
7.874007874011811126e+00
7.874007874011811126e+00
7.874007874011811126e+00
7.874007874011811126e+00
7.874007874011811126e+00
7.874007874011811126e+00
7.874007874011811126e+00
7.874007874011811126e+00
7.874007874011811126e+00
7.874007874011811126e+00
7.874007874011811126e+00
7.874007874011811126e+00
7.874007874011811126e+00
7.874007874011811126e+00
7.874007874011811126e+00
7.874007874011811126e+00
7.874007874011811126e+00
7.874007874011811126e+00
7.874007874011811126e+00
7.874007874011811126e+00
7.874007874011811126e+00
7.874007874011811126e+00
7.874007874011811126e+00
7.874007874011811126e+00
7.874007874011811126e+00
7.874007874011811126e+00
7.874007874011811126e+00
7.874007874011811126e+00
7.874007874011811126e+00
7.874007874011811126e+00
7.874007874011811126e+00
7.874007874011811126e+00
7.874007874011811126e+00
7.874007874011811126e+00
7.874007874011811126e+00
7.874007874011811126e+00
7.874007874011811126e+00
7.874007874011811126e+00
7.874007874011811126e+00
7.874007874011811126e+00
7.874007874011811126e+00
7.874007874011811126e+00
7.874007874011811126e+00
7.874007874011811126e+00
7.874007874011811126e+00
7.874007874011811126e+00
7.874007874011811126e+00
7.874007874011811126e+00
7.874007874011811126e+00
7.874007874011811126e+00
7.874007874011811126e+00
7.874007874011811126e+00
7.874007874011811126e+00
7.874007874011811126e+00
7.874007874011811126e+00
7.874007874011811126e+00
7.874007874011811126e+00
7.874007874011811126e+00
7.874007874011811126e+00
7.874007874011811126e+00
7.874007874011811126e+00
7.874007874011811126e+00
7.874007874011811126e+00
7.874007874011811126e+00
7.874007874011811126e+00
7.874007874011811126e+00
7.874007874011811126e+00
7.905694150420948141e+00
7.905694150420948141e+00
7.905694150420948141e+00
7.905694150420948141e+00
7.905694150420948141e+00
7.905694150420948141e+00
7.905694150420948141e+00
7.905694150420948141e+00
7.905694150420948141e+00
7.905694150420948141e+00
7.905694150420948141e+00
7.905694150420948141e+00
7.905694150420948141e+00
7.905694150420948141e+00
7.905694150420948141e+00
7.905694150420948141e+00
7.905694150420948141e+00
7.905694150420948141e+00
7.905694150420948141e+00
7.905694150420948141e+00
7.905694150420948141e+00
7.905694150420948141e+00
7.905694150420948141e+00
7.905694150420948141e+00
7.905694150420948141e+00
7.905694150420948141e+00
7.905694150420948141e+00
7.905694150420948141e+00
7.905694150420948141e+00
7.905694150420948141e+00
7.905694150420948141e+00
7.905694150420948141e+00
7.905694150420948141e+00
7.905694150420948141e+00
7.905694150420948141e+00
7.905694150420948141e+00
7.905694150420948141e+00
7.905694150420948141e+00
7.905694150420948141e+00
7.905694150420948141e+00
7.905694150420948141e+00
7.905694150420948141e+00
7.905694150420948141e+00
7.905694150420948141e+00
7.905694150420948141e+00
7.905694150420948141e+00
7.905694150420948141e+00
7.905694150420948141e+00
7.905694150420948141e+00
7.905694150420948141e+00
7.905694150420948141e+00
7.905694150420948141e+00
7.905694150420948141e+00
7.905694150420948141e+00
7.905694150420948141e+00
7.905694150420948141e+00
7.905694150420948141e+00
7.905694150420948141e+00
7.905694150420948141e+00
7.905694150420948141e+00
7.905694150420948141e+00
7.905694150420948141e+00
7.905694150420948141e+00
7.905694150420948141e+00
7.905694150420948141e+00
7.905694150420948141e+00
7.905694150420948141e+00
7.905694150420948141e+00
7.905694150420948141e+00
7.905694150420948141e+00
7.905694150420948141e+00
7.905694150420948141e+00
7.968688725254613914e+00
7.968688725254613914e+00
7.968688725254613914e+00
7.968688725254613914e+00
7.968688725254613914e+00
7.968688725254613914e+00
7.968688725254613914e+00
7.968688725254613914e+00
7.968688725254613914e+00
7.968688725254613914e+00
7.968688725254613914e+00
7.968688725254613914e+00
7.968688725254613914e+00
7.968688725254613914e+00
7.968688725254613914e+00
7.968688725254613914e+00
7.968688725254613914e+00
7.968688725254613914e+00
7.968688725254613914e+00
7.968688725254613914e+00
7.968688725254613914e+00
7.968688725254613914e+00
7.968688725254613914e+00
7.968688725254613914e+00
7.968688725254613914e+00
7.968688725254613914e+00
7.968688725254613914e+00
7.968688725254613914e+00
7.968688725254613914e+00
7.968688725254613914e+00
7.968688725254613914e+00
7.968688725254613914e+00
7.968688725254613914e+00
7.968688725254613914e+00
7.968688725254613914e+00
7.968688725254613914e+00
7.968688725254613914e+00
7.968688725254613914e+00
7.968688725254613914e+00
7.968688725254613914e+00
7.968688725254613914e+00
7.968688725254613914e+00
7.968688725254613914e+00
7.968688725254613914e+00
7.968688725254613914e+00
7.968688725254613914e+00
7.968688725254613914e+00
7.968688725254613914e+00
7.968688725254613914e+00
7.968688725254613914e+00
7.968688725254613914e+00
7.968688725254613914e+00
7.968688725254613914e+00
7.968688725254613914e+00
7.968688725254613914e+00
7.968688725254613914e+00
7.968688725254613914e+00
7.968688725254613914e+00
7.968688725254613914e+00
7.968688725254613914e+00
7.968688725254613914e+00
7.968688725254613914e+00
7.968688725254613914e+00
7.968688725254613914e+00
7.968688725254613914e+00
7.968688725254613914e+00
7.968688725254613914e+00
7.968688725254613914e+00
7.968688725254613914e+00
7.968688725254613914e+00
7.968688725254613914e+00
7.968688725254613914e+00
7.968688725254613914e+00
7.968688725254613914e+00
7.968688725254613914e+00
7.968688725254613914e+00
7.968688725254613914e+00
7.968688725254613914e+00
7.968688725254613914e+00
7.968688725254613914e+00
7.968688725254613914e+00
7.968688725254613914e+00
7.968688725254613914e+00
7.968688725254613914e+00
7.968688725254613914e+00
7.968688725254613914e+00
7.968688725254613914e+00
7.968688725254613914e+00
7.968688725254613914e+00
7.968688725254613914e+00
7.968688725254613914e+00
7.968688725254613914e+00
7.968688725254613914e+00
7.968688725254613914e+00
7.968688725254613914e+00
7.968688725254613914e+00
7.968688725254613914e+00
7.968688725254613914e+00
7.968688725254613914e+00
7.968688725254613914e+00
7.968688725254613914e+00
7.968688725254613914e+00
7.968688725254613914e+00
7.968688725254613914e+00
7.968688725254613914e+00
7.968688725254613914e+00
7.968688725254613914e+00
7.968688725254613914e+00
7.968688725254613914e+00
7.968688725254613914e+00
7.968688725254613914e+00
7.968688725254613914e+00
8.031189202104505043e+00
8.031189202104505043e+00
8.031189202104505043e+00
8.031189202104505043e+00
8.031189202104505043e+00
8.031189202104505043e+00
8.031189202104505043e+00
8.031189202104505043e+00
8.031189202104505043e+00
8.031189202104505043e+00
8.031189202104505043e+00
8.031189202104505043e+00
8.031189202104505043e+00
8.031189202104505043e+00
8.031189202104505043e+00
8.031189202104505043e+00
8.031189202104505043e+00
8.031189202104505043e+00
8.031189202104505043e+00
8.031189202104505043e+00
8.031189202104505043e+00
8.031189202104505043e+00
8.031189202104505043e+00
8.031189202104505043e+00
8.031189202104505043e+00
8.031189202104505043e+00
8.031189202104505043e+00
8.031189202104505043e+00
8.031189202104505043e+00
8.031189202104505043e+00
8.031189202104505043e+00
8.031189202104505043e+00
8.031189202104505043e+00
8.031189202104505043e+00
8.031189202104505043e+00
8.031189202104505043e+00
8.031189202104505043e+00
8.031189202104505043e+00
8.031189202104505043e+00
8.031189202104505043e+00
8.031189202104505043e+00
8.031189202104505043e+00
8.031189202104505043e+00
8.031189202104505043e+00
8.031189202104505043e+00
8.031189202104505043e+00
8.031189202104505043e+00
8.031189202104505043e+00
8.062257748298549132e+00
8.062257748298549132e+00
8.062257748298549132e+00
8.062257748298549132e+00
8.062257748298549132e+00
8.062257748298549132e+00
8.062257748298549132e+00
8.062257748298549132e+00
8.062257748298549132e+00
8.062257748298549132e+00
8.062257748298549132e+00
8.062257748298549132e+00
8.062257748298549132e+00
8.062257748298549132e+00
8.062257748298549132e+00
8.062257748298549132e+00
8.062257748298549132e+00
8.062257748298549132e+00
8.062257748298549132e+00
8.062257748298549132e+00
8.062257748298549132e+00
8.062257748298549132e+00
8.062257748298549132e+00
8.062257748298549132e+00
8.062257748298549132e+00
8.062257748298549132e+00
8.062257748298549132e+00
8.062257748298549132e+00
8.062257748298549132e+00
8.062257748298549132e+00
8.062257748298549132e+00
8.062257748298549132e+00
8.062257748298549132e+00
8.062257748298549132e+00
8.062257748298549132e+00
8.062257748298549132e+00
8.062257748298549132e+00
8.062257748298549132e+00
8.062257748298549132e+00
8.062257748298549132e+00
8.062257748298549132e+00
8.062257748298549132e+00
8.062257748298549132e+00
8.062257748298549132e+00
8.062257748298549132e+00
8.062257748298549132e+00
8.062257748298549132e+00
8.062257748298549132e+00
8.062257748298549132e+00
8.062257748298549132e+00
8.062257748298549132e+00
8.062257748298549132e+00
8.062257748298549132e+00
8.062257748298549132e+00
8.062257748298549132e+00
8.062257748298549132e+00
8.062257748298549132e+00
8.062257748298549132e+00
8.062257748298549132e+00
8.062257748298549132e+00
8.062257748298549132e+00
8.062257748298549132e+00
8.062257748298549132e+00
8.062257748298549132e+00
8.062257748298549132e+00
8.062257748298549132e+00
8.062257748298549132e+00
8.062257748298549132e+00
8.062257748298549132e+00
8.062257748298549132e+00
8.062257748298549132e+00
8.062257748298549132e+00
8.093207028119323354e+00
8.093207028119323354e+00
8.093207028119323354e+00
8.093207028119323354e+00
8.093207028119323354e+00
8.093207028119323354e+00
8.093207028119323354e+00
8.093207028119323354e+00
8.093207028119323354e+00
8.093207028119323354e+00
8.093207028119323354e+00
8.093207028119323354e+00
8.093207028119323354e+00
8.093207028119323354e+00
8.093207028119323354e+00
8.093207028119323354e+00
8.093207028119323354e+00
8.093207028119323354e+00
8.093207028119323354e+00
8.093207028119323354e+00
8.093207028119323354e+00
8.093207028119323354e+00
8.093207028119323354e+00
8.093207028119323354e+00
8.093207028119323354e+00
8.093207028119323354e+00
8.093207028119323354e+00
8.093207028119323354e+00
8.093207028119323354e+00
8.093207028119323354e+00
8.093207028119323354e+00
8.093207028119323354e+00
8.124038404635960831e+00
8.124038404635960831e+00
8.124038404635960831e+00
8.124038404635960831e+00
8.124038404635960831e+00
8.124038404635960831e+00
8.124038404635960831e+00
8.124038404635960831e+00
8.124038404635960831e+00
8.124038404635960831e+00
8.124038404635960831e+00
8.124038404635960831e+00
8.124038404635960831e+00
8.124038404635960831e+00
8.124038404635960831e+00
8.124038404635960831e+00
8.124038404635960831e+00
8.124038404635960831e+00
8.124038404635960831e+00
8.124038404635960831e+00
8.124038404635960831e+00
8.124038404635960831e+00
8.124038404635960831e+00
8.124038404635960831e+00
8.124038404635960831e+00
8.124038404635960831e+00
8.124038404635960831e+00
8.124038404635960831e+00
8.124038404635960831e+00
8.124038404635960831e+00
8.124038404635960831e+00
8.124038404635960831e+00
8.124038404635960831e+00
8.124038404635960831e+00
8.124038404635960831e+00
8.124038404635960831e+00
8.124038404635960831e+00
8.124038404635960831e+00
8.124038404635960831e+00
8.124038404635960831e+00
8.124038404635960831e+00
8.124038404635960831e+00
8.124038404635960831e+00
8.124038404635960831e+00
8.124038404635960831e+00
8.124038404635960831e+00
8.124038404635960831e+00
8.124038404635960831e+00
8.124038404635960831e+00
8.124038404635960831e+00
8.124038404635960831e+00
8.124038404635960831e+00
8.124038404635960831e+00
8.124038404635960831e+00
8.124038404635960831e+00
8.124038404635960831e+00
8.124038404635960831e+00
8.124038404635960831e+00
8.124038404635960831e+00
8.124038404635960831e+00
8.124038404635960831e+00
8.124038404635960831e+00
8.124038404635960831e+00
8.124038404635960831e+00
8.124038404635960831e+00
8.124038404635960831e+00
8.124038404635960831e+00
8.124038404635960831e+00
8.124038404635960831e+00
8.124038404635960831e+00
8.124038404635960831e+00
8.124038404635960831e+00
8.154753215150044809e+00
8.154753215150044809e+00
8.154753215150044809e+00
8.154753215150044809e+00
8.154753215150044809e+00
8.154753215150044809e+00
8.154753215150044809e+00
8.154753215150044809e+00
8.154753215150044809e+00
8.154753215150044809e+00
8.154753215150044809e+00
8.154753215150044809e+00
8.154753215150044809e+00
8.154753215150044809e+00
8.154753215150044809e+00
8.154753215150044809e+00
8.154753215150044809e+00
8.154753215150044809e+00
8.154753215150044809e+00
8.154753215150044809e+00
8.154753215150044809e+00
8.154753215150044809e+00
8.154753215150044809e+00
8.154753215150044809e+00
8.154753215150044809e+00
8.154753215150044809e+00
8.154753215150044809e+00
8.154753215150044809e+00
8.154753215150044809e+00
8.154753215150044809e+00
8.154753215150044809e+00
8.154753215150044809e+00
8.154753215150044809e+00
8.154753215150044809e+00
8.154753215150044809e+00
8.154753215150044809e+00
8.154753215150044809e+00
8.154753215150044809e+00
8.154753215150044809e+00
8.154753215150044809e+00
8.154753215150044809e+00
8.154753215150044809e+00
8.154753215150044809e+00
8.154753215150044809e+00
8.154753215150044809e+00
8.154753215150044809e+00
8.154753215150044809e+00
8.154753215150044809e+00
8.154753215150044809e+00
8.154753215150044809e+00
8.154753215150044809e+00
8.154753215150044809e+00
8.154753215150044809e+00
8.154753215150044809e+00
8.154753215150044809e+00
8.154753215150044809e+00
8.154753215150044809e+00
8.154753215150044809e+00
8.154753215150044809e+00
8.154753215150044809e+00
8.154753215150044809e+00
8.154753215150044809e+00
8.154753215150044809e+00
8.154753215150044809e+00
8.154753215150044809e+00
8.154753215150044809e+00
8.154753215150044809e+00
8.154753215150044809e+00
8.154753215150044809e+00
8.154753215150044809e+00
8.154753215150044809e+00
8.154753215150044809e+00
8.154753215150044809e+00
8.154753215150044809e+00
8.154753215150044809e+00
8.154753215150044809e+00
8.154753215150044809e+00
8.154753215150044809e+00
8.154753215150044809e+00
8.154753215150044809e+00
8.154753215150044809e+00
8.154753215150044809e+00
8.154753215150044809e+00
8.154753215150044809e+00
8.154753215150044809e+00
8.154753215150044809e+00
8.154753215150044809e+00
8.154753215150044809e+00
8.154753215150044809e+00
8.154753215150044809e+00
8.154753215150044809e+00
8.154753215150044809e+00
8.154753215150044809e+00
8.154753215150044809e+00
8.154753215150044809e+00
8.154753215150044809e+00
8.154753215150044809e+00
8.154753215150044809e+00
8.154753215150044809e+00
8.154753215150044809e+00
8.154753215150044809e+00
8.154753215150044809e+00
8.154753215150044809e+00
8.154753215150044809e+00
8.154753215150044809e+00
8.154753215150044809e+00
8.154753215150044809e+00
8.154753215150044809e+00
8.154753215150044809e+00
8.154753215150044809e+00
8.154753215150044809e+00
8.154753215150044809e+00
8.185352771872450361e+00
8.185352771872450361e+00
8.185352771872450361e+00
8.185352771872450361e+00
8.185352771872450361e+00
8.185352771872450361e+00
8.185352771872450361e+00
8.185352771872450361e+00
8.185352771872450361e+00
8.185352771872450361e+00
8.185352771872450361e+00
8.185352771872450361e+00
8.185352771872450361e+00
8.185352771872450361e+00
8.185352771872450361e+00
8.185352771872450361e+00
8.185352771872450361e+00
8.185352771872450361e+00
8.185352771872450361e+00
8.185352771872450361e+00
8.185352771872450361e+00
8.185352771872450361e+00
8.185352771872450361e+00
8.185352771872450361e+00
8.215838362577491338e+00
8.215838362577491338e+00
8.215838362577491338e+00
8.215838362577491338e+00
8.215838362577491338e+00
8.215838362577491338e+00
8.215838362577491338e+00
8.215838362577491338e+00
8.215838362577491338e+00
8.215838362577491338e+00
8.215838362577491338e+00
8.215838362577491338e+00
8.215838362577491338e+00
8.215838362577491338e+00
8.215838362577491338e+00
8.215838362577491338e+00
8.215838362577491338e+00
8.215838362577491338e+00
8.215838362577491338e+00
8.215838362577491338e+00
8.215838362577491338e+00
8.215838362577491338e+00
8.215838362577491338e+00
8.215838362577491338e+00
8.215838362577491338e+00
8.215838362577491338e+00
8.215838362577491338e+00
8.215838362577491338e+00
8.215838362577491338e+00
8.215838362577491338e+00
8.215838362577491338e+00
8.215838362577491338e+00
8.215838362577491338e+00
8.215838362577491338e+00
8.215838362577491338e+00
8.215838362577491338e+00
8.215838362577491338e+00
8.215838362577491338e+00
8.215838362577491338e+00
8.215838362577491338e+00
8.215838362577491338e+00
8.215838362577491338e+00
8.215838362577491338e+00
8.215838362577491338e+00
8.215838362577491338e+00
8.215838362577491338e+00
8.215838362577491338e+00
8.215838362577491338e+00
8.215838362577491338e+00
8.215838362577491338e+00
8.215838362577491338e+00
8.215838362577491338e+00
8.215838362577491338e+00
8.215838362577491338e+00
8.215838362577491338e+00
8.215838362577491338e+00
8.215838362577491338e+00
8.215838362577491338e+00
8.215838362577491338e+00
8.215838362577491338e+00
8.215838362577491338e+00
8.215838362577491338e+00
8.215838362577491338e+00
8.215838362577491338e+00
8.215838362577491338e+00
8.215838362577491338e+00
8.215838362577491338e+00
8.215838362577491338e+00
8.215838362577491338e+00
8.215838362577491338e+00
8.215838362577491338e+00
8.215838362577491338e+00
8.215838362577491338e+00
8.215838362577491338e+00
8.215838362577491338e+00
8.215838362577491338e+00
8.215838362577491338e+00
8.215838362577491338e+00
8.215838362577491338e+00
8.215838362577491338e+00
8.215838362577491338e+00
8.215838362577491338e+00
8.215838362577491338e+00
8.215838362577491338e+00
8.215838362577491338e+00
8.215838362577491338e+00
8.215838362577491338e+00
8.215838362577491338e+00
8.215838362577491338e+00
8.215838362577491338e+00
8.215838362577491338e+00
8.215838362577491338e+00
8.215838362577491338e+00
8.215838362577491338e+00
8.215838362577491338e+00
8.215838362577491338e+00
8.215838362577491338e+00
8.215838362577491338e+00
8.215838362577491338e+00
8.215838362577491338e+00
8.215838362577491338e+00
8.215838362577491338e+00
8.215838362577491338e+00
8.215838362577491338e+00
8.215838362577491338e+00
8.215838362577491338e+00
8.215838362577491338e+00
8.215838362577491338e+00
8.215838362577491338e+00
8.215838362577491338e+00
8.215838362577491338e+00
8.215838362577491338e+00
8.246211251235321171e+00
8.246211251235321171e+00
8.246211251235321171e+00
8.246211251235321171e+00
8.246211251235321171e+00
8.246211251235321171e+00
8.246211251235321171e+00
8.246211251235321171e+00
8.246211251235321171e+00
8.246211251235321171e+00
8.246211251235321171e+00
8.246211251235321171e+00
8.246211251235321171e+00
8.246211251235321171e+00
8.246211251235321171e+00
8.246211251235321171e+00
8.246211251235321171e+00
8.246211251235321171e+00
8.246211251235321171e+00
8.246211251235321171e+00
8.246211251235321171e+00
8.246211251235321171e+00
8.246211251235321171e+00
8.246211251235321171e+00
8.276472678623424173e+00
8.276472678623424173e+00
8.276472678623424173e+00
8.276472678623424173e+00
8.276472678623424173e+00
8.276472678623424173e+00
8.276472678623424173e+00
8.276472678623424173e+00
8.276472678623424173e+00
8.276472678623424173e+00
8.276472678623424173e+00
8.276472678623424173e+00
8.276472678623424173e+00
8.276472678623424173e+00
8.276472678623424173e+00
8.276472678623424173e+00
8.276472678623424173e+00
8.276472678623424173e+00
8.276472678623424173e+00
8.276472678623424173e+00
8.276472678623424173e+00
8.276472678623424173e+00
8.276472678623424173e+00
8.276472678623424173e+00
8.276472678623424173e+00
8.276472678623424173e+00
8.276472678623424173e+00
8.276472678623424173e+00
8.276472678623424173e+00
8.276472678623424173e+00
8.276472678623424173e+00
8.276472678623424173e+00
8.276472678623424173e+00
8.276472678623424173e+00
8.276472678623424173e+00
8.276472678623424173e+00
8.276472678623424173e+00
8.276472678623424173e+00
8.276472678623424173e+00
8.276472678623424173e+00
8.276472678623424173e+00
8.276472678623424173e+00
8.276472678623424173e+00
8.276472678623424173e+00
8.276472678623424173e+00
8.276472678623424173e+00
8.276472678623424173e+00
8.276472678623424173e+00
8.276472678623424173e+00
8.276472678623424173e+00
8.276472678623424173e+00
8.276472678623424173e+00
8.276472678623424173e+00
8.276472678623424173e+00
8.276472678623424173e+00
8.276472678623424173e+00
8.276472678623424173e+00
8.276472678623424173e+00
8.276472678623424173e+00
8.276472678623424173e+00
8.276472678623424173e+00
8.276472678623424173e+00
8.276472678623424173e+00
8.276472678623424173e+00
8.276472678623424173e+00
8.276472678623424173e+00
8.276472678623424173e+00
8.276472678623424173e+00
8.276472678623424173e+00
8.276472678623424173e+00
8.276472678623424173e+00
8.276472678623424173e+00
8.306623862918074863e+00
8.306623862918074863e+00
8.306623862918074863e+00
8.306623862918074863e+00
8.306623862918074863e+00
8.306623862918074863e+00
8.306623862918074863e+00
8.306623862918074863e+00
8.306623862918074863e+00
8.306623862918074863e+00
8.306623862918074863e+00
8.306623862918074863e+00
8.306623862918074863e+00
8.306623862918074863e+00
8.306623862918074863e+00
8.306623862918074863e+00
8.306623862918074863e+00
8.306623862918074863e+00
8.306623862918074863e+00
8.306623862918074863e+00
8.306623862918074863e+00
8.306623862918074863e+00
8.306623862918074863e+00
8.306623862918074863e+00
8.306623862918074863e+00
8.306623862918074863e+00
8.306623862918074863e+00
8.306623862918074863e+00
8.306623862918074863e+00
8.306623862918074863e+00
8.306623862918074863e+00
8.306623862918074863e+00
8.306623862918074863e+00
8.306623862918074863e+00
8.306623862918074863e+00
8.306623862918074863e+00
8.306623862918074863e+00
8.306623862918074863e+00
8.306623862918074863e+00
8.306623862918074863e+00
8.306623862918074863e+00
8.306623862918074863e+00
8.306623862918074863e+00
8.306623862918074863e+00
8.306623862918074863e+00
8.306623862918074863e+00
8.306623862918074863e+00
8.306623862918074863e+00
8.336666000266532706e+00
8.336666000266532706e+00
8.336666000266532706e+00
8.336666000266532706e+00
8.336666000266532706e+00
8.336666000266532706e+00
8.336666000266532706e+00
8.336666000266532706e+00
8.336666000266532706e+00
8.336666000266532706e+00
8.336666000266532706e+00
8.336666000266532706e+00
8.336666000266532706e+00
8.336666000266532706e+00
8.336666000266532706e+00
8.336666000266532706e+00
8.336666000266532706e+00
8.336666000266532706e+00
8.336666000266532706e+00
8.336666000266532706e+00
8.336666000266532706e+00
8.336666000266532706e+00
8.336666000266532706e+00
8.336666000266532706e+00
8.336666000266532706e+00
8.336666000266532706e+00
8.336666000266532706e+00
8.336666000266532706e+00
8.336666000266532706e+00
8.336666000266532706e+00
8.336666000266532706e+00
8.336666000266532706e+00
8.336666000266532706e+00
8.336666000266532706e+00
8.336666000266532706e+00
8.336666000266532706e+00
8.336666000266532706e+00
8.336666000266532706e+00
8.336666000266532706e+00
8.336666000266532706e+00
8.336666000266532706e+00
8.336666000266532706e+00
8.336666000266532706e+00
8.336666000266532706e+00
8.336666000266532706e+00
8.336666000266532706e+00
8.336666000266532706e+00
8.336666000266532706e+00
8.336666000266532706e+00
8.336666000266532706e+00
8.336666000266532706e+00
8.336666000266532706e+00
8.336666000266532706e+00
8.336666000266532706e+00
8.336666000266532706e+00
8.336666000266532706e+00
8.336666000266532706e+00
8.336666000266532706e+00
8.336666000266532706e+00
8.336666000266532706e+00
8.336666000266532706e+00
8.336666000266532706e+00
8.336666000266532706e+00
8.336666000266532706e+00
8.336666000266532706e+00
8.336666000266532706e+00
8.336666000266532706e+00
8.336666000266532706e+00
8.336666000266532706e+00
8.336666000266532706e+00
8.336666000266532706e+00
8.336666000266532706e+00
8.336666000266532706e+00
8.336666000266532706e+00
8.336666000266532706e+00
8.336666000266532706e+00
8.336666000266532706e+00
8.336666000266532706e+00
8.336666000266532706e+00
8.336666000266532706e+00
8.336666000266532706e+00
8.336666000266532706e+00
8.336666000266532706e+00
8.336666000266532706e+00
8.336666000266532706e+00
8.336666000266532706e+00
8.336666000266532706e+00
8.336666000266532706e+00
8.336666000266532706e+00
8.336666000266532706e+00
8.336666000266532706e+00
8.336666000266532706e+00
8.336666000266532706e+00
8.336666000266532706e+00
8.336666000266532706e+00
8.336666000266532706e+00
8.366600265340755627e+00
8.366600265340755627e+00
8.366600265340755627e+00
8.366600265340755627e+00
8.366600265340755627e+00
8.366600265340755627e+00
8.366600265340755627e+00
8.366600265340755627e+00
8.366600265340755627e+00
8.366600265340755627e+00
8.366600265340755627e+00
8.366600265340755627e+00
8.366600265340755627e+00
8.366600265340755627e+00
8.366600265340755627e+00
8.366600265340755627e+00
8.366600265340755627e+00
8.366600265340755627e+00
8.366600265340755627e+00
8.366600265340755627e+00
8.366600265340755627e+00
8.366600265340755627e+00
8.366600265340755627e+00
8.366600265340755627e+00
8.366600265340755627e+00
8.366600265340755627e+00
8.366600265340755627e+00
8.366600265340755627e+00
8.366600265340755627e+00
8.366600265340755627e+00
8.366600265340755627e+00
8.366600265340755627e+00
8.366600265340755627e+00
8.366600265340755627e+00
8.366600265340755627e+00
8.366600265340755627e+00
8.366600265340755627e+00
8.366600265340755627e+00
8.366600265340755627e+00
8.366600265340755627e+00
8.366600265340755627e+00
8.366600265340755627e+00
8.366600265340755627e+00
8.366600265340755627e+00
8.366600265340755627e+00
8.366600265340755627e+00
8.366600265340755627e+00
8.366600265340755627e+00
8.396427811873332203e+00
8.396427811873332203e+00
8.396427811873332203e+00
8.396427811873332203e+00
8.396427811873332203e+00
8.396427811873332203e+00
8.396427811873332203e+00
8.396427811873332203e+00
8.396427811873332203e+00
8.396427811873332203e+00
8.396427811873332203e+00
8.396427811873332203e+00
8.396427811873332203e+00
8.396427811873332203e+00
8.396427811873332203e+00
8.396427811873332203e+00
8.396427811873332203e+00
8.396427811873332203e+00
8.396427811873332203e+00
8.396427811873332203e+00
8.396427811873332203e+00
8.396427811873332203e+00
8.396427811873332203e+00
8.396427811873332203e+00
8.396427811873332203e+00
8.396427811873332203e+00
8.396427811873332203e+00
8.396427811873332203e+00
8.396427811873332203e+00
8.396427811873332203e+00
8.396427811873332203e+00
8.396427811873332203e+00
8.455767262643881566e+00
8.455767262643881566e+00
8.455767262643881566e+00
8.455767262643881566e+00
8.455767262643881566e+00
8.455767262643881566e+00
8.455767262643881566e+00
8.455767262643881566e+00
8.455767262643881566e+00
8.455767262643881566e+00
8.455767262643881566e+00
8.455767262643881566e+00
8.455767262643881566e+00
8.455767262643881566e+00
8.455767262643881566e+00
8.455767262643881566e+00
8.455767262643881566e+00
8.455767262643881566e+00
8.455767262643881566e+00
8.455767262643881566e+00
8.455767262643881566e+00
8.455767262643881566e+00
8.455767262643881566e+00
8.455767262643881566e+00
8.455767262643881566e+00
8.455767262643881566e+00
8.455767262643881566e+00
8.455767262643881566e+00
8.455767262643881566e+00
8.455767262643881566e+00
8.455767262643881566e+00
8.455767262643881566e+00
8.455767262643881566e+00
8.455767262643881566e+00
8.455767262643881566e+00
8.455767262643881566e+00
8.455767262643881566e+00
8.455767262643881566e+00
8.455767262643881566e+00
8.455767262643881566e+00
8.455767262643881566e+00
8.455767262643881566e+00
8.455767262643881566e+00
8.455767262643881566e+00
8.455767262643881566e+00
8.455767262643881566e+00
8.455767262643881566e+00
8.455767262643881566e+00
8.455767262643881566e+00
8.455767262643881566e+00
8.455767262643881566e+00
8.455767262643881566e+00
8.455767262643881566e+00
8.455767262643881566e+00
8.455767262643881566e+00
8.455767262643881566e+00
8.455767262643881566e+00
8.455767262643881566e+00
8.455767262643881566e+00
8.455767262643881566e+00
8.455767262643881566e+00
8.455767262643881566e+00
8.455767262643881566e+00
8.455767262643881566e+00
8.455767262643881566e+00
8.455767262643881566e+00
8.455767262643881566e+00
8.455767262643881566e+00
8.455767262643881566e+00
8.455767262643881566e+00
8.455767262643881566e+00
8.455767262643881566e+00
8.455767262643881566e+00
8.455767262643881566e+00
8.455767262643881566e+00
8.455767262643881566e+00
8.455767262643881566e+00
8.455767262643881566e+00
8.455767262643881566e+00
8.455767262643881566e+00
8.485281374238569541e+00
8.485281374238569541e+00
8.485281374238569541e+00
8.485281374238569541e+00
8.485281374238569541e+00
8.485281374238569541e+00
8.485281374238569541e+00
8.485281374238569541e+00
8.485281374238569541e+00
8.485281374238569541e+00
8.485281374238569541e+00
8.485281374238569541e+00
8.514693182963201323e+00
8.514693182963201323e+00
8.514693182963201323e+00
8.514693182963201323e+00
8.514693182963201323e+00
8.514693182963201323e+00
8.514693182963201323e+00
8.514693182963201323e+00
8.514693182963201323e+00
8.514693182963201323e+00
8.514693182963201323e+00
8.514693182963201323e+00
8.514693182963201323e+00
8.514693182963201323e+00
8.514693182963201323e+00
8.514693182963201323e+00
8.514693182963201323e+00
8.514693182963201323e+00
8.514693182963201323e+00
8.514693182963201323e+00
8.514693182963201323e+00
8.514693182963201323e+00
8.514693182963201323e+00
8.514693182963201323e+00
8.514693182963201323e+00
8.514693182963201323e+00
8.514693182963201323e+00
8.514693182963201323e+00
8.514693182963201323e+00
8.514693182963201323e+00
8.514693182963201323e+00
8.514693182963201323e+00
8.514693182963201323e+00
8.514693182963201323e+00
8.514693182963201323e+00
8.514693182963201323e+00
8.514693182963201323e+00
8.514693182963201323e+00
8.514693182963201323e+00
8.514693182963201323e+00
8.514693182963201323e+00
8.514693182963201323e+00
8.514693182963201323e+00
8.514693182963201323e+00
8.514693182963201323e+00
8.514693182963201323e+00
8.514693182963201323e+00
8.514693182963201323e+00
8.514693182963201323e+00
8.514693182963201323e+00
8.514693182963201323e+00
8.514693182963201323e+00
8.514693182963201323e+00
8.514693182963201323e+00
8.514693182963201323e+00
8.514693182963201323e+00
8.514693182963201323e+00
8.514693182963201323e+00
8.514693182963201323e+00
8.514693182963201323e+00
8.514693182963201323e+00
8.514693182963201323e+00
8.514693182963201323e+00
8.514693182963201323e+00
8.514693182963201323e+00
8.514693182963201323e+00
8.514693182963201323e+00
8.514693182963201323e+00
8.514693182963201323e+00
8.514693182963201323e+00
8.514693182963201323e+00
8.514693182963201323e+00
8.514693182963201323e+00
8.514693182963201323e+00
8.514693182963201323e+00
8.514693182963201323e+00
8.514693182963201323e+00
8.514693182963201323e+00
8.514693182963201323e+00
8.514693182963201323e+00
8.544003745317530374e+00
8.544003745317530374e+00
8.544003745317530374e+00
8.544003745317530374e+00
8.544003745317530374e+00
8.544003745317530374e+00
8.544003745317530374e+00
8.544003745317530374e+00
8.544003745317530374e+00
8.544003745317530374e+00
8.544003745317530374e+00
8.544003745317530374e+00
8.544003745317530374e+00
8.544003745317530374e+00
8.544003745317530374e+00
8.544003745317530374e+00
8.544003745317530374e+00
8.544003745317530374e+00
8.544003745317530374e+00
8.544003745317530374e+00
8.544003745317530374e+00
8.544003745317530374e+00
8.544003745317530374e+00
8.544003745317530374e+00
8.573214099741123917e+00
8.573214099741123917e+00
8.573214099741123917e+00
8.573214099741123917e+00
8.573214099741123917e+00
8.573214099741123917e+00
8.573214099741123917e+00
8.573214099741123917e+00
8.573214099741123917e+00
8.573214099741123917e+00
8.573214099741123917e+00
8.573214099741123917e+00
8.573214099741123917e+00
8.573214099741123917e+00
8.573214099741123917e+00
8.573214099741123917e+00
8.573214099741123917e+00
8.573214099741123917e+00
8.573214099741123917e+00
8.573214099741123917e+00
8.573214099741123917e+00
8.573214099741123917e+00
8.573214099741123917e+00
8.573214099741123917e+00
8.573214099741123917e+00
8.573214099741123917e+00
8.573214099741123917e+00
8.573214099741123917e+00
8.573214099741123917e+00
8.573214099741123917e+00
8.573214099741123917e+00
8.573214099741123917e+00
8.573214099741123917e+00
8.573214099741123917e+00
8.573214099741123917e+00
8.573214099741123917e+00
8.573214099741123917e+00
8.573214099741123917e+00
8.573214099741123917e+00
8.573214099741123917e+00
8.573214099741123917e+00
8.573214099741123917e+00
8.573214099741123917e+00
8.573214099741123917e+00
8.573214099741123917e+00
8.573214099741123917e+00
8.573214099741123917e+00
8.573214099741123917e+00
8.573214099741123917e+00
8.573214099741123917e+00
8.573214099741123917e+00
8.573214099741123917e+00
8.573214099741123917e+00
8.573214099741123917e+00
8.573214099741123917e+00
8.573214099741123917e+00
8.573214099741123917e+00
8.573214099741123917e+00
8.573214099741123917e+00
8.573214099741123917e+00
8.573214099741123917e+00
8.573214099741123917e+00
8.573214099741123917e+00
8.573214099741123917e+00
8.573214099741123917e+00
8.573214099741123917e+00
8.573214099741123917e+00
8.573214099741123917e+00
8.573214099741123917e+00
8.573214099741123917e+00
8.573214099741123917e+00
8.573214099741123917e+00
8.573214099741123917e+00
8.573214099741123917e+00
8.573214099741123917e+00
8.573214099741123917e+00
8.573214099741123917e+00
8.573214099741123917e+00
8.573214099741123917e+00
8.573214099741123917e+00
8.602325267042626677e+00
8.602325267042626677e+00
8.602325267042626677e+00
8.602325267042626677e+00
8.602325267042626677e+00
8.602325267042626677e+00
8.602325267042626677e+00
8.602325267042626677e+00
8.602325267042626677e+00
8.602325267042626677e+00
8.602325267042626677e+00
8.602325267042626677e+00
8.602325267042626677e+00
8.602325267042626677e+00
8.602325267042626677e+00
8.602325267042626677e+00
8.602325267042626677e+00
8.602325267042626677e+00
8.602325267042626677e+00
8.602325267042626677e+00
8.602325267042626677e+00
8.602325267042626677e+00
8.602325267042626677e+00
8.602325267042626677e+00
8.602325267042626677e+00
8.602325267042626677e+00
8.602325267042626677e+00
8.602325267042626677e+00
8.602325267042626677e+00
8.602325267042626677e+00
8.602325267042626677e+00
8.602325267042626677e+00
8.602325267042626677e+00
8.602325267042626677e+00
8.602325267042626677e+00
8.602325267042626677e+00
8.602325267042626677e+00
8.602325267042626677e+00
8.602325267042626677e+00
8.602325267042626677e+00
8.602325267042626677e+00
8.602325267042626677e+00
8.602325267042626677e+00
8.602325267042626677e+00
8.602325267042626677e+00
8.602325267042626677e+00
8.602325267042626677e+00
8.602325267042626677e+00
8.602325267042626677e+00
8.602325267042626677e+00
8.602325267042626677e+00
8.602325267042626677e+00
8.602325267042626677e+00
8.602325267042626677e+00
8.602325267042626677e+00
8.602325267042626677e+00
8.602325267042626677e+00
8.602325267042626677e+00
8.602325267042626677e+00
8.602325267042626677e+00
8.602325267042626677e+00
8.602325267042626677e+00
8.602325267042626677e+00
8.602325267042626677e+00
8.602325267042626677e+00
8.602325267042626677e+00
8.602325267042626677e+00
8.602325267042626677e+00
8.602325267042626677e+00
8.602325267042626677e+00
8.602325267042626677e+00
8.602325267042626677e+00
8.631338250816034119e+00
8.631338250816034119e+00
8.631338250816034119e+00
8.631338250816034119e+00
8.631338250816034119e+00
8.631338250816034119e+00
8.631338250816034119e+00
8.631338250816034119e+00
8.631338250816034119e+00
8.631338250816034119e+00
8.631338250816034119e+00
8.631338250816034119e+00
8.631338250816034119e+00
8.631338250816034119e+00
8.631338250816034119e+00
8.631338250816034119e+00
8.660254037844387298e+00
8.660254037844387298e+00
8.660254037844387298e+00
8.660254037844387298e+00
8.660254037844387298e+00
8.660254037844387298e+00
8.660254037844387298e+00
8.660254037844387298e+00
8.660254037844387298e+00
8.660254037844387298e+00
8.660254037844387298e+00
8.660254037844387298e+00
8.660254037844387298e+00
8.660254037844387298e+00
8.660254037844387298e+00
8.660254037844387298e+00
8.660254037844387298e+00
8.660254037844387298e+00
8.660254037844387298e+00
8.660254037844387298e+00
8.660254037844387298e+00
8.660254037844387298e+00
8.660254037844387298e+00
8.660254037844387298e+00
8.660254037844387298e+00
8.660254037844387298e+00
8.660254037844387298e+00
8.660254037844387298e+00
8.660254037844387298e+00
8.660254037844387298e+00
8.660254037844387298e+00
8.660254037844387298e+00
8.660254037844387298e+00
8.660254037844387298e+00
8.660254037844387298e+00
8.660254037844387298e+00
8.660254037844387298e+00
8.660254037844387298e+00
8.660254037844387298e+00
8.660254037844387298e+00
8.660254037844387298e+00
8.660254037844387298e+00
8.660254037844387298e+00
8.660254037844387298e+00
8.660254037844387298e+00
8.660254037844387298e+00
8.660254037844387298e+00
8.660254037844387298e+00
8.660254037844387298e+00
8.660254037844387298e+00
8.660254037844387298e+00
8.660254037844387298e+00
8.660254037844387298e+00
8.660254037844387298e+00
8.660254037844387298e+00
8.660254037844387298e+00
8.689073598491383166e+00
8.689073598491383166e+00
8.689073598491383166e+00
8.689073598491383166e+00
8.689073598491383166e+00
8.689073598491383166e+00
8.689073598491383166e+00
8.689073598491383166e+00
8.689073598491383166e+00
8.689073598491383166e+00
8.689073598491383166e+00
8.689073598491383166e+00
8.689073598491383166e+00
8.689073598491383166e+00
8.689073598491383166e+00
8.689073598491383166e+00
8.689073598491383166e+00
8.689073598491383166e+00
8.689073598491383166e+00
8.689073598491383166e+00
8.689073598491383166e+00
8.689073598491383166e+00
8.689073598491383166e+00
8.689073598491383166e+00
8.689073598491383166e+00
8.689073598491383166e+00
8.689073598491383166e+00
8.689073598491383166e+00
8.689073598491383166e+00
8.689073598491383166e+00
8.689073598491383166e+00
8.689073598491383166e+00
8.689073598491383166e+00
8.689073598491383166e+00
8.689073598491383166e+00
8.689073598491383166e+00
8.689073598491383166e+00
8.689073598491383166e+00
8.689073598491383166e+00
8.689073598491383166e+00
8.689073598491383166e+00
8.689073598491383166e+00
8.689073598491383166e+00
8.689073598491383166e+00
8.689073598491383166e+00
8.689073598491383166e+00
8.689073598491383166e+00
8.689073598491383166e+00
8.689073598491383166e+00
8.689073598491383166e+00
8.689073598491383166e+00
8.689073598491383166e+00
8.689073598491383166e+00
8.689073598491383166e+00
8.689073598491383166e+00
8.689073598491383166e+00
8.689073598491383166e+00
8.689073598491383166e+00
8.689073598491383166e+00
8.689073598491383166e+00
8.689073598491383166e+00
8.689073598491383166e+00
8.689073598491383166e+00
8.689073598491383166e+00
8.717797887081347952e+00
8.717797887081347952e+00
8.717797887081347952e+00
8.717797887081347952e+00
8.717797887081347952e+00
8.717797887081347952e+00
8.717797887081347952e+00
8.717797887081347952e+00
8.717797887081347952e+00
8.717797887081347952e+00
8.717797887081347952e+00
8.717797887081347952e+00
8.717797887081347952e+00
8.717797887081347952e+00
8.717797887081347952e+00
8.717797887081347952e+00
8.717797887081347952e+00
8.717797887081347952e+00
8.717797887081347952e+00
8.717797887081347952e+00
8.717797887081347952e+00
8.717797887081347952e+00
8.717797887081347952e+00
8.717797887081347952e+00
8.746427842267950226e+00
8.746427842267950226e+00
8.746427842267950226e+00
8.746427842267950226e+00
8.746427842267950226e+00
8.746427842267950226e+00
8.746427842267950226e+00
8.746427842267950226e+00
8.746427842267950226e+00
8.746427842267950226e+00
8.746427842267950226e+00
8.746427842267950226e+00
8.746427842267950226e+00
8.746427842267950226e+00
8.746427842267950226e+00
8.746427842267950226e+00
8.746427842267950226e+00
8.746427842267950226e+00
8.746427842267950226e+00
8.746427842267950226e+00
8.746427842267950226e+00
8.746427842267950226e+00
8.746427842267950226e+00
8.746427842267950226e+00
8.746427842267950226e+00
8.746427842267950226e+00
8.746427842267950226e+00
8.746427842267950226e+00
8.746427842267950226e+00
8.746427842267950226e+00
8.746427842267950226e+00
8.746427842267950226e+00
8.746427842267950226e+00
8.746427842267950226e+00
8.746427842267950226e+00
8.746427842267950226e+00
8.746427842267950226e+00
8.746427842267950226e+00
8.746427842267950226e+00
8.746427842267950226e+00
8.746427842267950226e+00
8.746427842267950226e+00
8.746427842267950226e+00
8.746427842267950226e+00
8.746427842267950226e+00
8.746427842267950226e+00
8.746427842267950226e+00
8.746427842267950226e+00
8.746427842267950226e+00
8.746427842267950226e+00
8.746427842267950226e+00
8.746427842267950226e+00
8.746427842267950226e+00
8.746427842267950226e+00
8.746427842267950226e+00
8.746427842267950226e+00
8.746427842267950226e+00
8.746427842267950226e+00
8.746427842267950226e+00
8.746427842267950226e+00
8.746427842267950226e+00
8.746427842267950226e+00
8.746427842267950226e+00
8.746427842267950226e+00
8.746427842267950226e+00
8.746427842267950226e+00
8.746427842267950226e+00
8.746427842267950226e+00
8.746427842267950226e+00
8.746427842267950226e+00
8.746427842267950226e+00
8.746427842267950226e+00
8.774964387392122589e+00
8.774964387392122589e+00
8.774964387392122589e+00
8.774964387392122589e+00
8.774964387392122589e+00
8.774964387392122589e+00
8.774964387392122589e+00
8.774964387392122589e+00
8.774964387392122589e+00
8.774964387392122589e+00
8.774964387392122589e+00
8.774964387392122589e+00
8.774964387392122589e+00
8.774964387392122589e+00
8.774964387392122589e+00
8.774964387392122589e+00
8.774964387392122589e+00
8.774964387392122589e+00
8.774964387392122589e+00
8.774964387392122589e+00
8.774964387392122589e+00
8.774964387392122589e+00
8.774964387392122589e+00
8.774964387392122589e+00
8.774964387392122589e+00
8.774964387392122589e+00
8.774964387392122589e+00
8.774964387392122589e+00
8.774964387392122589e+00
8.774964387392122589e+00
8.774964387392122589e+00
8.774964387392122589e+00
8.774964387392122589e+00
8.774964387392122589e+00
8.774964387392122589e+00
8.774964387392122589e+00
8.774964387392122589e+00
8.774964387392122589e+00
8.774964387392122589e+00
8.774964387392122589e+00
8.774964387392122589e+00
8.774964387392122589e+00
8.774964387392122589e+00
8.774964387392122589e+00
8.774964387392122589e+00
8.774964387392122589e+00
8.774964387392122589e+00
8.774964387392122589e+00
8.803408430829504638e+00
8.803408430829504638e+00
8.803408430829504638e+00
8.803408430829504638e+00
8.803408430829504638e+00
8.803408430829504638e+00
8.803408430829504638e+00
8.803408430829504638e+00
8.803408430829504638e+00
8.803408430829504638e+00
8.803408430829504638e+00
8.803408430829504638e+00
8.803408430829504638e+00
8.803408430829504638e+00
8.803408430829504638e+00
8.803408430829504638e+00
8.803408430829504638e+00
8.803408430829504638e+00
8.803408430829504638e+00
8.803408430829504638e+00
8.803408430829504638e+00
8.803408430829504638e+00
8.803408430829504638e+00
8.803408430829504638e+00
8.803408430829504638e+00
8.803408430829504638e+00
8.803408430829504638e+00
8.803408430829504638e+00
8.803408430829504638e+00
8.803408430829504638e+00
8.803408430829504638e+00
8.803408430829504638e+00
8.831760866327847737e+00
8.831760866327847737e+00
8.831760866327847737e+00
8.831760866327847737e+00
8.831760866327847737e+00
8.831760866327847737e+00
8.831760866327847737e+00
8.831760866327847737e+00
8.831760866327847737e+00
8.831760866327847737e+00
8.831760866327847737e+00
8.831760866327847737e+00
8.831760866327847737e+00
8.831760866327847737e+00
8.831760866327847737e+00
8.831760866327847737e+00
8.831760866327847737e+00
8.831760866327847737e+00
8.831760866327847737e+00
8.831760866327847737e+00
8.831760866327847737e+00
8.831760866327847737e+00
8.831760866327847737e+00
8.831760866327847737e+00
8.831760866327847737e+00
8.831760866327847737e+00
8.831760866327847737e+00
8.831760866327847737e+00
8.831760866327847737e+00
8.831760866327847737e+00
8.831760866327847737e+00
8.831760866327847737e+00
8.831760866327847737e+00
8.831760866327847737e+00
8.831760866327847737e+00
8.831760866327847737e+00
8.831760866327847737e+00
8.831760866327847737e+00
8.831760866327847737e+00
8.831760866327847737e+00
8.831760866327847737e+00
8.831760866327847737e+00
8.831760866327847737e+00
8.831760866327847737e+00
8.831760866327847737e+00
8.831760866327847737e+00
8.831760866327847737e+00
8.831760866327847737e+00
8.860022573334674689e+00
8.860022573334674689e+00
8.860022573334674689e+00
8.860022573334674689e+00
8.860022573334674689e+00
8.860022573334674689e+00
8.860022573334674689e+00
8.860022573334674689e+00
8.860022573334674689e+00
8.860022573334674689e+00
8.860022573334674689e+00
8.860022573334674689e+00
8.860022573334674689e+00
8.860022573334674689e+00
8.860022573334674689e+00
8.860022573334674689e+00
8.860022573334674689e+00
8.860022573334674689e+00
8.860022573334674689e+00
8.860022573334674689e+00
8.860022573334674689e+00
8.860022573334674689e+00
8.860022573334674689e+00
8.860022573334674689e+00
8.860022573334674689e+00
8.860022573334674689e+00
8.860022573334674689e+00
8.860022573334674689e+00
8.860022573334674689e+00
8.860022573334674689e+00
8.860022573334674689e+00
8.860022573334674689e+00
8.860022573334674689e+00
8.860022573334674689e+00
8.860022573334674689e+00
8.860022573334674689e+00
8.860022573334674689e+00
8.860022573334674689e+00
8.860022573334674689e+00
8.860022573334674689e+00
8.860022573334674689e+00
8.860022573334674689e+00
8.860022573334674689e+00
8.860022573334674689e+00
8.860022573334674689e+00
8.860022573334674689e+00
8.860022573334674689e+00
8.860022573334674689e+00
8.860022573334674689e+00
8.860022573334674689e+00
8.860022573334674689e+00
8.860022573334674689e+00
8.860022573334674689e+00
8.860022573334674689e+00
8.860022573334674689e+00
8.860022573334674689e+00
8.860022573334674689e+00
8.860022573334674689e+00
8.860022573334674689e+00
8.860022573334674689e+00
8.860022573334674689e+00
8.860022573334674689e+00
8.860022573334674689e+00
8.860022573334674689e+00
8.860022573334674689e+00
8.860022573334674689e+00
8.860022573334674689e+00
8.860022573334674689e+00
8.860022573334674689e+00
8.860022573334674689e+00
8.860022573334674689e+00
8.860022573334674689e+00
8.860022573334674689e+00
8.860022573334674689e+00
8.860022573334674689e+00
8.860022573334674689e+00
8.860022573334674689e+00
8.860022573334674689e+00
8.860022573334674689e+00
8.860022573334674689e+00
8.860022573334674689e+00
8.860022573334674689e+00
8.860022573334674689e+00
8.860022573334674689e+00
8.860022573334674689e+00
8.860022573334674689e+00
8.860022573334674689e+00
8.860022573334674689e+00
8.860022573334674689e+00
8.860022573334674689e+00
8.860022573334674689e+00
8.860022573334674689e+00
8.860022573334674689e+00
8.860022573334674689e+00
8.860022573334674689e+00
8.860022573334674689e+00
8.860022573334674689e+00
8.860022573334674689e+00
8.860022573334674689e+00
8.860022573334674689e+00
8.860022573334674689e+00
8.860022573334674689e+00
8.860022573334674689e+00
8.860022573334674689e+00
8.860022573334674689e+00
8.860022573334674689e+00
8.860022573334674689e+00
8.860022573334674689e+00
8.860022573334674689e+00
8.860022573334674689e+00
8.860022573334674689e+00
8.860022573334674689e+00
8.916277250063503246e+00
8.916277250063503246e+00
8.916277250063503246e+00
8.916277250063503246e+00
8.916277250063503246e+00
8.916277250063503246e+00
8.916277250063503246e+00
8.916277250063503246e+00
8.916277250063503246e+00
8.916277250063503246e+00
8.916277250063503246e+00
8.916277250063503246e+00
8.916277250063503246e+00
8.916277250063503246e+00
8.916277250063503246e+00
8.916277250063503246e+00
8.916277250063503246e+00
8.916277250063503246e+00
8.916277250063503246e+00
8.916277250063503246e+00
8.916277250063503246e+00
8.916277250063503246e+00
8.916277250063503246e+00
8.916277250063503246e+00
8.916277250063503246e+00
8.916277250063503246e+00
8.916277250063503246e+00
8.916277250063503246e+00
8.916277250063503246e+00
8.916277250063503246e+00
8.916277250063503246e+00
8.916277250063503246e+00
8.916277250063503246e+00
8.916277250063503246e+00
8.916277250063503246e+00
8.916277250063503246e+00
8.916277250063503246e+00
8.916277250063503246e+00
8.916277250063503246e+00
8.916277250063503246e+00
8.916277250063503246e+00
8.916277250063503246e+00
8.916277250063503246e+00
8.916277250063503246e+00
8.916277250063503246e+00
8.916277250063503246e+00
8.916277250063503246e+00
8.916277250063503246e+00
8.916277250063503246e+00
8.916277250063503246e+00
8.916277250063503246e+00
8.916277250063503246e+00
8.916277250063503246e+00
8.916277250063503246e+00
8.916277250063503246e+00
8.916277250063503246e+00
8.916277250063503246e+00
8.916277250063503246e+00
8.916277250063503246e+00
8.916277250063503246e+00
8.916277250063503246e+00
8.916277250063503246e+00
8.916277250063503246e+00
8.916277250063503246e+00
8.972179222463180892e+00
8.972179222463180892e+00
8.972179222463180892e+00
8.972179222463180892e+00
8.972179222463180892e+00
8.972179222463180892e+00
8.972179222463180892e+00
8.972179222463180892e+00
8.972179222463180892e+00
8.972179222463180892e+00
8.972179222463180892e+00
8.972179222463180892e+00
8.972179222463180892e+00
8.972179222463180892e+00
8.972179222463180892e+00
8.972179222463180892e+00
8.972179222463180892e+00
8.972179222463180892e+00
8.972179222463180892e+00
8.972179222463180892e+00
8.972179222463180892e+00
8.972179222463180892e+00
8.972179222463180892e+00
8.972179222463180892e+00
8.972179222463180892e+00
8.972179222463180892e+00
8.972179222463180892e+00
8.972179222463180892e+00
8.972179222463180892e+00
8.972179222463180892e+00
8.972179222463180892e+00
8.972179222463180892e+00
8.972179222463180892e+00
8.972179222463180892e+00
8.972179222463180892e+00
8.972179222463180892e+00
8.972179222463180892e+00
8.972179222463180892e+00
8.972179222463180892e+00
8.972179222463180892e+00
8.972179222463180892e+00
8.972179222463180892e+00
8.972179222463180892e+00
8.972179222463180892e+00
8.972179222463180892e+00
8.972179222463180892e+00
8.972179222463180892e+00
8.972179222463180892e+00
9.000000000000000000e+00
9.000000000000000000e+00
9.000000000000000000e+00
9.000000000000000000e+00
9.000000000000000000e+00
9.000000000000000000e+00
9.000000000000000000e+00
9.000000000000000000e+00
9.000000000000000000e+00
9.000000000000000000e+00
9.000000000000000000e+00
9.000000000000000000e+00
9.000000000000000000e+00
9.000000000000000000e+00
9.000000000000000000e+00
9.000000000000000000e+00
9.000000000000000000e+00
9.000000000000000000e+00
9.000000000000000000e+00
9.000000000000000000e+00
9.000000000000000000e+00
9.000000000000000000e+00
9.000000000000000000e+00
9.000000000000000000e+00
9.000000000000000000e+00
9.000000000000000000e+00
9.000000000000000000e+00
9.000000000000000000e+00
9.000000000000000000e+00
9.000000000000000000e+00
9.000000000000000000e+00
9.000000000000000000e+00
9.000000000000000000e+00
9.000000000000000000e+00
9.000000000000000000e+00
9.000000000000000000e+00
9.000000000000000000e+00
9.000000000000000000e+00
9.000000000000000000e+00
9.000000000000000000e+00
9.000000000000000000e+00
9.000000000000000000e+00
9.000000000000000000e+00
9.000000000000000000e+00
9.000000000000000000e+00
9.000000000000000000e+00
9.000000000000000000e+00
9.000000000000000000e+00
9.027735042633894480e+00
9.027735042633894480e+00
9.027735042633894480e+00
9.027735042633894480e+00
9.027735042633894480e+00
9.027735042633894480e+00
9.027735042633894480e+00
9.027735042633894480e+00
9.027735042633894480e+00
9.027735042633894480e+00
9.027735042633894480e+00
9.027735042633894480e+00
9.027735042633894480e+00
9.027735042633894480e+00
9.027735042633894480e+00
9.027735042633894480e+00
9.027735042633894480e+00
9.027735042633894480e+00
9.027735042633894480e+00
9.027735042633894480e+00
9.027735042633894480e+00
9.027735042633894480e+00
9.027735042633894480e+00
9.027735042633894480e+00
9.027735042633894480e+00
9.027735042633894480e+00
9.027735042633894480e+00
9.027735042633894480e+00
9.027735042633894480e+00
9.027735042633894480e+00
9.027735042633894480e+00
9.027735042633894480e+00
9.027735042633894480e+00
9.027735042633894480e+00
9.027735042633894480e+00
9.027735042633894480e+00
9.027735042633894480e+00
9.027735042633894480e+00
9.027735042633894480e+00
9.027735042633894480e+00
9.027735042633894480e+00
9.027735042633894480e+00
9.027735042633894480e+00
9.027735042633894480e+00
9.027735042633894480e+00
9.027735042633894480e+00
9.027735042633894480e+00
9.027735042633894480e+00
9.027735042633894480e+00
9.027735042633894480e+00
9.027735042633894480e+00
9.027735042633894480e+00
9.027735042633894480e+00
9.027735042633894480e+00
9.027735042633894480e+00
9.027735042633894480e+00
9.027735042633894480e+00
9.027735042633894480e+00
9.027735042633894480e+00
9.027735042633894480e+00
9.027735042633894480e+00
9.027735042633894480e+00
9.027735042633894480e+00
9.027735042633894480e+00
9.027735042633894480e+00
9.027735042633894480e+00
9.027735042633894480e+00
9.027735042633894480e+00
9.027735042633894480e+00
9.027735042633894480e+00
9.027735042633894480e+00
9.027735042633894480e+00
9.027735042633894480e+00
9.027735042633894480e+00
9.027735042633894480e+00
9.027735042633894480e+00
9.027735042633894480e+00
9.027735042633894480e+00
9.027735042633894480e+00
9.027735042633894480e+00
9.027735042633894480e+00
9.027735042633894480e+00
9.027735042633894480e+00
9.027735042633894480e+00
9.027735042633894480e+00
9.027735042633894480e+00
9.027735042633894480e+00
9.027735042633894480e+00
9.027735042633894480e+00
9.027735042633894480e+00
9.027735042633894480e+00
9.027735042633894480e+00
9.027735042633894480e+00
9.027735042633894480e+00
9.027735042633894480e+00
9.027735042633894480e+00
9.027735042633894480e+00
9.027735042633894480e+00
9.027735042633894480e+00
9.027735042633894480e+00
9.027735042633894480e+00
9.027735042633894480e+00
9.027735042633894480e+00
9.027735042633894480e+00
9.027735042633894480e+00
9.027735042633894480e+00
9.027735042633894480e+00
9.027735042633894480e+00
9.027735042633894480e+00
9.027735042633894480e+00
9.027735042633894480e+00
9.027735042633894480e+00
9.110433579144299188e+00
9.110433579144299188e+00
9.110433579144299188e+00
9.110433579144299188e+00
9.110433579144299188e+00
9.110433579144299188e+00
9.110433579144299188e+00
9.110433579144299188e+00
9.110433579144299188e+00
9.110433579144299188e+00
9.110433579144299188e+00
9.110433579144299188e+00
9.110433579144299188e+00
9.110433579144299188e+00
9.110433579144299188e+00
9.110433579144299188e+00
9.110433579144299188e+00
9.110433579144299188e+00
9.110433579144299188e+00
9.110433579144299188e+00
9.110433579144299188e+00
9.110433579144299188e+00
9.110433579144299188e+00
9.110433579144299188e+00
9.110433579144299188e+00
9.110433579144299188e+00
9.110433579144299188e+00
9.110433579144299188e+00
9.110433579144299188e+00
9.110433579144299188e+00
9.110433579144299188e+00
9.110433579144299188e+00
9.110433579144299188e+00
9.110433579144299188e+00
9.110433579144299188e+00
9.110433579144299188e+00
9.110433579144299188e+00
9.110433579144299188e+00
9.110433579144299188e+00
9.110433579144299188e+00
9.110433579144299188e+00
9.110433579144299188e+00
9.110433579144299188e+00
9.110433579144299188e+00
9.110433579144299188e+00
9.110433579144299188e+00
9.110433579144299188e+00
9.110433579144299188e+00
9.137833441248533362e+00
9.137833441248533362e+00
9.137833441248533362e+00
9.137833441248533362e+00
9.137833441248533362e+00
9.137833441248533362e+00
9.137833441248533362e+00
9.137833441248533362e+00
9.137833441248533362e+00
9.137833441248533362e+00
9.137833441248533362e+00
9.137833441248533362e+00
9.137833441248533362e+00
9.137833441248533362e+00
9.137833441248533362e+00
9.137833441248533362e+00
9.192388155425117446e+00
9.192388155425117446e+00
9.192388155425117446e+00
9.192388155425117446e+00
9.192388155425117446e+00
9.192388155425117446e+00
9.192388155425117446e+00
9.192388155425117446e+00
9.192388155425117446e+00
9.192388155425117446e+00
9.192388155425117446e+00
9.192388155425117446e+00
9.192388155425117446e+00
9.192388155425117446e+00
9.192388155425117446e+00
9.192388155425117446e+00
9.192388155425117446e+00
9.192388155425117446e+00
9.192388155425117446e+00
9.192388155425117446e+00
9.192388155425117446e+00
9.192388155425117446e+00
9.192388155425117446e+00
9.192388155425117446e+00
9.192388155425117446e+00
9.192388155425117446e+00
9.192388155425117446e+00
9.192388155425117446e+00
9.192388155425117446e+00
9.192388155425117446e+00
9.192388155425117446e+00
9.192388155425117446e+00
9.192388155425117446e+00
9.192388155425117446e+00
9.192388155425117446e+00
9.192388155425117446e+00
9.192388155425117446e+00
9.192388155425117446e+00
9.192388155425117446e+00
9.192388155425117446e+00
9.192388155425117446e+00
9.192388155425117446e+00
9.192388155425117446e+00
9.192388155425117446e+00
9.192388155425117446e+00
9.192388155425117446e+00
9.192388155425117446e+00
9.192388155425117446e+00
9.192388155425117446e+00
9.192388155425117446e+00
9.192388155425117446e+00
9.192388155425117446e+00
9.192388155425117446e+00
9.192388155425117446e+00
9.192388155425117446e+00
9.192388155425117446e+00
9.219544457292887074e+00
9.219544457292887074e+00
9.219544457292887074e+00
9.219544457292887074e+00
9.219544457292887074e+00
9.219544457292887074e+00
9.219544457292887074e+00
9.219544457292887074e+00
9.219544457292887074e+00
9.219544457292887074e+00
9.219544457292887074e+00
9.219544457292887074e+00
9.219544457292887074e+00
9.219544457292887074e+00
9.219544457292887074e+00
9.219544457292887074e+00
9.219544457292887074e+00
9.219544457292887074e+00
9.219544457292887074e+00
9.219544457292887074e+00
9.219544457292887074e+00
9.219544457292887074e+00
9.219544457292887074e+00
9.219544457292887074e+00
9.246621004453464465e+00
9.246621004453464465e+00
9.246621004453464465e+00
9.246621004453464465e+00
9.246621004453464465e+00
9.246621004453464465e+00
9.246621004453464465e+00
9.246621004453464465e+00
9.246621004453464465e+00
9.246621004453464465e+00
9.246621004453464465e+00
9.246621004453464465e+00
9.246621004453464465e+00
9.246621004453464465e+00
9.246621004453464465e+00
9.246621004453464465e+00
9.246621004453464465e+00
9.246621004453464465e+00
9.246621004453464465e+00
9.246621004453464465e+00
9.246621004453464465e+00
9.246621004453464465e+00
9.246621004453464465e+00
9.246621004453464465e+00
9.246621004453464465e+00
9.246621004453464465e+00
9.246621004453464465e+00
9.246621004453464465e+00
9.246621004453464465e+00
9.246621004453464465e+00
9.246621004453464465e+00
9.246621004453464465e+00
9.246621004453464465e+00
9.246621004453464465e+00
9.246621004453464465e+00
9.246621004453464465e+00
9.246621004453464465e+00
9.246621004453464465e+00
9.246621004453464465e+00
9.246621004453464465e+00
9.246621004453464465e+00
9.246621004453464465e+00
9.246621004453464465e+00
9.246621004453464465e+00
9.246621004453464465e+00
9.246621004453464465e+00
9.246621004453464465e+00
9.246621004453464465e+00
9.246621004453464465e+00
9.246621004453464465e+00
9.246621004453464465e+00
9.246621004453464465e+00
9.246621004453464465e+00
9.246621004453464465e+00
9.246621004453464465e+00
9.246621004453464465e+00
9.246621004453464465e+00
9.246621004453464465e+00
9.246621004453464465e+00
9.246621004453464465e+00
9.246621004453464465e+00
9.246621004453464465e+00
9.246621004453464465e+00
9.246621004453464465e+00
9.246621004453464465e+00
9.246621004453464465e+00
9.246621004453464465e+00
9.246621004453464465e+00
9.246621004453464465e+00
9.246621004453464465e+00
9.246621004453464465e+00
9.246621004453464465e+00
9.246621004453464465e+00
9.246621004453464465e+00
9.246621004453464465e+00
9.246621004453464465e+00
9.246621004453464465e+00
9.246621004453464465e+00
9.246621004453464465e+00
9.246621004453464465e+00
9.273618495495703939e+00
9.273618495495703939e+00
9.273618495495703939e+00
9.273618495495703939e+00
9.273618495495703939e+00
9.273618495495703939e+00
9.273618495495703939e+00
9.273618495495703939e+00
9.273618495495703939e+00
9.273618495495703939e+00
9.273618495495703939e+00
9.273618495495703939e+00
9.273618495495703939e+00
9.273618495495703939e+00
9.273618495495703939e+00
9.273618495495703939e+00
9.273618495495703939e+00
9.273618495495703939e+00
9.273618495495703939e+00
9.273618495495703939e+00
9.273618495495703939e+00
9.273618495495703939e+00
9.273618495495703939e+00
9.273618495495703939e+00
9.273618495495703939e+00
9.273618495495703939e+00
9.273618495495703939e+00
9.273618495495703939e+00
9.273618495495703939e+00
9.273618495495703939e+00
9.273618495495703939e+00
9.273618495495703939e+00
9.273618495495703939e+00
9.273618495495703939e+00
9.273618495495703939e+00
9.273618495495703939e+00
9.273618495495703939e+00
9.273618495495703939e+00
9.273618495495703939e+00
9.273618495495703939e+00
9.273618495495703939e+00
9.273618495495703939e+00
9.273618495495703939e+00
9.273618495495703939e+00
9.273618495495703939e+00
9.273618495495703939e+00
9.273618495495703939e+00
9.273618495495703939e+00
9.273618495495703939e+00
9.273618495495703939e+00
9.273618495495703939e+00
9.273618495495703939e+00
9.273618495495703939e+00
9.273618495495703939e+00
9.273618495495703939e+00
9.273618495495703939e+00
9.273618495495703939e+00
9.273618495495703939e+00
9.273618495495703939e+00
9.273618495495703939e+00
9.273618495495703939e+00
9.273618495495703939e+00
9.273618495495703939e+00
9.273618495495703939e+00
9.273618495495703939e+00
9.273618495495703939e+00
9.273618495495703939e+00
9.273618495495703939e+00
9.273618495495703939e+00
9.273618495495703939e+00
9.273618495495703939e+00
9.273618495495703939e+00
9.300537618869137546e+00
9.300537618869137546e+00
9.300537618869137546e+00
9.300537618869137546e+00
9.300537618869137546e+00
9.300537618869137546e+00
9.300537618869137546e+00
9.300537618869137546e+00
9.300537618869137546e+00
9.300537618869137546e+00
9.300537618869137546e+00
9.300537618869137546e+00
9.300537618869137546e+00
9.300537618869137546e+00
9.300537618869137546e+00
9.300537618869137546e+00
9.300537618869137546e+00
9.300537618869137546e+00
9.300537618869137546e+00
9.300537618869137546e+00
9.300537618869137546e+00
9.300537618869137546e+00
9.300537618869137546e+00
9.300537618869137546e+00
9.300537618869137546e+00
9.300537618869137546e+00
9.300537618869137546e+00
9.300537618869137546e+00
9.300537618869137546e+00
9.300537618869137546e+00
9.300537618869137546e+00
9.300537618869137546e+00
9.300537618869137546e+00
9.300537618869137546e+00
9.300537618869137546e+00
9.300537618869137546e+00
9.300537618869137546e+00
9.300537618869137546e+00
9.300537618869137546e+00
9.300537618869137546e+00
9.354143466934853990e+00
9.354143466934853990e+00
9.354143466934853990e+00
9.354143466934853990e+00
9.354143466934853990e+00
9.354143466934853990e+00
9.354143466934853990e+00
9.354143466934853990e+00
9.354143466934853990e+00
9.354143466934853990e+00
9.354143466934853990e+00
9.354143466934853990e+00
9.354143466934853990e+00
9.354143466934853990e+00
9.354143466934853990e+00
9.354143466934853990e+00
9.354143466934853990e+00
9.354143466934853990e+00
9.354143466934853990e+00
9.354143466934853990e+00
9.354143466934853990e+00
9.354143466934853990e+00
9.354143466934853990e+00
9.354143466934853990e+00
9.354143466934853990e+00
9.354143466934853990e+00
9.354143466934853990e+00
9.354143466934853990e+00
9.354143466934853990e+00
9.354143466934853990e+00
9.354143466934853990e+00
9.354143466934853990e+00
9.354143466934853990e+00
9.354143466934853990e+00
9.354143466934853990e+00
9.354143466934853990e+00
9.354143466934853990e+00
9.354143466934853990e+00
9.354143466934853990e+00
9.354143466934853990e+00
9.354143466934853990e+00
9.354143466934853990e+00
9.354143466934853990e+00
9.354143466934853990e+00
9.354143466934853990e+00
9.354143466934853990e+00
9.354143466934853990e+00
9.354143466934853990e+00
9.354143466934853990e+00
9.354143466934853990e+00
9.354143466934853990e+00
9.354143466934853990e+00
9.354143466934853990e+00
9.354143466934853990e+00
9.354143466934853990e+00
9.354143466934853990e+00
9.354143466934853990e+00
9.354143466934853990e+00
9.354143466934853990e+00
9.354143466934853990e+00
9.354143466934853990e+00
9.354143466934853990e+00
9.354143466934853990e+00
9.354143466934853990e+00
9.380831519646859462e+00
9.380831519646859462e+00
9.380831519646859462e+00
9.380831519646859462e+00
9.380831519646859462e+00
9.380831519646859462e+00
9.380831519646859462e+00
9.380831519646859462e+00
9.380831519646859462e+00
9.380831519646859462e+00
9.380831519646859462e+00
9.380831519646859462e+00
9.380831519646859462e+00
9.380831519646859462e+00
9.380831519646859462e+00
9.380831519646859462e+00
9.380831519646859462e+00
9.380831519646859462e+00
9.380831519646859462e+00
9.380831519646859462e+00
9.380831519646859462e+00
9.380831519646859462e+00
9.380831519646859462e+00
9.380831519646859462e+00
9.407443861113389261e+00
9.407443861113389261e+00
9.407443861113389261e+00
9.407443861113389261e+00
9.407443861113389261e+00
9.407443861113389261e+00
9.407443861113389261e+00
9.407443861113389261e+00
9.407443861113389261e+00
9.407443861113389261e+00
9.407443861113389261e+00
9.407443861113389261e+00
9.407443861113389261e+00
9.407443861113389261e+00
9.407443861113389261e+00
9.407443861113389261e+00
9.407443861113389261e+00
9.407443861113389261e+00
9.407443861113389261e+00
9.407443861113389261e+00
9.407443861113389261e+00
9.407443861113389261e+00
9.407443861113389261e+00
9.407443861113389261e+00
9.407443861113389261e+00
9.407443861113389261e+00
9.407443861113389261e+00
9.407443861113389261e+00
9.407443861113389261e+00
9.407443861113389261e+00
9.407443861113389261e+00
9.407443861113389261e+00
9.407443861113389261e+00
9.407443861113389261e+00
9.407443861113389261e+00
9.407443861113389261e+00
9.407443861113389261e+00
9.407443861113389261e+00
9.407443861113389261e+00
9.407443861113389261e+00
9.407443861113389261e+00
9.407443861113389261e+00
9.407443861113389261e+00
9.407443861113389261e+00
9.407443861113389261e+00
9.407443861113389261e+00
9.407443861113389261e+00
9.407443861113389261e+00
9.433981132056603158e+00
9.433981132056603158e+00
9.433981132056603158e+00
9.433981132056603158e+00
9.433981132056603158e+00
9.433981132056603158e+00
9.433981132056603158e+00
9.433981132056603158e+00
9.433981132056603158e+00
9.433981132056603158e+00
9.433981132056603158e+00
9.433981132056603158e+00
9.433981132056603158e+00
9.433981132056603158e+00
9.433981132056603158e+00
9.433981132056603158e+00
9.433981132056603158e+00
9.433981132056603158e+00
9.433981132056603158e+00
9.433981132056603158e+00
9.433981132056603158e+00
9.433981132056603158e+00
9.433981132056603158e+00
9.433981132056603158e+00
9.433981132056603158e+00
9.433981132056603158e+00
9.433981132056603158e+00
9.433981132056603158e+00
9.433981132056603158e+00
9.433981132056603158e+00
9.433981132056603158e+00
9.433981132056603158e+00
9.433981132056603158e+00
9.433981132056603158e+00
9.433981132056603158e+00
9.433981132056603158e+00
9.433981132056603158e+00
9.433981132056603158e+00
9.433981132056603158e+00
9.433981132056603158e+00
9.433981132056603158e+00
9.433981132056603158e+00
9.433981132056603158e+00
9.433981132056603158e+00
9.433981132056603158e+00
9.433981132056603158e+00
9.433981132056603158e+00
9.433981132056603158e+00
9.460443964212251089e+00
9.460443964212251089e+00
9.460443964212251089e+00
9.460443964212251089e+00
9.460443964212251089e+00
9.460443964212251089e+00
9.460443964212251089e+00
9.460443964212251089e+00
9.460443964212251089e+00
9.460443964212251089e+00
9.460443964212251089e+00
9.460443964212251089e+00
9.460443964212251089e+00
9.460443964212251089e+00
9.460443964212251089e+00
9.460443964212251089e+00
9.486832980505138124e+00
9.486832980505138124e+00
9.486832980505138124e+00
9.486832980505138124e+00
9.486832980505138124e+00
9.486832980505138124e+00
9.486832980505138124e+00
9.486832980505138124e+00
9.486832980505138124e+00
9.486832980505138124e+00
9.486832980505138124e+00
9.486832980505138124e+00
9.486832980505138124e+00
9.486832980505138124e+00
9.486832980505138124e+00
9.486832980505138124e+00
9.486832980505138124e+00
9.486832980505138124e+00
9.486832980505138124e+00
9.486832980505138124e+00
9.486832980505138124e+00
9.486832980505138124e+00
9.486832980505138124e+00
9.486832980505138124e+00
9.486832980505138124e+00
9.486832980505138124e+00
9.486832980505138124e+00
9.486832980505138124e+00
9.486832980505138124e+00
9.486832980505138124e+00
9.486832980505138124e+00
9.486832980505138124e+00
9.486832980505138124e+00
9.486832980505138124e+00
9.486832980505138124e+00
9.486832980505138124e+00
9.486832980505138124e+00
9.486832980505138124e+00
9.486832980505138124e+00
9.486832980505138124e+00
9.486832980505138124e+00
9.486832980505138124e+00
9.486832980505138124e+00
9.486832980505138124e+00
9.486832980505138124e+00
9.486832980505138124e+00
9.486832980505138124e+00
9.486832980505138124e+00
9.513148795220223164e+00
9.513148795220223164e+00
9.513148795220223164e+00
9.513148795220223164e+00
9.513148795220223164e+00
9.513148795220223164e+00
9.513148795220223164e+00
9.513148795220223164e+00
9.513148795220223164e+00
9.513148795220223164e+00
9.513148795220223164e+00
9.513148795220223164e+00
9.513148795220223164e+00
9.513148795220223164e+00
9.513148795220223164e+00
9.513148795220223164e+00
9.513148795220223164e+00
9.513148795220223164e+00
9.513148795220223164e+00
9.513148795220223164e+00
9.513148795220223164e+00
9.513148795220223164e+00
9.513148795220223164e+00
9.513148795220223164e+00
9.513148795220223164e+00
9.513148795220223164e+00
9.513148795220223164e+00
9.513148795220223164e+00
9.513148795220223164e+00
9.513148795220223164e+00
9.513148795220223164e+00
9.513148795220223164e+00
9.513148795220223164e+00
9.513148795220223164e+00
9.513148795220223164e+00
9.513148795220223164e+00
9.513148795220223164e+00
9.513148795220223164e+00
9.513148795220223164e+00
9.513148795220223164e+00
9.513148795220223164e+00
9.513148795220223164e+00
9.513148795220223164e+00
9.513148795220223164e+00
9.513148795220223164e+00
9.513148795220223164e+00
9.513148795220223164e+00
9.513148795220223164e+00
9.565563234854495889e+00
9.565563234854495889e+00
9.565563234854495889e+00
9.565563234854495889e+00
9.565563234854495889e+00
9.565563234854495889e+00
9.565563234854495889e+00
9.565563234854495889e+00
9.565563234854495889e+00
9.565563234854495889e+00
9.565563234854495889e+00
9.565563234854495889e+00
9.565563234854495889e+00
9.565563234854495889e+00
9.565563234854495889e+00
9.565563234854495889e+00
9.565563234854495889e+00
9.565563234854495889e+00
9.565563234854495889e+00
9.565563234854495889e+00
9.565563234854495889e+00
9.565563234854495889e+00
9.565563234854495889e+00
9.565563234854495889e+00
9.565563234854495889e+00
9.565563234854495889e+00
9.565563234854495889e+00
9.565563234854495889e+00
9.565563234854495889e+00
9.565563234854495889e+00
9.565563234854495889e+00
9.565563234854495889e+00
9.565563234854495889e+00
9.565563234854495889e+00
9.565563234854495889e+00
9.565563234854495889e+00
9.565563234854495889e+00
9.565563234854495889e+00
9.565563234854495889e+00
9.565563234854495889e+00
9.565563234854495889e+00
9.565563234854495889e+00
9.565563234854495889e+00
9.565563234854495889e+00
9.565563234854495889e+00
9.565563234854495889e+00
9.565563234854495889e+00
9.565563234854495889e+00
9.565563234854495889e+00
9.565563234854495889e+00
9.565563234854495889e+00
9.565563234854495889e+00
9.565563234854495889e+00
9.565563234854495889e+00
9.565563234854495889e+00
9.565563234854495889e+00
9.565563234854495889e+00
9.565563234854495889e+00
9.565563234854495889e+00
9.565563234854495889e+00
9.565563234854495889e+00
9.565563234854495889e+00
9.565563234854495889e+00
9.565563234854495889e+00
9.617692030835671702e+00
9.617692030835671702e+00
9.617692030835671702e+00
9.617692030835671702e+00
9.617692030835671702e+00
9.617692030835671702e+00
9.617692030835671702e+00
9.617692030835671702e+00
9.617692030835671702e+00
9.617692030835671702e+00
9.617692030835671702e+00
9.617692030835671702e+00
9.617692030835671702e+00
9.617692030835671702e+00
9.617692030835671702e+00
9.617692030835671702e+00
9.617692030835671702e+00
9.617692030835671702e+00
9.617692030835671702e+00
9.617692030835671702e+00
9.617692030835671702e+00
9.617692030835671702e+00
9.617692030835671702e+00
9.617692030835671702e+00
9.617692030835671702e+00
9.617692030835671702e+00
9.617692030835671702e+00
9.617692030835671702e+00
9.617692030835671702e+00
9.617692030835671702e+00
9.617692030835671702e+00
9.617692030835671702e+00
9.669539802906857773e+00
9.669539802906857773e+00
9.669539802906857773e+00
9.669539802906857773e+00
9.669539802906857773e+00
9.669539802906857773e+00
9.669539802906857773e+00
9.669539802906857773e+00
9.669539802906857773e+00
9.669539802906857773e+00
9.669539802906857773e+00
9.669539802906857773e+00
9.669539802906857773e+00
9.669539802906857773e+00
9.669539802906857773e+00
9.669539802906857773e+00
9.669539802906857773e+00
9.669539802906857773e+00
9.669539802906857773e+00
9.669539802906857773e+00
9.669539802906857773e+00
9.669539802906857773e+00
9.669539802906857773e+00
9.669539802906857773e+00
9.669539802906857773e+00
9.669539802906857773e+00
9.669539802906857773e+00
9.669539802906857773e+00
9.669539802906857773e+00
9.669539802906857773e+00
9.669539802906857773e+00
9.669539802906857773e+00
9.669539802906857773e+00
9.669539802906857773e+00
9.669539802906857773e+00
9.669539802906857773e+00
9.669539802906857773e+00
9.669539802906857773e+00
9.669539802906857773e+00
9.669539802906857773e+00
9.669539802906857773e+00
9.669539802906857773e+00
9.669539802906857773e+00
9.669539802906857773e+00
9.669539802906857773e+00
9.669539802906857773e+00
9.669539802906857773e+00
9.669539802906857773e+00
9.669539802906857773e+00
9.669539802906857773e+00
9.669539802906857773e+00
9.669539802906857773e+00
9.669539802906857773e+00
9.669539802906857773e+00
9.669539802906857773e+00
9.669539802906857773e+00
9.669539802906857773e+00
9.669539802906857773e+00
9.669539802906857773e+00
9.669539802906857773e+00
9.669539802906857773e+00
9.669539802906857773e+00
9.669539802906857773e+00
9.669539802906857773e+00
9.695359714832658682e+00
9.695359714832658682e+00
9.695359714832658682e+00
9.695359714832658682e+00
9.695359714832658682e+00
9.695359714832658682e+00
9.695359714832658682e+00
9.695359714832658682e+00
9.695359714832658682e+00
9.695359714832658682e+00
9.695359714832658682e+00
9.695359714832658682e+00
9.695359714832658682e+00
9.695359714832658682e+00
9.695359714832658682e+00
9.695359714832658682e+00
9.695359714832658682e+00
9.695359714832658682e+00
9.695359714832658682e+00
9.695359714832658682e+00
9.695359714832658682e+00
9.695359714832658682e+00
9.695359714832658682e+00
9.695359714832658682e+00
9.695359714832658682e+00
9.695359714832658682e+00
9.695359714832658682e+00
9.695359714832658682e+00
9.695359714832658682e+00
9.695359714832658682e+00
9.695359714832658682e+00
9.695359714832658682e+00
9.695359714832658682e+00
9.695359714832658682e+00
9.695359714832658682e+00
9.695359714832658682e+00
9.695359714832658682e+00
9.695359714832658682e+00
9.695359714832658682e+00
9.695359714832658682e+00
9.695359714832658682e+00
9.695359714832658682e+00
9.695359714832658682e+00
9.695359714832658682e+00
9.695359714832658682e+00
9.695359714832658682e+00
9.695359714832658682e+00
9.695359714832658682e+00
9.721111047611790568e+00
9.721111047611790568e+00
9.721111047611790568e+00
9.721111047611790568e+00
9.721111047611790568e+00
9.721111047611790568e+00
9.721111047611790568e+00
9.721111047611790568e+00
9.721111047611790568e+00
9.721111047611790568e+00
9.721111047611790568e+00
9.721111047611790568e+00
9.721111047611790568e+00
9.721111047611790568e+00
9.721111047611790568e+00
9.721111047611790568e+00
9.772410142846032599e+00
9.772410142846032599e+00
9.772410142846032599e+00
9.772410142846032599e+00
9.772410142846032599e+00
9.772410142846032599e+00
9.772410142846032599e+00
9.772410142846032599e+00
9.772410142846032599e+00
9.772410142846032599e+00
9.772410142846032599e+00
9.772410142846032599e+00
9.772410142846032599e+00
9.772410142846032599e+00
9.772410142846032599e+00
9.772410142846032599e+00
9.823441352194249632e+00
9.823441352194249632e+00
9.823441352194249632e+00
9.823441352194249632e+00
9.823441352194249632e+00
9.823441352194249632e+00
9.823441352194249632e+00
9.823441352194249632e+00
9.823441352194249632e+00
9.823441352194249632e+00
9.823441352194249632e+00
9.823441352194249632e+00
9.823441352194249632e+00
9.823441352194249632e+00
9.823441352194249632e+00
9.823441352194249632e+00
9.848857801796103928e+00
9.848857801796103928e+00
9.848857801796103928e+00
9.848857801796103928e+00
9.848857801796103928e+00
9.848857801796103928e+00
9.848857801796103928e+00
9.848857801796103928e+00
9.848857801796103928e+00
9.848857801796103928e+00
9.848857801796103928e+00
9.848857801796103928e+00
9.848857801796103928e+00
9.848857801796103928e+00
9.848857801796103928e+00
9.848857801796103928e+00
9.848857801796103928e+00
9.848857801796103928e+00
9.848857801796103928e+00
9.848857801796103928e+00
9.848857801796103928e+00
9.848857801796103928e+00
9.848857801796103928e+00
9.848857801796103928e+00
9.874208829065748816e+00
9.874208829065748816e+00
9.874208829065748816e+00
9.874208829065748816e+00
9.874208829065748816e+00
9.874208829065748816e+00
9.874208829065748816e+00
9.874208829065748816e+00
9.874208829065748816e+00
9.874208829065748816e+00
9.874208829065748816e+00
9.874208829065748816e+00
9.874208829065748816e+00
9.874208829065748816e+00
9.874208829065748816e+00
9.874208829065748816e+00
9.874208829065748816e+00
9.874208829065748816e+00
9.874208829065748816e+00
9.874208829065748816e+00
9.874208829065748816e+00
9.874208829065748816e+00
9.874208829065748816e+00
9.874208829065748816e+00
9.874208829065748816e+00
9.874208829065748816e+00
9.874208829065748816e+00
9.874208829065748816e+00
9.874208829065748816e+00
9.874208829065748816e+00
9.874208829065748816e+00
9.874208829065748816e+00
9.874208829065748816e+00
9.874208829065748816e+00
9.874208829065748816e+00
9.874208829065748816e+00
9.874208829065748816e+00
9.874208829065748816e+00
9.874208829065748816e+00
9.874208829065748816e+00
9.874208829065748816e+00
9.874208829065748816e+00
9.874208829065748816e+00
9.874208829065748816e+00
9.874208829065748816e+00
9.874208829065748816e+00
9.874208829065748816e+00
9.874208829065748816e+00
9.874208829065748816e+00
9.874208829065748816e+00
9.874208829065748816e+00
9.874208829065748816e+00
9.874208829065748816e+00
9.874208829065748816e+00
9.874208829065748816e+00
9.874208829065748816e+00
9.874208829065748816e+00
9.874208829065748816e+00
9.874208829065748816e+00
9.874208829065748816e+00
9.874208829065748816e+00
9.874208829065748816e+00
9.874208829065748816e+00
9.874208829065748816e+00
9.899494936611665352e+00
9.899494936611665352e+00
9.899494936611665352e+00
9.899494936611665352e+00
9.899494936611665352e+00
9.899494936611665352e+00
9.899494936611665352e+00
9.899494936611665352e+00
9.899494936611665352e+00
9.899494936611665352e+00
9.899494936611665352e+00
9.899494936611665352e+00
9.924716620639603804e+00
9.924716620639603804e+00
9.924716620639603804e+00
9.924716620639603804e+00
9.924716620639603804e+00
9.924716620639603804e+00
9.924716620639603804e+00
9.924716620639603804e+00
9.924716620639603804e+00
9.924716620639603804e+00
9.924716620639603804e+00
9.924716620639603804e+00
9.924716620639603804e+00
9.924716620639603804e+00
9.924716620639603804e+00
9.924716620639603804e+00
9.924716620639603804e+00
9.924716620639603804e+00
9.924716620639603804e+00
9.924716620639603804e+00
9.924716620639603804e+00
9.924716620639603804e+00
9.924716620639603804e+00
9.924716620639603804e+00
9.924716620639603804e+00
9.924716620639603804e+00
9.924716620639603804e+00
9.924716620639603804e+00
9.924716620639603804e+00
9.924716620639603804e+00
9.924716620639603804e+00
9.924716620639603804e+00
9.924716620639603804e+00
9.924716620639603804e+00
9.924716620639603804e+00
9.924716620639603804e+00
9.924716620639603804e+00
9.924716620639603804e+00
9.924716620639603804e+00
9.924716620639603804e+00
9.924716620639603804e+00
9.924716620639603804e+00
9.924716620639603804e+00
9.924716620639603804e+00
9.924716620639603804e+00
9.924716620639603804e+00
9.924716620639603804e+00
9.924716620639603804e+00
9.924716620639603804e+00
9.924716620639603804e+00
9.924716620639603804e+00
9.924716620639603804e+00
9.924716620639603804e+00
9.924716620639603804e+00
9.924716620639603804e+00
9.924716620639603804e+00
9.949874371066199430e+00
9.949874371066199430e+00
9.949874371066199430e+00
9.949874371066199430e+00
9.949874371066199430e+00
9.949874371066199430e+00
9.949874371066199430e+00
9.949874371066199430e+00
9.949874371066199430e+00
9.949874371066199430e+00
9.949874371066199430e+00
9.949874371066199430e+00
9.949874371066199430e+00
9.949874371066199430e+00
9.949874371066199430e+00
9.949874371066199430e+00
9.949874371066199430e+00
9.949874371066199430e+00
9.949874371066199430e+00
9.949874371066199430e+00
9.949874371066199430e+00
9.949874371066199430e+00
9.949874371066199430e+00
9.949874371066199430e+00
9.949874371066199430e+00
9.949874371066199430e+00
9.949874371066199430e+00
9.949874371066199430e+00
9.949874371066199430e+00
9.949874371066199430e+00
9.949874371066199430e+00
9.949874371066199430e+00
9.949874371066199430e+00
9.949874371066199430e+00
9.949874371066199430e+00
9.949874371066199430e+00
9.949874371066199430e+00
9.949874371066199430e+00
9.949874371066199430e+00
9.949874371066199430e+00
9.949874371066199430e+00
9.949874371066199430e+00
9.949874371066199430e+00
9.949874371066199430e+00
9.949874371066199430e+00
9.949874371066199430e+00
9.949874371066199430e+00
9.949874371066199430e+00
9.974968671630001893e+00
9.974968671630001893e+00
9.974968671630001893e+00
9.974968671630001893e+00
9.974968671630001893e+00
9.974968671630001893e+00
9.974968671630001893e+00
9.974968671630001893e+00
9.974968671630001893e+00
9.974968671630001893e+00
9.974968671630001893e+00
9.974968671630001893e+00
9.974968671630001893e+00
9.974968671630001893e+00
9.974968671630001893e+00
9.974968671630001893e+00
9.974968671630001893e+00
9.974968671630001893e+00
9.974968671630001893e+00
9.974968671630001893e+00
9.974968671630001893e+00
9.974968671630001893e+00
9.974968671630001893e+00
9.974968671630001893e+00
9.974968671630001893e+00
9.974968671630001893e+00
9.974968671630001893e+00
9.974968671630001893e+00
9.974968671630001893e+00
9.974968671630001893e+00
9.974968671630001893e+00
9.974968671630001893e+00
9.974968671630001893e+00
9.974968671630001893e+00
9.974968671630001893e+00
9.974968671630001893e+00
9.974968671630001893e+00
9.974968671630001893e+00
9.974968671630001893e+00
9.974968671630001893e+00
9.974968671630001893e+00
9.974968671630001893e+00
9.974968671630001893e+00
9.974968671630001893e+00
9.974968671630001893e+00
9.974968671630001893e+00
9.974968671630001893e+00
9.974968671630001893e+00
1.002496882788171106e+01
1.002496882788171106e+01
1.002496882788171106e+01
1.002496882788171106e+01
1.002496882788171106e+01
1.002496882788171106e+01
1.002496882788171106e+01
1.002496882788171106e+01
1.002496882788171106e+01
1.002496882788171106e+01
1.002496882788171106e+01
1.002496882788171106e+01
1.002496882788171106e+01
1.002496882788171106e+01
1.002496882788171106e+01
1.002496882788171106e+01
1.004987562112088995e+01
1.004987562112088995e+01
1.004987562112088995e+01
1.004987562112088995e+01
1.004987562112088995e+01
1.004987562112088995e+01
1.004987562112088995e+01
1.004987562112088995e+01
1.004987562112088995e+01
1.004987562112088995e+01
1.004987562112088995e+01
1.004987562112088995e+01
1.004987562112088995e+01
1.004987562112088995e+01
1.004987562112088995e+01
1.004987562112088995e+01
1.004987562112088995e+01
1.004987562112088995e+01
1.004987562112088995e+01
1.004987562112088995e+01
1.004987562112088995e+01
1.004987562112088995e+01
1.004987562112088995e+01
1.004987562112088995e+01
1.004987562112088995e+01
1.004987562112088995e+01
1.004987562112088995e+01
1.004987562112088995e+01
1.004987562112088995e+01
1.004987562112088995e+01
1.004987562112088995e+01
1.004987562112088995e+01
1.004987562112088995e+01
1.004987562112088995e+01
1.004987562112088995e+01
1.004987562112088995e+01
1.004987562112088995e+01
1.004987562112088995e+01
1.004987562112088995e+01
1.004987562112088995e+01
1.004987562112088995e+01
1.004987562112088995e+01
1.004987562112088995e+01
1.004987562112088995e+01
1.004987562112088995e+01
1.004987562112088995e+01
1.004987562112088995e+01
1.004987562112088995e+01
1.007472083980494304e+01
1.007472083980494304e+01
1.007472083980494304e+01
1.007472083980494304e+01
1.007472083980494304e+01
1.007472083980494304e+01
1.007472083980494304e+01
1.007472083980494304e+01
1.007472083980494304e+01
1.007472083980494304e+01
1.007472083980494304e+01
1.007472083980494304e+01
1.007472083980494304e+01
1.007472083980494304e+01
1.007472083980494304e+01
1.007472083980494304e+01
1.009950493836207741e+01
1.009950493836207741e+01
1.009950493836207741e+01
1.009950493836207741e+01
1.009950493836207741e+01
1.009950493836207741e+01
1.009950493836207741e+01
1.009950493836207741e+01
1.009950493836207741e+01
1.009950493836207741e+01
1.009950493836207741e+01
1.009950493836207741e+01
1.009950493836207741e+01
1.009950493836207741e+01
1.009950493836207741e+01
1.009950493836207741e+01
1.009950493836207741e+01
1.009950493836207741e+01
1.009950493836207741e+01
1.009950493836207741e+01
1.009950493836207741e+01
1.009950493836207741e+01
1.009950493836207741e+01
1.009950493836207741e+01
1.012422836565829343e+01
1.012422836565829343e+01
1.012422836565829343e+01
1.012422836565829343e+01
1.012422836565829343e+01
1.012422836565829343e+01
1.012422836565829343e+01
1.012422836565829343e+01
1.012422836565829343e+01
1.012422836565829343e+01
1.012422836565829343e+01
1.012422836565829343e+01
1.012422836565829343e+01
1.012422836565829343e+01
1.012422836565829343e+01
1.012422836565829343e+01
1.012422836565829343e+01
1.012422836565829343e+01
1.012422836565829343e+01
1.012422836565829343e+01
1.012422836565829343e+01
1.012422836565829343e+01
1.012422836565829343e+01
1.012422836565829343e+01
1.012422836565829343e+01
1.012422836565829343e+01
1.012422836565829343e+01
1.012422836565829343e+01
1.012422836565829343e+01
1.012422836565829343e+01
1.012422836565829343e+01
1.012422836565829343e+01
1.017349497468790176e+01
1.017349497468790176e+01
1.017349497468790176e+01
1.017349497468790176e+01
1.017349497468790176e+01
1.017349497468790176e+01
1.017349497468790176e+01
1.017349497468790176e+01
1.017349497468790176e+01
1.017349497468790176e+01
1.017349497468790176e+01
1.017349497468790176e+01
1.017349497468790176e+01
1.017349497468790176e+01
1.017349497468790176e+01
1.017349497468790176e+01
1.017349497468790176e+01
1.017349497468790176e+01
1.017349497468790176e+01
1.017349497468790176e+01
1.017349497468790176e+01
1.017349497468790176e+01
1.017349497468790176e+01
1.017349497468790176e+01
1.017349497468790176e+01
1.017349497468790176e+01
1.017349497468790176e+01
1.017349497468790176e+01
1.017349497468790176e+01
1.017349497468790176e+01
1.017349497468790176e+01
1.017349497468790176e+01
1.022252415013043603e+01
1.022252415013043603e+01
1.022252415013043603e+01
1.022252415013043603e+01
1.022252415013043603e+01
1.022252415013043603e+01
1.022252415013043603e+01
1.022252415013043603e+01
1.022252415013043603e+01
1.022252415013043603e+01
1.022252415013043603e+01
1.022252415013043603e+01
1.022252415013043603e+01
1.022252415013043603e+01
1.022252415013043603e+01
1.022252415013043603e+01
1.027131929208706929e+01
1.027131929208706929e+01
1.027131929208706929e+01
1.027131929208706929e+01
1.027131929208706929e+01
1.027131929208706929e+01
1.027131929208706929e+01
1.027131929208706929e+01
1.027131929208706929e+01
1.027131929208706929e+01
1.027131929208706929e+01
1.027131929208706929e+01
1.027131929208706929e+01
1.027131929208706929e+01
1.027131929208706929e+01
1.027131929208706929e+01
1.034408043278860134e+01
1.034408043278860134e+01
1.034408043278860134e+01
1.034408043278860134e+01
1.034408043278860134e+01
1.034408043278860134e+01
1.034408043278860134e+01
1.034408043278860134e+01
1.034408043278860134e+01
1.034408043278860134e+01
1.034408043278860134e+01
1.034408043278860134e+01
1.034408043278860134e+01
1.034408043278860134e+01
1.034408043278860134e+01
1.034408043278860134e+01
1.034408043278860134e+01
1.034408043278860134e+01
1.034408043278860134e+01
1.034408043278860134e+01
1.034408043278860134e+01
1.034408043278860134e+01
1.034408043278860134e+01
1.034408043278860134e+01
1.036822067666386005e+01
1.036822067666386005e+01
1.036822067666386005e+01
1.036822067666386005e+01
1.036822067666386005e+01
1.036822067666386005e+01
1.036822067666386005e+01
1.036822067666386005e+01
1.036822067666386005e+01
1.036822067666386005e+01
1.036822067666386005e+01
1.036822067666386005e+01
1.036822067666386005e+01
1.036822067666386005e+01
1.036822067666386005e+01
1.036822067666386005e+01
1.036822067666386005e+01
1.036822067666386005e+01
1.036822067666386005e+01
1.036822067666386005e+01
1.036822067666386005e+01
1.036822067666386005e+01
1.036822067666386005e+01
1.036822067666386005e+01
1.036822067666386005e+01
1.036822067666386005e+01
1.036822067666386005e+01
1.036822067666386005e+01
1.036822067666386005e+01
1.036822067666386005e+01
1.036822067666386005e+01
1.036822067666386005e+01
1.039230484541326405e+01
1.039230484541326405e+01
1.039230484541326405e+01
1.039230484541326405e+01
1.039230484541326405e+01
1.039230484541326405e+01
1.039230484541326405e+01
1.039230484541326405e+01
1.041633332799982981e+01
1.041633332799982981e+01
1.041633332799982981e+01
1.041633332799982981e+01
1.041633332799982981e+01
1.041633332799982981e+01
1.041633332799982981e+01
1.041633332799982981e+01
1.041633332799982981e+01
1.041633332799982981e+01
1.041633332799982981e+01
1.041633332799982981e+01
1.041633332799982981e+01
1.041633332799982981e+01
1.041633332799982981e+01
1.041633332799982981e+01
1.041633332799982981e+01
1.041633332799982981e+01
1.041633332799982981e+01
1.041633332799982981e+01
1.041633332799982981e+01
1.041633332799982981e+01
1.041633332799982981e+01
1.041633332799982981e+01
1.041633332799982981e+01
1.041633332799982981e+01
1.041633332799982981e+01
1.041633332799982981e+01
1.041633332799982981e+01
1.041633332799982981e+01
1.041633332799982981e+01
1.041633332799982981e+01
1.046422476822817416e+01
1.046422476822817416e+01
1.046422476822817416e+01
1.046422476822817416e+01
1.046422476822817416e+01
1.046422476822817416e+01
1.046422476822817416e+01
1.046422476822817416e+01
1.046422476822817416e+01
1.046422476822817416e+01
1.046422476822817416e+01
1.046422476822817416e+01
1.046422476822817416e+01
1.046422476822817416e+01
1.046422476822817416e+01
1.046422476822817416e+01
1.046422476822817416e+01
1.046422476822817416e+01
1.046422476822817416e+01
1.046422476822817416e+01
1.046422476822817416e+01
1.046422476822817416e+01
1.046422476822817416e+01
1.046422476822817416e+01
1.046422476822817416e+01
1.046422476822817416e+01
1.046422476822817416e+01
1.046422476822817416e+01
1.046422476822817416e+01
1.046422476822817416e+01
1.046422476822817416e+01
1.046422476822817416e+01
1.048808848170151542e+01
1.048808848170151542e+01
1.048808848170151542e+01
1.048808848170151542e+01
1.048808848170151542e+01
1.048808848170151542e+01
1.048808848170151542e+01
1.048808848170151542e+01
1.048808848170151542e+01
1.048808848170151542e+01
1.048808848170151542e+01
1.048808848170151542e+01
1.048808848170151542e+01
1.048808848170151542e+01
1.048808848170151542e+01
1.048808848170151542e+01
1.048808848170151542e+01
1.048808848170151542e+01
1.048808848170151542e+01
1.048808848170151542e+01
1.048808848170151542e+01
1.048808848170151542e+01
1.048808848170151542e+01
1.048808848170151542e+01
1.048808848170151542e+01
1.048808848170151542e+01
1.048808848170151542e+01
1.048808848170151542e+01
1.048808848170151542e+01
1.048808848170151542e+01
1.048808848170151542e+01
1.048808848170151542e+01
1.048808848170151542e+01
1.048808848170151542e+01
1.048808848170151542e+01
1.048808848170151542e+01
1.048808848170151542e+01
1.048808848170151542e+01
1.048808848170151542e+01
1.048808848170151542e+01
1.048808848170151542e+01
1.048808848170151542e+01
1.048808848170151542e+01
1.048808848170151542e+01
1.048808848170151542e+01
1.048808848170151542e+01
1.048808848170151542e+01
1.048808848170151542e+01
1.055935604097143710e+01
1.055935604097143710e+01
1.055935604097143710e+01
1.055935604097143710e+01
1.055935604097143710e+01
1.055935604097143710e+01
1.055935604097143710e+01
1.055935604097143710e+01
1.055935604097143710e+01
1.055935604097143710e+01
1.055935604097143710e+01
1.055935604097143710e+01
1.055935604097143710e+01
1.055935604097143710e+01
1.055935604097143710e+01
1.055935604097143710e+01
1.055935604097143710e+01
1.055935604097143710e+01
1.055935604097143710e+01
1.055935604097143710e+01
1.055935604097143710e+01
1.055935604097143710e+01
1.055935604097143710e+01
1.055935604097143710e+01
1.055935604097143710e+01
1.055935604097143710e+01
1.055935604097143710e+01
1.055935604097143710e+01
1.055935604097143710e+01
1.055935604097143710e+01
1.055935604097143710e+01
1.055935604097143710e+01
1.055935604097143710e+01
1.055935604097143710e+01
1.055935604097143710e+01
1.055935604097143710e+01
1.055935604097143710e+01
1.055935604097143710e+01
1.055935604097143710e+01
1.055935604097143710e+01
1.055935604097143710e+01
1.055935604097143710e+01
1.055935604097143710e+01
1.055935604097143710e+01
1.055935604097143710e+01
1.055935604097143710e+01
1.055935604097143710e+01
1.055935604097143710e+01
1.055935604097143710e+01
1.055935604097143710e+01
1.055935604097143710e+01
1.055935604097143710e+01
1.055935604097143710e+01
1.055935604097143710e+01
1.055935604097143710e+01
1.055935604097143710e+01
1.055935604097143710e+01
1.055935604097143710e+01
1.055935604097143710e+01
1.055935604097143710e+01
1.055935604097143710e+01
1.055935604097143710e+01
1.055935604097143710e+01
1.055935604097143710e+01
1.060660171779821326e+01
1.060660171779821326e+01
1.060660171779821326e+01
1.060660171779821326e+01
1.060660171779821326e+01
1.060660171779821326e+01
1.060660171779821326e+01
1.060660171779821326e+01
1.060660171779821326e+01
1.060660171779821326e+01
1.060660171779821326e+01
1.060660171779821326e+01
1.060660171779821326e+01
1.060660171779821326e+01
1.060660171779821326e+01
1.060660171779821326e+01
1.060660171779821326e+01
1.060660171779821326e+01
1.065363787633125803e+01
1.065363787633125803e+01
1.065363787633125803e+01
1.065363787633125803e+01
1.067707825203131122e+01
1.067707825203131122e+01
1.067707825203131122e+01
1.067707825203131122e+01
1.067707825203131122e+01
1.067707825203131122e+01
1.067707825203131122e+01
1.067707825203131122e+01
1.067707825203131122e+01
1.067707825203131122e+01
1.067707825203131122e+01
1.067707825203131122e+01
1.067707825203131122e+01
1.067707825203131122e+01
1.067707825203131122e+01
1.067707825203131122e+01
1.067707825203131122e+01
1.067707825203131122e+01
1.067707825203131122e+01
1.067707825203131122e+01
1.067707825203131122e+01
1.067707825203131122e+01
1.067707825203131122e+01
1.067707825203131122e+01
1.070046727951634757e+01
1.070046727951634757e+01
1.070046727951634757e+01
1.070046727951634757e+01
1.070046727951634757e+01
1.070046727951634757e+01
1.070046727951634757e+01
1.070046727951634757e+01
1.070046727951634757e+01
1.070046727951634757e+01
1.070046727951634757e+01
1.070046727951634757e+01
1.070046727951634757e+01
1.070046727951634757e+01
1.070046727951634757e+01
1.070046727951634757e+01
1.079351657246145102e+01
1.079351657246145102e+01
1.079351657246145102e+01
1.079351657246145102e+01
1.083974169433940027e+01
1.083974169433940027e+01
1.083974169433940027e+01
1.083974169433940027e+01
1.083974169433940027e+01
1.083974169433940027e+01
1.083974169433940027e+01
1.083974169433940027e+01
1.083974169433940027e+01
1.083974169433940027e+01
1.083974169433940027e+01
1.083974169433940027e+01
1.083974169433940027e+01
1.083974169433940027e+01
1.083974169433940027e+01
1.083974169433940027e+01
1.097724920005007476e+01
1.097724920005007476e+01
1.097724920005007476e+01
1.097724920005007476e+01
1.097724920005007476e+01
1.097724920005007476e+01
1.097724920005007476e+01
1.097724920005007476e+01
1.097724920005007476e+01
1.097724920005007476e+01
1.097724920005007476e+01
1.097724920005007476e+01
1.097724920005007476e+01
1.097724920005007476e+01
1.097724920005007476e+01
1.097724920005007476e+01
1.100000000000000000e+01
1.100000000000000000e+01
1.100000000000000000e+01
1.100000000000000000e+01
1.100000000000000000e+01
1.100000000000000000e+01
1.100000000000000000e+01
1.100000000000000000e+01
1.100000000000000000e+01
1.100000000000000000e+01
1.100000000000000000e+01
1.100000000000000000e+01
1.100000000000000000e+01
1.100000000000000000e+01
1.100000000000000000e+01
1.100000000000000000e+01
1.100000000000000000e+01
1.100000000000000000e+01
1.100000000000000000e+01
1.100000000000000000e+01
1.100000000000000000e+01
1.100000000000000000e+01
1.100000000000000000e+01
1.100000000000000000e+01
1.102270384252430091e+01
1.102270384252430091e+01
1.102270384252430091e+01
1.102270384252430091e+01
1.102270384252430091e+01
1.102270384252430091e+01
1.102270384252430091e+01
1.102270384252430091e+01
1.102270384252430091e+01
1.102270384252430091e+01
1.102270384252430091e+01
1.102270384252430091e+01
1.102270384252430091e+01
1.102270384252430091e+01
1.102270384252430091e+01
1.102270384252430091e+01
1.102270384252430091e+01
1.102270384252430091e+01
1.102270384252430091e+01
1.102270384252430091e+01
1.102270384252430091e+01
1.102270384252430091e+01
1.102270384252430091e+01
1.102270384252430091e+01
1.102270384252430091e+01
1.102270384252430091e+01
1.102270384252430091e+01
1.102270384252430091e+01
1.102270384252430091e+01
1.102270384252430091e+01
1.102270384252430091e+01
1.102270384252430091e+01
1.102270384252430091e+01
1.102270384252430091e+01
1.102270384252430091e+01
1.102270384252430091e+01
1.106797181058932722e+01
1.106797181058932722e+01
1.106797181058932722e+01
1.106797181058932722e+01
1.106797181058932722e+01
1.106797181058932722e+01
1.106797181058932722e+01
1.106797181058932722e+01
1.106797181058932722e+01
1.106797181058932722e+01
1.106797181058932722e+01
1.106797181058932722e+01
1.106797181058932722e+01
1.106797181058932722e+01
1.106797181058932722e+01
1.106797181058932722e+01
1.109053650640941768e+01
1.109053650640941768e+01
1.109053650640941768e+01
1.109053650640941768e+01
1.109053650640941768e+01
1.109053650640941768e+01
1.109053650640941768e+01
1.109053650640941768e+01
1.109053650640941768e+01
1.109053650640941768e+01
1.109053650640941768e+01
1.109053650640941768e+01
1.109053650640941768e+01
1.109053650640941768e+01
1.109053650640941768e+01
1.109053650640941768e+01
1.109053650640941768e+01
1.109053650640941768e+01
1.109053650640941768e+01
1.109053650640941768e+01
1.109053650640941768e+01
1.109053650640941768e+01
1.109053650640941768e+01
1.109053650640941768e+01
1.111305538544643490e+01
1.111305538544643490e+01
1.111305538544643490e+01
1.111305538544643490e+01
1.111305538544643490e+01
1.111305538544643490e+01
1.111305538544643490e+01
1.111305538544643490e+01
1.111305538544643490e+01
1.111305538544643490e+01
1.111305538544643490e+01
1.111305538544643490e+01
1.111305538544643490e+01
1.111305538544643490e+01
1.111305538544643490e+01
1.111305538544643490e+01
1.120267825120403948e+01
1.120267825120403948e+01
1.120267825120403948e+01
1.120267825120403948e+01
1.120267825120403948e+01
1.120267825120403948e+01
1.120267825120403948e+01
1.120267825120403948e+01
1.120267825120403948e+01
1.120267825120403948e+01
1.120267825120403948e+01
1.120267825120403948e+01
1.120267825120403948e+01
1.120267825120403948e+01
1.120267825120403948e+01
1.120267825120403948e+01
1.133578404875463441e+01
1.133578404875463441e+01
1.133578404875463441e+01
1.133578404875463441e+01
1.155422000829134355e+01
1.155422000829134355e+01
1.155422000829134355e+01
1.155422000829134355e+01
1.155422000829134355e+01
1.155422000829134355e+01
1.155422000829134355e+01
1.155422000829134355e+01
1.155422000829134355e+01
1.155422000829134355e+01
1.155422000829134355e+01
1.155422000829134355e+01
1.155422000829134355e+01
1.155422000829134355e+01
1.155422000829134355e+01
1.155422000829134355e+01
1.157583690279022548e+01
1.157583690279022548e+01
1.157583690279022548e+01
1.157583690279022548e+01
1.157583690279022548e+01
1.157583690279022548e+01
1.157583690279022548e+01
1.157583690279022548e+01
1.157583690279022548e+01
1.157583690279022548e+01
1.157583690279022548e+01
1.157583690279022548e+01
1.157583690279022548e+01
1.157583690279022548e+01
1.157583690279022548e+01
1.157583690279022548e+01
1.157583690279022548e+01
1.157583690279022548e+01
1.157583690279022548e+01
1.157583690279022548e+01
1.157583690279022548e+01
1.157583690279022548e+01
1.157583690279022548e+01
1.157583690279022548e+01
1.159741350474320143e+01
1.159741350474320143e+01
1.159741350474320143e+01
1.159741350474320143e+01
1.159741350474320143e+01
1.159741350474320143e+01
1.159741350474320143e+01
1.159741350474320143e+01
1.159741350474320143e+01
1.159741350474320143e+01
1.159741350474320143e+01
1.159741350474320143e+01
1.159741350474320143e+01
1.159741350474320143e+01
1.159741350474320143e+01
1.159741350474320143e+01
1.164044672682281600e+01
1.164044672682281600e+01
1.164044672682281600e+01
1.164044672682281600e+01
1.164044672682281600e+01
1.164044672682281600e+01
1.164044672682281600e+01
1.164044672682281600e+01
1.164044672682281600e+01
1.164044672682281600e+01
1.164044672682281600e+01
1.164044672682281600e+01
1.164044672682281600e+01
1.164044672682281600e+01
1.164044672682281600e+01
1.164044672682281600e+01
1.172603939955857477e+01
1.172603939955857477e+01
1.172603939955857477e+01
1.172603939955857477e+01
1.212435565298214080e+01
1.212435565298214080e+01
1.212435565298214080e+01
1.212435565298214080e+01
1.212435565298214080e+01
1.212435565298214080e+01
1.212435565298214080e+01
1.212435565298214080e+01
1.214495780149111859e+01
1.214495780149111859e+01
1.214495780149111859e+01
1.214495780149111859e+01
1.214495780149111859e+01
1.214495780149111859e+01
1.214495780149111859e+01
1.214495780149111859e+01
1.214495780149111859e+01
1.214495780149111859e+01
1.214495780149111859e+01
1.214495780149111859e+01
1.214495780149111859e+01
1.214495780149111859e+01
1.214495780149111859e+01
1.214495780149111859e+01
1.218605760695394125e+01
1.218605760695394125e+01
1.218605760695394125e+01
1.218605760695394125e+01
1.270826502713883421e+01
1.270826502713883421e+01
1.270826502713883421e+01
1.270826502713883421e+01
