0.0 0.0 0.0 -5.41186632333469
0.0 0.0 0.0 -5.411866323334671
0.0 0.0 0.0 -4.942268271254438
0.0 0.0 0.0 -4.942268271254436
0.0 0.0 0.0 -4.885069697148339
0.0 0.0 0.0 -4.885069697148327
0.0 0.0 0.0 -4.8483496672636495
0.0 0.0 0.0 -4.848349667263647
0.0 0.0 0.0 -4.410243518420388
0.0 0.0 0.0 -4.410243518420372
0.0 0.0 0.0 -4.323842152425812
0.0 0.0 0.0 -4.323842152425784
0.0 0.0 0.0 -4.270680009791003
0.0 0.0 0.0 -4.270680009790984
0.0 0.0 0.0 -3.6745758474980637
0.0 0.0 0.0 -3.6745758474980477
0.0 0.0 0.0 -1.1148683324109032
0.0 0.0 0.0 -1.114868332410903
0.0 0.0 0.0 -0.9760251923462472
0.0 0.0 0.0 -0.9760251923462394
0.0 0.0 0.0 -0.9207409081839844
0.0 0.0 0.0 -0.920740908183977
0.0 0.0 0.0 -0.8603537644360679
0.0 0.0 0.0 -0.8603537644360648
0.0 0.0 0.0 -0.8280922721264578
0.0 0.0 0.0 -0.8280922721264571
0.0 0.0 0.0 -0.7784580884743142
0.0 0.0 0.0 -0.7784580884743073
0.0 0.0 0.0 -0.7418266338065934
0.0 0.0 0.0 -0.7418266338065873
0.0 0.0 0.0 -0.6850941608199235
0.0 0.0 0.0 -0.68509416081992
0.0 0.0 0.0 -0.6611345496665264
0.0 0.0 0.0 -0.6611345496665255
0.0 0.0 0.0 -0.5947137083724684
0.0 0.0 0.0 -0.5947137083724655
0.0 0.0 0.0 -0.4922316315916283
0.0 0.0 0.0 -0.4922316315916266
0.0 0.0 0.0 -0.4380136102933395
0.0 0.0 0.0 -0.4380136102933387
0.0 0.0 0.0 0.4332207375721273
0.0 0.0 0.0 0.4332207375721278
0.0 0.0 0.0 0.47834734759655423
0.0 0.0 0.0 0.47834734759656966
0.0 0.0 0.0 0.5472875439570449
0.0 0.0 0.0 0.5472875439570477
0.0 0.0 0.0 0.5961276290489276
0.0 0.0 0.0 0.5961276290489289
0.0 0.0 0.0 0.6302955298392511
0.0 0.0 0.0 0.6302955298392516
0.0 0.0 0.0 0.6618544112469428
0.0 0.0 0.0 0.6618544112469443
0.0 0.0 0.0 0.6865022251583297
0.0 0.0 0.0 0.686502225158331
0.0 0.0 0.0 0.7264890282512285
0.0 0.0 0.0 0.726489028251232
0.0 0.0 0.0 0.7522654477578167
0.0 0.0 0.0 0.7522654477578192
0.0 0.0 0.0 0.7784131726144978
0.0 0.0 0.0 0.7784131726144985
0.0 0.0 0.0 0.7942850297983332
0.0 0.0 0.0 0.7942850297983367
0.0 0.0 0.0 0.8218602995932763
0.0 0.0 0.0 0.8218602995932772
0.0 0.0 0.0 0.8368398117334342
0.0 0.0 0.0 0.8368398117334358
0.0 0.0 0.0 0.8542377439411188
0.0 0.0 0.0 0.8542377439411212
0.0 0.0 0.0 0.8722288247366836
0.0 0.0 0.0 0.8722288247366863
0.0 0.0 0.0 0.8876037743697943
0.0 0.0 0.0 0.8876037743697961
0.0 0.0 0.0 0.9196469293176138
0.0 0.0 0.0 0.919646929317616
0.0 0.0 0.0 0.9329999626673071
0.0 0.0 0.0 0.9329999626673122
0.0 0.0 0.0 0.9462259031823985
0.0 0.0 0.0 0.9462259031823992
0.0 0.0 0.0 0.9727023070112017
0.0 0.0 0.0 0.9727023070112025
0.0 0.0 0.0 0.9836118871732358
0.0 0.0 0.0 0.9836118871732372
0.0 0.0 0.0 0.9967928373053752
0.0 0.0 0.0 0.9967928373053768
0.0 0.0 0.0 1.0095597924489712
0.0 0.0 0.0 1.0095597924489723
0.0 0.0 0.0 1.0236917494790083
0.0 0.0 0.0 1.0236917494790103
0.0 0.0 0.0 1.0404594178373745
0.0 0.0 0.0 1.040459417837377
0.0 0.0 0.0 1.057608153370962
0.0 0.0 0.0 1.0576081533709636
0.0 0.0 0.0 1.0651094358841517
0.0 0.0 0.0 1.0651094358841526
0.0 0.0 0.0 1.080486107290142
0.0 0.0 0.0 1.0804861072901433
0.0 0.0 0.0 1.0944821850524535
0.0 0.0 0.0 1.0944821850524544
0.0 0.0 0.0 1.1043489219854776
0.0 0.0 0.0 1.1043489219854792
0.0 0.0 0.0 1.1134322369892709
0.0 0.0 0.0 1.1134322369892722
0.0 0.0 0.0 1.1374336327899417
0.0 0.0 0.0 1.1374336327899424
0.0 0.0 0.0 1.1485304394118365
0.0 0.0 0.0 1.148530439411838
0.0 0.0 0.0 1.1690214979156477
0.0 0.0 0.0 1.1690214979156532
0.0 0.0 0.0 1.1792336224048783
0.0 0.0 0.0 1.1792336224048785
0.0 0.0 0.0 1.2006570887130563
0.0 0.0 0.0 1.2006570887130572
0.0 0.0 0.0 1.2141770228837974
0.0 0.0 0.0 1.2141770228838005
0.0 0.0 0.0 1.2274187747005751
0.0 0.0 0.0 1.2274187747005805
0.0 0.0 0.0 1.2453740697225213
0.0 0.0 0.0 1.245374069722524
0.0 0.0 0.0 1.2712069642748076
0.0 0.0 0.0 1.271206964274808
0.0 0.0 0.0 1.2818552194529282
0.0 0.0 0.0 1.2818552194529298
0.0 0.0 0.0 1.2966889774180184
0.0 0.0 0.0 1.296688977418021
0.0 0.0 0.0 1.312060230834346
0.0 0.0 0.0 1.3120602308343468
0.0 0.0 0.0 1.3194058587652377
0.0 0.0 0.0 1.3194058587652386
0.0 0.0 0.0 1.3251051164477308
0.0 0.0 0.0 1.325105116447732
0.0 0.0 0.0 1.3328291473222997
0.0 0.0 0.0 1.332829147322302
0.0 0.0 0.0 1.3411794804828658
0.0 0.0 0.0 1.3411794804828663
0.0 0.0 0.0 1.3496532862140127
0.0 0.0 0.0 1.3496532862140198
0.0 0.0 0.0 1.3822838048830395
0.0 0.0 0.0 1.3822838048830433
0.0 0.0 0.0 1.3959971905874893
0.0 0.0 0.0 1.3959971905874904
0.0 0.0 0.0 1.4222186758153121
0.0 0.0 0.0 1.4222186758153157
0.0 0.0 0.0 1.4423263356629896
0.0 0.0 0.0 1.442326335663
0.0 0.0 0.0 1.492179124017142
0.0 0.0 0.0 1.4921791240171427
0.0 0.0 0.0 1.852818603678156
0.0 0.0 0.0 1.8528186036781582
0.0 0.0 0.0 1.950323641057159
0.0 0.0 0.0 1.9503236410571652
0.0 0.0 0.0 2.0008078375728844
0.0 0.0 0.0 2.000807837572887
0.0 0.0 0.0 2.4919719829061595
0.0 0.0 0.0 2.491971982906161
0.0 0.0 0.0 2.507401103907696
0.0 0.0 0.0 2.507401103907702
0.0 0.0 0.0 2.5773733410252277
0.0 0.0 0.0 2.57737334102523
0.0 0.0 0.0 3.0060155567814557
0.0 0.0 0.0 3.006015556781457
0.0 0.0 0.0 4.280302603450853
0.0 0.0 0.0 4.280302603450856
0.0 0.0 0.0 4.675947447537748
0.0 0.0 0.0 4.675947447537749
0.0 0.0 0.0 4.7945158541613155
0.0 0.0 0.0 4.794515854161316
0.0 0.0 0.0 4.8791543882727515
0.0 0.0 0.0 4.8791543882727515
0.0 0.0 0.0 5.32468978934001
0.0 0.0 0.0 5.324689789340011
0.0 0.0 0.0 5.360902106496847
0.0 0.0 0.0 5.360902106496849
0.0 0.0 0.0 5.418380163505817
0.0 0.0 0.0 5.4183801635058195
0.0 0.0 0.0 5.844101352334055
0.0 0.0 0.0 5.8441013523340555
0.0 0.0 0.0 5.876080759589775
0.0 0.0 0.0 5.876080759589776
0.0 0.0 0.0 5.99739443571605
0.0 0.0 0.0 5.9973944357160525
0.0 0.0 0.0 6.026365771788076
0.0 0.0 0.0 6.026365771788077
0.0 0.0 0.0 6.089184248025282
0.0 0.0 0.0 6.0891842480252825
0.0 0.0 0.0 6.381588578949385
0.0 0.0 0.0 6.381588578949387
0.0 0.0 0.0 6.892322185233022
0.0 0.0 0.0 6.892322185233023
0.0 0.0 0.0 6.940683181945647
0.0 0.0 0.0 6.940683181945649
0.0 0.0 0.0 6.999583459855794
0.0 0.0 0.0 6.9995834598557956
0.0 0.0 0.0 7.159184958626741
0.0 0.0 0.0 7.159184958626742
0.0 0.0 0.0 7.215382773872437
0.0 0.0 0.0 7.215382773872438
0.0 0.0 0.0 7.273588215583853
0.0 0.0 0.0 7.273588215583854
0.0 0.0 0.0 7.444549244814432
0.0 0.0 0.0 7.444549244814433
0.0 0.0 0.0 7.4901659097895
0.0 0.0 0.0 7.490165909789501
0.0 0.0 0.0 7.54215441632288
0.0 0.0 0.0 7.542154416322881
0.0 0.0 0.0 7.600227024579465
0.0 0.0 0.0 7.600227024579466
0.0 0.0 0.0 7.65706645801355
0.0 0.0 0.0 7.657066458013552
0.05 0.0 0.0 -5.409785752449852
0.05 0.0 0.0 -5.4096539824906325
0.05 0.0 0.0 -4.94372639726013
0.05 0.0 0.0 -4.943693061666203
0.05 0.0 0.0 -4.882888901745271
0.05 0.0 0.0 -4.882660479440135
0.05 0.0 0.0 -4.847805841375546
0.05 0.0 0.0 -4.8476395475945955
0.05 0.0 0.0 -4.412186253700272
0.05 0.0 0.0 -4.411978405488696
0.05 0.0 0.0 -4.328621263529701
0.05 0.0 0.0 -4.327885330494406
0.05 0.0 0.0 -4.270398709918298
0.05 0.0 0.0 -4.269784131076431
0.05 0.0 0.0 -3.6806244084597033
0.05 0.0 0.0 -3.679874330976725
0.05 0.0 0.0 -1.1269863774788123
0.05 0.0 0.0 -1.0982108535176804
0.05 0.0 0.0 -0.9816994473727396
0.05 0.0 0.0 -0.9665092755242126
0.05 0.0 0.0 -0.9171817331959741
0.05 0.0 0.0 -0.9135500742237991
0.05 0.0 0.0 -0.856001627581819
0.05 0.0 0.0 -0.8541575150529078
0.05 0.0 0.0 -0.8271340629267762
0.05 0.0 0.0 -0.823089763680124
0.05 0.0 0.0 -0.7769408854646804
0.05 0.0 0.0 -0.7739641653759034
0.05 0.0 0.0 -0.7404702749103336
0.05 0.0 0.0 -0.7365991510603388
0.05 0.0 0.0 -0.6863826855562882
0.05 0.0 0.0 -0.6769654485763672
0.05 0.0 0.0 -0.6607654707723474
0.05 0.0 0.0 -0.6540683789298675
0.05 0.0 0.0 -0.5977071210975327
0.05 0.0 0.0 -0.5887445690534205
0.05 0.0 0.0 -0.49222793981087
0.05 0.0 0.0 -0.4861514540685416
0.05 0.0 0.0 -0.4384144912143926
0.05 0.0 0.0 -0.4292005345526144
0.05 0.0 0.0 0.4320731203594082
0.05 0.0 0.0 0.4338258432605352
0.05 0.0 0.0 0.47716300147782575
0.05 0.0 0.0 0.47791221222516034
0.05 0.0 0.0 0.5436849556539307
0.05 0.0 0.0 0.5493278739156187
0.05 0.0 0.0 0.5931176585810823
0.05 0.0 0.0 0.5978720425724341
0.05 0.0 0.0 0.6237781131100819
0.05 0.0 0.0 0.6318071506488696
0.05 0.0 0.0 0.6548877804401974
0.05 0.0 0.0 0.6639621812040044
0.05 0.0 0.0 0.6800098354933679
0.05 0.0 0.0 0.6906171036233744
0.05 0.0 0.0 0.7188064082928092
0.05 0.0 0.0 0.7272558849885256
0.05 0.0 0.0 0.7494347108239179
0.05 0.0 0.0 0.7565780281157126
0.05 0.0 0.0 0.7760480320360112
0.05 0.0 0.0 0.7798474605756659
0.05 0.0 0.0 0.7909754740287595
0.05 0.0 0.0 0.7946616305287617
0.05 0.0 0.0 0.8193168135970303
0.05 0.0 0.0 0.8234699554858259
0.05 0.0 0.0 0.8332491553626905
0.05 0.0 0.0 0.8386153743272939
0.05 0.0 0.0 0.8492330381770437
0.05 0.0 0.0 0.8584564137204831
0.05 0.0 0.0 0.8684330263122284
0.05 0.0 0.0 0.8755660848113482
0.05 0.0 0.0 0.8839199467343222
0.05 0.0 0.0 0.8905892055643527
0.05 0.0 0.0 0.9132574816414021
0.05 0.0 0.0 0.9213867536716993
0.05 0.0 0.0 0.9290193692457882
0.05 0.0 0.0 0.9356942729149148
0.05 0.0 0.0 0.9457865003433477
0.05 0.0 0.0 0.9475304153508233
0.05 0.0 0.0 0.9680187699991485
0.05 0.0 0.0 0.9740891748422198
0.05 0.0 0.0 0.9812987965534508
0.05 0.0 0.0 0.9867016168343256
0.05 0.0 0.0 0.9948433553232456
0.05 0.0 0.0 0.9977760356985831
0.05 0.0 0.0 1.0062328224180952
0.05 0.0 0.0 1.0131820830054945
0.05 0.0 0.0 1.0227753337808325
0.05 0.0 0.0 1.0246837286122277
0.05 0.0 0.0 1.038498227965166
0.05 0.0 0.0 1.041567473021136
0.05 0.0 0.0 1.0543258142581935
0.05 0.0 0.0 1.0596459844866606
0.05 0.0 0.0 1.0637310948076995
0.05 0.0 0.0 1.0670985965725812
0.05 0.0 0.0 1.0777509416673416
0.05 0.0 0.0 1.0821311219443628
0.05 0.0 0.0 1.0928025122874174
0.05 0.0 0.0 1.0961276286957469
0.05 0.0 0.0 1.1014742518586838
0.05 0.0 0.0 1.1059602481512154
0.05 0.0 0.0 1.1126174819337475
0.05 0.0 0.0 1.1146911375938422
0.05 0.0 0.0 1.1357442879565471
0.05 0.0 0.0 1.1383576028076532
0.05 0.0 0.0 1.1459055372620965
0.05 0.0 0.0 1.1504392857970493
0.05 0.0 0.0 1.1656684429672877
0.05 0.0 0.0 1.171022526448844
0.05 0.0 0.0 1.1766691072222535
0.05 0.0 0.0 1.1812716984149056
0.05 0.0 0.0 1.1959515633047477
0.05 0.0 0.0 1.2045210631352865
0.05 0.0 0.0 1.210432682320967
0.05 0.0 0.0 1.2172394553125896
0.05 0.0 0.0 1.2245184391102395
0.05 0.0 0.0 1.229337908125531
0.05 0.0 0.0 1.2441282621850913
0.05 0.0 0.0 1.2466577743608245
0.05 0.0 0.0 1.2655265117664642
0.05 0.0 0.0 1.273518699430612
0.05 0.0 0.0 1.279886744428261
0.05 0.0 0.0 1.283534746711451
0.05 0.0 0.0 1.2955583346614077
0.05 0.0 0.0 1.2980978822403044
0.05 0.0 0.0 1.3111762712860477
0.05 0.0 0.0 1.3126247689777608
0.05 0.0 0.0 1.318287492549332
0.05 0.0 0.0 1.3196144083328363
0.05 0.0 0.0 1.3238555165608952
0.05 0.0 0.0 1.3262315924314942
0.05 0.0 0.0 1.3316920372734493
0.05 0.0 0.0 1.3340978899354827
0.05 0.0 0.0 1.3400861942698399
0.05 0.0 0.0 1.3418460638780654
0.05 0.0 0.0 1.3488160262237139
0.05 0.0 0.0 1.3504964723336257
0.05 0.0 0.0 1.3814257497707956
0.05 0.0 0.0 1.3832653888768598
0.05 0.0 0.0 1.3953477075983207
0.05 0.0 0.0 1.39656246574246
0.05 0.0 0.0 1.4214976529904448
0.05 0.0 0.0 1.4230608802263356
0.05 0.0 0.0 1.4416283080216057
0.05 0.0 0.0 1.4430462565417521
0.05 0.0 0.0 1.4920256942236039
0.05 0.0 0.0 1.4923287056233194
0.05 0.0 0.0 1.848892758840664
0.05 0.0 0.0 1.8506454335950147
0.05 0.0 0.0 1.941899155574208
0.05 0.0 0.0 1.944446813654228
0.05 0.0 0.0 2.0004873423486145
0.05 0.0 0.0 2.003020447003513
0.05 0.0 0.0 2.4847464900887766
0.05 0.0 0.0 2.4875424187160236
0.05 0.0 0.0 2.4991699123923503
0.05 0.0 0.0 2.501437689800155
0.05 0.0 0.0 2.572372498206695
0.05 0.0 0.0 2.574348490454219
0.05 0.0 0.0 2.996648466270374
0.05 0.0 0.0 2.9985266265448915
0.05 0.0 0.0 4.279630105215823
0.05 0.0 0.0 4.295382527459324
0.05 0.0 0.0 4.6764919293147695
0.05 0.0 0.0 4.68752422293918
0.05 0.0 0.0 4.7921427684798505
0.05 0.0 0.0 4.801873282138416
0.05 0.0 0.0 4.878524863464748
0.05 0.0 0.0 4.892058137323993
0.05 0.0 0.0 5.325209927825908
0.05 0.0 0.0 5.333702671472593
0.05 0.0 0.0 5.359579855159197
0.05 0.0 0.0 5.363896953944153
0.05 0.0 0.0 5.413894556244154
0.05 0.0 0.0 5.429127819629352
0.05 0.0 0.0 5.842598701594634
0.05 0.0 0.0 5.85251665084136
0.05 0.0 0.0 5.875294382036663
0.05 0.0 0.0 5.885309585973178
0.05 0.0 0.0 5.998991713663164
0.05 0.0 0.0 6.005272587556617
0.05 0.0 0.0 6.023157185515812
0.05 0.0 0.0 6.0352293390264
0.05 0.0 0.0 6.09259929868364
0.05 0.0 0.0 6.096702682353815
0.05 0.0 0.0 6.377996177662885
0.05 0.0 0.0 6.380416455683326
0.05 0.0 0.0 6.888110396656113
0.05 0.0 0.0 6.89347058146969
0.05 0.0 0.0 6.933802554894759
0.05 0.0 0.0 6.943553218293154
0.05 0.0 0.0 6.996239801013278
0.05 0.0 0.0 7.000997337376969
0.05 0.0 0.0 7.15270678021155
0.05 0.0 0.0 7.158370574272799
0.05 0.0 0.0 7.211639634378434
0.05 0.0 0.0 7.216785366558657
0.05 0.0 0.0 7.272569985378213
0.05 0.0 0.0 7.2749380699194495
0.05 0.0 0.0 7.44044975788159
0.05 0.0 0.0 7.443575045318055
0.05 0.0 0.0 7.486038014455277
0.05 0.0 0.0 7.488904600755539
0.05 0.0 0.0 7.537338567640682
0.05 0.0 0.0 7.544005467964179
0.05 0.0 0.0 7.596709210410844
0.05 0.0 0.0 7.599143755964558
0.05 0.0 0.0 7.653020421839384
0.05 0.0 0.0 7.657717390152794
0.1 0.0 0.0 -5.403459973337007
0.1 0.0 0.0 -5.403200846385506
0.1 0.0 0.0 -4.948893543955119
0.1 0.0 0.0 -4.9488280482684575
0.1 0.0 0.0 -4.876086420519423
0.1 0.0 0.0 -4.875627488673617
0.1 0.0 0.0 -4.845083032995391
0.1 0.0 0.0 -4.84477649962759
0.1 0.0 0.0 -4.418451637019707
0.1 0.0 0.0 -4.418053572228951
0.1 0.0 0.0 -4.341911422911047
0.1 0.0 0.0 -4.34064082258523
0.1 0.0 0.0 -4.267973186701318
0.1 0.0 0.0 -4.266910765618427
0.1 0.0 0.0 -3.6976004275301158
0.1 0.0 0.0 -3.696164956987421
0.1 0.0 0.0 -1.1331960650284012
0.1 0.0 0.0 -1.0816449321447186
0.1 0.0 0.0 -0.9813869541579097
0.1 0.0 0.0 -0.95506191443648
0.1 0.0 0.0 -0.9038809238202625
0.1 0.0 0.0 -0.8976183419640309
0.1 0.0 0.0 -0.8450960760998772
0.1 0.0 0.0 -0.8392475393444581
0.1 0.0 0.0 -0.8180068154302392
0.1 0.0 0.0 -0.8129090269756998
0.1 0.0 0.0 -0.7696030342194371
0.1 0.0 0.0 -0.7610688194495561
0.1 0.0 0.0 -0.73309045910077
0.1 0.0 0.0 -0.7247640132953659
0.1 0.0 0.0 -0.6808485916758054
0.1 0.0 0.0 -0.661372826970397
0.1 0.0 0.0 -0.6530670194431039
0.1 0.0 0.0 -0.6380586310547658
0.1 0.0 0.0 -0.5972171818030345
0.1 0.0 0.0 -0.58010928176778
0.1 0.0 0.0 -0.4862745164795852
0.1 0.0 0.0 -0.47292459069026105
0.1 0.0 0.0 -0.42935756353886756
0.1 0.0 0.0 -0.41051163350797903
0.1 0.0 0.0 0.42998879771440657
0.1 0.0 0.0 0.43362748075363844
0.1 0.0 0.0 0.4743875809944237
0.1 0.0 0.0 0.4755189899057038
0.1 0.0 0.0 0.5376884561596658
0.1 0.0 0.0 0.5499366122417921
0.1 0.0 0.0 0.5880212975248194
0.1 0.0 0.0 0.5979831631124091
0.1 0.0 0.0 0.6123988806894305
0.1 0.0 0.0 0.6273493908612142
0.1 0.0 0.0 0.642956770376129
0.1 0.0 0.0 0.6595756512369899
0.1 0.0 0.0 0.672534299981133
0.1 0.0 0.0 0.6925243224823125
0.1 0.0 0.0 0.7058704198203198
0.1 0.0 0.0 0.7220519235692828
0.1 0.0 0.0 0.7486613915278584
0.1 0.0 0.0 0.7576279743933929
0.1 0.0 0.0 0.7732636756409711
0.1 0.0 0.0 0.7793549314919015
0.1 0.0 0.0 0.7856602350360319
0.1 0.0 0.0 0.7931876077071189
0.1 0.0 0.0 0.8156028912966411
0.1 0.0 0.0 0.8231141970406838
0.1 0.0 0.0 0.8290240409599432
0.1 0.0 0.0 0.8372490121082388
0.1 0.0 0.0 0.8465027749009799
0.1 0.0 0.0 0.8588041259353387
0.1 0.0 0.0 0.8657579848830474
0.1 0.0 0.0 0.8778275452017725
0.1 0.0 0.0 0.8795603148043528
0.1 0.0 0.0 0.8925672218800154
0.1 0.0 0.0 0.9047069299745027
0.1 0.0 0.0 0.9176705663071401
0.1 0.0 0.0 0.9246124476659476
0.1 0.0 0.0 0.9367248005375917
0.1 0.0 0.0 0.9462415805231454
0.1 0.0 0.0 0.9486008336674513
0.1 0.0 0.0 0.9610191715633967
0.1 0.0 0.0 0.9725983582865316
0.1 0.0 0.0 0.9795461495351798
0.1 0.0 0.0 0.9883943507004695
0.1 0.0 0.0 0.9937978207408232
0.1 0.0 0.0 0.9978917918850876
0.1 0.0 0.0 1.0036861978567782
0.1 0.0 0.0 1.0156123890650128
0.1 0.0 0.0 1.022238492406049
0.1 0.0 0.0 1.0259021040634826
0.1 0.0 0.0 1.0363665188667472
0.1 0.0 0.0 1.040918155238554
0.1 0.0 0.0 1.0511614887667102
0.1 0.0 0.0 1.0582490645592921
0.1 0.0 0.0 1.0641102618930904
0.1 0.0 0.0 1.0689848219115128
0.1 0.0 0.0 1.0743137560794773
0.1 0.0 0.0 1.082845574168461
0.1 0.0 0.0 1.0911892446490807
0.1 0.0 0.0 1.0969954171432588
0.1 0.0 0.0 1.0989624356358445
0.1 0.0 0.0 1.1060565677969032
0.1 0.0 0.0 1.112390335883052
0.1 0.0 0.0 1.1160435695187825
0.1 0.0 0.0 1.1331772513603744
0.1 0.0 0.0 1.1384175818925704
0.1 0.0 0.0 1.1436142634456352
0.1 0.0 0.0 1.150986825261013
0.1 0.0 0.0 1.161478970888373
0.1 0.0 0.0 1.171401988558185
0.1 0.0 0.0 1.1739820346482348
0.1 0.0 0.0 1.1826893098863804
0.1 0.0 0.0 1.191785552401857
0.1 0.0 0.0 1.205164759502766
0.1 0.0 0.0 1.2074218603357707
0.1 0.0 0.0 1.2183202282961891
0.1 0.0 0.0 1.2225102409565185
0.1 0.0 0.0 1.2299230987999525
0.1 0.0 0.0 1.2431344405441611
0.1 0.0 0.0 1.2476683802942024
0.1 0.0 0.0 1.2582441503704374
0.1 0.0 0.0 1.2726095294514748
0.1 0.0 0.0 1.278190714194273
0.1 0.0 0.0 1.2834946902521605
0.1 0.0 0.0 1.2950359531751712
0.1 0.0 0.0 1.2988975818717046
0.1 0.0 0.0 1.3099375314584953
0.1 0.0 0.0 1.3126460398488151
0.1 0.0 0.0 1.3166124511327302
0.1 0.0 0.0 1.3186587088988828
0.1 0.0 0.0 1.3231759544041688
0.1 0.0 0.0 1.3269444716779681
0.1 0.0 0.0 1.3310831393902067
0.1 0.0 0.0 1.3350375913812276
0.1 0.0 0.0 1.3392098443834775
0.1 0.0 0.0 1.3416519282564345
0.1 0.0 0.0 1.3484006110791649
0.1 0.0 0.0 1.3513679885326717
0.1 0.0 0.0 1.3807411586707894
0.1 0.0 0.0 1.3842203653337548
0.1 0.0 0.0 1.3946175523930886
0.1 0.0 0.0 1.3970965143529723
0.1 0.0 0.0 1.4210248971436505
0.1 0.0 0.0 1.4238290796952076
0.1 0.0 0.0 1.4409021376625717
0.1 0.0 0.0 1.4438325641613703
0.1 0.0 0.0 1.491850603448467
0.1 0.0 0.0 1.4924720802753082
0.1 0.0 0.0 1.8349108429960928
0.1 0.0 0.0 1.839258041822251
0.1 0.0 0.0 1.9233406535876494
0.1 0.0 0.0 1.9295336429918981
0.1 0.0 0.0 2.002314494865998
0.1 0.0 0.0 2.007096622545221
0.1 0.0 0.0 2.4606056840521076
0.1 0.0 0.0 2.4680307288917875
0.1 0.0 0.0 2.480148757270874
0.1 0.0 0.0 2.4842292774601846
0.1 0.0 0.0 2.56321071218853
0.1 0.0 0.0 2.5666082551451503
0.1 0.0 0.0 2.9721090248802295
0.1 0.0 0.0 2.9753565107401054
0.1 0.0 0.0 4.293072705367871
0.1 0.0 0.0 4.322966170927701
0.1 0.0 0.0 4.686503344553008
0.1 0.0 0.0 4.708872391495348
0.1 0.0 0.0 4.793967194066626
0.1 0.0 0.0 4.814478138553328
0.1 0.0 0.0 4.891114255725366
0.1 0.0 0.0 4.916546620906956
0.1 0.0 0.0 5.331081833831348
0.1 0.0 0.0 5.344110621143894
0.1 0.0 0.0 5.361121279285708
0.1 0.0 0.0 5.369523833891942
0.1 0.0 0.0 5.420424216311878
0.1 0.0 0.0 5.449893630009508
0.1 0.0 0.0 5.847321780018492
0.1 0.0 0.0 5.86214806082683
0.1 0.0 0.0 5.883951211574704
0.1 0.0 0.0 5.908348269383853
0.1 0.0 0.0 6.005845518162975
0.1 0.0 0.0 6.016051293198437
0.1 0.0 0.0 6.030220634335026
0.1 0.0 0.0 6.0537639517533295
0.1 0.0 0.0 6.107849660518425
0.1 0.0 0.0 6.115624121277957
0.1 0.0 0.0 6.369755698602553
0.1 0.0 0.0 6.374518602920725
0.1 0.0 0.0 6.880232305578967
0.1 0.0 0.0 6.890978578466591
0.1 0.0 0.0 6.922466925105061
0.1 0.0 0.0 6.941606552784701
0.1 0.0 0.0 6.992258518038782
0.1 0.0 0.0 6.9999321278371225
0.1 0.0 0.0 7.139559352870794
0.1 0.0 0.0 7.148899176508603
0.1 0.0 0.0 7.207094401179454
0.1 0.0 0.0 7.215687036696143
0.1 0.0 0.0 7.272104606518456
0.1 0.0 0.0 7.277006494888506
0.1 0.0 0.0 7.431081489470272
0.1 0.0 0.0 7.4371580206404015
0.1 0.0 0.0 7.47686945509194
0.1 0.0 0.0 7.482487588573868
0.1 0.0 0.0 7.530192631549178
0.1 0.0 0.0 7.542715855484383
0.1 0.0 0.0 7.589243233526498
0.1 0.0 0.0 7.592752609253572
0.1 0.0 0.0 7.6464923262187865
0.1 0.0 0.0 7.655120044289327
0.15000000000000002 0.0 0.0 -5.393042873503619
0.15000000000000002 0.0 0.0 -5.392665470691137
0.15000000000000002 0.0 0.0 -4.959445026803243
0.15000000000000002 0.0 0.0 -4.95930116631698
0.15000000000000002 0.0 0.0 -4.864598607649173
0.15000000000000002 0.0 0.0 -4.863909584676915
0.15000000000000002 0.0 0.0 -4.8382606112156346
0.15000000000000002 0.0 0.0 -4.837831509005174
0.15000000000000002 0.0 0.0 -4.430447017752966
0.15000000000000002 0.0 0.0 -4.429892373354835
0.15000000000000002 0.0 0.0 -4.363036610623554
0.15000000000000002 0.0 0.0 -4.361454168159425
0.15000000000000002 0.0 0.0 -4.261388946154949
0.15000000000000002 0.0 0.0 -4.260045608278703
0.15000000000000002 0.0 0.0 -3.7243869922532533
0.15000000000000002 0.0 0.0 -3.7223810641507566
0.15000000000000002 0.0 0.0 -1.1342175630686038
0.15000000000000002 0.0 0.0 -1.0710019055860078
0.15000000000000002 0.0 0.0 -0.9736955587326621
0.15000000000000002 0.0 0.0 -0.9438651751760654
0.15000000000000002 0.0 0.0 -0.8888319978512706
0.15000000000000002 0.0 0.0 -0.8745167133071012
0.15000000000000002 0.0 0.0 -0.8351532785215392
0.15000000000000002 0.0 0.0 -0.820899300246146
0.15000000000000002 0.0 0.0 -0.8023598167734101
0.15000000000000002 0.0 0.0 -0.7992468294045
0.15000000000000002 0.0 0.0 -0.749914619812853
0.15000000000000002 0.0 0.0 -0.736145352356357
0.15000000000000002 0.0 0.0 -0.7212415243744497
0.15000000000000002 0.0 0.0 -0.7075171504956179
0.15000000000000002 0.0 0.0 -0.6670541401635033
0.15000000000000002 0.0 0.0 -0.6382166939446701
0.15000000000000002 0.0 0.0 -0.6353458573483114
0.15000000000000002 0.0 0.0 -0.613190496735764
0.15000000000000002 0.0 0.0 -0.5918930632975483
0.15000000000000002 0.0 0.0 -0.5680111532084959
0.15000000000000002 0.0 0.0 -0.47292145647515493
0.15000000000000002 0.0 0.0 -0.45029113612306926
0.15000000000000002 0.0 0.0 -0.4071035820834856
0.15000000000000002 0.0 0.0 -0.3792676637481138
0.15000000000000002 0.0 0.0 0.42563221182414335
0.15000000000000002 0.0 0.0 0.4314852738316534
0.15000000000000002 0.0 0.0 0.46982073826338716
0.15000000000000002 0.0 0.0 0.47059906120802814
0.15000000000000002 0.0 0.0 0.5274333571539183
0.15000000000000002 0.0 0.0 0.548323283939741
0.15000000000000002 0.0 0.0 0.5778896859860927
0.15000000000000002 0.0 0.0 0.5939705934025208
0.15000000000000002 0.0 0.0 0.5958027553030637
0.15000000000000002 0.0 0.0 0.6169642542304308
0.15000000000000002 0.0 0.0 0.6262149008487112
0.15000000000000002 0.0 0.0 0.6467215215021946
0.15000000000000002 0.0 0.0 0.6651459372534774
0.15000000000000002 0.0 0.0 0.688460071241538
0.15000000000000002 0.0 0.0 0.6932899342932463
0.15000000000000002 0.0 0.0 0.7138974328315326
0.15000000000000002 0.0 0.0 0.7451410324197214
0.15000000000000002 0.0 0.0 0.7525380440707954
0.15000000000000002 0.0 0.0 0.769161892165684
0.15000000000000002 0.0 0.0 0.777886641701088
0.15000000000000002 0.0 0.0 0.7803954803198682
0.15000000000000002 0.0 0.0 0.7916258498208224
0.15000000000000002 0.0 0.0 0.8087633350217605
0.15000000000000002 0.0 0.0 0.8211826159082036
0.15000000000000002 0.0 0.0 0.8251128473721547
0.15000000000000002 0.0 0.0 0.8336078534069999
0.15000000000000002 0.0 0.0 0.8451543596656581
0.15000000000000002 0.0 0.0 0.8551340699573435
0.15000000000000002 0.0 0.0 0.8630563104188393
0.15000000000000002 0.0 0.0 0.8743150248019331
0.15000000000000002 0.0 0.0 0.8799589696563538
0.15000000000000002 0.0 0.0 0.8923951360139615
0.15000000000000002 0.0 0.0 0.8982549219927057
0.15000000000000002 0.0 0.0 0.9104929011366263
0.15000000000000002 0.0 0.0 0.9195152931702104
0.15000000000000002 0.0 0.0 0.9358565020637908
0.15000000000000002 0.0 0.0 0.9452520041966153
0.15000000000000002 0.0 0.0 0.9488470710180048
0.15000000000000002 0.0 0.0 0.9544360449595346
0.15000000000000002 0.0 0.0 0.9693878746404003
0.15000000000000002 0.0 0.0 0.9780614397475107
0.15000000000000002 0.0 0.0 0.9868285043893287
0.15000000000000002 0.0 0.0 0.9931726214380909
0.15000000000000002 0.0 0.0 0.9985387242038096
0.15000000000000002 0.0 0.0 1.0027178114690285
0.15000000000000002 0.0 0.0 1.0153200724152
0.15000000000000002 0.0 0.0 1.0220758101866922
0.15000000000000002 0.0 0.0 1.027767957637786
0.15000000000000002 0.0 0.0 1.0345005626410346
0.15000000000000002 0.0 0.0 1.038088327217437
0.15000000000000002 0.0 0.0 1.048216867048457
0.15000000000000002 0.0 0.0 1.0549672828127132
0.15000000000000002 0.0 0.0 1.0638619260410338
0.15000000000000002 0.0 0.0 1.0701250380765313
0.15000000000000002 0.0 0.0 1.0724961197274279
0.15000000000000002 0.0 0.0 1.082760572149155
0.15000000000000002 0.0 0.0 1.0896168030708542
0.15000000000000002 0.0 0.0 1.0956514380298388
0.15000000000000002 0.0 0.0 1.0990348773020264
0.15000000000000002 0.0 0.0 1.1058248946821092
0.15000000000000002 0.0 0.0 1.1121675213444502
0.15000000000000002 0.0 0.0 1.1172278557822686
0.15000000000000002 0.0 0.0 1.1301404794224377
0.15000000000000002 0.0 0.0 1.1375379411732318
0.15000000000000002 0.0 0.0 1.142029124023002
0.15000000000000002 0.0 0.0 1.1501761026406587
0.15000000000000002 0.0 0.0 1.1574421470903555
0.15000000000000002 0.0 0.0 1.169503332773324
0.15000000000000002 0.0 0.0 1.1722582968539816
0.15000000000000002 0.0 0.0 1.1834223427324224
0.15000000000000002 0.0 0.0 1.188558515574175
0.15000000000000002 0.0 0.0 1.2004287667744684
0.15000000000000002 0.0 0.0 1.2075536879670548
0.15000000000000002 0.0 0.0 1.2167101384039871
0.15000000000000002 0.0 0.0 1.2223246107082724
0.15000000000000002 0.0 0.0 1.229605763468781
0.15000000000000002 0.0 0.0 1.2423332945781838
0.15000000000000002 0.0 0.0 1.247975551145082
0.15000000000000002 0.0 0.0 1.251659139450314
0.15000000000000002 0.0 0.0 1.2693619608974087
0.15000000000000002 0.0 0.0 1.2764752986928574
0.15000000000000002 0.0 0.0 1.281915827571351
0.15000000000000002 0.0 0.0 1.293628042824577
0.15000000000000002 0.0 0.0 1.2990475970018482
0.15000000000000002 0.0 0.0 1.3081097311459637
0.15000000000000002 0.0 0.0 1.3118628893628093
0.15000000000000002 0.0 0.0 1.314568728188755
0.15000000000000002 0.0 0.0 1.3181751142118372
0.15000000000000002 0.0 0.0 1.3230247059348368
0.15000000000000002 0.0 0.0 1.3272085029383347
0.15000000000000002 0.0 0.0 1.3306893723555302
0.15000000000000002 0.0 0.0 1.3353317408267462
0.15000000000000002 0.0 0.0 1.3388242935287713
0.15000000000000002 0.0 0.0 1.3412800376753171
0.15000000000000002 0.0 0.0 1.3486673727007046
0.15000000000000002 0.0 0.0 1.3523673642387453
0.15000000000000002 0.0 0.0 1.3801830666479507
0.15000000000000002 0.0 0.0 1.384992611253449
0.15000000000000002 0.0 0.0 1.3938980221901522
0.15000000000000002 0.0 0.0 1.3976635928759706
0.15000000000000002 0.0 0.0 1.4207803224010807
0.15000000000000002 0.0 0.0 1.4243842311952193
0.15000000000000002 0.0 0.0 1.4400879831591922
0.15000000000000002 0.0 0.0 1.4447257217767515
0.15000000000000002 0.0 0.0 1.4916100053364287
0.15000000000000002 0.0 0.0 1.4925879271620415
0.15000000000000002 0.0 0.0 1.8027389640620903
0.15000000000000002 0.0 0.0 1.8090380795415468
0.15000000000000002 0.0 0.0 1.9079306207339712
0.15000000000000002 0.0 0.0 1.9171496083661896
0.15000000000000002 0.0 0.0 2.0063893939760318
0.15000000000000002 0.0 0.0 2.013233463404096
0.15000000000000002 0.0 0.0 2.420706588212637
0.15000000000000002 0.0 0.0 2.431413228965547
0.15000000000000002 0.0 0.0 2.4503852787804443
0.15000000000000002 0.0 0.0 2.455489006349721
0.15000000000000002 0.0 0.0 2.557267218221001
0.15000000000000002 0.0 0.0 2.561064118168744
0.15000000000000002 0.0 0.0 2.9362043103362376
0.15000000000000002 0.0 0.0 2.9401083669746506
0.15000000000000002 0.0 0.0 4.3183366828517205
0.15000000000000002 0.0 0.0 4.359659961685049
0.15000000000000002 0.0 0.0 4.6994384280928365
0.15000000000000002 0.0 0.0 4.730943875847697
0.15000000000000002 0.0 0.0 4.802810440668215
0.15000000000000002 0.0 0.0 4.833248861535742
0.15000000000000002 0.0 0.0 4.916406384776224
0.15000000000000002 0.0 0.0 4.950936916036618
0.15000000000000002 0.0 0.0 5.334277213131035
0.15000000000000002 0.0 0.0 5.345633912567417
0.15000000000000002 0.0 0.0 5.3647156143554415
0.15000000000000002 0.0 0.0 5.371752310338035
0.15000000000000002 0.0 0.0 5.452141417758002
0.15000000000000002 0.0 0.0 5.486892051842727
0.15000000000000002 0.0 0.0 5.853530088505137
0.15000000000000002 0.0 0.0 5.868571516278134
0.15000000000000002 0.0 0.0 5.909221604604688
0.15000000000000002 0.0 0.0 5.946244919744775
0.15000000000000002 0.0 0.0 6.011648384001167
0.15000000000000002 0.0 0.0 6.017157364400125
0.15000000000000002 0.0 0.0 6.058596197858045
0.15000000000000002 0.0 0.0 6.086396156778546
0.15000000000000002 0.0 0.0 6.135606094025213
0.15000000000000002 0.0 0.0 6.1467110673749
0.15000000000000002 0.0 0.0 6.357271667586954
0.15000000000000002 0.0 0.0 6.36419923851269
0.15000000000000002 0.0 0.0 6.867368586480059
0.15000000000000002 0.0 0.0 6.8826684140277905
0.15000000000000002 0.0 0.0 6.905730496936383
0.15000000000000002 0.0 0.0 6.932845743538788
0.15000000000000002 0.0 0.0 6.988446360580323
0.15000000000000002 0.0 0.0 6.996280530064465
0.15000000000000002 0.0 0.0 7.120926747406533
0.15000000000000002 0.0 0.0 7.130382725896498
0.15000000000000002 0.0 0.0 7.203228443988948
0.15000000000000002 0.0 0.0 7.213150609950024
0.15000000000000002 0.0 0.0 7.272664591981582
0.15000000000000002 0.0 0.0 7.28044818475604
0.15000000000000002 0.0 0.0 7.415900915123987
0.15000000000000002 0.0 0.0 7.425098753280399
0.15000000000000002 0.0 0.0 7.463038730769526
0.15000000000000002 0.0 0.0 7.471735457841288
0.15000000000000002 0.0 0.0 7.521397253803409
0.15000000000000002 0.0 0.0 7.538479121726499
0.15000000000000002 0.0 0.0 7.577973806547142
0.15000000000000002 0.0 0.0 7.581431306239068
0.15000000000000002 0.0 0.0 7.639084332571702
0.15000000000000002 0.0 0.0 7.6502465133649125
0.2 0.0 0.0 -5.378816500859551
0.2 0.0 0.0 -5.378335224653961
0.2 0.0 0.0 -4.976166313474371
0.2 0.0 0.0 -4.975897698061072
0.2 0.0 0.0 -4.848437104432871
0.2 0.0 0.0 -4.847525244258255
0.2 0.0 0.0 -4.826054104749608
0.2 0.0 0.0 -4.825485325530577
0.2 0.0 0.0 -4.449111631897478
0.2 0.0 0.0 -4.448432936810342
0.2 0.0 0.0 -4.390933544113285
0.2 0.0 0.0 -4.389181566022333
0.2 0.0 0.0 -4.248915589068664
0.2 0.0 0.0 -4.247376883629635
0.2 0.0 0.0 -3.759354296914665
0.2 0.0 0.0 -3.7569206849794754
0.2 0.0 0.0 -1.131498267914199
0.2 0.0 0.0 -1.0676305633918224
0.2 0.0 0.0 -0.9613837186073377
0.2 0.0 0.0 -0.9344799868549414
0.2 0.0 0.0 -0.8757471272070214
0.2 0.0 0.0 -0.8546616807853207
0.2 0.0 0.0 -0.8265667890263311
0.2 0.0 0.0 -0.8049539669642192
0.2 0.0 0.0 -0.7925285954995211
0.2 0.0 0.0 -0.7847049339929943
0.2 0.0 0.0 -0.7180323786303004
0.2 0.0 0.0 -0.7033513340532705
0.2 0.0 0.0 -0.6962190599651501
0.2 0.0 0.0 -0.6854953264833723
0.2 0.0 0.0 -0.6424753815672757
0.2 0.0 0.0 -0.6093941527453772
0.2 0.0 0.0 -0.6044828407056687
0.2 0.0 0.0 -0.5896543787494197
0.2 0.0 0.0 -0.5745519646161261
0.2 0.0 0.0 -0.544630981302757
0.2 0.0 0.0 -0.4467635277127959
0.2 0.0 0.0 -0.4146594106997563
0.2 0.0 0.0 -0.3673888563714689
0.2 0.0 0.0 -0.3334321918119212
0.2 0.0 0.0 0.4157608168497591
0.2 0.0 0.0 0.4246839637534121
0.2 0.0 0.0 0.46119344479981983
0.2 0.0 0.0 0.4646109826757914
0.2 0.0 0.0 0.5093210573550921
0.2 0.0 0.0 0.5407762433373069
0.2 0.0 0.0 0.557349678291188
0.2 0.0 0.0 0.5712325912218601
0.2 0.0 0.0 0.5823396096430073
0.2 0.0 0.0 0.6006823395748864
0.2 0.0 0.0 0.6112939124866354
0.2 0.0 0.0 0.6262177347653068
0.2 0.0 0.0 0.6547693224021209
0.2 0.0 0.0 0.6700201741380534
0.2 0.0 0.0 0.6914301429557002
0.2 0.0 0.0 0.7037963884117087
0.2 0.0 0.0 0.7325274146994563
0.2 0.0 0.0 0.7489451032858492
0.2 0.0 0.0 0.7634406436220991
0.2 0.0 0.0 0.7700722530817815
0.2 0.0 0.0 0.7801528450233803
0.2 0.0 0.0 0.7890612256216389
0.2 0.0 0.0 0.8012435860583347
0.2 0.0 0.0 0.8158350589518615
0.2 0.0 0.0 0.8206798410632941
0.2 0.0 0.0 0.829771482441414
0.2 0.0 0.0 0.8424374404343133
0.2 0.0 0.0 0.8511925436581187
0.2 0.0 0.0 0.8587790312311929
0.2 0.0 0.0 0.871628810497632
0.2 0.0 0.0 0.8804938268005156
0.2 0.0 0.0 0.8887297353633243
0.2 0.0 0.0 0.8951590214593186
0.2 0.0 0.0 0.9041754789508785
0.2 0.0 0.0 0.9136913208640882
0.2 0.0 0.0 0.9319780558443265
0.2 0.0 0.0 0.9405785234034214
0.2 0.0 0.0 0.9489511456907376
0.2 0.0 0.0 0.9515757702407229
0.2 0.0 0.0 0.9655010219566034
0.2 0.0 0.0 0.9768858194646306
0.2 0.0 0.0 0.9853219260542583
0.2 0.0 0.0 0.9891202783572003
0.2 0.0 0.0 0.9986508302891266
0.2 0.0 0.0 1.0049245089921288
0.2 0.0 0.0 1.0123974821370965
0.2 0.0 0.0 1.0217047181754806
0.2 0.0 0.0 1.029099451028846
0.2 0.0 0.0 1.0327941638333693
0.2 0.0 0.0 1.035135778240617
0.2 0.0 0.0 1.045147699236419
0.2 0.0 0.0 1.052054006382293
0.2 0.0 0.0 1.062675032055802
0.2 0.0 0.0 1.0706537848807758
0.2 0.0 0.0 1.0727637862307615
0.2 0.0 0.0 1.0820799794894034
0.2 0.0 0.0 1.0883621786663005
0.2 0.0 0.0 1.0948159067358798
0.2 0.0 0.0 1.0992222213235385
0.2 0.0 0.0 1.1059075176362874
0.2 0.0 0.0 1.1116350580210534
0.2 0.0 0.0 1.1180424895946544
0.2 0.0 0.0 1.1276299079214356
0.2 0.0 0.0 1.1359277810376234
0.2 0.0 0.0 1.140441374551478
0.2 0.0 0.0 1.148747794420934
0.2 0.0 0.0 1.1542066469166823
0.2 0.0 0.0 1.1664536841487732
0.2 0.0 0.0 1.1707300655634982
0.2 0.0 0.0 1.18304538681366
0.2 0.0 0.0 1.1858622998361519
0.2 0.0 0.0 1.196621075875549
0.2 0.0 0.0 1.206393851907623
0.2 0.0 0.0 1.2152224545059156
0.2 0.0 0.0 1.2205437642961283
0.2 0.0 0.0 1.2291656142394833
0.2 0.0 0.0 1.2415024296899846
0.2 0.0 0.0 1.2446242886751069
0.2 0.0 0.0 1.2496811137156498
0.2 0.0 0.0 1.26498215798141
0.2 0.0 0.0 1.2740228120659731
0.2 0.0 0.0 1.279836981187262
0.2 0.0 0.0 1.2908614200183797
0.2 0.0 0.0 1.2984552799306748
0.2 0.0 0.0 1.3059431466545175
0.2 0.0 0.0 1.310820089906612
0.2 0.0 0.0 1.3130040733768014
0.2 0.0 0.0 1.3184310008034563
0.2 0.0 0.0 1.3230581585546697
0.2 0.0 0.0 1.3271383063678852
0.2 0.0 0.0 1.3301544389289683
0.2 0.0 0.0 1.3353263429499722
0.2 0.0 0.0 1.3381996422358673
0.2 0.0 0.0 1.3419773287232373
0.2 0.0 0.0 1.3493470544390898
0.2 0.0 0.0 1.3534532761297984
0.2 0.0 0.0 1.3796858747657772
0.2 0.0 0.0 1.3854695349004094
0.2 0.0 0.0 1.3933649903121852
0.2 0.0 0.0 1.3983200849852322
0.2 0.0 0.0 1.4206413113572212
0.2 0.0 0.0 1.424698400625257
0.2 0.0 0.0 1.439113270961383
0.2 0.0 0.0 1.4457609265834366
0.2 0.0 0.0 1.4912202136742672
0.2 0.0 0.0 1.492630668713215
0.2 0.0 0.0 1.7519387912593363
0.2 0.0 0.0 1.758198690041188
0.2 0.0 0.0 1.9030463670792424
0.2 0.0 0.0 1.9130863048854376
0.2 0.0 0.0 2.012814430550457
0.2 0.0 0.0 2.0215760977136092
0.2 0.0 0.0 2.3716915490674557
0.2 0.0 0.0 2.384345000250505
0.2 0.0 0.0 2.408965705953409
0.2 0.0 0.0 2.415101300657743
0.2 0.0 0.0 2.5572365106409305
0.2 0.0 0.0 2.5609900509787837
0.2 0.0 0.0 2.893539334453095
0.2 0.0 0.0 2.8975326218254036
0.2 0.0 0.0 4.352056337121509
0.2 0.0 0.0 4.401642696078355
0.2 0.0 0.0 4.707771738303727
0.2 0.0 0.0 4.740346225050729
0.2 0.0 0.0 4.826817957983828
0.2 0.0 0.0 4.85923419167053
0.2 0.0 0.0 4.951188827877533
0.2 0.0 0.0 4.991548006010555
0.2 0.0 0.0 5.332651777422927
0.2 0.0 0.0 5.342608725745954
0.2 0.0 0.0 5.363842343218819
0.2 0.0 0.0 5.368979380372624
0.2 0.0 0.0 5.506645577526994
0.2 0.0 0.0 5.5412120467802435
0.2 0.0 0.0 5.860111130522816
0.2 0.0 0.0 5.873517577282877
0.2 0.0 0.0 5.951379139523532
0.2 0.0 0.0 5.988569899607074
0.2 0.0 0.0 6.015818503508947
0.2 0.0 0.0 6.0240139762162155
0.2 0.0 0.0 6.099502911044548
0.2 0.0 0.0 6.131564293222534
0.2 0.0 0.0 6.174963071333362
0.2 0.0 0.0 6.188920207298077
0.2 0.0 0.0 6.341885540416719
0.2 0.0 0.0 6.350619128948308
0.2 0.0 0.0 6.8479073900622
0.2 0.0 0.0 6.864462614193258
0.2 0.0 0.0 6.883346505288045
0.2 0.0 0.0 6.915689272080031
0.2 0.0 0.0 6.979545285064212
0.2 0.0 0.0 6.99056978162601
0.2 0.0 0.0 7.101325662468767
0.2 0.0 0.0 7.106491903053119
0.2 0.0 0.0 7.200232915311344
0.2 0.0 0.0 7.2104599249840575
0.2 0.0 0.0 7.274612063354701
0.2 0.0 0.0 7.285582224288102
0.2 0.0 0.0 7.394752622266755
0.2 0.0 0.0 7.408610689461663
0.2 0.0 0.0 7.444569692320775
0.2 0.0 0.0 7.4578195603560795
0.2 0.0 0.0 7.509954200551231
0.2 0.0 0.0 7.531505449367921
0.2 0.0 0.0 7.562837005593953
0.2 0.0 0.0 7.568446483933841
0.2 0.0 0.0 7.632202927220059
0.2 0.0 0.0 7.644305405842135
0.25 0.0 0.0 -5.361238597035293
0.25 0.0 0.0 -5.360674613325507
0.25 0.0 0.0 -4.998285211806577
0.25 0.0 0.0 -4.997888523458136
0.25 0.0 0.0 -4.827810112776344
0.25 0.0 0.0 -4.826687980649562
0.25 0.0 0.0 -4.808416660183245
0.25 0.0 0.0 -4.807681822969259
0.25 0.0 0.0 -4.474136393093329
0.25 0.0 0.0 -4.473342989602173
0.25 0.0 0.0 -4.424203681626206
0.25 0.0 0.0 -4.422354408303244
0.25 0.0 0.0 -4.229925596945857
0.25 0.0 0.0 -4.228218772677126
0.25 0.0 0.0 -3.8005800787953983
0.25 0.0 0.0 -3.7978676810830025
0.25 0.0 0.0 -1.1264311342023872
0.25 0.0 0.0 -1.0687909207389135
0.25 0.0 0.0 -0.948946479576029
0.25 0.0 0.0 -0.9274435549710587
0.25 0.0 0.0 -0.8647993318195111
0.25 0.0 0.0 -0.8440088878591565
0.25 0.0 0.0 -0.8176579379774678
0.25 0.0 0.0 -0.7980171018862281
0.25 0.0 0.0 -0.7835673202552488
0.25 0.0 0.0 -0.7764118369018078
0.25 0.0 0.0 -0.7049267351799822
0.25 0.0 0.0 -0.6874400582878488
0.25 0.0 0.0 -0.6490586083638421
0.25 0.0 0.0 -0.638173242366137
0.25 0.0 0.0 -0.613123268291127
0.25 0.0 0.0 -0.5831378877217697
0.25 0.0 0.0 -0.5681407756395158
0.25 0.0 0.0 -0.5595970555459013
0.25 0.0 0.0 -0.5378303535195306
0.25 0.0 0.0 -0.4931488942221156
0.25 0.0 0.0 -0.3997079422565486
0.25 0.0 0.0 -0.3624216753427225
0.25 0.0 0.0 -0.30908665563323723
0.25 0.0 0.0 -0.27282950254769034
0.25 0.0 0.0 0.3944391150927995
0.25 0.0 0.0 0.40857951547091353
0.25 0.0 0.0 0.4456861356723767
0.25 0.0 0.0 0.45711140207356404
0.25 0.0 0.0 0.4784796172903327
0.25 0.0 0.0 0.5156394883047017
0.25 0.0 0.0 0.525206284405229
0.25 0.0 0.0 0.5397473951537792
0.25 0.0 0.0 0.5584551089943668
0.25 0.0 0.0 0.5837478308752155
0.25 0.0 0.0 0.5942808114399432
0.25 0.0 0.0 0.6055648313157533
0.25 0.0 0.0 0.6389944808167369
0.25 0.0 0.0 0.6536765151667678
0.25 0.0 0.0 0.6858333224701081
0.25 0.0 0.0 0.6958920882523083
0.25 0.0 0.0 0.7167276559039539
0.25 0.0 0.0 0.7444352305946982
0.25 0.0 0.0 0.7559037814156555
0.25 0.0 0.0 0.7620297488159029
0.25 0.0 0.0 0.7788479998792163
0.25 0.0 0.0 0.7833315031956886
0.25 0.0 0.0 0.7976928344495873
0.25 0.0 0.0 0.8045029190502587
0.25 0.0 0.0 0.8185397830582763
0.25 0.0 0.0 0.8270091954022458
0.25 0.0 0.0 0.8392291179988476
0.25 0.0 0.0 0.8488177103888015
0.25 0.0 0.0 0.8566888419354566
0.25 0.0 0.0 0.8678109569619661
0.25 0.0 0.0 0.8791056190377972
0.25 0.0 0.0 0.8841014101496175
0.25 0.0 0.0 0.8932735804134326
0.25 0.0 0.0 0.9010651938008056
0.25 0.0 0.0 0.9085806835721932
0.25 0.0 0.0 0.9258435126085311
0.25 0.0 0.0 0.9347532005933896
0.25 0.0 0.0 0.9490729995301307
0.25 0.0 0.0 0.9500259692694221
0.25 0.0 0.0 0.9624054996496003
0.25 0.0 0.0 0.9761108712307562
0.25 0.0 0.0 0.9825944720616117
0.25 0.0 0.0 0.9859815007293579
0.25 0.0 0.0 0.9974336484205599
0.25 0.0 0.0 1.0056255918487444
0.25 0.0 0.0 1.0107280406571792
0.25 0.0 0.0 1.0206529974927883
0.25 0.0 0.0 1.026660035780015
0.25 0.0 0.0 1.0330140532094958
0.25 0.0 0.0 1.034893543702858
0.25 0.0 0.0 1.0428033320732082
0.25 0.0 0.0 1.0504121983353087
0.25 0.0 0.0 1.061723552996619
0.25 0.0 0.0 1.0710451960899703
0.25 0.0 0.0 1.0730935138692603
0.25 0.0 0.0 1.0810768728903053
0.25 0.0 0.0 1.0879053865011212
0.25 0.0 0.0 1.0943997580921683
0.25 0.0 0.0 1.099446045159011
0.25 0.0 0.0 1.10563346679655
0.25 0.0 0.0 1.1110731913497314
0.25 0.0 0.0 1.118354909580475
0.25 0.0 0.0 1.1260470283741721
0.25 0.0 0.0 1.1338084864219198
0.25 0.0 0.0 1.1386880211132382
0.25 0.0 0.0 1.1469990566222954
0.25 0.0 0.0 1.1522144777438044
0.25 0.0 0.0 1.1631025680948501
0.25 0.0 0.0 1.1686893706141916
0.25 0.0 0.0 1.1799938845219302
0.25 0.0 0.0 1.185373028250354
0.25 0.0 0.0 1.1944747403341278
0.25 0.0 0.0 1.2043325676498462
0.25 0.0 0.0 1.21322326564567
0.25 0.0 0.0 1.2177913364068387
0.25 0.0 0.0 1.2285199829299085
0.25 0.0 0.0 1.239003469850185
0.25 0.0 0.0 1.2415954760569987
0.25 0.0 0.0 1.2498837493053934
0.25 0.0 0.0 1.2606110316682164
0.25 0.0 0.0 1.270581966356625
0.25 0.0 0.0 1.2781844462597896
0.25 0.0 0.0 1.2875869573608618
0.25 0.0 0.0 1.2969523514159986
0.25 0.0 0.0 1.304477081443743
0.25 0.0 0.0 1.3097490218094336
0.25 0.0 0.0 1.3121351539309951
0.25 0.0 0.0 1.3187493943331847
0.25 0.0 0.0 1.3232377291123232
0.25 0.0 0.0 1.3267038017029589
0.25 0.0 0.0 1.3299011012447295
0.25 0.0 0.0 1.3353259182472317
0.25 0.0 0.0 1.3375741810507522
0.25 0.0 0.0 1.3431912391506589
0.25 0.0 0.0 1.3501915308516284
0.25 0.0 0.0 1.3545690071901868
0.25 0.0 0.0 1.3792151692740475
0.25 0.0 0.0 1.3855570625114284
0.25 0.0 0.0 1.3932442578050415
0.25 0.0 0.0 1.3991275174726443
0.25 0.0 0.0 1.4204807177725534
0.25 0.0 0.0 1.4248282892031323
0.25 0.0 0.0 1.4378954455217405
0.25 0.0 0.0 1.4469660024220836
0.25 0.0 0.0 1.4905212064052666
0.25 0.0 0.0 1.4925111262481996
0.25 0.0 0.0 1.691228009894405
0.25 0.0 0.0 1.6972999476609685
0.25 0.0 0.0 1.905048924322145
0.25 0.0 0.0 1.914926466980937
0.25 0.0 0.0 2.0217761760706807
0.25 0.0 0.0 2.032254375350342
0.25 0.0 0.0 2.3194020960484147
0.25 0.0 0.0 2.332863707973101
0.25 0.0 0.0 2.3604643095172397
0.25 0.0 0.0 2.368099791834104
0.25 0.0 0.0 2.561892976056439
0.25 0.0 0.0 2.5657012505156183
0.25 0.0 0.0 2.8483986985643894
0.25 0.0 0.0 2.8522371006897496
0.25 0.0 0.0 4.390790067189166
0.25 0.0 0.0 4.445466136801153
0.25 0.0 0.0 4.707213320763243
0.25 0.0 0.0 4.736834181710702
0.25 0.0 0.0 4.862538134959584
0.25 0.0 0.0 4.890677261075802
0.25 0.0 0.0 4.9909973579277125
0.25 0.0 0.0 5.033827018300698
0.25 0.0 0.0 5.327862838007579
0.25 0.0 0.0 5.3372744327131585
0.25 0.0 0.0 5.35602131349679
0.25 0.0 0.0 5.366725237342659
0.25 0.0 0.0 5.573241086482961
0.25 0.0 0.0 5.60771290697214
0.25 0.0 0.0 5.867785283888196
0.25 0.0 0.0 5.878988275760598
0.25 0.0 0.0 5.993487781100008
0.25 0.0 0.0 6.009552363328338
0.25 0.0 0.0 6.020951743921187
0.25 0.0 0.0 6.0747292824434
0.25 0.0 0.0 6.148835859148628
0.25 0.0 0.0 6.18321376768558
0.25 0.0 0.0 6.222324725212533
0.25 0.0 0.0 6.237622345714458
0.25 0.0 0.0 6.32883306635055
0.25 0.0 0.0 6.338681066062296
0.25 0.0 0.0 6.81986377647032
0.25 0.0 0.0 6.832997336038569
0.25 0.0 0.0 6.855105176440237
0.25 0.0 0.0 6.889517135881875
0.25 0.0 0.0 6.956330100514716
0.25 0.0 0.0 6.977221274562806
0.25 0.0 0.0 7.086503624657457
0.25 0.0 0.0 7.089907293028208
0.25 0.0 0.0 7.197624177692419
0.25 0.0 0.0 7.208656635336919
0.25 0.0 0.0 7.278045809361718
0.25 0.0 0.0 7.292165086253326
0.25 0.0 0.0 7.368758484235775
0.25 0.0 0.0 7.390188694163797
0.25 0.0 0.0 7.42230709055571
0.25 0.0 0.0 7.44165045389094
0.25 0.0 0.0 7.492431334418469
0.25 0.0 0.0 7.520290201271647
0.25 0.0 0.0 7.547910451449941
0.25 0.0 0.0 7.557695045244546
0.25 0.0 0.0 7.626517070194964
0.25 0.0 0.0 7.638205060895614
0.3 0.0 0.0 -5.341040434645616
0.3 0.0 0.0 -5.340424839874365
0.3 0.0 0.0 -5.024047256754466
0.3 0.0 0.0 -5.023552431038734
0.3 0.0 0.0 -4.803190451973583
0.3 0.0 0.0 -4.8018700746433485
0.3 0.0 0.0 -4.786024147065193
0.3 0.0 0.0 -4.785105714370663
0.3 0.0 0.0 -4.504183982769408
0.3 0.0 0.0 -4.503257024752334
0.3 0.0 0.0 -4.46119352755904
0.3 0.0 0.0 -4.459283196177582
0.3 0.0 0.0 -4.2047344359676355
0.3 0.0 0.0 -4.202866132026996
0.3 0.0 0.0 -3.8460305659474687
0.3 0.0 0.0 -3.84318018501597
0.3 0.0 0.0 -1.1200778610637334
0.3 0.0 0.0 -1.072095064552868
0.3 0.0 0.0 -0.9386267006137112
0.3 0.0 0.0 -0.9226123388809446
0.3 0.0 0.0 -0.8557283624697503
0.3 0.0 0.0 -0.8389748692522572
0.3 0.0 0.0 -0.8093873018771438
0.3 0.0 0.0 -0.7951352144781536
0.3 0.0 0.0 -0.7786038313435825
0.3 0.0 0.0 -0.7728258022718419
0.3 0.0 0.0 -0.6976990806745595
0.3 0.0 0.0 -0.6822438140827236
0.3 0.0 0.0 -0.6213722125230516
0.3 0.0 0.0 -0.6082020011974789
0.3 0.0 0.0 -0.5888600454151556
0.3 0.0 0.0 -0.559834926537639
0.3 0.0 0.0 -0.5219319873112118
0.3 0.0 0.0 -0.49049804454792234
0.3 0.0 0.0 -0.4660120314083196
0.3 0.0 0.0 -0.418894411473528
0.3 0.0 0.0 -0.3304891152684579
0.3 0.0 0.0 -0.2934640817080201
0.3 0.0 0.0 -0.23475439972178247
0.3 0.0 0.0 -0.1992553672949411
0.3 0.0 0.0 0.3562517118718782
0.3 0.0 0.0 0.37797527937584263
0.3 0.0 0.0 0.4136672195225559
0.3 0.0 0.0 0.42682776980227555
0.3 0.0 0.0 0.44255800725690975
0.3 0.0 0.0 0.472178286625649
0.3 0.0 0.0 0.48246336196531114
0.3 0.0 0.0 0.5033011353767218
0.3 0.0 0.0 0.5300595127735406
0.3 0.0 0.0 0.5571171726044257
0.3 0.0 0.0 0.5724575059286892
0.3 0.0 0.0 0.5921650570718784
0.3 0.0 0.0 0.6245613600256865
0.3 0.0 0.0 0.644979817705484
0.3 0.0 0.0 0.675953117018885
0.3 0.0 0.0 0.6894296827236825
0.3 0.0 0.0 0.7027806802803704
0.3 0.0 0.0 0.7376870021275046
0.3 0.0 0.0 0.749168137389912
0.3 0.0 0.0 0.7565858387378883
0.3 0.0 0.0 0.7727089069392967
0.3 0.0 0.0 0.7804474286085128
0.3 0.0 0.0 0.7941023811775269
0.3 0.0 0.0 0.7999636761050737
0.3 0.0 0.0 0.8150623241601824
0.3 0.0 0.0 0.8253030369555949
0.3 0.0 0.0 0.836486060139296
0.3 0.0 0.0 0.8479459225348753
0.3 0.0 0.0 0.8554053158564554
0.3 0.0 0.0 0.861875731401695
0.3 0.0 0.0 0.8771231270246873
0.3 0.0 0.0 0.881432125981418
0.3 0.0 0.0 0.8927382981854817
0.3 0.0 0.0 0.8976777753396326
0.3 0.0 0.0 0.9063324309666188
0.3 0.0 0.0 0.9178928374980027
0.3 0.0 0.0 0.9303999140034982
0.3 0.0 0.0 0.9464915373256055
0.3 0.0 0.0 0.9508841163938907
0.3 0.0 0.0 0.9608287360493426
0.3 0.0 0.0 0.9753123266271598
0.3 0.0 0.0 0.9783414398581166
0.3 0.0 0.0 0.9851323621182964
0.3 0.0 0.0 0.9951562443731081
0.3 0.0 0.0 1.0035657757991086
0.3 0.0 0.0 1.0112934477915827
0.3 0.0 0.0 1.0197485490942344
0.3 0.0 0.0 1.0248257761891222
0.3 0.0 0.0 1.0339702251643497
0.3 0.0 0.0 1.0352935915242059
0.3 0.0 0.0 1.0411972486799734
0.3 0.0 0.0 1.0500691891761944
0.3 0.0 0.0 1.0611491501820947
0.3 0.0 0.0 1.0709706784644726
0.3 0.0 0.0 1.0733361267352903
0.3 0.0 0.0 1.079938194063014
0.3 0.0 0.0 1.0882495460489747
0.3 0.0 0.0 1.0938133437053361
0.3 0.0 0.0 1.0997114869697011
0.3 0.0 0.0 1.10478421648667
0.3 0.0 0.0 1.1107094116052998
0.3 0.0 0.0 1.11808638305199
0.3 0.0 0.0 1.1248759410481668
0.3 0.0 0.0 1.1315315569185713
0.3 0.0 0.0 1.137252734767785
0.3 0.0 0.0 1.1451565539445259
0.3 0.0 0.0 1.151328862548986
0.3 0.0 0.0 1.159752118978176
0.3 0.0 0.0 1.1661474683162774
0.3 0.0 0.0 1.1764942212237388
0.3 0.0 0.0 1.1859883418011856
0.3 0.0 0.0 1.1928074431429394
0.3 0.0 0.0 1.2017842161408625
0.3 0.0 0.0 1.20963541762256
0.3 0.0 0.0 1.2163899451258517
0.3 0.0 0.0 1.2273160563384797
0.3 0.0 0.0 1.234766640776018
0.3 0.0 0.0 1.2409201325697117
0.3 0.0 0.0 1.2499214035150414
0.3 0.0 0.0 1.2570972933229836
0.3 0.0 0.0 1.2671696712754477
0.3 0.0 0.0 1.2768269569779962
0.3 0.0 0.0 1.28466764063021
0.3 0.0 0.0 1.2953865170108818
0.3 0.0 0.0 1.3036628982513272
0.3 0.0 0.0 1.3084529914186238
0.3 0.0 0.0 1.3119464702454875
0.3 0.0 0.0 1.3187217225139074
0.3 0.0 0.0 1.3235362172051637
0.3 0.0 0.0 1.3260357878816107
0.3 0.0 0.0 1.3302175192797352
0.3 0.0 0.0 1.3351972845482734
0.3 0.0 0.0 1.337381399847571
0.3 0.0 0.0 1.3442287460388735
0.3 0.0 0.0 1.351181994376464
0.3 0.0 0.0 1.3557169844518386
0.3 0.0 0.0 1.3787793012634628
0.3 0.0 0.0 1.3851898599739592
0.3 0.0 0.0 1.3937442716812196
0.3 0.0 0.0 1.400165376945261
0.3 0.0 0.0 1.4202234550484383
0.3 0.0 0.0 1.4248526820377587
0.3 0.0 0.0 1.436363502818705
0.3 0.0 0.0 1.4483492343305793
0.3 0.0 0.0 1.48917012668336
0.3 0.0 0.0 1.4920400736587496
0.3 0.0 0.0 1.6297212487195711
0.3 0.0 0.0 1.6369555930436919
0.3 0.0 0.0 1.9106803013382283
0.3 0.0 0.0 1.9199596693519219
0.3 0.0 0.0 2.0335165081080326
0.3 0.0 0.0 2.0453971400391033
0.3 0.0 0.0 2.2688440565926102
0.3 0.0 0.0 2.2820011191880907
0.3 0.0 0.0 2.3101703501902744
0.3 0.0 0.0 2.31949463133364
0.3 0.0 0.0 2.5700799256461107
0.3 0.0 0.0 2.5740331973341446
0.3 0.0 0.0 2.80421296482646
0.3 0.0 0.0 2.8079291858962625
0.3 0.0 0.0 4.431618822243994
0.3 0.0 0.0 4.4883701086619965
0.3 0.0 0.0 4.697755036861677
0.3 0.0 0.0 4.726962709262498
0.3 0.0 0.0 4.900291087498838
0.3 0.0 0.0 4.923090915078708
0.3 0.0 0.0 5.031661180024089
0.3 0.0 0.0 5.073621750702294
0.3 0.0 0.0 5.320993484567797
0.3 0.0 0.0 5.329911728297141
0.3 0.0 0.0 5.347067391854029
0.3 0.0 0.0 5.3625218116388
0.3 0.0 0.0 5.64440910359654
0.3 0.0 0.0 5.679153382689242
0.3 0.0 0.0 5.876913028295698
0.3 0.0 0.0 5.8861312011225575
0.3 0.0 0.0 5.996646439769145
0.3 0.0 0.0 6.011413811714069
0.3 0.0 0.0 6.082749954818475
0.3 0.0 0.0 6.145800481795949
0.3 0.0 0.0 6.195533379922026
0.3 0.0 0.0 6.224571289152193
0.3 0.0 0.0 6.2642233368030515
0.3 0.0 0.0 6.285135418718353
0.3 0.0 0.0 6.336880063397729
0.3 0.0 0.0 6.350716153824929
0.3 0.0 0.0 6.779443422809861
0.3 0.0 0.0 6.7913358295752815
0.3 0.0 0.0 6.818287907956136
0.3 0.0 0.0 6.853905358762463
0.3 0.0 0.0 6.917135733239785
0.3 0.0 0.0 6.94478835420521
0.3 0.0 0.0 7.082709359237861
0.3 0.0 0.0 7.090632288332772
0.3 0.0 0.0 7.194468339178121
0.3 0.0 0.0 7.2092164588269805
0.3 0.0 0.0 7.282313594874012
0.3 0.0 0.0 7.298626998320975
0.3 0.0 0.0 7.341489105531203
0.3 0.0 0.0 7.372146599016012
0.3 0.0 0.0 7.398696742909127
0.3 0.0 0.0 7.424043201652933
0.3 0.0 0.0 7.46791737833353
0.3 0.0 0.0 7.500942355981478
0.3 0.0 0.0 7.54001300571314
0.3 0.0 0.0 7.550683540322274
0.3 0.0 0.0 7.622145630762768
0.3 0.0 0.0 7.632446010052621
0.35 0.0 0.0 -5.319432632200748
0.35 0.0 0.0 -5.318813456558349
0.35 0.0 0.0 -5.051148484771143
0.35 0.0 0.0 -5.050610448632985
0.35 0.0 0.0 -4.775403418288142
0.35 0.0 0.0 -4.773884922503444
0.35 0.0 0.0 -4.7599328866183015
0.35 0.0 0.0 -4.758799496189765
0.35 0.0 0.0 -4.537377554471512
0.35 0.0 0.0 -4.536275406841265
0.35 0.0 0.0 -4.499967991437529
0.35 0.0 0.0 -4.498022876975018
0.35 0.0 0.0 -4.174169218755157
0.35 0.0 0.0 -4.172153125601216
0.35 0.0 0.0 -3.893628551891962
0.35 0.0 0.0 -3.890771598359912
0.35 0.0 0.0 -1.1131626778270727
0.35 0.0 0.0 -1.0764359668623706
0.35 0.0 0.0 -0.9307870602277921
0.35 0.0 0.0 -0.9196125465287688
0.35 0.0 0.0 -0.8484119913264108
0.35 0.0 0.0 -0.8364776882517804
0.35 0.0 0.0 -0.8022622042804484
0.35 0.0 0.0 -0.793045565604257
0.35 0.0 0.0 -0.7770604186788435
0.35 0.0 0.0 -0.7724243189595693
0.35 0.0 0.0 -0.6924182971165047
0.35 0.0 0.0 -0.6802762552086028
0.35 0.0 0.0 -0.6103008022583536
0.35 0.0 0.0 -0.5973236683855658
0.35 0.0 0.0 -0.5783762929003311
0.35 0.0 0.0 -0.557136436127398
0.35 0.0 0.0 -0.42595791342265077
0.35 0.0 0.0 -0.40212543462358585
0.35 0.0 0.0 -0.3774894834289553
0.35 0.0 0.0 -0.33280730540178727
0.35 0.0 0.0 -0.24587504003636873
0.35 0.0 0.0 -0.21201830064028648
0.35 0.0 0.0 -0.14913370547433136
0.35 0.0 0.0 -0.11638663881436528
0.35 0.0 0.0 0.30113190665285394
0.35 0.0 0.0 0.32948211836975805
0.35 0.0 0.0 0.355258021967515
0.35 0.0 0.0 0.36492266347554647
0.35 0.0 0.0 0.3854394320036132
0.35 0.0 0.0 0.40853251383794476
0.35 0.0 0.0 0.448880346791074
0.35 0.0 0.0 0.47421360701955084
0.35 0.0 0.0 0.4961814969789007
0.35 0.0 0.0 0.5155716344225505
0.35 0.0 0.0 0.5638793153698822
0.35 0.0 0.0 0.5831641492541797
0.35 0.0 0.0 0.6165719968287755
0.35 0.0 0.0 0.6428768309280581
0.35 0.0 0.0 0.6628166982984265
0.35 0.0 0.0 0.6788511823214263
0.35 0.0 0.0 0.6998662167018885
0.35 0.0 0.0 0.73014723308947
0.35 0.0 0.0 0.7453712246808726
0.35 0.0 0.0 0.7522949296027521
0.35 0.0 0.0 0.7690069851771009
0.35 0.0 0.0 0.7778965447429806
0.35 0.0 0.0 0.7916570469384974
0.35 0.0 0.0 0.8000274691830285
0.35 0.0 0.0 0.8107456859190085
0.35 0.0 0.0 0.8229375679147477
0.35 0.0 0.0 0.8350434922405343
0.35 0.0 0.0 0.8472530707671591
0.35 0.0 0.0 0.8536440255080865
0.35 0.0 0.0 0.8579632711494205
0.35 0.0 0.0 0.8753706755223656
0.35 0.0 0.0 0.8798766355232511
0.35 0.0 0.0 0.8913484456596987
0.35 0.0 0.0 0.8956713577552736
0.35 0.0 0.0 0.905204940905637
0.35 0.0 0.0 0.9096888168638088
0.35 0.0 0.0 0.9286741767500803
0.35 0.0 0.0 0.9433716505595573
0.35 0.0 0.0 0.9520769229583319
0.35 0.0 0.0 0.9602851935292955
0.35 0.0 0.0 0.9724131313317987
0.35 0.0 0.0 0.9769517454294884
0.35 0.0 0.0 0.9837993401186873
0.35 0.0 0.0 0.9928507284796595
0.35 0.0 0.0 1.0025678520624233
0.35 0.0 0.0 1.0097124955182677
0.35 0.0 0.0 1.02088083764763
0.35 0.0 0.0 1.0244756249883606
0.35 0.0 0.0 1.0344597968109814
0.35 0.0 0.0 1.0359289606862672
0.35 0.0 0.0 1.0396824396279614
0.35 0.0 0.0 1.0505440143320168
0.35 0.0 0.0 1.0611167053084705
0.35 0.0 0.0 1.0704403579607928
0.35 0.0 0.0 1.0735799874703724
0.35 0.0 0.0 1.0787349227196261
0.35 0.0 0.0 1.0890338903676458
0.35 0.0 0.0 1.093203634192637
0.35 0.0 0.0 1.0987430402944225
0.35 0.0 0.0 1.1044570494672166
0.35 0.0 0.0 1.1103486479536426
0.35 0.0 0.0 1.1175208740719451
0.35 0.0 0.0 1.1235187307960388
0.35 0.0 0.0 1.1291989793955
0.35 0.0 0.0 1.1368545096294493
0.35 0.0 0.0 1.1435611715670904
0.35 0.0 0.0 1.1506388749929233
0.35 0.0 0.0 1.1569840809769472
0.35 0.0 0.0 1.163598675919828
0.35 0.0 0.0 1.1734588114761104
0.35 0.0 0.0 1.1870627085714327
0.35 0.0 0.0 1.191136055656886
0.35 0.0 0.0 1.1989417796981652
0.35 0.0 0.0 1.2060689046568784
0.35 0.0 0.0 1.2158829714435813
0.35 0.0 0.0 1.2253833332363775
0.35 0.0 0.0 1.231768294425134
0.35 0.0 0.0 1.2399312737697645
0.35 0.0 0.0 1.2495298655568587
0.35 0.0 0.0 1.25490531238272
0.35 0.0 0.0 1.2647963836411868
0.35 0.0 0.0 1.274943614545272
0.35 0.0 0.0 1.2833884701174343
0.35 0.0 0.0 1.2942129408763572
0.35 0.0 0.0 1.303054593101027
0.35 0.0 0.0 1.306956897696964
0.35 0.0 0.0 1.3122426944580436
0.35 0.0 0.0 1.3182071957177544
0.35 0.0 0.0 1.323848733609375
0.35 0.0 0.0 1.3254246863876982
0.35 0.0 0.0 1.3309526702554069
0.35 0.0 0.0 1.3348633492219897
0.35 0.0 0.0 1.3377676537301635
0.35 0.0 0.0 1.3446734448910567
0.35 0.0 0.0 1.3525230242952009
0.35 0.0 0.0 1.3568866303530174
0.35 0.0 0.0 1.3784418809495467
0.35 0.0 0.0 1.3843666994274713
0.35 0.0 0.0 1.395016568127935
0.35 0.0 0.0 1.4015079332880873
0.35 0.0 0.0 1.419851928818126
0.35 0.0 0.0 1.4247727931313934
0.35 0.0 0.0 1.4345746082783926
0.35 0.0 0.0 1.4498180634068527
0.35 0.0 0.0 1.486328647269418
0.35 0.0 0.0 1.4907684739623297
0.35 0.0 0.0 1.5757145047238685
0.35 0.0 0.0 1.5848942372498982
0.35 0.0 0.0 1.918277660849995
0.35 0.0 0.0 1.9264623985981668
0.35 0.0 0.0 2.0482576985014127
0.35 0.0 0.0 2.061034849869017
0.35 0.0 0.0 2.2240887480469853
0.35 0.0 0.0 2.235901273520944
0.35 0.0 0.0 2.2624092633820725
0.35 0.0 0.0 2.273110822265507
0.35 0.0 0.0 2.5811439999722374
0.35 0.0 0.0 2.5851726442358838
0.35 0.0 0.0 2.763582797025961
0.35 0.0 0.0 2.767263432429722
0.35 0.0 0.0 4.4722999464728765
0.35 0.0 0.0 4.528109108327669
0.35 0.0 0.0 4.681787923576955
0.35 0.0 0.0 4.713145795306415
0.35 0.0 0.0 4.934471663868908
0.35 0.0 0.0 4.951915525249131
0.35 0.0 0.0 5.069892956515533
0.35 0.0 0.0 5.107523593879318
0.35 0.0 0.0 5.312706040540235
0.35 0.0 0.0 5.320602862620444
0.35 0.0 0.0 5.3399496870114
0.35 0.0 0.0 5.3565190868964985
0.35 0.0 0.0 5.71301469389418
0.35 0.0 0.0 5.746927775690214
0.35 0.0 0.0 5.887893637199479
0.35 0.0 0.0 5.8967449319828615
0.35 0.0 0.0 5.995400626251225
0.35 0.0 0.0 6.011996701217011
0.35 0.0 0.0 6.151452294480464
0.35 0.0 0.0 6.1974084320147
0.35 0.0 0.0 6.218852469981782
0.35 0.0 0.0 6.244612717019677
0.35 0.0 0.0 6.309898942855799
0.35 0.0 0.0 6.340121787217679
0.35 0.0 0.0 6.384314967373236
0.35 0.0 0.0 6.403646918078492
0.35 0.0 0.0 6.724473665236369
0.35 0.0 0.0 6.743099487495419
0.35 0.0 0.0 6.771455481939318
0.35 0.0 0.0 6.809653969109679
0.35 0.0 0.0 6.866814359729367
0.35 0.0 0.0 6.895414875017324
0.35 0.0 0.0 7.092430273785659
0.35 0.0 0.0 7.101563851197747
0.35 0.0 0.0 7.190114067417964
0.35 0.0 0.0 7.213878418762375
0.35 0.0 0.0 7.281299879524027
0.35 0.0 0.0 7.298508683235015
0.35 0.0 0.0 7.3258122191552735
0.35 0.0 0.0 7.355223834534917
0.35 0.0 0.0 7.378163371827279
0.35 0.0 0.0 7.40631128416061
0.35 0.0 0.0 7.440202747011468
0.35 0.0 0.0 7.476037024404537
0.35 0.0 0.0 7.537835956258752
0.35 0.0 0.0 7.54653781528465
0.35 0.0 0.0 7.619045033813818
0.35 0.0 0.0 7.627299882675362
0.39999999999999997 0.0 0.0 -5.298534700694268
0.39999999999999997 0.0 0.0 -5.29799123874899
0.39999999999999997 0.0 0.0 -5.076544962191756
0.39999999999999997 0.0 0.0 -5.076050702023358
0.39999999999999997 0.0 0.0 -4.745966156040953
0.39999999999999997 0.0 0.0 -4.744216347390481
0.39999999999999997 0.0 0.0 -4.731958804193363
0.39999999999999997 0.0 0.0 -4.730499595713112
0.39999999999999997 0.0 0.0 -4.571279037711954
0.39999999999999997 0.0 0.0 -4.569953905192585
0.39999999999999997 0.0 0.0 -4.5379181775060555
0.39999999999999997 0.0 0.0 -4.536001857102606
0.39999999999999997 0.0 0.0 -4.139565670433396
0.39999999999999997 0.0 0.0 -4.13746292408435
0.39999999999999997 0.0 0.0 -3.941036865311819
0.39999999999999997 0.0 0.0 -3.9383242977104254
0.39999999999999997 0.0 0.0 -1.1061533452080612
0.39999999999999997 0.0 0.0 -1.0814127177511983
0.39999999999999997 0.0 0.0 -0.9251370123550631
0.39999999999999997 0.0 0.0 -0.918112299786468
0.39999999999999997 0.0 0.0 -0.8428268583198196
0.39999999999999997 0.0 0.0 -0.8353903166549521
0.39999999999999997 0.0 0.0 -0.7962751793598585
0.39999999999999997 0.0 0.0 -0.7909542425456372
0.39999999999999997 0.0 0.0 -0.7775053876798528
0.39999999999999997 0.0 0.0 -0.7739448188484886
0.39999999999999997 0.0 0.0 -0.6883319858964485
0.39999999999999997 0.0 0.0 -0.6800338429936624
0.39999999999999997 0.0 0.0 -0.6037005052419291
0.39999999999999997 0.0 0.0 -0.5940406417209436
0.39999999999999997 0.0 0.0 -0.5715883890682507
0.39999999999999997 0.0 0.0 -0.5575881583305717
0.39999999999999997 0.0 0.0 -0.32505209902925447
0.39999999999999997 0.0 0.0 -0.3083708421365161
0.39999999999999997 0.0 0.0 -0.2846345730207007
0.39999999999999997 0.0 0.0 -0.24503819445671216
0.39999999999999997 0.0 0.0 -0.1545475908015579
0.39999999999999997 0.0 0.0 -0.12559855699226752
0.39999999999999997 0.0 0.0 -0.05915002167361472
0.39999999999999997 0.0 0.0 -0.03083183100632514
0.39999999999999997 0.0 0.0 0.23545467530115083
0.39999999999999997 0.0 0.0 0.2639608965641944
0.39999999999999997 0.0 0.0 0.28219466035782403
0.39999999999999997 0.0 0.0 0.294820214899957
0.39999999999999997 0.0 0.0 0.3079332920620885
0.39999999999999997 0.0 0.0 0.3360033765698498
0.39999999999999997 0.0 0.0 0.3940523414018058
0.39999999999999997 0.0 0.0 0.41688739035465616
0.39999999999999997 0.0 0.0 0.48503696335939317
0.39999999999999997 0.0 0.0 0.4953359149260397
0.39999999999999997 0.0 0.0 0.5606415402968246
0.39999999999999997 0.0 0.0 0.5747614930545053
0.39999999999999997 0.0 0.0 0.6151903111616424
0.39999999999999997 0.0 0.0 0.641474219416752
0.39999999999999997 0.0 0.0 0.6521118222704869
0.39999999999999997 0.0 0.0 0.6710611194741496
0.39999999999999997 0.0 0.0 0.701515330892553
0.39999999999999997 0.0 0.0 0.722573976391268
0.39999999999999997 0.0 0.0 0.7441635219480478
0.39999999999999997 0.0 0.0 0.7494302393619006
0.39999999999999997 0.0 0.0 0.7682966905232556
0.39999999999999997 0.0 0.0 0.775134499187157
0.39999999999999997 0.0 0.0 0.7914708309391179
0.39999999999999997 0.0 0.0 0.8002390699388302
0.39999999999999997 0.0 0.0 0.8072797847234163
0.39999999999999997 0.0 0.0 0.8190096154477633
0.39999999999999997 0.0 0.0 0.8355282966361894
0.39999999999999997 0.0 0.0 0.845332662427345
0.39999999999999997 0.0 0.0 0.8527598908569838
0.39999999999999997 0.0 0.0 0.8562754003873323
0.39999999999999997 0.0 0.0 0.873924548534598
0.39999999999999997 0.0 0.0 0.8788523505888313
0.39999999999999997 0.0 0.0 0.8890168366124143
0.39999999999999997 0.0 0.0 0.8950353918863077
0.39999999999999997 0.0 0.0 0.9021044677242739
0.39999999999999997 0.0 0.0 0.9057890456536319
0.39999999999999997 0.0 0.0 0.9290267697029764
0.39999999999999997 0.0 0.0 0.9401005291010511
0.39999999999999997 0.0 0.0 0.9534341145293391
0.39999999999999997 0.0 0.0 0.95983471503885
0.39999999999999997 0.0 0.0 0.9698180817939536
0.39999999999999997 0.0 0.0 0.9756921758061416
0.39999999999999997 0.0 0.0 0.9830466242066853
0.39999999999999997 0.0 0.0 0.9907063562503424
0.39999999999999997 0.0 0.0 1.0027023195024942
0.39999999999999997 0.0 0.0 1.0077974329855688
0.39999999999999997 0.0 0.0 1.0223152522948142
0.39999999999999997 0.0 0.0 1.0249485658450976
0.39999999999999997 0.0 0.0 1.0338905808614027
0.39999999999999997 0.0 0.0 1.0364390155743466
0.39999999999999997 0.0 0.0 1.0395418658705784
0.39999999999999997 0.0 0.0 1.050306009044121
0.39999999999999997 0.0 0.0 1.0621640592341839
0.39999999999999997 0.0 0.0 1.0695971838475427
0.39999999999999997 0.0 0.0 1.0738275060937765
0.39999999999999997 0.0 0.0 1.0774831504021951
0.39999999999999997 0.0 0.0 1.089704651600943
0.39999999999999997 0.0 0.0 1.093204651477467
0.39999999999999997 0.0 0.0 1.096564311844487
0.39999999999999997 0.0 0.0 1.1037016389438943
0.39999999999999997 0.0 0.0 1.110815873634869
0.39999999999999997 0.0 0.0 1.1174659808447815
0.39999999999999997 0.0 0.0 1.1219810375479005
0.39999999999999997 0.0 0.0 1.1266131035462057
0.39999999999999997 0.0 0.0 1.1373262500453816
0.39999999999999997 0.0 0.0 1.1420655857463176
0.39999999999999997 0.0 0.0 1.149907473621933
0.39999999999999997 0.0 0.0 1.1549790870237553
0.39999999999999997 0.0 0.0 1.1622061525343321
0.39999999999999997 0.0 0.0 1.1705879962466597
0.39999999999999997 0.0 0.0 1.18848555053853
0.39999999999999997 0.0 0.0 1.1901994942657526
0.39999999999999997 0.0 0.0 1.1962892646947723
0.39999999999999997 0.0 0.0 1.2026454115541068
0.39999999999999997 0.0 0.0 1.2160068461567448
0.39999999999999997 0.0 0.0 1.2228783947465907
0.39999999999999997 0.0 0.0 1.2307862129962208
0.39999999999999997 0.0 0.0 1.2380014438441567
0.39999999999999997 0.0 0.0 1.2493306887564724
0.39999999999999997 0.0 0.0 1.2535064399698452
0.39999999999999997 0.0 0.0 1.2640147923699612
0.39999999999999997 0.0 0.0 1.2722560873235205
0.39999999999999997 0.0 0.0 1.2842819256360194
0.39999999999999997 0.0 0.0 1.2931254671323993
0.39999999999999997 0.0 0.0 1.3025901394262493
0.39999999999999997 0.0 0.0 1.3053646235060454
0.39999999999999997 0.0 0.0 1.3128738751781301
0.39999999999999997 0.0 0.0 1.3172635532003336
0.39999999999999997 0.0 0.0 1.3240963365887979
0.39999999999999997 0.0 0.0 1.3249915812143995
0.39999999999999997 0.0 0.0 1.3318566657498503
0.39999999999999997 0.0 0.0 1.3344236925617852
0.39999999999999997 0.0 0.0 1.3387040320620085
0.39999999999999997 0.0 0.0 1.3443181733664264
0.39999999999999997 0.0 0.0 1.3543395613157907
0.39999999999999997 0.0 0.0 1.3579193580852558
0.39999999999999997 0.0 0.0 1.378361526141063
0.39999999999999997 0.0 0.0 1.3831253537524644
0.39999999999999997 0.0 0.0 1.3971918325661454
0.39999999999999997 0.0 0.0 1.4030810875986357
0.39999999999999997 0.0 0.0 1.419422499226758
0.39999999999999997 0.0 0.0 1.4242291756604115
0.39999999999999997 0.0 0.0 1.4332182481029543
0.39999999999999997 0.0 0.0 1.4506996545193669
0.39999999999999997 0.0 0.0 1.4802898846597126
0.39999999999999997 0.0 0.0 1.4876434962718363
0.39999999999999997 0.0 0.0 1.5374398775103773
0.39999999999999997 0.0 0.0 1.5464245410361732
0.39999999999999997 0.0 0.0 1.9264756076323746
0.39999999999999997 0.0 0.0 1.932830226472655
0.39999999999999997 0.0 0.0 2.0659809534049183
0.39999999999999997 0.0 0.0 2.078716716237448
0.39999999999999997 0.0 0.0 2.1881454863544603
0.39999999999999997 0.0 0.0 2.1977749099538126
0.39999999999999997 0.0 0.0 2.221146840769804
0.39999999999999997 0.0 0.0 2.2320377965754483
0.39999999999999997 0.0 0.0 2.5943394351952764
0.39999999999999997 0.0 0.0 2.5981416000698827
0.39999999999999997 0.0 0.0 2.7287726950951297
0.39999999999999997 0.0 0.0 2.73227608365912
0.39999999999999997 0.0 0.0 4.5110953179022335
0.39999999999999997 0.0 0.0 4.561925792804319
0.39999999999999997 0.0 0.0 4.662921715044902
0.39999999999999997 0.0 0.0 4.69591156799917
0.39999999999999997 0.0 0.0 4.961891568055769
0.39999999999999997 0.0 0.0 4.973792169871032
0.39999999999999997 0.0 0.0 5.103117428506182
0.39999999999999997 0.0 0.0 5.132482097616579
0.39999999999999997 0.0 0.0 5.304234037974842
0.39999999999999997 0.0 0.0 5.3106267601110675
0.39999999999999997 0.0 0.0 5.335930515822682
0.39999999999999997 0.0 0.0 5.349580286666766
0.39999999999999997 0.0 0.0 5.7706858681984485
0.39999999999999997 0.0 0.0 5.799085701839534
0.39999999999999997 0.0 0.0 5.902270275044058
0.39999999999999997 0.0 0.0 5.9129326335459265
0.39999999999999997 0.0 0.0 5.9973303897930785
0.39999999999999997 0.0 0.0 6.016468605754728
0.39999999999999997 0.0 0.0 6.161724549988948
0.39999999999999997 0.0 0.0 6.177184631588031
0.39999999999999997 0.0 0.0 6.265449138861277
0.39999999999999997 0.0 0.0 6.32082056452829
0.39999999999999997 0.0 0.0 6.3723116427147
0.39999999999999997 0.0 0.0 6.400668599074957
0.39999999999999997 0.0 0.0 6.448480602063376
0.39999999999999997 0.0 0.0 6.468244708307988
0.39999999999999997 0.0 0.0 6.661450704116742
0.39999999999999997 0.0 0.0 6.6874026797741255
0.39999999999999997 0.0 0.0 6.716330239522202
0.39999999999999997 0.0 0.0 6.760525494758987
0.39999999999999997 0.0 0.0 6.81149744498326
0.39999999999999997 0.0 0.0 6.837720175127648
0.39999999999999997 0.0 0.0 7.107985346879587
0.39999999999999997 0.0 0.0 7.117559205302455
0.39999999999999997 0.0 0.0 7.185816829230021
0.39999999999999997 0.0 0.0 7.22357649299841
0.39999999999999997 0.0 0.0 7.2590529135662845
0.39999999999999997 0.0 0.0 7.2961524641396425
0.39999999999999997 0.0 0.0 7.328177405639067
0.39999999999999997 0.0 0.0 7.342596156953385
0.39999999999999997 0.0 0.0 7.3656637363092745
0.39999999999999997 0.0 0.0 7.390027809987099
0.39999999999999997 0.0 0.0 7.415015407522559
0.39999999999999997 0.0 0.0 7.450115321172062
0.39999999999999997 0.0 0.0 7.5380274775778995
0.39999999999999997 0.0 0.0 7.543982127839445
0.39999999999999997 0.0 0.0 7.617210603492378
0.39999999999999997 0.0 0.0 7.6229695208732
0.44999999999999996 0.0 0.0 -5.282089823855854
0.44999999999999996 0.0 0.0 -5.281749666655973
0.44999999999999996 0.0 0.0 -5.0957963868489395
0.44999999999999996 0.0 0.0 -5.095479309184615
0.44999999999999996 0.0 0.0 -4.7184883504563215
0.44999999999999996 0.0 0.0 -4.716591304359991
0.44999999999999996 0.0 0.0 -4.706400854181966
0.44999999999999996 0.0 0.0 -4.704523848767519
0.44999999999999996 0.0 0.0 -4.601348312142297
0.44999999999999996 0.0 0.0 -4.599954980082332
0.44999999999999996 0.0 0.0 -4.5700200448951085
0.44999999999999996 0.0 0.0 -4.56846772407306
0.44999999999999996 0.0 0.0 -4.104125002757857
0.44999999999999996 0.0 0.0 -4.102239060317536
0.44999999999999996 0.0 0.0 -3.9841114332286893
0.44999999999999996 0.0 0.0 -3.981905971713256
0.44999999999999996 0.0 0.0 -1.0993413377909231
0.44999999999999996 0.0 0.0 -1.0869097988628624
0.44999999999999996 0.0 0.0 -0.921293237132892
0.44999999999999996 0.0 0.0 -0.9179113317934077
0.44999999999999996 0.0 0.0 -0.8389123790796866
0.44999999999999996 0.0 0.0 -0.8353939502597655
0.44999999999999996 0.0 0.0 -0.7915985069319068
0.44999999999999996 0.0 0.0 -0.7890635327997626
0.44999999999999996 0.0 0.0 -0.7786102546151402
0.44999999999999996 0.0 0.0 -0.7763738957397278
0.44999999999999996 0.0 0.0 -0.6851212850997496
0.44999999999999996 0.0 0.0 -0.6809193344517898
0.44999999999999996 0.0 0.0 -0.5990554689345824
0.44999999999999996 0.0 0.0 -0.5939513269698631
0.44999999999999996 0.0 0.0 -0.5667423838456318
0.44999999999999996 0.0 0.0 -0.5597383445804236
0.44999999999999996 0.0 0.0 -0.23753199387858626
0.44999999999999996 0.0 0.0 -0.22856506876266636
0.44999999999999996 0.0 0.0 -0.19977793085134898
0.44999999999999996 0.0 0.0 -0.17244824417644988
0.44999999999999996 0.0 0.0 -0.06881548072228671
0.44999999999999996 0.0 0.0 -0.049080812402152674
0.44999999999999996 0.0 0.0 0.022420671748133003
0.44999999999999996 0.0 0.0 0.04219236441479346
0.44999999999999996 0.0 0.0 0.17488771901246913
0.44999999999999996 0.0 0.0 0.19213114812674892
0.44999999999999996 0.0 0.0 0.21686671941277869
0.44999999999999996 0.0 0.0 0.23057322483585097
0.44999999999999996 0.0 0.0 0.24062683172416754
0.44999999999999996 0.0 0.0 0.2650787779020991
0.44999999999999996 0.0 0.0 0.32941266144184045
0.44999999999999996 0.0 0.0 0.34593188549688936
0.44999999999999996 0.0 0.0 0.4842238387387587
0.44999999999999996 0.0 0.0 0.48857498115754305
0.44999999999999996 0.0 0.0 0.5605423919882675
0.44999999999999996 0.0 0.0 0.5677348368862107
0.44999999999999996 0.0 0.0 0.6184786882952098
0.44999999999999996 0.0 0.0 0.6331350036946626
0.44999999999999996 0.0 0.0 0.6532058442064237
0.44999999999999996 0.0 0.0 0.6644832225425841
0.44999999999999996 0.0 0.0 0.7050022972259953
0.44999999999999996 0.0 0.0 0.71568638857521
0.44999999999999996 0.0 0.0 0.7446714154955232
0.44999999999999996 0.0 0.0 0.7475916983823511
0.44999999999999996 0.0 0.0 0.7689677578206595
0.44999999999999996 0.0 0.0 0.7725486384827878
0.44999999999999996 0.0 0.0 0.7928127965507907
0.44999999999999996 0.0 0.0 0.7983148612422157
0.44999999999999996 0.0 0.0 0.8073491705299185
0.44999999999999996 0.0 0.0 0.8144606101628726
0.44999999999999996 0.0 0.0 0.8373113493667382
0.44999999999999996 0.0 0.0 0.8425784086889612
0.44999999999999996 0.0 0.0 0.8531648994268648
0.44999999999999996 0.0 0.0 0.855095449150896
0.44999999999999996 0.0 0.0 0.8737513332463188
0.44999999999999996 0.0 0.0 0.877155166557131
0.44999999999999996 0.0 0.0 0.8882854254459407
0.44999999999999996 0.0 0.0 0.8923463521559802
0.44999999999999996 0.0 0.0 0.9012607951055872
0.44999999999999996 0.0 0.0 0.9041430008299093
0.44999999999999996 0.0 0.0 0.9308547175205152
0.44999999999999996 0.0 0.0 0.9367887710229206
0.44999999999999996 0.0 0.0 0.9550060580391029
0.44999999999999996 0.0 0.0 0.9586164580931901
0.44999999999999996 0.0 0.0 0.9693301407349793
0.44999999999999996 0.0 0.0 0.9732169277250851
0.44999999999999996 0.0 0.0 0.984012839718562
0.44999999999999996 0.0 0.0 0.98833728479312
0.44999999999999996 0.0 0.0 1.0036530035871345
0.44999999999999996 0.0 0.0 1.0062756786292475
0.44999999999999996 0.0 0.0 1.0234796722165116
0.44999999999999996 0.0 0.0 1.0252490665522538
0.44999999999999996 0.0 0.0 1.0334652748074418
0.44999999999999996 0.0 0.0 1.0351040326732637
0.44999999999999996 0.0 0.0 1.042202164617582
0.44999999999999996 0.0 0.0 1.048466576963055
0.44999999999999996 0.0 0.0 1.0642744332703042
0.44999999999999996 0.0 0.0 1.068370271360259
0.44999999999999996 0.0 0.0 1.0742479798841733
0.44999999999999996 0.0 0.0 1.076208930396468
0.44999999999999996 0.0 0.0 1.0901574981581375
0.44999999999999996 0.0 0.0 1.0926917164511551
0.44999999999999996 0.0 0.0 1.0960912379341075
0.44999999999999996 0.0 0.0 1.1012107585604312
0.44999999999999996 0.0 0.0 1.1130628213145006
0.44999999999999996 0.0 0.0 1.1176849399967155
0.44999999999999996 0.0 0.0 1.120674546785242
0.44999999999999996 0.0 0.0 1.1237953710475599
0.44999999999999996 0.0 0.0 1.1381444140843093
0.44999999999999996 0.0 0.0 1.1406014704723013
0.44999999999999996 0.0 0.0 1.1499618632103634
0.44999999999999996 0.0 0.0 1.153004636710882
0.44999999999999996 0.0 0.0 1.1628421499752502
0.44999999999999996 0.0 0.0 1.167691136380142
0.44999999999999996 0.0 0.0 1.189660203769452
0.44999999999999996 0.0 0.0 1.1909612634323479
0.44999999999999996 0.0 0.0 1.1944260294997708
0.44999999999999996 0.0 0.0 1.198968962598247
0.44999999999999996 0.0 0.0 1.2168828141954044
0.44999999999999996 0.0 0.0 1.2204619817503042
0.44999999999999996 0.0 0.0 1.2313951609934113
0.44999999999999996 0.0 0.0 1.2354752534628115
0.44999999999999996 0.0 0.0 1.249829816842625
0.44999999999999996 0.0 0.0 1.2521645666718983
0.44999999999999996 0.0 0.0 1.2648159386785542
0.44999999999999996 0.0 0.0 1.269360141904063
0.44999999999999996 0.0 0.0 1.2865683785864293
0.44999999999999996 0.0 0.0 1.2915822175375822
0.44999999999999996 0.0 0.0 1.3024521110715963
0.44999999999999996 0.0 0.0 1.3038979415766276
0.44999999999999996 0.0 0.0 1.3137633050851556
0.44999999999999996 0.0 0.0 1.3160760368142368
0.44999999999999996 0.0 0.0 1.3242921997435482
0.44999999999999996 0.0 0.0 1.324701110519094
0.44999999999999996 0.0 0.0 1.3326971160350913
0.44999999999999996 0.0 0.0 1.3339355405063624
0.44999999999999996 0.0 0.0 1.3401080273501491
0.44999999999999996 0.0 0.0 1.3432568768126805
0.44999999999999996 0.0 0.0 1.3563408690457286
0.44999999999999996 0.0 0.0 1.3584111430262724
0.44999999999999996 0.0 0.0 1.3788094359604512
0.44999999999999996 0.0 0.0 1.3815608654166394
0.44999999999999996 0.0 0.0 1.4002312393854492
0.44999999999999996 0.0 0.0 1.4041792368184771
0.44999999999999996 0.0 0.0 1.4192610122832245
0.44999999999999996 0.0 0.0 1.422449770337572
0.44999999999999996 0.0 0.0 1.4343611440644093
0.44999999999999996 0.0 0.0 1.4478288814614642
0.44999999999999996 0.0 0.0 1.473265863523995
0.44999999999999996 0.0 0.0 1.4814280689738757
0.44999999999999996 0.0 0.0 1.5197704205330478
0.44999999999999996 0.0 0.0 1.524479830892329
0.44999999999999996 0.0 0.0 1.9335656408018596
0.44999999999999996 0.0 0.0 1.937135031811809
0.44999999999999996 0.0 0.0 2.0855628402521624
0.44999999999999996 0.0 0.0 2.0957705567583567
0.44999999999999996 0.0 0.0 2.162884610188841
0.44999999999999996 0.0 0.0 2.1697344614031344
0.44999999999999996 0.0 0.0 2.1922858050190523
0.44999999999999996 0.0 0.0 2.200103938943432
0.44999999999999996 0.0 0.0 2.6076599106062983
0.44999999999999996 0.0 0.0 2.6104004146090647
0.44999999999999996 0.0 0.0 2.703113146697025
0.44999999999999996 0.0 0.0 2.705689647100987
0.44999999999999996 0.0 0.0 4.546231622356361
0.44999999999999996 0.0 0.0 4.582097013906057
0.44999999999999996 0.0 0.0 4.649515461496
0.44999999999999996 0.0 0.0 4.676046597909309
0.44999999999999996 0.0 0.0 4.980463734681949
0.44999999999999996 0.0 0.0 4.9865209991206605
0.44999999999999996 0.0 0.0 5.128827073508107
0.44999999999999996 0.0 0.0 5.145377740171719
0.44999999999999996 0.0 0.0 5.298162015654367
0.44999999999999996 0.0 0.0 5.302132884865414
0.44999999999999996 0.0 0.0 5.33520970157342
0.44999999999999996 0.0 0.0 5.342868483844356
0.44999999999999996 0.0 0.0 5.809250255525661
0.44999999999999996 0.0 0.0 5.82478743665126
0.44999999999999996 0.0 0.0 5.919631390539849
0.44999999999999996 0.0 0.0 5.929355497477804
0.44999999999999996 0.0 0.0 6.00993989066041
0.44999999999999996 0.0 0.0 6.026240430736614
0.44999999999999996 0.0 0.0 6.132245919209895
0.44999999999999996 0.0 0.0 6.142569723063757
0.44999999999999996 0.0 0.0 6.343544262645265
0.44999999999999996 0.0 0.0 6.401074963804
0.44999999999999996 0.0 0.0 6.425372385729029
0.44999999999999996 0.0 0.0 6.454025774983394
0.44999999999999996 0.0 0.0 6.50463387045212
0.44999999999999996 0.0 0.0 6.520320465965274
0.44999999999999996 0.0 0.0 6.602611769231678
0.44999999999999996 0.0 0.0 6.636913113555856
0.44999999999999996 0.0 0.0 6.661817065084137
0.44999999999999996 0.0 0.0 6.7121584778385115
0.44999999999999996 0.0 0.0 6.761564860415717
0.44999999999999996 0.0 0.0 6.781436524590009
0.44999999999999996 0.0 0.0 7.123252951575107
0.44999999999999996 0.0 0.0 7.131563612311171
0.44999999999999996 0.0 0.0 7.186751845765674
0.44999999999999996 0.0 0.0 7.226528456370419
0.44999999999999996 0.0 0.0 7.242261968307219
0.44999999999999996 0.0 0.0 7.283216465656801
0.44999999999999996 0.0 0.0 7.333075624895821
0.44999999999999996 0.0 0.0 7.344017952298053
0.44999999999999996 0.0 0.0 7.359420258052455
0.44999999999999996 0.0 0.0 7.375006038440612
0.44999999999999996 0.0 0.0 7.401927558510573
0.44999999999999996 0.0 0.0 7.426309993129924
0.44999999999999996 0.0 0.0 7.539146386407128
0.44999999999999996 0.0 0.0 7.542155121580481
0.44999999999999996 0.0 0.0 7.616689252813212
0.44999999999999996 0.0 0.0 7.619648828733856
0.49999999999999994 0.0 0.0 -5.27544488716122
0.49999999999999994 0.0 0.0 -5.275444887161202
0.49999999999999994 0.0 0.0 -5.103155391513043
0.49999999999999994 0.0 0.0 -5.103155391513031
0.49999999999999994 0.0 0.0 -4.703789674395691
0.49999999999999994 0.0 0.0 -4.703789674395684
0.49999999999999994 0.0 0.0 -4.6933573720968775
0.49999999999999994 0.0 0.0 -4.693357372096869
0.49999999999999994 0.0 0.0 -4.614972677786091
0.49999999999999994 0.0 0.0 -4.614972677786073
0.49999999999999994 0.0 0.0 -4.583873273649609
0.49999999999999994 0.0 0.0 -4.583873273649589
0.49999999999999994 0.0 0.0 -4.082661066858231
0.49999999999999994 0.0 0.0 -4.082661066858227
0.49999999999999994 0.0 0.0 -4.006244928174848
0.49999999999999994 0.0 0.0 -4.006244928174841
0.49999999999999994 0.0 0.0 -1.0928977352054814
0.49999999999999994 0.0 0.0 -1.0928977352054805
0.49999999999999994 0.0 0.0 -0.9189486760432299
0.49999999999999994 0.0 0.0 -0.9189486760432274
0.49999999999999994 0.0 0.0 -0.8365082072416911
0.49999999999999994 0.0 0.0 -0.8365082072416802
0.49999999999999994 0.0 0.0 -0.7889010397808306
0.49999999999999994 0.0 0.0 -0.7889010397808272
0.49999999999999994 0.0 0.0 -0.7784638763376859
0.49999999999999994 0.0 0.0 -0.7784638763376841
0.49999999999999994 0.0 0.0 -0.6826529923193771
0.49999999999999994 0.0 0.0 -0.6826529923193673
0.49999999999999994 0.0 0.0 -0.5957857487768027
0.49999999999999994 0.0 0.0 -0.595785748776791
0.49999999999999994 0.0 0.0 -0.5628746522273732
0.49999999999999994 0.0 0.0 -0.5628746522273624
0.49999999999999994 0.0 0.0 -0.19629595620192902
0.49999999999999994 0.0 0.0 -0.196295956201927
0.49999999999999994 0.0 0.0 -0.1504418769355795
0.49999999999999994 0.0 0.0 -0.15044187693556973
0.49999999999999994 0.0 0.0 -0.020442601736417033
0.49999999999999994 0.0 0.0 -0.020442601736412245
0.49999999999999994 0.0 0.0 0.06801557569199058
0.49999999999999994 0.0 0.0 0.06801557569199151
0.49999999999999994 0.0 0.0 0.14842183518255003
0.49999999999999994 0.0 0.0 0.14842183518255234
0.49999999999999994 0.0 0.0 0.1948427154059797
0.49999999999999994 0.0 0.0 0.19484271540598935
0.49999999999999994 0.0 0.0 0.22580721147754815
0.49999999999999994 0.0 0.0 0.22580721147755595
0.49999999999999994 0.0 0.0 0.2992855526005459
0.49999999999999994 0.0 0.0 0.299285552600552
0.49999999999999994 0.0 0.0 0.4855999560801155
0.49999999999999994 0.0 0.0 0.48559995608012463
0.49999999999999994 0.0 0.0 0.5629463408144421
0.49999999999999994 0.0 0.0 0.5629463408144468
0.49999999999999994 0.0 0.0 0.6247186159515828
0.49999999999999994 0.0 0.0 0.6247186159515905
0.49999999999999994 0.0 0.0 0.6583613589369832
0.49999999999999994 0.0 0.0 0.6583613589369954
0.49999999999999994 0.0 0.0 0.7097957361247945
0.49999999999999994 0.0 0.0 0.7097957361247953
0.49999999999999994 0.0 0.0 0.7460207276035222
0.49999999999999994 0.0 0.0 0.7460207276035248
0.49999999999999994 0.0 0.0 0.7704315417624439
0.49999999999999994 0.0 0.0 0.7704315417624457
0.49999999999999994 0.0 0.0 0.7952843084030882
0.49999999999999994 0.0 0.0 0.7952843084030891
0.49999999999999994 0.0 0.0 0.8102896751032559
0.49999999999999994 0.0 0.0 0.8102896751032617
0.49999999999999994 0.0 0.0 0.839782211165685
0.49999999999999994 0.0 0.0 0.839782211165693
0.49999999999999994 0.0 0.0 0.8540410645798628
0.49999999999999994 0.0 0.0 0.8540410645798658
0.49999999999999994 0.0 0.0 0.8750494132385636
0.49999999999999994 0.0 0.0 0.875049413238565
0.49999999999999994 0.0 0.0 0.8895891769637888
0.49999999999999994 0.0 0.0 0.8895891769637913
0.49999999999999994 0.0 0.0 0.9025179510425997
0.49999999999999994 0.0 0.0 0.9025179510426031
0.49999999999999994 0.0 0.0 0.933599555090301
0.49999999999999994 0.0 0.0 0.933599555090302
0.49999999999999994 0.0 0.0 0.9568053189307217
0.49999999999999994 0.0 0.0 0.9568053189307241
0.49999999999999994 0.0 0.0 0.9707601826007806
0.49999999999999994 0.0 0.0 0.9707601826007811
0.49999999999999994 0.0 0.0 0.9859721153510363
0.49999999999999994 0.0 0.0 0.9859721153510382
0.49999999999999994 0.0 0.0 1.0049293657238771
0.49999999999999994 0.0 0.0 1.0049293657238796
0.49999999999999994 0.0 0.0 1.0246089488583714
0.49999999999999994 0.0 0.0 1.0246089488583727
0.49999999999999994 0.0 0.0 1.033901891029321
0.49999999999999994 0.0 0.0 1.0339018910293214
0.49999999999999994 0.0 0.0 1.045496704161246
0.49999999999999994 0.0 0.0 1.0454967041612468
0.49999999999999994 0.0 0.0 1.066567498684622
0.49999999999999994 0.0 0.0 1.0665674986846228
0.49999999999999994 0.0 0.0 1.075052829944207
0.49999999999999994 0.0 0.0 1.075052829944208
0.49999999999999994 0.0 0.0 1.0910940431161005
0.49999999999999994 0.0 0.0 1.0910940431161018
0.49999999999999994 0.0 0.0 1.0983123987022119
0.49999999999999994 0.0 0.0 1.0983123987022128
0.49999999999999994 0.0 0.0 1.1159348469539676
0.49999999999999994 0.0 0.0 1.1159348469539727
0.49999999999999994 0.0 0.0 1.121442206214961
0.49999999999999994 0.0 0.0 1.1214422062149647
0.49999999999999994 0.0 0.0 1.139245749202429
0.49999999999999994 0.0 0.0 1.1392457492024297
0.49999999999999994 0.0 0.0 1.1511382241830455
0.49999999999999994 0.0 0.0 1.1511382241830461
0.49999999999999994 0.0 0.0 1.1649460013425956
0.49999999999999994 0.0 0.0 1.1649460013425983
0.49999999999999994 0.0 0.0 1.1908151230141366
0.49999999999999994 0.0 0.0 1.1908151230141422
0.49999999999999994 0.0 0.0 1.1955690471298837
0.49999999999999994 0.0 0.0 1.1955690471298852
0.49999999999999994 0.0 0.0 1.2184237860265537
0.49999999999999994 0.0 0.0 1.2184237860265559
0.49999999999999994 0.0 0.0 1.2330927809847247
0.49999999999999994 0.0 0.0 1.2330927809847263
0.49999999999999994 0.0 0.0 1.250862145327117
0.49999999999999994 0.0 0.0 1.2508621453271191
0.49999999999999994 0.0 0.0 1.2667500544395096
0.49999999999999994 0.0 0.0 1.266750054439511
0.49999999999999994 0.0 0.0 1.2892801990189977
0.49999999999999994 0.0 0.0 1.289280199019
0.49999999999999994 0.0 0.0 1.3028670519853471
0.49999999999999994 0.0 0.0 1.3028670519853485
0.49999999999999994 0.0 0.0 1.3148579694190479
0.49999999999999994 0.0 0.0 1.3148579694190492
0.49999999999999994 0.0 0.0 1.3244824302742282
0.49999999999999994 0.0 0.0 1.3244824302742335
0.49999999999999994 0.0 0.0 1.3333791561628063
0.49999999999999994 0.0 0.0 1.3333791561628094
0.49999999999999994 0.0 0.0 1.3417435375433395
0.49999999999999994 0.0 0.0 1.3417435375433429
0.49999999999999994 0.0 0.0 1.3578882765511058
0.49999999999999994 0.0 0.0 1.3578882765511087
0.49999999999999994 0.0 0.0 1.3799615262152047
0.49999999999999994 0.0 0.0 1.3799615262152096
0.49999999999999994 0.0 0.0 1.4032106548238177
0.49999999999999994 0.0 0.0 1.4032106548238183
0.49999999999999994 0.0 0.0 1.4202392663723613
0.49999999999999994 0.0 0.0 1.4202392663723657
0.49999999999999994 0.0 0.0 1.4398882121210792
0.49999999999999994 0.0 0.0 1.439888212121083
0.49999999999999994 0.0 0.0 1.4745244909186759
0.49999999999999994 0.0 0.0 1.474524490918679
0.49999999999999994 0.0 0.0 1.516859806139086
0.49999999999999994 0.0 0.0 1.5168598061390908
0.49999999999999994 0.0 0.0 1.9375478375504587
0.49999999999999994 0.0 0.0 1.93754783755046
0.49999999999999994 0.0 0.0 2.1005649963895703
0.49999999999999994 0.0 0.0 2.100564996389573
0.49999999999999994 0.0 0.0 2.154729039022731
0.49999999999999994 0.0 0.0 2.154729039022736
0.49999999999999994 0.0 0.0 2.184497800048761
0.49999999999999994 0.0 0.0 2.1844978000487623
0.49999999999999994 0.0 0.0 2.615236115319689
0.49999999999999994 0.0 0.0 2.615236115319689
0.49999999999999994 0.0 0.0 2.693714923737633
0.49999999999999994 0.0 0.0 2.6937149237376365
0.49999999999999994 0.0 0.0 4.573991520201253
0.49999999999999994 0.0 0.0 4.573991520201254
0.49999999999999994 0.0 0.0 4.656636326203562
0.49999999999999994 0.0 0.0 4.656636326203563
0.49999999999999994 0.0 0.0 4.988856599269722
0.49999999999999994 0.0 0.0 4.988856599269723
0.49999999999999994 0.0 0.0 5.1439365457866515
0.49999999999999994 0.0 0.0 5.143936545786654
0.49999999999999994 0.0 0.0 5.2973375088603065
0.49999999999999994 0.0 0.0 5.297337508860307
0.49999999999999994 0.0 0.0 5.337707087015566
0.49999999999999994 0.0 0.0 5.337707087015568
0.49999999999999994 0.0 0.0 5.826715969047613
0.49999999999999994 0.0 0.0 5.826715969047614
0.49999999999999994 0.0 0.0 5.931601085964666
0.49999999999999994 0.0 0.0 5.931601085964669
0.49999999999999994 0.0 0.0 6.028607412285292
0.49999999999999994 0.0 0.0 6.028607412285294
0.49999999999999994 0.0 0.0 6.118888311176576
0.49999999999999994 0.0 0.0 6.118888311176578
0.49999999999999994 0.0 0.0 6.408458122440842
0.49999999999999994 0.0 0.0 6.4084581224408455
0.49999999999999994 0.0 0.0 6.4704182926084695
0.49999999999999994 0.0 0.0 6.47041829260847
0.49999999999999994 0.0 0.0 6.525852346660725
0.49999999999999994 0.0 0.0 6.525852346660726
0.49999999999999994 0.0 0.0 6.594740817250561
0.49999999999999994 0.0 0.0 6.594740817250562
0.49999999999999994 0.0 0.0 6.6668424204591705
0.49999999999999994 0.0 0.0 6.666842420459172
0.49999999999999994 0.0 0.0 6.746607888935717
0.49999999999999994 0.0 0.0 6.746607888935719
0.49999999999999994 0.0 0.0 7.133237081873288
0.49999999999999994 0.0 0.0 7.133237081873289
0.49999999999999994 0.0 0.0 7.201573180941252
0.49999999999999994 0.0 0.0 7.201573180941253
0.49999999999999994 0.0 0.0 7.261609613800707
0.49999999999999994 0.0 0.0 7.261609613800709
0.49999999999999994 0.0 0.0 7.342089391413341
0.49999999999999994 0.0 0.0 7.342089391413343
0.49999999999999994 0.0 0.0 7.3618472636453935
0.49999999999999994 0.0 0.0 7.361847263645395
0.49999999999999994 0.0 0.0 7.4080916931392755
0.49999999999999994 0.0 0.0 7.408091693139279
0.49999999999999994 0.0 0.0 7.540587399113413
0.49999999999999994 0.0 0.0 7.540587399113415
0.49999999999999994 0.0 0.0 7.6175146815935655
0.49999999999999994 0.0 0.0 7.6175146815935655
0.49999999999999994 0.05 0.0 -5.273491639269012
0.49999999999999994 0.05 0.0 -5.273220520345265
0.49999999999999994 0.05 0.0 -5.100975119630993
0.49999999999999994 0.05 0.0 -5.100747856697451
0.49999999999999994 0.05 0.0 -4.707542221403476
0.49999999999999994 0.05 0.0 -4.705755061735494
0.49999999999999994 0.05 0.0 -4.692318376721619
0.49999999999999994 0.05 0.0 -4.690645627239329
0.49999999999999994 0.05 0.0 -4.621493819977651
0.49999999999999994 0.05 0.0 -4.618938217718442
0.49999999999999994 0.05 0.0 -4.580864456146159
0.49999999999999994 0.05 0.0 -4.5781685734936
0.49999999999999994 0.05 0.0 -4.087629208249063
0.49999999999999994 0.05 0.0 -4.0874397817903905
0.49999999999999994 0.05 0.0 -4.011184783175309
0.49999999999999994 0.05 0.0 -4.0107590066742596
0.49999999999999994 0.05 0.0 -1.1023798266473248
0.49999999999999994 0.05 0.0 -1.0829862603433407
0.49999999999999994 0.05 0.0 -0.9158618576262115
0.49999999999999994 0.05 0.0 -0.9103637065319449
0.49999999999999994 0.05 0.0 -0.8417219014781265
0.49999999999999994 0.05 0.0 -0.818229774127011
0.49999999999999994 0.05 0.0 -0.7870673032095148
0.49999999999999994 0.05 0.0 -0.7791594390816124
0.49999999999999994 0.05 0.0 -0.7730487491385039
0.49999999999999994 0.05 0.0 -0.7694145741806654
0.49999999999999994 0.05 0.0 -0.6823555549836364
0.49999999999999994 0.05 0.0 -0.6788272167157104
0.49999999999999994 0.05 0.0 -0.5957834104019648
0.49999999999999994 0.05 0.0 -0.5875136918771142
0.49999999999999994 0.05 0.0 -0.5624078067480651
0.49999999999999994 0.05 0.0 -0.5573537448310945
0.49999999999999994 0.05 0.0 -0.19699637455534874
0.49999999999999994 0.05 0.0 -0.19556549485417876
0.49999999999999994 0.05 0.0 -0.15174998732310752
0.49999999999999994 0.05 0.0 -0.148318896705603
0.49999999999999994 0.05 0.0 -0.02163680901003864
0.49999999999999994 0.05 0.0 -0.019741452760433004
0.49999999999999994 0.05 0.0 0.06755633581656928
0.49999999999999994 0.05 0.0 0.06990693700161138
0.49999999999999994 0.05 0.0 0.14540684667213002
0.49999999999999994 0.05 0.0 0.14768061338758098
0.49999999999999994 0.05 0.0 0.1928154852407858
0.49999999999999994 0.05 0.0 0.19685496346215078
0.49999999999999994 0.05 0.0 0.2248166403747968
0.49999999999999994 0.05 0.0 0.22794653958583225
0.49999999999999994 0.05 0.0 0.2981699799119002
0.49999999999999994 0.05 0.0 0.30140613101957653
0.49999999999999994 0.05 0.0 0.48358714958845067
0.49999999999999994 0.05 0.0 0.48666341360430565
0.49999999999999994 0.05 0.0 0.5599453826065703
0.49999999999999994 0.05 0.0 0.563921725093281
0.49999999999999994 0.05 0.0 0.6217013611044885
0.49999999999999994 0.05 0.0 0.6266978359282006
0.49999999999999994 0.05 0.0 0.6551444596777634
0.49999999999999994 0.05 0.0 0.6607621037883412
0.49999999999999994 0.05 0.0 0.702500519096243
0.49999999999999994 0.05 0.0 0.7142377338606973
0.49999999999999994 0.05 0.0 0.7393392989138237
0.49999999999999994 0.05 0.0 0.7496427822629386
0.49999999999999994 0.05 0.0 0.7655818316790075
0.49999999999999994 0.05 0.0 0.7732445021534833
0.49999999999999994 0.05 0.0 0.7902512537053367
0.49999999999999994 0.05 0.0 0.7958101388978084
0.49999999999999994 0.05 0.0 0.8084806580790773
0.49999999999999994 0.05 0.0 0.8121133454587267
0.49999999999999994 0.05 0.0 0.8354163860867594
0.49999999999999994 0.05 0.0 0.8424497110368767
0.49999999999999994 0.05 0.0 0.851133788635925
0.49999999999999994 0.05 0.0 0.85538418795637
0.49999999999999994 0.05 0.0 0.8724278495925336
0.49999999999999994 0.05 0.0 0.8773014617288134
0.49999999999999994 0.05 0.0 0.8885169708390317
0.49999999999999994 0.05 0.0 0.8906896863957674
0.49999999999999994 0.05 0.0 0.9011118467447625
0.49999999999999994 0.05 0.0 0.9034770107912721
0.49999999999999994 0.05 0.0 0.9275311392525554
0.49999999999999994 0.05 0.0 0.9383820254777593
0.49999999999999994 0.05 0.0 0.953698630708937
0.49999999999999994 0.05 0.0 0.9587635771915007
0.49999999999999994 0.05 0.0 0.9690896608764434
0.49999999999999994 0.05 0.0 0.972629065847814
0.49999999999999994 0.05 0.0 0.9851367064791331
0.49999999999999994 0.05 0.0 0.9865739779846063
0.49999999999999994 0.05 0.0 1.0033332596297289
0.49999999999999994 0.05 0.0 1.005057409702836
0.49999999999999994 0.05 0.0 1.0221648974902586
0.49999999999999994 0.05 0.0 1.025623841910307
0.49999999999999994 0.05 0.0 1.032117891994314
0.49999999999999994 0.05 0.0 1.0363538190781714
0.49999999999999994 0.05 0.0 1.042697181565444
0.49999999999999994 0.05 0.0 1.048642283803805
0.49999999999999994 0.05 0.0 1.065519241104207
0.49999999999999994 0.05 0.0 1.0668960470258522
0.49999999999999994 0.05 0.0 1.0734624290260384
0.49999999999999994 0.05 0.0 1.076773195631702
0.49999999999999994 0.05 0.0 1.0891952275766066
0.49999999999999994 0.05 0.0 1.0925010321047892
0.49999999999999994 0.05 0.0 1.0973915922039938
0.49999999999999994 0.05 0.0 1.0997019859882113
0.49999999999999994 0.05 0.0 1.1144077563665162
0.49999999999999994 0.05 0.0 1.116746748395927
0.49999999999999994 0.05 0.0 1.1204421767891022
0.49999999999999994 0.05 0.0 1.1225231617303704
0.49999999999999994 0.05 0.0 1.1374508389343814
0.49999999999999994 0.05 0.0 1.1401881682363701
0.49999999999999994 0.05 0.0 1.1501888487145653
0.49999999999999994 0.05 0.0 1.1518691984355351
0.49999999999999994 0.05 0.0 1.1625866431751593
0.49999999999999994 0.05 0.0 1.1670683840209408
0.49999999999999994 0.05 0.0 1.1886641797612465
0.49999999999999994 0.05 0.0 1.1910325050958923
0.49999999999999994 0.05 0.0 1.1943456180809304
0.49999999999999994 0.05 0.0 1.1978716825529696
0.49999999999999994 0.05 0.0 1.21641063273497
0.49999999999999994 0.05 0.0 1.2200203264715885
0.49999999999999994 0.05 0.0 1.2307941174913568
0.49999999999999994 0.05 0.0 1.2341175739116637
0.49999999999999994 0.05 0.0 1.2482259071058066
0.49999999999999994 0.05 0.0 1.2519271067426978
0.49999999999999994 0.05 0.0 1.265824134637343
0.49999999999999994 0.05 0.0 1.2676345462664347
0.49999999999999994 0.05 0.0 1.2873129816599642
0.49999999999999994 0.05 0.0 1.2908628215729645
0.49999999999999994 0.05 0.0 1.3016728556873938
0.49999999999999994 0.05 0.0 1.3035030791665436
0.49999999999999994 0.05 0.0 1.3131964201894906
0.49999999999999994 0.05 0.0 1.3158830889633522
0.49999999999999994 0.05 0.0 1.3215003957676956
0.49999999999999994 0.05 0.0 1.325636731815685
0.49999999999999994 0.05 0.0 1.3327999284648289
0.49999999999999994 0.05 0.0 1.334129612607105
0.49999999999999994 0.05 0.0 1.3401243498554036
0.49999999999999994 0.05 0.0 1.342878625442398
0.49999999999999994 0.05 0.0 1.3569782102418688
0.49999999999999994 0.05 0.0 1.3588206770975493
0.49999999999999994 0.05 0.0 1.379370202932333
0.49999999999999994 0.05 0.0 1.3801599354753742
0.49999999999999994 0.05 0.0 1.4027393560391612
0.49999999999999994 0.05 0.0 1.403784064569582
0.49999999999999994 0.05 0.0 1.4195268339231133
0.49999999999999994 0.05 0.0 1.4210767191182099
0.49999999999999994 0.05 0.0 1.4389958695455805
0.49999999999999994 0.05 0.0 1.4414197753634623
0.49999999999999994 0.05 0.0 1.474144265182581
0.49999999999999994 0.05 0.0 1.4754368569710707
0.49999999999999994 0.05 0.0 1.5163448131353947
0.49999999999999994 0.05 0.0 1.5176470268405717
0.49999999999999994 0.05 0.0 1.9303749301805209
0.49999999999999994 0.05 0.0 1.9339815481440845
0.49999999999999994 0.05 0.0 2.0965647515463295
0.49999999999999994 0.05 0.0 2.098850586387999
0.49999999999999994 0.05 0.0 2.1450906267851306
0.49999999999999994 0.05 0.0 2.148728855247705
0.49999999999999994 0.05 0.0 2.177468849024245
0.49999999999999994 0.05 0.0 2.182989447630681
0.49999999999999994 0.05 0.0 2.605470105815755
0.49999999999999994 0.05 0.0 2.6086406263876114
0.49999999999999994 0.05 0.0 2.682623633380469
0.49999999999999994 0.05 0.0 2.6862926033734698
0.49999999999999994 0.05 0.0 4.57780179745404
0.49999999999999994 0.05 0.0 4.582922352275987
0.49999999999999994 0.05 0.0 4.651694465053476
0.49999999999999994 0.05 0.0 4.6791983522216825
0.49999999999999994 0.05 0.0 4.986795197783067
0.49999999999999994 0.05 0.0 4.997443500096351
0.49999999999999994 0.05 0.0 5.140161396942461
0.49999999999999994 0.05 0.0 5.159730810474766
0.49999999999999994 0.05 0.0 5.291549437898393
0.49999999999999994 0.05 0.0 5.3123083475503226
0.49999999999999994 0.05 0.0 5.3345414922627565
0.49999999999999994 0.05 0.0 5.348387781402206
0.49999999999999994 0.05 0.0 5.822461006739523
0.49999999999999994 0.05 0.0 5.836425804420257
0.49999999999999994 0.05 0.0 5.929388547071175
0.49999999999999994 0.05 0.0 5.941242870440496
0.49999999999999994 0.05 0.0 6.025548362093314
0.49999999999999994 0.05 0.0 6.03414912738341
0.49999999999999994 0.05 0.0 6.113867001010272
0.49999999999999994 0.05 0.0 6.125265379679515
0.49999999999999994 0.05 0.0 6.407434666474211
0.49999999999999994 0.05 0.0 6.411469033835811
0.49999999999999994 0.05 0.0 6.465608481746029
0.49999999999999994 0.05 0.0 6.476614631095664
0.49999999999999994 0.05 0.0 6.519618624343619
0.49999999999999994 0.05 0.0 6.533693424600036
0.49999999999999994 0.05 0.0 6.58894516200993
0.49999999999999994 0.05 0.0 6.602613316206962
0.49999999999999994 0.05 0.0 6.666284129740023
0.49999999999999994 0.05 0.0 6.671584850533028
0.49999999999999994 0.05 0.0 6.741633047097977
0.49999999999999994 0.05 0.0 6.752044651957764
0.49999999999999994 0.05 0.0 7.128973181863614
0.49999999999999994 0.05 0.0 7.133522035939448
0.49999999999999994 0.05 0.0 7.1934246239854955
0.49999999999999994 0.05 0.0 7.203079040971452
0.49999999999999994 0.05 0.0 7.255441588146798
0.49999999999999994 0.05 0.0 7.263328421421804
0.49999999999999994 0.05 0.0 7.335608060056771
0.49999999999999994 0.05 0.0 7.34231231883992
0.49999999999999994 0.05 0.0 7.357659881752562
0.49999999999999994 0.05 0.0 7.364751478950715
0.49999999999999994 0.05 0.0 7.399760239482764
0.49999999999999994 0.05 0.0 7.410998025413785
0.49999999999999994 0.05 0.0 7.5330423409948
0.49999999999999994 0.05 0.0 7.542864783808034
0.49999999999999994 0.05 0.0 7.607864320801117
0.49999999999999994 0.05 0.0 7.621169406455597
0.49999999999999994 0.1 0.0 -5.267424369405567
0.49999999999999994 0.1 0.0 -5.266893392264826
0.49999999999999994 0.1 0.0 -5.094241370764657
0.49999999999999994 0.1 0.0 -5.0937880230631185
0.49999999999999994 0.1 0.0 -4.717422679637901
0.49999999999999994 0.1 0.0 -4.7156381653162365
0.49999999999999994 0.1 0.0 -4.685260977020354
0.49999999999999994 0.1 0.0 -4.6837878900925345
0.49999999999999994 0.1 0.0 -4.634612777429293
0.49999999999999994 0.1 0.0 -4.631455911784835
0.49999999999999994 0.1 0.0 -4.570827282931305
0.49999999999999994 0.1 0.0 -4.567321571772934
0.49999999999999994 0.1 0.0 -4.102027016999277
0.49999999999999994 0.1 0.0 -4.101673627427521
0.49999999999999994 0.1 0.0 -4.025269546431097
0.49999999999999994 0.1 0.0 -4.024442217396802
0.49999999999999994 0.1 0.0 -1.1095519936633362
0.49999999999999994 0.1 0.0 -1.0752527803344254
0.49999999999999994 0.1 0.0 -0.9038834584688686
0.49999999999999994 0.1 0.0 -0.8919145121376957
0.49999999999999994 0.1 0.0 -0.8326153424769736
0.49999999999999994 0.1 0.0 -0.7899925237695147
0.49999999999999994 0.1 0.0 -0.7729052166264037
0.49999999999999994 0.1 0.0 -0.7605796855102351
0.49999999999999994 0.1 0.0 -0.7513935541771088
0.49999999999999994 0.1 0.0 -0.745715038993161
0.49999999999999994 0.1 0.0 -0.6771067643728151
0.49999999999999994 0.1 0.0 -0.6706525970788987
0.49999999999999994 0.1 0.0 -0.5858503273291884
0.49999999999999994 0.1 0.0 -0.5722074734789295
0.49999999999999994 0.1 0.0 -0.555706073512912
0.49999999999999994 0.1 0.0 -0.5439518561781593
0.49999999999999994 0.1 0.0 -0.19776167793130822
0.49999999999999994 0.1 0.0 -0.19475409799569335
0.49999999999999994 0.1 0.0 -0.15226623606783243
0.49999999999999994 0.1 0.0 -0.1454028381348671
0.49999999999999994 0.1 0.0 -0.023290917914257955
0.49999999999999994 0.1 0.0 -0.01953872618738168
0.49999999999999994 0.1 0.0 0.0685572999551446
0.49999999999999994 0.1 0.0 0.0731416176950075
0.49999999999999994 0.1 0.0 0.13892692217945118
0.49999999999999994 0.1 0.0 0.14324410906816107
0.49999999999999994 0.1 0.0 0.1903829460286266
0.49999999999999994 0.1 0.0 0.19865661656846978
0.49999999999999994 0.1 0.0 0.22525401764607925
0.49999999999999994 0.1 0.0 0.23126030319579832
0.49999999999999994 0.1 0.0 0.2981337740084659
0.49999999999999994 0.1 0.0 0.3046105895780949
0.49999999999999994 0.1 0.0 0.4806935886999371
0.49999999999999994 0.1 0.0 0.48652063711160765
0.49999999999999994 0.1 0.0 0.5550806072964631
0.49999999999999994 0.1 0.0 0.562383210648961
0.49999999999999994 0.1 0.0 0.6176795140825977
0.49999999999999994 0.1 0.0 0.6273117220612257
0.49999999999999994 0.1 0.0 0.6505208853181577
0.49999999999999994 0.1 0.0 0.6624671760135952
0.49999999999999994 0.1 0.0 0.6920075261020653
0.49999999999999994 0.1 0.0 0.7147997015494241
0.49999999999999994 0.1 0.0 0.7313061967399745
0.49999999999999994 0.1 0.0 0.7481813043011805
0.49999999999999994 0.1 0.0 0.7606964404854049
0.49999999999999994 0.1 0.0 0.7715961233445778
0.49999999999999994 0.1 0.0 0.7831795081573665
0.49999999999999994 0.1 0.0 0.7907083765031242
0.49999999999999994 0.1 0.0 0.8071337113916489
0.49999999999999994 0.1 0.0 0.813190968233348
0.49999999999999994 0.1 0.0 0.829735421848258
0.49999999999999994 0.1 0.0 0.8417313510579518
0.49999999999999994 0.1 0.0 0.8487351713315973
0.49999999999999994 0.1 0.0 0.8540632778276959
0.49999999999999994 0.1 0.0 0.8704932176187041
0.49999999999999994 0.1 0.0 0.8784966316871099
0.49999999999999994 0.1 0.0 0.8875691977090002
0.49999999999999994 0.1 0.0 0.8916111884797264
0.49999999999999994 0.1 0.0 0.8994312117846778
0.49999999999999994 0.1 0.0 0.9037269317919745
0.49999999999999994 0.1 0.0 0.9208417063632979
0.49999999999999994 0.1 0.0 0.9412804781890562
0.49999999999999994 0.1 0.0 0.9508812796270094
0.49999999999999994 0.1 0.0 0.958870777699727
0.49999999999999994 0.1 0.0 0.9675862957175214
0.49999999999999994 0.1 0.0 0.9744863849743357
0.49999999999999994 0.1 0.0 0.9836720831243262
0.49999999999999994 0.1 0.0 0.9872732317055792
0.49999999999999994 0.1 0.0 1.000553406005795
0.49999999999999994 0.1 0.0 1.0037716555238074
0.49999999999999994 0.1 0.0 1.0188785065406512
0.49999999999999994 0.1 0.0 1.024802986059106
0.49999999999999994 0.1 0.0 1.031528238063844
0.49999999999999994 0.1 0.0 1.0378198651113555
0.49999999999999994 0.1 0.0 1.0418998252125011
0.49999999999999994 0.1 0.0 1.0512932139409985
0.49999999999999994 0.1 0.0 1.0640508058206772
0.49999999999999994 0.1 0.0 1.0664910098336005
0.49999999999999994 0.1 0.0 1.0722614548287477
0.49999999999999994 0.1 0.0 1.0781341857470763
0.49999999999999994 0.1 0.0 1.0874905993119102
0.49999999999999994 0.1 0.0 1.0930853317179525
0.49999999999999994 0.1 0.0 1.0970647873701893
0.49999999999999994 0.1 0.0 1.1011204302036823
0.49999999999999994 0.1 0.0 1.1120472683845766
0.49999999999999994 0.1 0.0 1.1169643989972258
0.49999999999999994 0.1 0.0 1.119946899219771
0.49999999999999994 0.1 0.0 1.122976245482502
0.49999999999999994 0.1 0.0 1.1350754266415326
0.49999999999999994 0.1 0.0 1.1400905096419756
0.49999999999999994 0.1 0.0 1.1490335431760461
0.49999999999999994 0.1 0.0 1.1524036246860674
0.49999999999999994 0.1 0.0 1.1606211289594182
0.49999999999999994 0.1 0.0 1.168773803899911
0.49999999999999994 0.1 0.0 1.1856347326880075
0.49999999999999994 0.1 0.0 1.1895440575336373
0.49999999999999994 0.1 0.0 1.193918417322786
0.49999999999999994 0.1 0.0 1.2004048080270344
0.49999999999999994 0.1 0.0 1.2141316551552022
0.49999999999999994 0.1 0.0 1.2206311285088303
0.49999999999999994 0.1 0.0 1.2270875289019267
0.49999999999999994 0.1 0.0 1.2342159221382598
0.49999999999999994 0.1 0.0 1.2454446555671284
0.49999999999999994 0.1 0.0 1.2506177267611998
0.49999999999999994 0.1 0.0 1.2652999464441825
0.49999999999999994 0.1 0.0 1.2680707144977539
0.49999999999999994 0.1 0.0 1.2849565668830536
0.49999999999999994 0.1 0.0 1.2914971338448202
0.49999999999999994 0.1 0.0 1.300079182910427
0.49999999999999994 0.1 0.0 1.3036675516053728
0.49999999999999994 0.1 0.0 1.311178742776036
0.49999999999999994 0.1 0.0 1.3156086601236774
0.49999999999999994 0.1 0.0 1.3177168463150915
0.49999999999999994 0.1 0.0 1.3251090769724438
0.49999999999999994 0.1 0.0 1.3321074441793028
0.49999999999999994 0.1 0.0 1.3348853437817791
0.49999999999999994 0.1 0.0 1.3385250103389363
0.49999999999999994 0.1 0.0 1.3432313901308046
0.49999999999999994 0.1 0.0 1.3560906226295255
0.49999999999999994 0.1 0.0 1.3600005150923717
0.49999999999999994 0.1 0.0 1.378395305394781
0.49999999999999994 0.1 0.0 1.3800405903003201
0.49999999999999994 0.1 0.0 1.4023962862807926
0.49999999999999994 0.1 0.0 1.4043773248194278
0.49999999999999994 0.1 0.0 1.418905330165279
0.49999999999999994 0.1 0.0 1.422007616530921
0.49999999999999994 0.1 0.0 1.4387522083677233
0.49999999999999994 0.1 0.0 1.443667268756456
0.49999999999999994 0.1 0.0 1.474411397387775
0.49999999999999994 0.1 0.0 1.4767707812580868
0.49999999999999994 0.1 0.0 1.516068256986054
0.49999999999999994 0.1 0.0 1.5187717618421257
0.49999999999999994 0.1 0.0 1.9118162161000827
0.49999999999999994 0.1 0.0 1.918465011994404
0.49999999999999994 0.1 0.0 2.0799832760589716
0.49999999999999994 0.1 0.0 2.0862899715054013
0.49999999999999994 0.1 0.0 2.126410729543493
0.49999999999999994 0.1 0.0 2.132361366274192
0.49999999999999994 0.1 0.0 2.166052447282093
0.49999999999999994 0.1 0.0 2.175697239347606
0.49999999999999994 0.1 0.0 2.5807827727072485
0.49999999999999994 0.1 0.0 2.586784746284045
0.49999999999999994 0.1 0.0 2.654810088378686
0.49999999999999994 0.1 0.0 2.6612564148586086
0.49999999999999994 0.1 0.0 4.593910276328831
0.49999999999999994 0.1 0.0 4.602734664885514
0.49999999999999994 0.1 0.0 4.664858995088146
0.49999999999999994 0.1 0.0 4.716503458254211
0.49999999999999994 0.1 0.0 4.990379343930126
0.49999999999999994 0.1 0.0 5.010792996596226
0.49999999999999994 0.1 0.0 5.145803317554324
0.49999999999999994 0.1 0.0 5.184304424643566
0.49999999999999994 0.1 0.0 5.296263059116616
0.49999999999999994 0.1 0.0 5.332307296438415
0.49999999999999994 0.1 0.0 5.344553450772736
0.49999999999999994 0.1 0.0 5.368173892120982
0.49999999999999994 0.1 0.0 5.823181340602197
0.49999999999999994 0.1 0.0 5.850453302350071
0.49999999999999994 0.1 0.0 5.935267049588903
0.49999999999999994 0.1 0.0 5.955573550720674
0.49999999999999994 0.1 0.0 6.025519399786437
0.49999999999999994 0.1 0.0 6.043254799120344
0.49999999999999994 0.1 0.0 6.109747582463247
0.49999999999999994 0.1 0.0 6.1348890319890295
0.49999999999999994 0.1 0.0 6.408518498615241
0.49999999999999994 0.1 0.0 6.416101402825456
0.49999999999999994 0.1 0.0 6.462711142527183
0.49999999999999994 0.1 0.0 6.4832713281046725
0.49999999999999994 0.1 0.0 6.515612203301885
0.49999999999999994 0.1 0.0 6.542887527728087
0.49999999999999994 0.1 0.0 6.585565269451472
0.49999999999999994 0.1 0.0 6.612285035164322
0.49999999999999994 0.1 0.0 6.669863761887178
0.49999999999999994 0.1 0.0 6.680411876160773
0.49999999999999994 0.1 0.0 6.736950994494464
0.49999999999999994 0.1 0.0 6.758449794646585
0.49999999999999994 0.1 0.0 7.120610065573374
0.49999999999999994 0.1 0.0 7.128887151986628
0.49999999999999994 0.1 0.0 7.178989668321069
0.49999999999999994 0.1 0.0 7.198079472187775
0.49999999999999994 0.1 0.0 7.24458070204321
0.49999999999999994 0.1 0.0 7.2602098703355775
0.49999999999999994 0.1 0.0 7.323705417313191
0.49999999999999994 0.1 0.0 7.333687538981602
0.49999999999999994 0.1 0.0 7.352079654824115
0.49999999999999994 0.1 0.0 7.3666605093347926
0.49999999999999994 0.1 0.0 7.388829003321775
0.49999999999999994 0.1 0.0 7.40872600082401
0.49999999999999994 0.1 0.0 7.520595541461211
0.49999999999999994 0.1 0.0 7.540108929063911
0.49999999999999994 0.1 0.0 7.592623408975668
0.49999999999999994 0.1 0.0 7.618949337836062
0.49999999999999994 0.15000000000000002 0.0 -5.257453933437194
0.49999999999999994 0.15000000000000002 0.0 -5.256686456258134
0.49999999999999994 0.15000000000000002 0.0 -5.083060499734198
0.49999999999999994 0.15000000000000002 0.0 -5.082383643528522
0.49999999999999994 0.15000000000000002 0.0 -4.733754864188755
0.49999999999999994 0.15000000000000002 0.0 -4.732161876381875
0.49999999999999994 0.15000000000000002 0.0 -4.6744094097642535
0.49999999999999994 0.15000000000000002 0.0 -4.673738911670221
0.49999999999999994 0.15000000000000002 0.0 -4.650559845256416
0.49999999999999994 0.15000000000000002 0.0 -4.648136984042966
0.49999999999999994 0.15000000000000002 0.0 -4.5564220988408906
0.49999999999999994 0.15000000000000002 0.0 -4.55281642305737
0.49999999999999994 0.15000000000000002 0.0 -4.124969144890742
0.49999999999999994 0.15000000000000002 0.0 -4.124495415445969
0.49999999999999994 0.15000000000000002 0.0 -4.047643579492043
0.49999999999999994 0.15000000000000002 0.0 -4.046457834941279
0.49999999999999994 0.15000000000000002 0.0 -1.1137805759850217
0.49999999999999994 0.15000000000000002 0.0 -1.0713648348266283
0.49999999999999994 0.15000000000000002 0.0 -0.8889008135494141
0.49999999999999994 0.15000000000000002 0.0 -0.8697967373972944
0.49999999999999994 0.15000000000000002 0.0 -0.8099948016740139
0.49999999999999994 0.15000000000000002 0.0 -0.761238541809286
0.49999999999999994 0.15000000000000002 0.0 -0.746037616981047
0.49999999999999994 0.15000000000000002 0.0 -0.7321932787077827
0.49999999999999994 0.15000000000000002 0.0 -0.7152070064543995
0.49999999999999994 0.15000000000000002 0.0 -0.7080354071735683
0.49999999999999994 0.15000000000000002 0.0 -0.6644939540169634
0.49999999999999994 0.15000000000000002 0.0 -0.6535007138474285
0.49999999999999994 0.15000000000000002 0.0 -0.564980527465563
0.49999999999999994 0.15000000000000002 0.0 -0.5494081280167933
0.49999999999999994 0.15000000000000002 0.0 -0.5404022150351881
0.49999999999999994 0.15000000000000002 0.0 -0.51981886109232
0.49999999999999994 0.15000000000000002 0.0 -0.19875578396856033
0.49999999999999994 0.15000000000000002 0.0 -0.19381170201492973
0.49999999999999994 0.15000000000000002 0.0 -0.15204939933936945
0.49999999999999994 0.15000000000000002 0.0 -0.14176933264803004
0.49999999999999994 0.15000000000000002 0.0 -0.02530276735952683
0.49999999999999994 0.15000000000000002 0.0 -0.01985313848111325
0.49999999999999994 0.15000000000000002 0.0 0.07095076089776846
0.49999999999999994 0.15000000000000002 0.0 0.07752334597086509
0.49999999999999994 0.15000000000000002 0.0 0.1295755721492292
0.49999999999999994 0.15000000000000002 0.0 0.13561584951280617
0.49999999999999994 0.15000000000000002 0.0 0.18679015359045348
0.49999999999999994 0.15000000000000002 0.0 0.19941050480215328
0.49999999999999994 0.15000000000000002 0.0 0.2276390521827869
0.49999999999999994 0.15000000000000002 0.0 0.23604306101258565
0.49999999999999994 0.15000000000000002 0.0 0.2994644645874427
0.49999999999999994 0.15000000000000002 0.0 0.30907790788378
0.49999999999999994 0.15000000000000002 0.0 0.47682483767515116
0.49999999999999994 0.15000000000000002 0.0 0.48463294131502543
0.49999999999999994 0.15000000000000002 0.0 0.5481785804281243
0.49999999999999994 0.15000000000000002 0.0 0.5576534289757422
0.49999999999999994 0.15000000000000002 0.0 0.6124625995802937
0.49999999999999994 0.15000000000000002 0.0 0.625534243895066
0.49999999999999994 0.15000000000000002 0.0 0.6425887995195172
0.49999999999999994 0.15000000000000002 0.0 0.6633490323343576
0.49999999999999994 0.15000000000000002 0.0 0.6783520723560788
0.49999999999999994 0.15000000000000002 0.0 0.7072636888232315
0.49999999999999994 0.15000000000000002 0.0 0.7245097613404132
0.49999999999999994 0.15000000000000002 0.0 0.7404260765432733
0.49999999999999994 0.15000000000000002 0.0 0.756561872453414
0.49999999999999994 0.15000000000000002 0.0 0.7624093797868199
0.49999999999999994 0.15000000000000002 0.0 0.775295128848521
0.49999999999999994 0.15000000000000002 0.0 0.7831583327570355
0.49999999999999994 0.15000000000000002 0.0 0.8050029713975855
0.49999999999999994 0.15000000000000002 0.0 0.8129590795656467
0.49999999999999994 0.15000000000000002 0.0 0.8232830697603735
0.49999999999999994 0.15000000000000002 0.0 0.8362969368062778
0.49999999999999994 0.15000000000000002 0.0 0.8472248150826484
0.49999999999999994 0.15000000000000002 0.0 0.850974802243521
0.49999999999999994 0.15000000000000002 0.0 0.8696464451330934
0.49999999999999994 0.15000000000000002 0.0 0.8783261766027142
0.49999999999999994 0.15000000000000002 0.0 0.88665706698488
0.49999999999999994 0.15000000000000002 0.0 0.8920542636785772
0.49999999999999994 0.15000000000000002 0.0 0.898102249545092
0.49999999999999994 0.15000000000000002 0.0 0.9023543551945366
0.49999999999999994 0.15000000000000002 0.0 0.9154212924151679
0.49999999999999994 0.15000000000000002 0.0 0.940996973212112
0.49999999999999994 0.15000000000000002 0.0 0.9502634427834273
0.49999999999999994 0.15000000000000002 0.0 0.9574688862709557
0.49999999999999994 0.15000000000000002 0.0 0.9657707256934938
0.49999999999999994 0.15000000000000002 0.0 0.9759417687213281
0.49999999999999994 0.15000000000000002 0.0 0.9811701420452814
0.49999999999999994 0.15000000000000002 0.0 0.9881864541902772
0.49999999999999994 0.15000000000000002 0.0 0.99700682861453
0.49999999999999994 0.15000000000000002 0.0 1.001814080176528
0.49999999999999994 0.15000000000000002 0.0 1.0150432278833073
0.49999999999999994 0.15000000000000002 0.0 1.0234301467577867
0.49999999999999994 0.15000000000000002 0.0 1.0305145867093728
0.49999999999999994 0.15000000000000002 0.0 1.038554028846915
0.49999999999999994 0.15000000000000002 0.0 1.0427322595716937
0.49999999999999994 0.15000000000000002 0.0 1.0531835683469701
0.49999999999999994 0.15000000000000002 0.0 1.0627158568531012
0.49999999999999994 0.15000000000000002 0.0 1.06561888560828
0.49999999999999994 0.15000000000000002 0.0 1.0713542743446445
0.49999999999999994 0.15000000000000002 0.0 1.0787622974946336
0.49999999999999994 0.15000000000000002 0.0 1.0864927783249743
0.49999999999999994 0.15000000000000002 0.0 1.0928057691856783
0.49999999999999994 0.15000000000000002 0.0 1.0972716041396482
0.49999999999999994 0.15000000000000002 0.0 1.1017834506417779
0.49999999999999994 0.15000000000000002 0.0 1.1093035538176954
0.49999999999999994 0.15000000000000002 0.0 1.1165455075951471
0.49999999999999994 0.15000000000000002 0.0 1.1196893231978715
0.49999999999999994 0.15000000000000002 0.0 1.1222038967005337
0.49999999999999994 0.15000000000000002 0.0 1.1326121228024393
0.49999999999999994 0.15000000000000002 0.0 1.139284871927341
0.49999999999999994 0.15000000000000002 0.0 1.1476379143781927
0.49999999999999994 0.15000000000000002 0.0 1.152863456505171
0.49999999999999994 0.15000000000000002 0.0 1.159871502943182
0.49999999999999994 0.15000000000000002 0.0 1.1700573558672378
0.49999999999999994 0.15000000000000002 0.0 1.1822954187480674
0.49999999999999994 0.15000000000000002 0.0 1.1877011186357582
0.49999999999999994 0.15000000000000002 0.0 1.193157882380965
0.49999999999999994 0.15000000000000002 0.0 1.2026305399563846
0.49999999999999994 0.15000000000000002 0.0 1.2115733253582643
0.49999999999999994 0.15000000000000002 0.0 1.2181150602204256
0.49999999999999994 0.15000000000000002 0.0 1.2242382180994138
0.49999999999999994 0.15000000000000002 0.0 1.2335266375185885
0.49999999999999994 0.15000000000000002 0.0 1.2426457420704644
0.49999999999999994 0.15000000000000002 0.0 1.2480997290561264
0.49999999999999994 0.15000000000000002 0.0 1.2649328869731966
0.49999999999999994 0.15000000000000002 0.0 1.2679356113370812
0.49999999999999994 0.15000000000000002 0.0 1.2818388959800915
0.49999999999999994 0.15000000000000002 0.0 1.2901700156566704
0.49999999999999994 0.15000000000000002 0.0 1.2987712455762268
0.49999999999999994 0.15000000000000002 0.0 1.3035239324798937
0.49999999999999994 0.15000000000000002 0.0 1.308779909374419
0.49999999999999994 0.15000000000000002 0.0 1.3118677169466137
0.49999999999999994 0.15000000000000002 0.0 1.3164152431573748
0.49999999999999994 0.15000000000000002 0.0 1.3233912786402717
0.49999999999999994 0.15000000000000002 0.0 1.3309840748276514
0.49999999999999994 0.15000000000000002 0.0 1.3354454297200813
0.49999999999999994 0.15000000000000002 0.0 1.3373188610258795
0.49999999999999994 0.15000000000000002 0.0 1.3429973283020207
0.49999999999999994 0.15000000000000002 0.0 1.3553540629932248
0.49999999999999994 0.15000000000000002 0.0 1.3615813004969892
0.49999999999999994 0.15000000000000002 0.0 1.3772018071636227
0.49999999999999994 0.15000000000000002 0.0 1.3797131275027075
0.49999999999999994 0.15000000000000002 0.0 1.4021066746556852
0.49999999999999994 0.15000000000000002 0.0 1.404924678199027
0.49999999999999994 0.15000000000000002 0.0 1.418314599983757
0.49999999999999994 0.15000000000000002 0.0 1.422943739714207
0.49999999999999994 0.15000000000000002 0.0 1.4392256637091503
0.49999999999999994 0.15000000000000002 0.0 1.4467988268717757
0.49999999999999994 0.15000000000000002 0.0 1.4754232926240844
0.49999999999999994 0.15000000000000002 0.0 1.4784439274834482
0.49999999999999994 0.15000000000000002 0.0 1.5160256358067838
0.49999999999999994 0.15000000000000002 0.0 1.5203386101692054
0.49999999999999994 0.15000000000000002 0.0 1.880320607361023
0.49999999999999994 0.15000000000000002 0.0 1.8891086730167403
0.49999999999999994 0.15000000000000002 0.0 2.0377964256013374
0.49999999999999994 0.15000000000000002 0.0 2.0504321754199983
0.49999999999999994 0.15000000000000002 0.0 2.11308015515492
0.49999999999999994 0.15000000000000002 0.0 2.1204912743609583
0.49999999999999994 0.15000000000000002 0.0 2.157033778373072
0.49999999999999994 0.15000000000000002 0.0 2.1695217851936803
0.49999999999999994 0.15000000000000002 0.0 2.54461539527264
0.49999999999999994 0.15000000000000002 0.0 2.5529572005693124
0.49999999999999994 0.15000000000000002 0.0 2.614162984416507
0.49999999999999994 0.15000000000000002 0.0 2.621905891187356
0.49999999999999994 0.15000000000000002 0.0 4.619786474635975
0.49999999999999994 0.15000000000000002 0.0 4.63074973565694
0.49999999999999994 0.15000000000000002 0.0 4.693507109714653
0.49999999999999994 0.15000000000000002 0.0 4.763975326220514
0.49999999999999994 0.15000000000000002 0.0 4.996129189273275
0.49999999999999994 0.15000000000000002 0.0 5.025566057293232
0.49999999999999994 0.15000000000000002 0.0 5.153325949679172
0.49999999999999994 0.15000000000000002 0.0 5.210163166999983
0.49999999999999994 0.15000000000000002 0.0 5.31307757885059
0.49999999999999994 0.15000000000000002 0.0 5.352110300324697
0.49999999999999994 0.15000000000000002 0.0 5.377884553235166
0.49999999999999994 0.15000000000000002 0.0 5.400956921759605
0.49999999999999994 0.15000000000000002 0.0 5.8265786387416
0.49999999999999994 0.15000000000000002 0.0 5.866224118886393
0.49999999999999994 0.15000000000000002 0.0 5.946960506863248
0.49999999999999994 0.15000000000000002 0.0 5.970483625098437
0.49999999999999994 0.15000000000000002 0.0 6.030549023692796
0.49999999999999994 0.15000000000000002 0.0 6.058573750058745
0.49999999999999994 0.15000000000000002 0.0 6.107572845906185
0.49999999999999994 0.15000000000000002 0.0 6.151179373685649
0.49999999999999994 0.15000000000000002 0.0 6.4116305046534885
0.49999999999999994 0.15000000000000002 0.0 6.421642152254427
0.49999999999999994 0.15000000000000002 0.0 6.461743316308253
0.49999999999999994 0.15000000000000002 0.0 6.489155606553488
0.49999999999999994 0.15000000000000002 0.0 6.515546836236227
0.49999999999999994 0.15000000000000002 0.0 6.552721772748142
0.49999999999999994 0.15000000000000002 0.0 6.585362722009158
0.49999999999999994 0.15000000000000002 0.0 6.623370484048547
0.49999999999999994 0.15000000000000002 0.0 6.6773273080776185
0.49999999999999994 0.15000000000000002 0.0 6.692934580159113
0.49999999999999994 0.15000000000000002 0.0 6.732774629335754
0.49999999999999994 0.15000000000000002 0.0 6.7667410669705905
0.49999999999999994 0.15000000000000002 0.0 7.107054602604786
0.49999999999999994 0.15000000000000002 0.0 7.117267916932923
0.49999999999999994 0.15000000000000002 0.0 7.158844499229071
0.49999999999999994 0.15000000000000002 0.0 7.187418411413989
0.49999999999999994 0.15000000000000002 0.0 7.228543611567567
0.49999999999999994 0.15000000000000002 0.0 7.2511488127211745
0.49999999999999994 0.15000000000000002 0.0 7.306273775105835
0.49999999999999994 0.15000000000000002 0.0 7.315637067659188
0.49999999999999994 0.15000000000000002 0.0 7.344989983936597
0.49999999999999994 0.15000000000000002 0.0 7.360848766014864
0.49999999999999994 0.15000000000000002 0.0 7.384862321384646
0.49999999999999994 0.15000000000000002 0.0 7.403630115307992
0.49999999999999994 0.15000000000000002 0.0 7.5043924871033205
0.49999999999999994 0.15000000000000002 0.0 7.53295899918675
0.49999999999999994 0.15000000000000002 0.0 7.572809475451224
0.49999999999999994 0.15000000000000002 0.0 7.611398076097069
0.49999999999999994 0.2 0.0 -5.243968214905478
0.49999999999999994 0.2 0.0 -5.243001658120628
0.49999999999999994 0.2 0.0 -5.067618292077282
0.49999999999999994 0.2 0.0 -5.066722438404205
0.49999999999999994 0.2 0.0 -4.755446672168491
0.49999999999999994 0.2 0.0 -4.753918836388432
0.49999999999999994 0.2 0.0 -4.681712459172047
0.49999999999999994 0.2 0.0 -4.678727768068176
0.49999999999999994 0.2 0.0 -4.649100017168663
0.49999999999999994 0.2 0.0 -4.648241387188004
0.49999999999999994 0.2 0.0 -4.538183959049636
0.49999999999999994 0.2 0.0 -4.534662873138205
0.49999999999999994 0.2 0.0 -4.155097612820614
0.49999999999999994 0.2 0.0 -4.154553086400899
0.49999999999999994 0.2 0.0 -4.0770224082425885
0.49999999999999994 0.2 0.0 -4.075532081677579
0.49999999999999994 0.2 0.0 -1.1152727329620031
0.49999999999999994 0.2 0.0 -1.0711330298431658
0.49999999999999994 0.2 0.0 -0.8752960864471966
0.49999999999999994 0.2 0.0 -0.851247106701706
0.49999999999999994 0.2 0.0 -0.7795168980066638
0.49999999999999994 0.2 0.0 -0.7403108907725784
0.49999999999999994 0.2 0.0 -0.715989854273575
0.49999999999999994 0.2 0.0 -0.7036292458404105
0.49999999999999994 0.2 0.0 -0.6662742063579513
0.49999999999999994 0.2 0.0 -0.6581896976699664
0.49999999999999994 0.2 0.0 -0.6319777919323144
0.49999999999999994 0.2 0.0 -0.6176709302925456
0.49999999999999994 0.2 0.0 -0.5331184877296256
0.49999999999999994 0.2 0.0 -0.5161755052146815
0.49999999999999994 0.2 0.0 -0.5118249884473641
0.49999999999999994 0.2 0.0 -0.484228761693009
0.49999999999999994 0.2 0.0 -0.2002057677871575
0.49999999999999994 0.2 0.0 -0.19261608376667927
0.49999999999999994 0.2 0.0 -0.15118280870615397
0.49999999999999994 0.2 0.0 -0.13755768966712356
0.49999999999999994 0.2 0.0 -0.027448783156609865
0.49999999999999994 0.2 0.0 -0.020775877558548685
0.49999999999999994 0.2 0.0 0.07424847364233855
0.49999999999999994 0.2 0.0 0.08263849321516492
0.49999999999999994 0.2 0.0 0.11856376130561704
0.49999999999999994 0.2 0.0 0.12579295956491776
0.49999999999999994 0.2 0.0 0.18148378214478456
0.49999999999999994 0.2 0.0 0.19782766903515192
0.49999999999999994 0.2 0.0 0.23239678545154696
0.49999999999999994 0.2 0.0 0.24261239491527054
0.49999999999999994 0.2 0.0 0.3027390001774286
0.49999999999999994 0.2 0.0 0.3150242835795751
0.49999999999999994 0.2 0.0 0.47163707208371264
0.49999999999999994 0.2 0.0 0.48006577247318294
0.49999999999999994 0.2 0.0 0.538683501358201
0.49999999999999994 0.2 0.0 0.5493718801945588
0.49999999999999994 0.2 0.0 0.6045045098486392
0.49999999999999994 0.2 0.0 0.6192808179557279
0.49999999999999994 0.2 0.0 0.6274110189975559
0.49999999999999994 0.2 0.0 0.6580690262833748
0.49999999999999994 0.2 0.0 0.6678552591625753
0.49999999999999994 0.2 0.0 0.690997979252086
0.49999999999999994 0.2 0.0 0.7113048588751321
0.49999999999999994 0.2 0.0 0.7315963632268199
0.49999999999999994 0.2 0.0 0.7476639559229091
0.49999999999999994 0.2 0.0 0.7517886179135046
0.49999999999999994 0.2 0.0 0.7651255283157834
0.49999999999999994 0.2 0.0 0.7755184364527494
0.49999999999999994 0.2 0.0 0.8022898800539124
0.49999999999999994 0.2 0.0 0.8098810208892697
0.49999999999999994 0.2 0.0 0.8172310735405297
0.49999999999999994 0.2 0.0 0.8290478444738953
0.49999999999999994 0.2 0.0 0.8411951582601063
0.49999999999999994 0.2 0.0 0.8508056327357423
0.49999999999999994 0.2 0.0 0.8693971292703448
0.49999999999999994 0.2 0.0 0.8766843434897345
0.49999999999999994 0.2 0.0 0.885672512701268
0.49999999999999994 0.2 0.0 0.8915580241697042
0.49999999999999994 0.2 0.0 0.8974451903926582
0.49999999999999994 0.2 0.0 0.8996496436861153
0.49999999999999994 0.2 0.0 0.9131535150532786
0.49999999999999994 0.2 0.0 0.9382966556954253
0.49999999999999994 0.2 0.0 0.9510880452459874
0.49999999999999994 0.2 0.0 0.9554659931649234
0.49999999999999994 0.2 0.0 0.9631173480195656
0.49999999999999994 0.2 0.0 0.9758547598735627
0.49999999999999994 0.2 0.0 0.9782463812753436
0.49999999999999994 0.2 0.0 0.9888436241518023
0.49999999999999994 0.2 0.0 0.993637531172351
0.49999999999999994 0.2 0.0 1.000074458866926
0.49999999999999994 0.2 0.0 1.0113998105752913
0.49999999999999994 0.2 0.0 1.022140763164387
0.49999999999999994 0.2 0.0 1.0289047164146927
0.49999999999999994 0.2 0.0 1.0389275568456253
0.49999999999999994 0.2 0.0 1.0432420241878677
0.49999999999999994 0.2 0.0 1.0546374218087031
0.49999999999999994 0.2 0.0 1.0615133087837536
0.49999999999999994 0.2 0.0 1.0648839930793896
0.49999999999999994 0.2 0.0 1.0706160766126467
0.49999999999999994 0.2 0.0 1.0788310321466783
0.49999999999999994 0.2 0.0 1.0859835561716158
0.49999999999999994 0.2 0.0 1.0914121852175553
0.49999999999999994 0.2 0.0 1.0975573077286451
0.49999999999999994 0.2 0.0 1.1008121889168565
0.49999999999999994 0.2 0.0 1.1078143334934074
0.49999999999999994 0.2 0.0 1.1151810240760573
0.49999999999999994 0.2 0.0 1.1186074447023426
0.49999999999999994 0.2 0.0 1.1210334936932318
0.49999999999999994 0.2 0.0 1.1308611643770785
0.49999999999999994 0.2 0.0 1.1383804744335917
0.49999999999999994 0.2 0.0 1.1461785468802104
0.49999999999999994 0.2 0.0 1.1534622531324823
0.49999999999999994 0.2 0.0 1.1601804863516287
0.49999999999999994 0.2 0.0 1.1709411998313852
0.49999999999999994 0.2 0.0 1.1789107446962719
0.49999999999999994 0.2 0.0 1.1860106127625896
0.49999999999999994 0.2 0.0 1.1918189608443504
0.49999999999999994 0.2 0.0 1.204026151325556
0.49999999999999994 0.2 0.0 1.2085146812970524
0.49999999999999994 0.2 0.0 1.2133686032199997
0.49999999999999994 0.2 0.0 1.2228650327958066
0.49999999999999994 0.2 0.0 1.2321005561949994
0.49999999999999994 0.2 0.0 1.2385968212158005
0.49999999999999994 0.2 0.0 1.2465686535554754
0.49999999999999994 0.2 0.0 1.2640354586339209
0.49999999999999994 0.2 0.0 1.2671950807039045
0.49999999999999994 0.2 0.0 1.277696744041644
0.49999999999999994 0.2 0.0 1.2871649391031825
0.49999999999999994 0.2 0.0 1.297843764909159
0.49999999999999994 0.2 0.0 1.3025254981206118
0.49999999999999994 0.2 0.0 1.3055068998411892
0.49999999999999994 0.2 0.0 1.3087031189857474
0.49999999999999994 0.2 0.0 1.3156100429972593
0.49999999999999994 0.2 0.0 1.3212758435581062
0.49999999999999994 0.2 0.0 1.3296733816976685
0.49999999999999994 0.2 0.0 1.335637866145471
0.49999999999999994 0.2 0.0 1.336573584380347
0.49999999999999994 0.2 0.0 1.342663132804949
0.49999999999999994 0.2 0.0 1.354844223671484
0.49999999999999994 0.2 0.0 1.3632526157621037
0.49999999999999994 0.2 0.0 1.3762045425527147
0.49999999999999994 0.2 0.0 1.3793006642110315
0.49999999999999994 0.2 0.0 1.401728006484987
0.49999999999999994 0.2 0.0 1.4054086875668417
0.49999999999999994 0.2 0.0 1.4177646003826863
0.49999999999999994 0.2 0.0 1.4237552764785992
0.49999999999999994 0.2 0.0 1.440513673264828
0.49999999999999994 0.2 0.0 1.4510567336826874
0.49999999999999994 0.2 0.0 1.4771635982151887
0.49999999999999994 0.2 0.0 1.4804969569369988
0.49999999999999994 0.2 0.0 1.5162468088655476
0.49999999999999994 0.2 0.0 1.5224981496568786
0.49999999999999994 0.2 0.0 1.8360822645450021
0.49999999999999994 0.2 0.0 1.8461541451018668
0.49999999999999994 0.2 0.0 1.9770586921823883
0.49999999999999994 0.2 0.0 1.9942805075129995
0.49999999999999994 0.2 0.0 2.105647049880927
0.49999999999999994 0.2 0.0 2.1141416211820037
0.49999999999999994 0.2 0.0 2.154842392576823
0.49999999999999994 0.2 0.0 2.1690487611815055
0.49999999999999994 0.2 0.0 2.501363771620306
0.49999999999999994 0.2 0.0 2.5116298068069085
0.49999999999999994 0.2 0.0 2.565546522281841
0.49999999999999994 0.2 0.0 2.5729768562179336
0.49999999999999994 0.2 0.0 4.651953106587344
0.49999999999999994 0.2 0.0 4.664958489947315
0.49999999999999994 0.2 0.0 4.7322613160067455
0.49999999999999994 0.2 0.0 4.8161145360640205
0.49999999999999994 0.2 0.0 5.000018895065079
0.49999999999999994 0.2 0.0 5.037890257025756
0.49999999999999994 0.2 0.0 5.1559514444413885
0.49999999999999994 0.2 0.0 5.229092066734685
0.49999999999999994 0.2 0.0 5.342436592489439
0.49999999999999994 0.2 0.0 5.385599190014875
0.49999999999999994 0.2 0.0 5.425424255157933
0.49999999999999994 0.2 0.0 5.44774222811064
0.49999999999999994 0.2 0.0 5.828799979720426
0.49999999999999994 0.2 0.0 5.880118893365197
0.49999999999999994 0.2 0.0 5.956710361650197
0.49999999999999994 0.2 0.0 5.984018691191464
0.49999999999999994 0.2 0.0 6.04424059952437
0.49999999999999994 0.2 0.0 6.081242081814756
0.49999999999999994 0.2 0.0 6.111923950496092
0.49999999999999994 0.2 0.0 6.177705977333088
0.49999999999999994 0.2 0.0 6.416276644747086
0.49999999999999994 0.2 0.0 6.427284594369086
0.49999999999999994 0.2 0.0 6.461948893509336
0.49999999999999994 0.2 0.0 6.493969770346997
0.49999999999999994 0.2 0.0 6.521565345032297
0.49999999999999994 0.2 0.0 6.56157967766222
0.49999999999999994 0.2 0.0 6.589870225677509
0.49999999999999994 0.2 0.0 6.635120247783985
0.49999999999999994 0.2 0.0 6.687905112157174
0.49999999999999994 0.2 0.0 6.708101427607638
0.49999999999999994 0.2 0.0 6.730115518673022
0.49999999999999994 0.2 0.0 6.778336787358502
0.49999999999999994 0.2 0.0 7.0857346725342705
0.49999999999999994 0.2 0.0 7.097280345836831
0.49999999999999994 0.2 0.0 7.132847940336279
0.49999999999999994 0.2 0.0 7.1724396468905605
0.49999999999999994 0.2 0.0 7.206866802881022
0.49999999999999994 0.2 0.0 7.235384237941105
0.49999999999999994 0.2 0.0 7.281745397087041
0.49999999999999994 0.2 0.0 7.292215288477623
0.49999999999999994 0.2 0.0 7.334604015735264
0.49999999999999994 0.2 0.0 7.347870317689008
0.49999999999999994 0.2 0.0 7.387673078802846
0.49999999999999994 0.2 0.0 7.401059134186817
0.49999999999999994 0.2 0.0 7.486460775485241
0.49999999999999994 0.2 0.0 7.522239013002632
0.49999999999999994 0.2 0.0 7.550119065954555
0.49999999999999994 0.2 0.0 7.599364666501381
0.49999999999999994 0.25 0.0 -5.227591155268861
0.49999999999999994 0.25 0.0 -5.226480737528763
0.49999999999999994 0.25 0.0 -5.048195058175964
0.49999999999999994 0.25 0.0 -5.047087784961403
0.49999999999999994 0.25 0.0 -4.781024995451853
0.49999999999999994 0.25 0.0 -4.779499535687933
0.49999999999999994 0.25 0.0 -4.707247928160887
0.49999999999999994 0.25 0.0 -4.704245321048134
0.49999999999999994 0.25 0.0 -4.628353679126919
0.49999999999999994 0.25 0.0 -4.627362694130064
0.49999999999999994 0.25 0.0 -4.516283661706966
0.49999999999999994 0.25 0.0 -4.512890903821787
0.49999999999999994 0.25 0.0 -4.190679717986642
0.49999999999999994 0.25 0.0 -4.190106418505597
0.49999999999999994 0.25 0.0 -4.111836400204346
0.49999999999999994 0.25 0.0 -4.110098677828741
0.49999999999999994 0.25 0.0 -1.1145767607780623
0.49999999999999994 0.25 0.0 -1.0733853797454742
0.49999999999999994 0.25 0.0 -0.86388298698723
0.49999999999999994 0.25 0.0 -0.8388263775424871
0.49999999999999994 0.25 0.0 -0.7517414537397471
0.49999999999999994 0.25 0.0 -0.7278476235155296
0.49999999999999994 0.25 0.0 -0.6951116015297529
0.49999999999999994 0.25 0.0 -0.6866457435281195
0.49999999999999994 0.25 0.0 -0.608754232413272
0.49999999999999994 0.25 0.0 -0.5953989929619414
0.49999999999999994 0.25 0.0 -0.5729299302268576
0.49999999999999994 0.25 0.0 -0.5589138644255236
0.49999999999999994 0.25 0.0 -0.48874400378072913
0.49999999999999994 0.25 0.0 -0.4714263781759498
0.49999999999999994 0.25 0.0 -0.46615900559661877
0.49999999999999994 0.25 0.0 -0.43841408112416147
0.49999999999999994 0.25 0.0 -0.20230243565442763
0.49999999999999994 0.25 0.0 -0.1908172906118848
0.49999999999999994 0.25 0.0 -0.14976847814540584
0.49999999999999994 0.25 0.0 -0.1329706520967635
0.49999999999999994 0.25 0.0 -0.02932155207920882
0.49999999999999994 0.25 0.0 -0.022554840379776037
0.49999999999999994 0.25 0.0 0.07588036856419045
0.49999999999999994 0.25 0.0 0.08800370239655564
0.49999999999999994 0.25 0.0 0.10776036429099722
0.49999999999999994 0.25 0.0 0.11694378598675925
0.49999999999999994 0.25 0.0 0.17438611004576998
0.49999999999999994 0.25 0.0 0.19299283857246152
0.49999999999999994 0.25 0.0 0.23905600542195238
0.49999999999999994 0.25 0.0 0.25116397958691916
0.49999999999999994 0.25 0.0 0.3088762994612786
0.49999999999999994 0.25 0.0 0.32258663266639953
0.49999999999999994 0.25 0.0 0.46399156483980697
0.49999999999999994 0.25 0.0 0.4718106079693225
0.49999999999999994 0.25 0.0 0.5255928683776663
0.49999999999999994 0.25 0.0 0.5380975182776382
0.49999999999999994 0.25 0.0 0.5867563278105239
0.49999999999999994 0.25 0.0 0.5998504542615146
0.49999999999999994 0.25 0.0 0.6090298594902173
0.49999999999999994 0.25 0.0 0.6380929265585458
0.49999999999999994 0.25 0.0 0.6643621336197374
0.49999999999999994 0.25 0.0 0.6685014762995161
0.49999999999999994 0.25 0.0 0.6883803398802337
0.49999999999999994 0.25 0.0 0.7231359613940684
0.49999999999999994 0.25 0.0 0.7354513467508177
0.49999999999999994 0.25 0.0 0.7445816078602432
0.49999999999999994 0.25 0.0 0.7534259629051716
0.49999999999999994 0.25 0.0 0.768380294928475
0.49999999999999994 0.25 0.0 0.7986155275553343
0.49999999999999994 0.25 0.0 0.8040811435968407
0.49999999999999994 0.25 0.0 0.8113359005523062
0.49999999999999994 0.25 0.0 0.8233270043165719
0.49999999999999994 0.25 0.0 0.8345202379450072
0.49999999999999994 0.25 0.0 0.8511834406073486
0.49999999999999994 0.25 0.0 0.8689944475976812
0.49999999999999994 0.25 0.0 0.8739665348296899
0.49999999999999994 0.25 0.0 0.884593093831283
0.49999999999999994 0.25 0.0 0.8895064175963304
0.49999999999999994 0.25 0.0 0.8967242618352362
0.49999999999999994 0.25 0.0 0.899650862551663
0.49999999999999994 0.25 0.0 0.9126685875937222
0.49999999999999994 0.25 0.0 0.9349513346758522
0.49999999999999994 0.25 0.0 0.950687394462428
0.49999999999999994 0.25 0.0 0.953851174928414
0.49999999999999994 0.25 0.0 0.9596850482824246
0.49999999999999994 0.25 0.0 0.9716880786144196
0.49999999999999994 0.25 0.0 0.9780271264228675
0.49999999999999994 0.25 0.0 0.9880793087746319
0.49999999999999994 0.25 0.0 0.9917236266246047
0.49999999999999994 0.25 0.0 0.9987948691432784
0.49999999999999994 0.25 0.0 1.009077791682846
0.49999999999999994 0.25 0.0 1.0210482954489026
0.49999999999999994 0.25 0.0 1.0268170346495005
0.49999999999999994 0.25 0.0 1.038224598321178
0.49999999999999994 0.25 0.0 1.0436127995164515
0.49999999999999994 0.25 0.0 1.0557751825435946
0.49999999999999994 0.25 0.0 1.0599092550978328
0.49999999999999994 0.25 0.0 1.064710688373378
0.49999999999999994 0.25 0.0 1.070258803507466
0.49999999999999994 0.25 0.0 1.0787790144847909
0.49999999999999994 0.25 0.0 1.0852053087643179
0.49999999999999994 0.25 0.0 1.0886124466188738
0.49999999999999994 0.25 0.0 1.09666430401593
0.49999999999999994 0.25 0.0 1.100084658147126
0.49999999999999994 0.25 0.0 1.1080495369990728
0.49999999999999994 0.25 0.0 1.1129308821405017
0.49999999999999994 0.25 0.0 1.11669871636262
0.49999999999999994 0.25 0.0 1.1205457687160048
0.49999999999999994 0.25 0.0 1.1301638316018963
0.49999999999999994 0.25 0.0 1.1371864695297216
0.49999999999999994 0.25 0.0 1.1448572098399286
0.49999999999999994 0.25 0.0 1.1545362378981618
0.49999999999999994 0.25 0.0 1.159984991536026
0.49999999999999994 0.25 0.0 1.1715098182355008
0.49999999999999994 0.25 0.0 1.1762226171168169
0.49999999999999994 0.25 0.0 1.1846021720687612
0.49999999999999994 0.25 0.0 1.1899106205732644
0.49999999999999994 0.25 0.0 1.203204582400565
0.49999999999999994 0.25 0.0 1.2053735271960841
0.49999999999999994 0.25 0.0 1.2108644963006525
0.49999999999999994 0.25 0.0 1.2205170324128662
0.49999999999999994 0.25 0.0 1.2299589687436066
0.49999999999999994 0.25 0.0 1.2340453597716485
0.49999999999999994 0.25 0.0 1.2458380566023228
0.49999999999999994 0.25 0.0 1.261459704110484
0.49999999999999994 0.25 0.0 1.2660147151273373
0.49999999999999994 0.25 0.0 1.2735652973543896
0.49999999999999994 0.25 0.0 1.2839682487382928
0.49999999999999994 0.25 0.0 1.2956658556395335
0.49999999999999994 0.25 0.0 1.299366030723051
0.49999999999999994 0.25 0.0 1.3041093935058419
0.49999999999999994 0.25 0.0 1.3071800989865248
0.49999999999999994 0.25 0.0 1.3146355849469638
0.49999999999999994 0.25 0.0 1.319701372393421
0.49999999999999994 0.25 0.0 1.3285084727139518
0.49999999999999994 0.25 0.0 1.334737654144609
0.49999999999999994 0.25 0.0 1.3368131747014222
0.49999999999999994 0.25 0.0 1.34248221012641
0.49999999999999994 0.25 0.0 1.354554946508702
0.49999999999999994 0.25 0.0 1.3641752636337552
0.49999999999999994 0.25 0.0 1.3761263262503225
0.49999999999999994 0.25 0.0 1.3789384985766633
0.49999999999999994 0.25 0.0 1.4011696334747534
0.49999999999999994 0.25 0.0 1.4058353362532958
0.49999999999999994 0.25 0.0 1.4173743041907505
0.49999999999999994 0.25 0.0 1.4243032045361943
0.49999999999999994 0.25 0.0 1.442746800117778
0.49999999999999994 0.25 0.0 1.4567241022968433
0.49999999999999994 0.25 0.0 1.4791869476925101
0.49999999999999994 0.25 0.0 1.4833947965975645
0.49999999999999994 0.25 0.0 1.5168065701301252
0.49999999999999994 0.25 0.0 1.5254366694081973
0.49999999999999994 0.25 0.0 1.7830246184023286
0.49999999999999994 0.25 0.0 1.7934776547958062
0.49999999999999994 0.25 0.0 1.9086729035214294
0.49999999999999994 0.25 0.0 1.928802114953399
0.49999999999999994 0.25 0.0 2.1018914726766607
0.49999999999999994 0.25 0.0 2.110861438570238
0.49999999999999994 0.25 0.0 2.159317433312796
0.49999999999999994 0.25 0.0 2.174485638806292
0.49999999999999994 0.25 0.0 2.4554400044463147
0.49999999999999994 0.25 0.0 2.467389357488198
0.49999999999999994 0.25 0.0 2.5137036616763755
0.49999999999999994 0.25 0.0 2.5196005568174
0.49999999999999994 0.25 0.0 4.687191591826338
0.49999999999999994 0.25 0.0 4.703502165058511
0.49999999999999994 0.25 0.0 4.7750626282013195
0.49999999999999994 0.25 0.0 4.867171457744338
0.49999999999999994 0.25 0.0 4.999801496568761
0.49999999999999994 0.25 0.0 5.044723254147273
0.49999999999999994 0.25 0.0 5.152948859624619
0.49999999999999994 0.25 0.0 5.237348855440189
0.49999999999999994 0.25 0.0 5.382629769047854
0.49999999999999994 0.25 0.0 5.434858395659585
0.49999999999999994 0.25 0.0 5.480787061839773
0.49999999999999994 0.25 0.0 5.505453262322606
0.49999999999999994 0.25 0.0 5.8261701352107025
0.49999999999999994 0.25 0.0 5.888356106838427
0.49999999999999994 0.25 0.0 5.955758349798813
0.49999999999999994 0.25 0.0 5.994722371779997
0.49999999999999994 0.25 0.0 6.070211471304506
0.49999999999999994 0.25 0.0 6.1042362152658765
0.49999999999999994 0.25 0.0 6.135833292390084
0.49999999999999994 0.25 0.0 6.214913336260201
0.49999999999999994 0.25 0.0 6.420554505960348
0.49999999999999994 0.25 0.0 6.433508158126462
0.49999999999999994 0.25 0.0 6.46244597640929
0.49999999999999994 0.25 0.0 6.499489619300324
0.49999999999999994 0.25 0.0 6.53408513535707
0.49999999999999994 0.25 0.0 6.56900864189529
0.49999999999999994 0.25 0.0 6.599670621412233
0.49999999999999994 0.25 0.0 6.645955762531523
0.49999999999999994 0.25 0.0 6.699586155401878
0.49999999999999994 0.25 0.0 6.722106895651801
0.49999999999999994 0.25 0.0 6.733568413475194
0.49999999999999994 0.25 0.0 6.795010784244244
0.49999999999999994 0.25 0.0 7.053746658581782
0.49999999999999994 0.25 0.0 7.0698938630719095
0.49999999999999994 0.25 0.0 7.100175190492308
0.49999999999999994 0.25 0.0 7.152923497606682
0.49999999999999994 0.25 0.0 7.179637863236155
0.49999999999999994 0.25 0.0 7.214270666230557
0.49999999999999994 0.25 0.0 7.248708594663393
0.49999999999999994 0.25 0.0 7.268862013378704
0.49999999999999994 0.25 0.0 7.320557528014318
0.49999999999999994 0.25 0.0 7.333965518953775
0.49999999999999994 0.25 0.0 7.388379823762552
0.49999999999999994 0.25 0.0 7.406731540119483
0.49999999999999994 0.25 0.0 7.469533367369788
0.49999999999999994 0.25 0.0 7.508627799674408
0.49999999999999994 0.25 0.0 7.5270016648443665
0.49999999999999994 0.25 0.0 7.583878092418597
0.49999999999999994 0.3 0.0 -5.209286060072472
0.49999999999999994 0.3 0.0 -5.208111274487886
0.49999999999999994 0.3 0.0 -5.02519493480344
0.49999999999999994 0.3 0.0 -5.023889360443794
0.49999999999999994 0.3 0.0 -4.8087606248532
0.49999999999999994 0.3 0.0 -4.807244960258669
0.49999999999999994 0.3 0.0 -4.736895753049069
0.49999999999999994 0.3 0.0 -4.73414435513516
0.49999999999999994 0.3 0.0 -4.601979060399826
0.49999999999999994 0.3 0.0 -4.601070409229745
0.49999999999999994 0.3 0.0 -4.491156387601124
0.49999999999999994 0.3 0.0 -4.487911181423179
0.49999999999999994 0.3 0.0 -4.229616716068832
0.49999999999999994 0.3 0.0 -4.229039557488253
0.49999999999999994 0.3 0.0 -4.150344133742658
0.49999999999999994 0.3 0.0 -4.148417281889198
0.49999999999999994 0.3 0.0 -1.1122831339410757
0.49999999999999994 0.3 0.0 -1.0770264059378993
0.49999999999999994 0.3 0.0 -0.8541853838745519
0.49999999999999994 0.3 0.0 -0.8313393451113553
0.49999999999999994 0.3 0.0 -0.7342099937386015
0.49999999999999994 0.3 0.0 -0.7215465394878278
0.49999999999999994 0.3 0.0 -0.6833747808860471
0.49999999999999994 0.3 0.0 -0.6747592007661298
0.49999999999999994 0.3 0.0 -0.5457047150985916
0.49999999999999994 0.3 0.0 -0.5252653273460401
0.49999999999999994 0.3 0.0 -0.5031965570988932
0.49999999999999994 0.3 0.0 -0.4852137676645105
0.49999999999999994 0.3 0.0 -0.43240958663077045
0.49999999999999994 0.3 0.0 -0.4160235118032709
0.49999999999999994 0.3 0.0 -0.40647637028590466
0.49999999999999994 0.3 0.0 -0.38403850642421933
0.49999999999999994 0.3 0.0 -0.2047448492790629
0.49999999999999994 0.3 0.0 -0.18743596989008537
0.49999999999999994 0.3 0.0 -0.1479731470593526
0.49999999999999994 0.3 0.0 -0.12820125285180595
0.49999999999999994 0.3 0.0 -0.030327418783056035
0.49999999999999994 0.3 0.0 -0.025579347688460152
0.49999999999999994 0.3 0.0 0.07084752174844411
0.49999999999999994 0.3 0.0 0.09023066415778835
0.49999999999999994 0.3 0.0 0.10115035871398259
0.49999999999999994 0.3 0.0 0.11673555994408602
0.49999999999999994 0.3 0.0 0.16600433422882066
0.49999999999999994 0.3 0.0 0.18466401468427662
0.49999999999999994 0.3 0.0 0.24606682098147648
0.49999999999999994 0.3 0.0 0.2619964441793874
0.49999999999999994 0.3 0.0 0.31896136816401555
0.49999999999999994 0.3 0.0 0.3315029766162132
0.49999999999999994 0.3 0.0 0.450093220925857
0.49999999999999994 0.3 0.0 0.46079577287751405
0.49999999999999994 0.3 0.0 0.5077652341301082
0.49999999999999994 0.3 0.0 0.5244738004729443
0.49999999999999994 0.3 0.0 0.5512737058861426
0.49999999999999994 0.3 0.0 0.5629662374202082
0.49999999999999994 0.3 0.0 0.5818919531898308
0.49999999999999994 0.3 0.0 0.6125593388347044
0.49999999999999994 0.3 0.0 0.6259489650762111
0.49999999999999994 0.3 0.0 0.6657186084913507
0.49999999999999994 0.3 0.0 0.6783847928541427
0.49999999999999994 0.3 0.0 0.7114377295703687
0.49999999999999994 0.3 0.0 0.7243215713666267
0.49999999999999994 0.3 0.0 0.7358816083198043
0.49999999999999994 0.3 0.0 0.7461145622519805
0.49999999999999994 0.3 0.0 0.7616256958653311
0.49999999999999994 0.3 0.0 0.7934172600135766
0.49999999999999994 0.3 0.0 0.797145851134434
0.49999999999999994 0.3 0.0 0.8073104421882391
0.49999999999999994 0.3 0.0 0.8199075090248655
0.49999999999999994 0.3 0.0 0.8292530960892526
0.49999999999999994 0.3 0.0 0.8505738612237028
0.49999999999999994 0.3 0.0 0.8671584663361119
0.49999999999999994 0.3 0.0 0.8720139304394149
0.49999999999999994 0.3 0.0 0.88336167052083
0.49999999999999994 0.3 0.0 0.8875846732300716
0.49999999999999994 0.3 0.0 0.8974176100746404
0.49999999999999994 0.3 0.0 0.9010282046547291
0.49999999999999994 0.3 0.0 0.9122497292297354
0.49999999999999994 0.3 0.0 0.9316132483349469
0.49999999999999994 0.3 0.0 0.9474030409364531
0.49999999999999994 0.3 0.0 0.9530632560915675
0.49999999999999994 0.3 0.0 0.9563729832256919
0.49999999999999994 0.3 0.0 0.9672659965866179
0.49999999999999994 0.3 0.0 0.9782333566489294
0.49999999999999994 0.3 0.0 0.9861782567374076
0.49999999999999994 0.3 0.0 0.9909493096265386
0.49999999999999994 0.3 0.0 0.9974037343929585
0.49999999999999994 0.3 0.0 1.0089508493551573
0.49999999999999994 0.3 0.0 1.02027380501837
0.49999999999999994 0.3 0.0 1.0244389669205585
0.49999999999999994 0.3 0.0 1.0370486252579916
0.49999999999999994 0.3 0.0 1.0437210816803342
0.49999999999999994 0.3 0.0 1.0548848339886485
0.49999999999999994 0.3 0.0 1.0593972438054873
0.49999999999999994 0.3 0.0 1.064726562838825
0.49999999999999994 0.3 0.0 1.0705412393460014
0.49999999999999994 0.3 0.0 1.0785734785454464
0.49999999999999994 0.3 0.0 1.0830965506593315
0.49999999999999994 0.3 0.0 1.0866217589047606
0.49999999999999994 0.3 0.0 1.0948654234142468
0.49999999999999994 0.3 0.0 1.100340697441301
0.49999999999999994 0.3 0.0 1.1084813850198723
0.49999999999999994 0.3 0.0 1.1111782618699775
0.49999999999999994 0.3 0.0 1.115073990967239
0.49999999999999994 0.3 0.0 1.1202834061160607
0.49999999999999994 0.3 0.0 1.1302681549590898
0.49999999999999994 0.3 0.0 1.1350787703021488
0.49999999999999994 0.3 0.0 1.1436474825159504
0.49999999999999994 0.3 0.0 1.1552121080158049
0.49999999999999994 0.3 0.0 1.1582614130982212
0.49999999999999994 0.3 0.0 1.1717742537134561
0.49999999999999994 0.3 0.0 1.1758662892818208
0.49999999999999994 0.3 0.0 1.1834686446694678
0.49999999999999994 0.3 0.0 1.187590889703007
0.49999999999999994 0.3 0.0 1.2003744232104558
0.49999999999999994 0.3 0.0 1.2034200638825319
0.49999999999999994 0.3 0.0 1.2106123828964332
0.49999999999999994 0.3 0.0 1.216875629244802
0.49999999999999994 0.3 0.0 1.2270048653576116
0.49999999999999994 0.3 0.0 1.2302360355851576
0.49999999999999994 0.3 0.0 1.2440908408609586
0.49999999999999994 0.3 0.0 1.257036463366223
0.49999999999999994 0.3 0.0 1.2649797990197884
0.49999999999999994 0.3 0.0 1.2711888712174242
0.49999999999999994 0.3 0.0 1.2812017949276848
0.49999999999999994 0.3 0.0 1.2918433980088795
0.49999999999999994 0.3 0.0 1.297396852879163
0.49999999999999994 0.3 0.0 1.30329615321586
0.49999999999999994 0.3 0.0 1.3063882172999535
0.49999999999999994 0.3 0.0 1.31382816684404
0.49999999999999994 0.3 0.0 1.3188425174314231
0.49999999999999994 0.3 0.0 1.3275916144904318
0.49999999999999994 0.3 0.0 1.3333623864455053
0.49999999999999994 0.3 0.0 1.3374441566594102
0.49999999999999994 0.3 0.0 1.3424183097323397
0.49999999999999994 0.3 0.0 1.3544554239002338
0.49999999999999994 0.3 0.0 1.363657230670098
0.49999999999999994 0.3 0.0 1.3772706443360299
0.49999999999999994 0.3 0.0 1.3788448047249098
0.49999999999999994 0.3 0.0 1.4005810381180075
0.49999999999999994 0.3 0.0 1.406177959590665
0.49999999999999994 0.3 0.0 1.4172980940187854
0.49999999999999994 0.3 0.0 1.4244775844541282
0.49999999999999994 0.3 0.0 1.4461244779111881
0.49999999999999994 0.3 0.0 1.4640835538421157
0.49999999999999994 0.3 0.0 1.4806462731736936
0.49999999999999994 0.3 0.0 1.4879641284120666
0.49999999999999994 0.3 0.0 1.5178331458853327
0.49999999999999994 0.3 0.0 1.529315194846184
0.49999999999999994 0.3 0.0 1.727426027952692
0.49999999999999994 0.3 0.0 1.7372249615198898
0.49999999999999994 0.3 0.0 1.8406618844072113
0.49999999999999994 0.3 0.0 1.8622061788239632
0.49999999999999994 0.3 0.0 2.101350579411032
0.49999999999999994 0.3 0.0 2.1107470497592686
0.49999999999999994 0.3 0.0 2.168787071060631
0.49999999999999994 0.3 0.0 2.1845595544955296
0.49999999999999994 0.3 0.0 2.410738822989911
0.49999999999999994 0.3 0.0 2.4242011914320916
0.49999999999999994 0.3 0.0 2.462465523836417
0.49999999999999994 0.3 0.0 2.4667505238211107
0.49999999999999994 0.3 0.0 4.723135913080322
0.49999999999999994 0.3 0.0 4.743937800851988
0.49999999999999994 0.3 0.0 4.816667965457869
0.49999999999999994 0.3 0.0 4.911380148040484
0.49999999999999994 0.3 0.0 4.995472143375997
0.49999999999999994 0.3 0.0 5.045216270555996
0.49999999999999994 0.3 0.0 5.1478371889247025
0.49999999999999994 0.3 0.0 5.236434338711596
0.49999999999999994 0.3 0.0 5.430131431374472
0.49999999999999994 0.3 0.0 5.4937536770839746
0.49999999999999994 0.3 0.0 5.536759319133122
0.49999999999999994 0.3 0.0 5.56894594806777
0.49999999999999994 0.3 0.0 5.8174487708981495
0.49999999999999994 0.3 0.0 5.888251105469956
0.49999999999999994 0.3 0.0 5.94529932116578
0.49999999999999994 0.3 0.0 5.995456111106588
0.49999999999999994 0.3 0.0 6.107517138115631
0.49999999999999994 0.3 0.0 6.130701299471866
0.49999999999999994 0.3 0.0 6.179185453882228
0.49999999999999994 0.3 0.0 6.258295086219565
0.49999999999999994 0.3 0.0 6.421069753256927
0.49999999999999994 0.3 0.0 6.442251362766449
0.49999999999999994 0.3 0.0 6.464409084354868
0.49999999999999994 0.3 0.0 6.506740836258734
0.49999999999999994 0.3 0.0 6.552337468710697
0.49999999999999994 0.3 0.0 6.57794811874265
0.49999999999999994 0.3 0.0 6.612377658649083
0.49999999999999994 0.3 0.0 6.653413291798236
0.49999999999999994 0.3 0.0 6.708677000310485
0.49999999999999994 0.3 0.0 6.731235862497066
0.49999999999999994 0.3 0.0 6.749111616735846
0.49999999999999994 0.3 0.0 6.818190874683528
0.49999999999999994 0.3 0.0 7.012960570654172
0.49999999999999994 0.3 0.0 7.033541913576917
0.49999999999999994 0.3 0.0 7.06207027646513
0.49999999999999994 0.3 0.0 7.125928823899922
0.49999999999999994 0.3 0.0 7.149912769582776
0.49999999999999994 0.3 0.0 7.189249833633578
0.49999999999999994 0.3 0.0 7.214131358908971
0.49999999999999994 0.3 0.0 7.243602317296494
0.49999999999999994 0.3 0.0 7.30596477624985
0.49999999999999994 0.3 0.0 7.319342834793328
0.49999999999999994 0.3 0.0 7.389852927615521
0.49999999999999994 0.3 0.0 7.416961046436685
0.49999999999999994 0.3 0.0 7.45629808592261
0.49999999999999994 0.3 0.0 7.492340699405674
0.49999999999999994 0.3 0.0 7.506599139258275
0.49999999999999994 0.3 0.0 7.56602604807146
0.49999999999999994 0.35 0.0 -5.190519392411237
0.49999999999999994 0.35 0.0 -5.189393657153719
0.49999999999999994 0.35 0.0 -4.99920681050761
0.49999999999999994 0.35 0.0 -4.997727559214386
0.49999999999999994 0.35 0.0 -4.83671242252843
0.49999999999999994 0.35 0.0 -4.835259721297676
0.49999999999999994 0.35 0.0 -4.768012311656354
0.49999999999999994 0.35 0.0 -4.765579494205517
0.49999999999999994 0.35 0.0 -4.57220973706204
0.49999999999999994 0.35 0.0 -4.5714028537412705
0.49999999999999994 0.35 0.0 -4.463900848535358
0.49999999999999994 0.35 0.0 -4.460855834310804
0.49999999999999994 0.35 0.0 -4.2691553609980275
0.49999999999999994 0.35 0.0 -4.268586465889056
0.49999999999999994 0.35 0.0 -4.190642017971607
0.49999999999999994 0.35 0.0 -4.188594158097813
0.49999999999999994 0.35 0.0 -1.108898994074237
0.49999999999999994 0.35 0.0 -1.0813607300594628
0.49999999999999994 0.35 0.0 -0.8458495140578561
0.49999999999999994 0.35 0.0 -0.8272897545568734
0.49999999999999994 0.35 0.0 -0.7258141361968147
0.49999999999999994 0.35 0.0 -0.7188225487855765
0.49999999999999994 0.35 0.0 -0.6750957114609807
0.49999999999999994 0.35 0.0 -0.6674972380473441
0.49999999999999994 0.35 0.0 -0.48170031142826897
0.49999999999999994 0.35 0.0 -0.4577144845705261
0.49999999999999994 0.35 0.0 -0.43345612135766043
0.49999999999999994 0.35 0.0 -0.41057546048440496
0.49999999999999994 0.35 0.0 -0.37019869089069957
0.49999999999999994 0.35 0.0 -0.35616536428789924
0.49999999999999994 0.35 0.0 -0.34071167338539343
0.49999999999999994 0.35 0.0 -0.32526926445780724
0.49999999999999994 0.35 0.0 -0.20456886540167307
0.49999999999999994 0.35 0.0 -0.18003745769469948
0.49999999999999994 0.35 0.0 -0.1462562436739594
0.49999999999999994 0.35 0.0 -0.12293374994258421
0.49999999999999994 0.35 0.0 -0.03112819333896396
0.49999999999999994 0.35 0.0 -0.02862503766668199
0.49999999999999994 0.35 0.0 0.06234278323801945
0.49999999999999994 0.35 0.0 0.07991339042441759
0.49999999999999994 0.35 0.0 0.10993078801001666
0.49999999999999994 0.35 0.0 0.12466555289497983
0.49999999999999994 0.35 0.0 0.15826097082373902
0.49999999999999994 0.35 0.0 0.17379828442375356
0.49999999999999994 0.35 0.0 0.2518632384320032
0.49999999999999994 0.35 0.0 0.27543037258946157
0.49999999999999994 0.35 0.0 0.33346789952026623
0.49999999999999994 0.35 0.0 0.34000840825654377
0.49999999999999994 0.35 0.0 0.4274628326504297
0.49999999999999994 0.35 0.0 0.4463652364362787
0.49999999999999994 0.35 0.0 0.4831935493284716
0.49999999999999994 0.35 0.0 0.4999746400151659
0.49999999999999994 0.35 0.0 0.5064794714186548
0.49999999999999994 0.35 0.0 0.5174893056467793
0.49999999999999994 0.35 0.0 0.5345403553449968
0.49999999999999994 0.35 0.0 0.5600649906493684
0.49999999999999994 0.35 0.0 0.6155166618065593
0.49999999999999994 0.35 0.0 0.6598401042146227
0.49999999999999994 0.35 0.0 0.6773277268083069
0.49999999999999994 0.35 0.0 0.7007152290117249
0.49999999999999994 0.35 0.0 0.7139041452058903
0.49999999999999994 0.35 0.0 0.7274981706609722
0.49999999999999994 0.35 0.0 0.7423998191356684
0.49999999999999994 0.35 0.0 0.7552883848546941
0.49999999999999994 0.35 0.0 0.7881179091892916
0.49999999999999994 0.35 0.0 0.7918152154550521
0.49999999999999994 0.35 0.0 0.8052062340604218
0.49999999999999994 0.35 0.0 0.8166825477354163
0.49999999999999994 0.35 0.0 0.8263705470144007
0.49999999999999994 0.35 0.0 0.8478108411853551
0.49999999999999994 0.35 0.0 0.8652265458286981
0.49999999999999994 0.35 0.0 0.8711587016130605
0.49999999999999994 0.35 0.0 0.8825242925780742
0.49999999999999994 0.35 0.0 0.8866301033836259
0.49999999999999994 0.35 0.0 0.8988330105044596
0.49999999999999994 0.35 0.0 0.9029805969936534
0.49999999999999994 0.35 0.0 0.9111938606045475
0.49999999999999994 0.35 0.0 0.9283261388725164
0.49999999999999994 0.35 0.0 0.9429300898438928
0.49999999999999994 0.35 0.0 0.9511066284208555
0.49999999999999994 0.35 0.0 0.9546300110654744
0.49999999999999994 0.35 0.0 0.963942780009301
0.49999999999999994 0.35 0.0 0.9785525070959707
0.49999999999999994 0.35 0.0 0.9843431065427996
0.49999999999999994 0.35 0.0 0.9904877892511851
0.49999999999999994 0.35 0.0 0.9956228999770054
0.49999999999999994 0.35 0.0 1.0105229254974608
0.49999999999999994 0.35 0.0 1.0196712704335795
0.49999999999999994 0.35 0.0 1.0227412989569358
0.49999999999999994 0.35 0.0 1.0360135345528443
0.49999999999999994 0.35 0.0 1.0429850027515464
0.49999999999999994 0.35 0.0 1.0521988107853941
0.49999999999999994 0.35 0.0 1.059514801870484
0.49999999999999994 0.35 0.0 1.0653815377576097
0.49999999999999994 0.35 0.0 1.0709378119937596
0.49999999999999994 0.35 0.0 1.0777306472453818
0.49999999999999994 0.35 0.0 1.081567575198571
0.49999999999999994 0.35 0.0 1.0863217841450656
0.49999999999999994 0.35 0.0 1.0927520017481918
0.49999999999999994 0.35 0.0 1.1005767639483137
0.49999999999999994 0.35 0.0 1.1076857973003147
0.49999999999999994 0.35 0.0 1.1109495125471274
0.49999999999999994 0.35 0.0 1.114183655155892
0.49999999999999994 0.35 0.0 1.1203341850514084
0.49999999999999994 0.35 0.0 1.1304296152278885
0.49999999999999994 0.35 0.0 1.1325603551931036
0.49999999999999994 0.35 0.0 1.1421857773812363
0.49999999999999994 0.35 0.0 1.150469592093108
0.49999999999999994 0.35 0.0 1.160172284368028
0.49999999999999994 0.35 0.0 1.1715147271940367
0.49999999999999994 0.35 0.0 1.1780618312757616
0.49999999999999994 0.35 0.0 1.182191068182513
0.49999999999999994 0.35 0.0 1.1855915975389097
0.49999999999999994 0.35 0.0 1.1983823843113772
0.49999999999999994 0.35 0.0 1.2020499522168848
0.49999999999999994 0.35 0.0 1.210628243108706
0.49999999999999994 0.35 0.0 1.2128881128017572
0.49999999999999994 0.35 0.0 1.2230761870132225
0.49999999999999994 0.35 0.0 1.2274241843315414
0.49999999999999994 0.35 0.0 1.2392886002342989
0.49999999999999994 0.35 0.0 1.254696060214913
0.49999999999999994 0.35 0.0 1.2640489616805448
0.49999999999999994 0.35 0.0 1.2704017009863797
0.49999999999999994 0.35 0.0 1.278970861981536
0.49999999999999994 0.35 0.0 1.288995944837894
0.49999999999999994 0.35 0.0 1.2954283269217282
0.49999999999999994 0.35 0.0 1.302645435519372
0.49999999999999994 0.35 0.0 1.3057319421224236
0.49999999999999994 0.35 0.0 1.313613204815536
0.49999999999999994 0.35 0.0 1.3182881168480816
0.49999999999999994 0.35 0.0 1.3269925721902938
0.49999999999999994 0.35 0.0 1.3318625291464732
0.49999999999999994 0.35 0.0 1.338245861750625
0.49999999999999994 0.35 0.0 1.3423489441662348
0.49999999999999994 0.35 0.0 1.3545394323339517
0.49999999999999994 0.35 0.0 1.3620523539887612
0.49999999999999994 0.35 0.0 1.378183545455433
0.49999999999999994 0.35 0.0 1.37969994820337
0.49999999999999994 0.35 0.0 1.4004469508128752
0.49999999999999994 0.35 0.0 1.4063457553815033
0.49999999999999994 0.35 0.0 1.4176397794957287
0.49999999999999994 0.35 0.0 1.4242150055015985
0.49999999999999994 0.35 0.0 1.4509025384615146
0.49999999999999994 0.35 0.0 1.4732372370394815
0.49999999999999994 0.35 0.0 1.4812803006690451
0.49999999999999994 0.35 0.0 1.4944321349773366
0.49999999999999994 0.35 0.0 1.519485918786561
0.49999999999999994 0.35 0.0 1.5340865501116232
0.49999999999999994 0.35 0.0 1.6749781136934399
0.49999999999999994 0.35 0.0 1.683954778541402
0.49999999999999994 0.35 0.0 1.7799024077493826
0.49999999999999994 0.35 0.0 1.8009986028215694
0.49999999999999994 0.35 0.0 2.1035430970579787
0.49999999999999994 0.35 0.0 2.1128445279644374
0.49999999999999994 0.35 0.0 2.182254597308517
0.49999999999999994 0.35 0.0 2.198205411887371
0.49999999999999994 0.35 0.0 2.370351437736236
0.49999999999999994 0.35 0.0 2.3850670590341565
0.49999999999999994 0.35 0.0 2.4145963533306474
0.49999999999999994 0.35 0.0 2.419232974771295
0.49999999999999994 0.35 0.0 4.75798154799539
0.49999999999999994 0.35 0.0 4.783245145132112
0.49999999999999994 0.35 0.0 4.852776715622842
0.49999999999999994 0.35 0.0 4.942873020854081
0.49999999999999994 0.35 0.0 4.988793601888483
0.49999999999999994 0.35 0.0 5.040672804412782
0.49999999999999994 0.35 0.0 5.145528863140244
0.49999999999999994 0.35 0.0 5.22884900125282
0.49999999999999994 0.35 0.0 5.480414017816994
0.49999999999999994 0.35 0.0 5.553869375602812
0.49999999999999994 0.35 0.0 5.587300569171762
0.49999999999999994 0.35 0.0 5.632118647241157
0.49999999999999994 0.35 0.0 5.804113731831371
0.49999999999999994 0.35 0.0 5.878852313579708
0.49999999999999994 0.35 0.0 5.930347389921258
0.49999999999999994 0.35 0.0 5.9847509606974345
0.49999999999999994 0.35 0.0 6.1495959823119675
0.49999999999999994 0.35 0.0 6.166724372936229
0.49999999999999994 0.35 0.0 6.229056471630437
0.49999999999999994 0.35 0.0 6.299464365031223
0.49999999999999994 0.35 0.0 6.4174481550745615
0.49999999999999994 0.35 0.0 6.450362641653977
0.49999999999999994 0.35 0.0 6.4718499085709515
0.49999999999999994 0.35 0.0 6.518355442064891
0.49999999999999994 0.35 0.0 6.572909865176664
0.49999999999999994 0.35 0.0 6.591956068749912
0.49999999999999994 0.35 0.0 6.624284287955464
0.49999999999999994 0.35 0.0 6.656371536141149
0.49999999999999994 0.35 0.0 6.715127350493624
0.49999999999999994 0.35 0.0 6.742155780415747
0.49999999999999994 0.35 0.0 6.767769654779394
0.49999999999999994 0.35 0.0 6.84799738400977
0.49999999999999994 0.35 0.0 6.968570234036347
0.49999999999999994 0.35 0.0 6.988740206817945
0.49999999999999994 0.35 0.0 7.0188493337940345
0.49999999999999994 0.35 0.0 7.090814544732386
0.49999999999999994 0.35 0.0 7.124478208550559
0.49999999999999994 0.35 0.0 7.160164160867148
0.49999999999999994 0.35 0.0 7.183094174050875
0.49999999999999994 0.35 0.0 7.21650876200049
0.49999999999999994 0.35 0.0 7.293905930475179
0.49999999999999994 0.35 0.0 7.305009877894927
0.49999999999999994 0.35 0.0 7.393930744878506
0.49999999999999994 0.35 0.0 7.42806348273787
0.49999999999999994 0.35 0.0 7.448382023296698
0.49999999999999994 0.35 0.0 7.475024115024866
0.49999999999999994 0.35 0.0 7.490716400343264
0.49999999999999994 0.35 0.0 7.546855644006858
0.49999999999999994 0.39999999999999997 0.0 -5.1734632403675915
0.49999999999999994 0.39999999999999997 0.0 -5.17254229412529
0.49999999999999994 0.39999999999999997 0.0 -4.971148344033463
0.49999999999999994 0.39999999999999997 0.0 -4.96954808282382
0.49999999999999994 0.39999999999999997 0.0 -4.863013650589778
0.49999999999999994 0.39999999999999997 0.0 -4.861678896286114
0.49999999999999994 0.39999999999999997 0.0 -4.797858954296992
0.49999999999999994 0.39999999999999997 0.0 -4.795886055035944
0.49999999999999994 0.39999999999999997 0.0 -4.541113494188823
0.49999999999999994 0.39999999999999997 0.0 -4.540448123000614
0.49999999999999994 0.39999999999999997 0.0 -4.437383961894044
0.49999999999999994 0.39999999999999997 0.0 -4.4347345883912395
0.49999999999999994 0.39999999999999997 0.0 -4.304638906132737
0.49999999999999994 0.39999999999999997 0.0 -4.304112618579862
0.49999999999999994 0.39999999999999997 0.0 -4.230384575073212
0.49999999999999994 0.39999999999999997 0.0 -4.228333177885787
0.49999999999999994 0.39999999999999997 0.0 -1.104816135748445
0.49999999999999994 0.39999999999999997 0.0 -1.0860154651549845
0.49999999999999994 0.39999999999999997 0.0 -0.8387914783898829
0.49999999999999994 0.39999999999999997 0.0 -0.8257946031477612
0.49999999999999994 0.39999999999999997 0.0 -0.722105162166184
0.49999999999999994 0.39999999999999997 0.0 -0.7181157599645905
0.49999999999999994 0.39999999999999997 0.0 -0.6691496242815443
0.49999999999999994 0.39999999999999997 0.0 -0.6638359788699086
0.49999999999999994 0.39999999999999997 0.0 -0.4232430266807672
0.49999999999999994 0.39999999999999997 0.0 -0.4006776342333591
0.49999999999999994 0.39999999999999997 0.0 -0.37100360648725594
0.49999999999999994 0.39999999999999997 0.0 -0.3485539387133274
0.49999999999999994 0.39999999999999997 0.0 -0.3149996572511764
0.49999999999999994 0.39999999999999997 0.0 -0.2981483364840146
0.49999999999999994 0.39999999999999997 0.0 -0.2909577244132315
0.49999999999999994 0.39999999999999997 0.0 -0.2776205761556554
0.49999999999999994 0.39999999999999997 0.0 -0.18770069969596737
0.49999999999999994 0.39999999999999997 0.0 -0.1667125449981377
0.49999999999999994 0.39999999999999997 0.0 -0.14550812312785943
0.49999999999999994 0.39999999999999997 0.0 -0.11343007402561156
0.49999999999999994 0.39999999999999997 0.0 -0.034961070879401035
0.49999999999999994 0.39999999999999997 0.0 -0.027188251600581026
0.49999999999999994 0.39999999999999997 0.0 0.05654851787112314
0.49999999999999994 0.39999999999999997 0.0 0.07160373045607216
0.49999999999999994 0.39999999999999997 0.0 0.12041333014050792
0.49999999999999994 0.39999999999999997 0.0 0.13360099751425647
0.49999999999999994 0.39999999999999997 0.0 0.15293396625698552
0.49999999999999994 0.39999999999999997 0.0 0.17169421918451544
0.49999999999999994 0.39999999999999997 0.0 0.25630629240242797
0.49999999999999994 0.39999999999999997 0.0 0.29104740176599897
0.49999999999999994 0.39999999999999997 0.0 0.340668307061069
0.49999999999999994 0.39999999999999997 0.0 0.3498090757828898
0.49999999999999994 0.39999999999999997 0.0 0.40343934659268843
0.49999999999999994 0.39999999999999997 0.0 0.4169449208953875
0.49999999999999994 0.39999999999999997 0.0 0.43598873524972515
0.49999999999999994 0.39999999999999997 0.0 0.4450517329582988
0.49999999999999994 0.39999999999999997 0.0 0.47222274867540026
0.49999999999999994 0.39999999999999997 0.0 0.4802371071902112
0.49999999999999994 0.39999999999999997 0.0 0.4996336029691806
0.49999999999999994 0.39999999999999997 0.0 0.5121627128539536
0.49999999999999994 0.39999999999999997 0.0 0.6147327517087522
0.49999999999999994 0.39999999999999997 0.0 0.6498087654522475
0.49999999999999994 0.39999999999999997 0.0 0.678906043449703
0.49999999999999994 0.39999999999999997 0.0 0.693789838983677
0.49999999999999994 0.39999999999999997 0.0 0.7073554992093536
0.49999999999999994 0.39999999999999997 0.0 0.719257294104751
0.49999999999999994 0.39999999999999997 0.0 0.7401945157376026
0.49999999999999994 0.39999999999999997 0.0 0.7497090547589007
0.49999999999999994 0.39999999999999997 0.0 0.7846306154604806
0.49999999999999994 0.39999999999999997 0.0 0.788619590703695
0.49999999999999994 0.39999999999999997 0.0 0.8039537091709583
0.49999999999999994 0.39999999999999997 0.0 0.8127810925097014
0.49999999999999994 0.39999999999999997 0.0 0.8264762941852624
0.49999999999999994 0.39999999999999997 0.0 0.8430846925124964
0.49999999999999994 0.39999999999999997 0.0 0.8650164416222237
0.49999999999999994 0.39999999999999997 0.0 0.870130541077285
0.49999999999999994 0.39999999999999997 0.0 0.8825451550582721
0.49999999999999994 0.39999999999999997 0.0 0.8859573668165893
0.49999999999999994 0.39999999999999997 0.0 0.9004663152439027
0.49999999999999994 0.39999999999999997 0.0 0.9052982499501994
0.49999999999999994 0.39999999999999997 0.0 0.9097878212067494
0.49999999999999994 0.39999999999999997 0.0 0.9244208392243776
0.49999999999999994 0.39999999999999997 0.0 0.9399531839636524
0.49999999999999994 0.39999999999999997 0.0 0.9475151612677157
0.49999999999999994 0.39999999999999997 0.0 0.9547860712255263
0.49999999999999994 0.39999999999999997 0.0 0.9614520663888522
0.49999999999999994 0.39999999999999997 0.0 0.9790819592261949
0.49999999999999994 0.39999999999999997 0.0 0.9828770299504774
0.49999999999999994 0.39999999999999997 0.0 0.9903302000916681
0.49999999999999994 0.39999999999999997 0.0 0.9938196052858271
0.49999999999999994 0.39999999999999997 0.0 1.0124824950516074
0.49999999999999994 0.39999999999999997 0.0 1.018418980396098
0.49999999999999994 0.39999999999999997 0.0 1.02335080578044
0.49999999999999994 0.39999999999999997 0.0 1.0350988470086189
0.49999999999999994 0.39999999999999997 0.0 1.0414832874170425
0.49999999999999994 0.39999999999999997 0.0 1.0489689286389483
0.49999999999999994 0.39999999999999997 0.0 1.0597352390457615
0.49999999999999994 0.39999999999999997 0.0 1.0660153705248183
0.49999999999999994 0.39999999999999997 0.0 1.0712808593560699
0.49999999999999994 0.39999999999999997 0.0 1.0770815635363653
0.49999999999999994 0.39999999999999997 0.0 1.0814182024012053
0.49999999999999994 0.39999999999999997 0.0 1.0866800756195392
0.49999999999999994 0.39999999999999997 0.0 1.0910994786849426
0.49999999999999994 0.39999999999999997 0.0 1.1003066038973972
0.49999999999999994 0.39999999999999997 0.0 1.106478776472063
0.49999999999999994 0.39999999999999997 0.0 1.1112816334932458
0.49999999999999994 0.39999999999999997 0.0 1.1136809490333845
0.49999999999999994 0.39999999999999997 0.0 1.1204665474110937
0.49999999999999994 0.39999999999999997 0.0 1.1286962074119116
0.49999999999999994 0.39999999999999997 0.0 1.1328075083438662
0.49999999999999994 0.39999999999999997 0.0 1.1399098257994003
0.49999999999999994 0.39999999999999997 0.0 1.1444162117030734
0.49999999999999994 0.39999999999999997 0.0 1.163381604136493
0.49999999999999994 0.39999999999999997 0.0 1.1711181860396902
0.49999999999999994 0.39999999999999997 0.0 1.1794528836383182
0.49999999999999994 0.39999999999999997 0.0 1.1813457279211117
0.49999999999999994 0.39999999999999997 0.0 1.1853682327226978
0.49999999999999994 0.39999999999999997 0.0 1.1976810301424223
0.49999999999999994 0.39999999999999997 0.0 1.2012787019844882
0.49999999999999994 0.39999999999999997 0.0 1.2084979969595144
0.49999999999999994 0.39999999999999997 0.0 1.2109546806728957
0.49999999999999994 0.39999999999999997 0.0 1.2185530531611972
0.49999999999999994 0.39999999999999997 0.0 1.2255851134877531
0.49999999999999994 0.39999999999999997 0.0 1.2334386332435603
0.49999999999999994 0.39999999999999997 0.0 1.2551005693853439
0.49999999999999994 0.39999999999999997 0.0 1.2627228215949753
0.49999999999999994 0.39999999999999997 0.0 1.2707972304188004
0.49999999999999994 0.39999999999999997 0.0 1.2771726995066714
0.49999999999999994 0.39999999999999997 0.0 1.287606342291057
0.49999999999999994 0.39999999999999997 0.0 1.293050678269738
0.49999999999999994 0.39999999999999997 0.0 1.3024483211308278
0.49999999999999994 0.39999999999999997 0.0 1.304950578267621
0.49999999999999994 0.39999999999999997 0.0 1.31402605625687
0.49999999999999994 0.39999999999999997 0.0 1.3176745650192503
0.49999999999999994 0.39999999999999997 0.0 1.3268158703574753
0.49999999999999994 0.39999999999999997 0.0 1.3303777527731073
0.49999999999999994 0.39999999999999997 0.0 1.3391808385961987
0.49999999999999994 0.39999999999999997 0.0 1.3421558198853802
0.49999999999999994 0.39999999999999997 0.0 1.3548526001071888
0.49999999999999994 0.39999999999999997 0.0 1.3600530626714162
0.49999999999999994 0.39999999999999997 0.0 1.3785830000484056
0.49999999999999994 0.39999999999999997 0.0 1.3806323681756465
0.49999999999999994 0.39999999999999997 0.0 1.4012593572990137
0.49999999999999994 0.39999999999999997 0.0 1.4062017178081927
0.49999999999999994 0.39999999999999997 0.0 1.4184298902459234
0.49999999999999994 0.39999999999999997 0.0 1.4235031185359988
0.49999999999999994 0.39999999999999997 0.0 1.457193234640041
0.49999999999999994 0.39999999999999997 0.0 1.4789581757738075
0.49999999999999994 0.39999999999999997 0.0 1.4861194414133987
0.49999999999999994 0.39999999999999997 0.0 1.5023776670774822
0.49999999999999994 0.39999999999999997 0.0 1.52185427242041
0.49999999999999994 0.39999999999999997 0.0 1.539007791278026
0.49999999999999994 0.39999999999999997 0.0 1.6298220005728092
0.49999999999999994 0.39999999999999997 0.0 1.6394804048425566
0.49999999999999994 0.39999999999999997 0.0 1.7324440572876556
0.49999999999999994 0.39999999999999997 0.0 1.7503610421847657
0.49999999999999994 0.39999999999999997 0.0 2.107611388922942
0.49999999999999994 0.39999999999999997 0.0 2.115488912677729
0.49999999999999994 0.39999999999999997 0.0 2.1990202720195597
0.49999999999999994 0.39999999999999997 0.0 2.214169276793056
0.49999999999999994 0.39999999999999997 0.0 2.336372370986327
0.49999999999999994 0.39999999999999997 0.0 2.3516422005136732
0.49999999999999994 0.39999999999999997 0.0 2.374355433204207
0.49999999999999994 0.39999999999999997 0.0 2.380592268367784
0.49999999999999994 0.39999999999999997 0.0 4.789993534939208
0.49999999999999994 0.39999999999999997 0.0 4.81697932192805
0.49999999999999994 0.39999999999999997 0.0 4.880363426676267
0.49999999999999994 0.39999999999999997 0.0 4.955233994545424
0.49999999999999994 0.39999999999999997 0.0 4.98530445414541
0.49999999999999994 0.39999999999999997 0.0 5.032866477446939
0.49999999999999994 0.39999999999999997 0.0 5.1505981436668105
0.49999999999999994 0.39999999999999997 0.0 5.216323304357159
0.49999999999999994 0.39999999999999997 0.0 5.528960509838161
0.49999999999999994 0.39999999999999997 0.0 5.601451702680443
0.49999999999999994 0.39999999999999997 0.0 5.632258925682489
0.49999999999999994 0.39999999999999997 0.0 5.688934162696804
0.49999999999999994 0.39999999999999997 0.0 5.789290384845507
0.49999999999999994 0.39999999999999997 0.0 5.860324102816886
0.49999999999999994 0.39999999999999997 0.0 5.91714456596652
0.49999999999999994 0.39999999999999997 0.0 5.966204825508078
0.49999999999999994 0.39999999999999997 0.0 6.188941143222045
0.49999999999999994 0.39999999999999997 0.0 6.204526350594161
0.49999999999999994 0.39999999999999997 0.0 6.276778981604501
0.49999999999999994 0.39999999999999997 0.0 6.329144756674937
0.49999999999999994 0.39999999999999997 0.0 6.412682008394785
0.49999999999999994 0.39999999999999997 0.0 6.448776045355022
0.49999999999999994 0.39999999999999997 0.0 6.489947869123509
0.49999999999999994 0.39999999999999997 0.0 6.540685411694212
0.49999999999999994 0.39999999999999997 0.0 6.58567529147649
0.49999999999999994 0.39999999999999997 0.0 6.6105400916535535
0.49999999999999994 0.39999999999999997 0.0 6.631667899773226
0.49999999999999994 0.39999999999999997 0.0 6.662374846112541
0.49999999999999994 0.39999999999999997 0.0 6.719877771699541
0.49999999999999994 0.39999999999999997 0.0 6.749558133108242
0.49999999999999994 0.39999999999999997 0.0 6.787334427672403
0.49999999999999994 0.39999999999999997 0.0 6.881735927684977
0.49999999999999994 0.39999999999999997 0.0 6.928191795357575
0.49999999999999994 0.39999999999999997 0.0 6.944906455589787
0.49999999999999994 0.39999999999999997 0.0 6.96908231507725
0.49999999999999994 0.39999999999999997 0.0 7.051704234968436
0.49999999999999994 0.39999999999999997 0.0 7.108854928084861
0.49999999999999994 0.39999999999999997 0.0 7.131319533676524
0.49999999999999994 0.39999999999999997 0.0 7.155613282783419
0.49999999999999994 0.39999999999999997 0.0 7.189908601147085
0.49999999999999994 0.39999999999999997 0.0 7.2856808193454485
0.49999999999999994 0.39999999999999997 0.0 7.293170565172818
0.49999999999999994 0.39999999999999997 0.0 7.400427318081126
0.49999999999999994 0.39999999999999997 0.0 7.434785459778449
0.49999999999999994 0.39999999999999997 0.0 7.446447879195791
0.49999999999999994 0.39999999999999997 0.0 7.462218810625751
0.49999999999999994 0.39999999999999997 0.0 7.479445810297077
0.49999999999999994 0.39999999999999997 0.0 7.527319610283257
0.49999999999999994 0.44999999999999996 0.0 -5.161037855564264
0.49999999999999994 0.44999999999999996 0.0 -5.160506242437933
0.49999999999999994 0.44999999999999996 0.0 -4.942701644635931
0.49999999999999994 0.44999999999999996 0.0 -4.941123735277789
0.49999999999999994 0.44999999999999996 0.0 -4.886882038884029
0.49999999999999994 0.44999999999999996 0.0 -4.885628515336732
0.49999999999999994 0.44999999999999996 0.0 -4.8214735726350675
0.49999999999999994 0.44999999999999996 0.0 -4.820281664703865
0.49999999999999994 0.44999999999999996 0.0 -4.513312563242152
0.49999999999999994 0.44999999999999996 0.0 -4.512885881759895
0.49999999999999994 0.44999999999999996 0.0 -4.419115775294345
0.49999999999999994 0.44999999999999996 0.0 -4.417491064396584
0.49999999999999994 0.44999999999999996 0.0 -4.326339158572267
0.49999999999999994 0.44999999999999996 0.0 -4.325818078154553
0.49999999999999994 0.44999999999999996 0.0 -4.265315858061796
0.49999999999999994 0.44999999999999996 0.0 -4.263614273071237
0.49999999999999994 0.44999999999999996 0.0 -1.100318295566792
0.49999999999999994 0.44999999999999996 0.0 -1.0908000830467444
0.49999999999999994 0.44999999999999996 0.0 -0.8330919631796041
0.49999999999999994 0.44999999999999996 0.0 -0.8264136184180647
0.49999999999999994 0.44999999999999996 0.0 -0.7202933330540116
0.49999999999999994 0.44999999999999996 0.0 -0.7184254551655433
0.49999999999999994 0.44999999999999996 0.0 -0.6652763765007631
0.49999999999999994 0.44999999999999996 0.0 -0.6625959020436172
0.49999999999999994 0.44999999999999996 0.0 -0.3771938744803176
0.49999999999999994 0.44999999999999996 0.0 -0.3617444690010565
0.49999999999999994 0.44999999999999996 0.0 -0.32337215734996594
0.49999999999999994 0.44999999999999996 0.0 -0.30832173818009245
0.49999999999999994 0.44999999999999996 0.0 -0.2832093986267088
0.49999999999999994 0.44999999999999996 0.0 -0.27445020623933125
0.49999999999999994 0.44999999999999996 0.0 -0.2587845118308838
0.49999999999999994 0.44999999999999996 0.0 -0.25066637421995264
0.49999999999999994 0.44999999999999996 0.0 -0.16553385829850864
0.49999999999999994 0.44999999999999996 0.0 -0.1561688633714331
0.49999999999999994 0.44999999999999996 0.0 -0.1287028690585421
0.49999999999999994 0.44999999999999996 0.0 -0.09227060485059635
0.49999999999999994 0.44999999999999996 0.0 -0.03786232933936695
0.49999999999999994 0.44999999999999996 0.0 -0.02700265405259117
0.49999999999999994 0.44999999999999996 0.0 0.05426651424379347
0.49999999999999994 0.44999999999999996 0.0 0.0687089976520312
0.49999999999999994 0.44999999999999996 0.0 0.11983632029951963
0.49999999999999994 0.44999999999999996 0.0 0.13756885975418065
0.49999999999999994 0.44999999999999996 0.0 0.16200118868632796
0.49999999999999994 0.44999999999999996 0.0 0.19376178293520052
0.49999999999999994 0.44999999999999996 0.0 0.26273411340572217
0.49999999999999994 0.44999999999999996 0.0 0.3015975103136448
0.49999999999999994 0.44999999999999996 0.0 0.3289003017203491
0.49999999999999994 0.44999999999999996 0.0 0.3376043600827119
0.49999999999999994 0.44999999999999996 0.0 0.36780229475550996
0.49999999999999994 0.44999999999999996 0.0 0.38443557807671436
0.49999999999999994 0.44999999999999996 0.0 0.3952763022551098
0.49999999999999994 0.44999999999999996 0.0 0.40629168337076926
0.49999999999999994 0.44999999999999996 0.0 0.4488944418845124
0.49999999999999994 0.44999999999999996 0.0 0.45520500137645364
0.49999999999999994 0.44999999999999996 0.0 0.47993601753611853
0.49999999999999994 0.44999999999999996 0.0 0.4847501400555763
0.49999999999999994 0.44999999999999996 0.0 0.6188119890613546
0.49999999999999994 0.44999999999999996 0.0 0.6380634774407179
0.49999999999999994 0.44999999999999996 0.0 0.6815536171953394
0.49999999999999994 0.44999999999999996 0.0 0.6889149069003571
0.49999999999999994 0.44999999999999996 0.0 0.7053829550620406
0.49999999999999994 0.44999999999999996 0.0 0.7119738954131858
0.49999999999999994 0.44999999999999996 0.0 0.7398403242572031
0.49999999999999994 0.44999999999999996 0.0 0.7450282196646416
0.49999999999999994 0.44999999999999996 0.0 0.7836394716845863
0.49999999999999994 0.44999999999999996 0.0 0.7863113906758042
0.49999999999999994 0.44999999999999996 0.0 0.8040015061419719
0.49999999999999994 0.44999999999999996 0.0 0.8088605052712222
0.49999999999999994 0.44999999999999996 0.0 0.8289003206738679
0.49999999999999994 0.44999999999999996 0.0 0.8377766940502225
0.49999999999999994 0.44999999999999996 0.0 0.8659240375086514
0.49999999999999994 0.44999999999999996 0.0 0.8687696356285584
0.49999999999999994 0.44999999999999996 0.0 0.883239966243586
0.49999999999999994 0.44999999999999996 0.0 0.8851768138791858
0.49999999999999994 0.44999999999999996 0.0 0.9021763551730883
0.49999999999999994 0.44999999999999996 0.0 0.9057221762691189
0.49999999999999994 0.44999999999999996 0.0 0.9108162404723895
0.49999999999999994 0.44999999999999996 0.0 0.9196689255209165
0.49999999999999994 0.44999999999999996 0.0 0.9395472225488443
0.49999999999999994 0.44999999999999996 0.0 0.9439236892714797
0.49999999999999994 0.44999999999999996 0.0 0.9557877690787346
0.49999999999999994 0.44999999999999996 0.0 0.9592879964488786
0.49999999999999994 0.44999999999999996 0.0 0.9798179374941033
0.49999999999999994 0.44999999999999996 0.0 0.9817142266239087
0.49999999999999994 0.44999999999999996 0.0 0.9905495191256863
0.49999999999999994 0.44999999999999996 0.0 0.992304547601162
0.49999999999999994 0.44999999999999996 0.0 1.0140756327370888
0.49999999999999994 0.44999999999999996 0.0 1.0168690043385709
0.49999999999999994 0.44999999999999996 0.0 1.0260930409577593
0.49999999999999994 0.44999999999999996 0.0 1.0332277977690314
0.49999999999999994 0.44999999999999996 0.0 1.0409102851828202
0.49999999999999994 0.44999999999999996 0.0 1.0454920383292712
0.49999999999999994 0.44999999999999996 0.0 1.0609246504680825
0.49999999999999994 0.44999999999999996 0.0 1.0648870873735004
0.49999999999999994 0.44999999999999996 0.0 1.0728586256874746
0.49999999999999994 0.44999999999999996 0.0 1.0763736545154323
0.49999999999999994 0.44999999999999996 0.0 1.082081834367775
0.49999999999999994 0.44999999999999996 0.0 1.0855819153568593
0.49999999999999994 0.44999999999999996 0.0 1.0922571258240232
0.49999999999999994 0.44999999999999996 0.0 1.0984879022740732
0.49999999999999994 0.44999999999999996 0.0 1.1066744166705442
0.49999999999999994 0.44999999999999996 0.0 1.1103502209586131
0.49999999999999994 0.44999999999999996 0.0 1.114390854822285
0.49999999999999994 0.44999999999999996 0.0 1.1190031374091234
0.49999999999999994 0.44999999999999996 0.0 1.1289162139123532
0.49999999999999994 0.44999999999999996 0.0 1.1342418670106706
0.49999999999999994 0.44999999999999996 0.0 1.1363764599351807
0.49999999999999994 0.44999999999999996 0.0 1.1399526061404124
0.49999999999999994 0.44999999999999996 0.0 1.166547206867046
0.49999999999999994 0.44999999999999996 0.0 1.1704821710096152
0.49999999999999994 0.44999999999999996 0.0 1.1785621898724032
0.49999999999999994 0.44999999999999996 0.0 1.18043227426886
0.49999999999999994 0.44999999999999996 0.0 1.188723110422763
0.49999999999999994 0.44999999999999996 0.0 1.196899033577212
0.49999999999999994 0.44999999999999996 0.0 1.20114509162871
0.49999999999999994 0.44999999999999996 0.0 1.2054443243698234
0.49999999999999994 0.44999999999999996 0.0 1.210662152904149
0.49999999999999994 0.44999999999999996 0.0 1.2144349127075147
0.49999999999999994 0.44999999999999996 0.0 1.2251165845587848
0.49999999999999994 0.44999999999999996 0.0 1.2290052960266242
0.49999999999999994 0.44999999999999996 0.0 1.2566777655757246
0.49999999999999994 0.44999999999999996 0.0 1.2608559964742176
0.49999999999999994 0.44999999999999996 0.0 1.272086647153632
0.49999999999999994 0.44999999999999996 0.0 1.2755190411892348
0.49999999999999994 0.44999999999999996 0.0 1.2875426887135801
0.49999999999999994 0.44999999999999996 0.0 1.2906174105784154
0.49999999999999994 0.44999999999999996 0.0 1.302711700631481
0.49999999999999994 0.44999999999999996 0.0 1.304102153305634
0.49999999999999994 0.44999999999999996 0.0 1.31485003658432
0.49999999999999994 0.44999999999999996 0.0 1.3168491247141543
0.49999999999999994 0.44999999999999996 0.0 1.327128850223067
0.49999999999999994 0.44999999999999996 0.0 1.3290195764508974
0.49999999999999994 0.44999999999999996 0.0 1.3401658755144752
0.49999999999999994 0.44999999999999996 0.0 1.341742216531378
0.49999999999999994 0.44999999999999996 0.0 1.3554940564705793
0.49999999999999994 0.44999999999999996 0.0 1.3581329382614744
0.49999999999999994 0.44999999999999996 0.0 1.3791654719057262
0.49999999999999994 0.44999999999999996 0.0 1.3805870104089633
0.49999999999999994 0.44999999999999996 0.0 1.4028359133114527
0.49999999999999994 0.44999999999999996 0.0 1.4056010404790955
0.49999999999999994 0.44999999999999996 0.0 1.4196135026110352
0.49999999999999994 0.44999999999999996 0.0 1.4223922679340786
0.49999999999999994 0.44999999999999996 0.0 1.4644946920086026
0.49999999999999994 0.44999999999999996 0.0 1.4764879668425976
0.49999999999999994 0.44999999999999996 0.0 1.4986016394716106
0.49999999999999994 0.44999999999999996 0.0 1.5095819562255386
0.49999999999999994 0.44999999999999996 0.0 1.5255388831520333
0.49999999999999994 0.44999999999999996 0.0 1.5410645128301148
0.49999999999999994 0.44999999999999996 0.0 1.598135507324586
0.49999999999999994 0.44999999999999996 0.0 1.6074601655206129
0.49999999999999994 0.44999999999999996 0.0 1.7037281197847935
0.49999999999999994 0.44999999999999996 0.0 1.7145620422745367
0.49999999999999994 0.44999999999999996 0.0 2.1122375873939667
0.49999999999999994 0.44999999999999996 0.0 2.116881296983842
0.49999999999999994 0.44999999999999996 0.0 2.2174390986636547
0.49999999999999994 0.44999999999999996 0.0 2.2288329347443723
0.49999999999999994 0.44999999999999996 0.0 2.311536515107888
0.49999999999999994 0.44999999999999996 0.0 2.3235938137113594
0.49999999999999994 0.44999999999999996 0.0 2.3490173192836323
0.49999999999999994 0.44999999999999996 0.0 2.354014965635125
0.49999999999999994 0.44999999999999996 0.0 4.816944282827594
0.49999999999999994 0.44999999999999996 0.0 4.83668756733427
0.49999999999999994 0.44999999999999996 0.0 4.901801379148779
0.49999999999999994 0.44999999999999996 0.0 4.94518162614299
0.49999999999999994 0.44999999999999996 0.0 4.993507114209186
0.49999999999999994 0.44999999999999996 0.0 5.021859653998808
0.49999999999999994 0.44999999999999996 0.0 5.16390823742627
0.49999999999999994 0.44999999999999996 0.0 5.2001369334839325
0.49999999999999994 0.44999999999999996 0.0 5.57153595446959
0.49999999999999994 0.44999999999999996 0.0 5.616593775969094
0.49999999999999994 0.44999999999999996 0.0 5.679207328492069
0.49999999999999994 0.44999999999999996 0.0 5.727500249286466
0.49999999999999994 0.44999999999999996 0.0 5.780885371671722
0.49999999999999994 0.44999999999999996 0.0 5.833883589897736
0.49999999999999994 0.44999999999999996 0.0 5.913509395675283
0.49999999999999994 0.44999999999999996 0.0 5.944058131658972
0.49999999999999994 0.44999999999999996 0.0 6.219748153235015
0.49999999999999994 0.44999999999999996 0.0 6.230778198236358
0.49999999999999994 0.44999999999999996 0.0 6.3150322058796915
0.49999999999999994 0.44999999999999996 0.0 6.34229964630061
0.49999999999999994 0.44999999999999996 0.0 6.412048203218957
0.49999999999999994 0.44999999999999996 0.0 6.436712289916855
0.49999999999999994 0.44999999999999996 0.0 6.517963355205316
0.49999999999999994 0.44999999999999996 0.0 6.569002804376124
0.49999999999999994 0.44999999999999996 0.0 6.5808394653621445
0.49999999999999994 0.44999999999999996 0.0 6.611218378422378
0.49999999999999994 0.44999999999999996 0.0 6.6513166446560374
0.49999999999999994 0.44999999999999996 0.0 6.684748194427393
0.49999999999999994 0.44999999999999996 0.0 6.710967242231644
0.49999999999999994 0.44999999999999996 0.0 6.744063993625928
0.49999999999999994 0.44999999999999996 0.0 6.815067948937126
0.49999999999999994 0.44999999999999996 0.0 6.892690373330931
0.49999999999999994 0.44999999999999996 0.0 6.903092889113327
0.49999999999999994 0.44999999999999996 0.0 6.915584396909171
0.49999999999999994 0.44999999999999996 0.0 6.937751194592623
0.49999999999999994 0.44999999999999996 0.0 7.012339193708691
0.49999999999999994 0.44999999999999996 0.0 7.1003685541302355
0.49999999999999994 0.44999999999999996 0.0 7.10931725547054
0.49999999999999994 0.44999999999999996 0.0 7.1400561098256
0.49999999999999994 0.44999999999999996 0.0 7.165463182905755
0.49999999999999994 0.44999999999999996 0.0 7.281542734352621
0.49999999999999994 0.44999999999999996 0.0 7.285247357905276
0.49999999999999994 0.44999999999999996 0.0 7.408980736700542
0.49999999999999994 0.44999999999999996 0.0 7.429697334121298
0.49999999999999994 0.44999999999999996 0.0 7.448063496832109
0.49999999999999994 0.44999999999999996 0.0 7.457826811626323
0.49999999999999994 0.44999999999999996 0.0 7.478507791010798
0.49999999999999994 0.44999999999999996 0.0 7.508313366622039
