2.745560000000000223e-01 -1.654900000000001370e-01
2.745549999999999935e-01 -1.654999999999997584e-01
2.745549999999999935e-01 -1.654999999999997584e-01
2.745549999999999935e-01 -1.654999999999997584e-01
2.745549999999999935e-01 -1.654999999999997584e-01
2.745549999999999935e-01 -1.654999999999997584e-01
2.745549999999999935e-01 -1.654999999999997584e-01
2.745549999999999935e-01 -1.654999999999997584e-01
2.745539999999999647e-01 -1.654999999999997584e-01
2.745539999999999647e-01 -1.654999999999997584e-01
2.745539999999999647e-01 -1.654999999999997584e-01
2.745539999999999647e-01 -1.654999999999997584e-01
2.745539999999999647e-01 -1.654999999999997584e-01
2.745539999999999647e-01 -1.654999999999997584e-01
2.745539999999999647e-01 -1.654999999999997584e-01
2.745539999999999647e-01 -1.654999999999997584e-01
2.745529999999999915e-01 -1.654999999999997584e-01
2.745529999999999915e-01 -1.654999999999997584e-01
2.745529999999999915e-01 -1.654999999999997584e-01
2.745529999999999915e-01 -1.654999999999997584e-01
2.745529999999999915e-01 -1.654999999999997584e-01
2.745529999999999915e-01 -1.654999999999997584e-01
2.745529999999999915e-01 -1.654999999999997584e-01
2.745520000000000183e-01 -1.654999999999997584e-01
2.745520000000000183e-01 -1.654999999999997584e-01
2.745520000000000183e-01 -1.654999999999997584e-01
2.745520000000000183e-01 -1.654999999999997584e-01
2.745520000000000183e-01 -1.654999999999997584e-01
2.745520000000000183e-01 -1.654999999999997584e-01
2.745520000000000183e-01 -1.654999999999997584e-01
2.745509999999999895e-01 -1.654999999999997584e-01
2.745509999999999895e-01 -1.654999999999997584e-01
2.745509999999999895e-01 -1.654999999999997584e-01
2.745509999999999895e-01 -1.654999999999997584e-01
2.745509999999999895e-01 -1.654999999999997584e-01
2.745509999999999895e-01 -1.654999999999997584e-01
2.745509999999999895e-01 -1.654999999999997584e-01
2.745499999999999607e-01 -1.654999999999997584e-01
2.745499999999999607e-01 -1.654999999999997584e-01
2.745499999999999607e-01 -1.655099999999998239e-01
2.745499999999999607e-01 -1.655099999999998239e-01
2.745499999999999607e-01 -1.655099999999998239e-01
2.745499999999999607e-01 -1.655099999999998239e-01
2.745499999999999607e-01 -1.655099999999998239e-01
2.745489999999999875e-01 -1.655099999999998239e-01
2.745489999999999875e-01 -1.655099999999998239e-01
2.745489999999999875e-01 -1.655099999999998239e-01
2.745489999999999875e-01 -1.655099999999998239e-01
2.745489999999999875e-01 -1.655099999999998239e-01
2.745489999999999875e-01 -1.655099999999998239e-01
2.745480000000000143e-01 -1.655099999999998239e-01
2.745480000000000143e-01 -1.655099999999998239e-01
2.745480000000000143e-01 -1.655099999999998239e-01
2.745480000000000143e-01 -1.655099999999998239e-01
2.745480000000000143e-01 -1.655099999999998239e-01
2.745480000000000143e-01 -1.655099999999998239e-01
2.745480000000000143e-01 -1.655099999999998239e-01
2.745469999999999855e-01 -1.655099999999998239e-01
2.745469999999999855e-01 -1.655099999999998239e-01
2.745469999999999855e-01 -1.655099999999998239e-01
2.745469999999999855e-01 -1.655099999999998239e-01
2.745469999999999855e-01 -1.655099999999998239e-01
2.745469999999999855e-01 -1.655099999999998239e-01
2.745469999999999855e-01 -1.655099999999998239e-01
2.745459999999999567e-01 -1.655099999999998239e-01
2.745459999999999567e-01 -1.655099999999998239e-01
2.745459999999999567e-01 -1.655099999999998239e-01
2.745459999999999567e-01 -1.655099999999998239e-01
2.745459999999999567e-01 -1.655099999999998239e-01
2.745459999999999567e-01 -1.655099999999998239e-01
2.745449999999999835e-01 -1.655099999999998239e-01
2.745449999999999835e-01 -1.655099999999998239e-01
2.745449999999999835e-01 -1.655199999999998894e-01
2.745449999999999835e-01 -1.655199999999998894e-01
2.745449999999999835e-01 -1.655199999999998894e-01
2.745440000000000103e-01 -1.655199999999998894e-01
2.745440000000000103e-01 -1.655199999999998894e-01
2.745440000000000103e-01 -1.655199999999998894e-01
2.745440000000000103e-01 -1.655199999999998894e-01
2.745440000000000103e-01 -1.655199999999998894e-01
2.745440000000000103e-01 -1.655199999999998894e-01
2.745429999999999815e-01 -1.655199999999998894e-01
2.745429999999999815e-01 -1.655199999999998894e-01
2.745429999999999815e-01 -1.655199999999998894e-01
2.745429999999999815e-01 -1.655199999999998894e-01
2.745429999999999815e-01 -1.655199999999998894e-01
2.745429999999999815e-01 -1.655199999999998894e-01
2.745420000000000083e-01 -1.655199999999998894e-01
2.745420000000000083e-01 -1.655199999999998894e-01
2.745420000000000083e-01 -1.655199999999998894e-01
2.745420000000000083e-01 -1.655199999999998894e-01
2.745420000000000083e-01 -1.655199999999998894e-01
2.745410000000000350e-01 -1.655199999999998894e-01
2.745410000000000350e-01 -1.655199999999998894e-01
2.745410000000000350e-01 -1.655199999999998894e-01
2.745410000000000350e-01 -1.655199999999998894e-01
2.745410000000000350e-01 -1.655199999999998894e-01
2.745410000000000350e-01 -1.655199999999998894e-01
2.745400000000000063e-01 -1.655199999999998894e-01
2.745400000000000063e-01 -1.655199999999998894e-01
2.745400000000000063e-01 -1.655199999999998894e-01
2.745400000000000063e-01 -1.655199999999998894e-01
2.745400000000000063e-01 -1.655299999999999550e-01
2.745389999999999775e-01 -1.655299999999999550e-01
2.745389999999999775e-01 -1.655299999999999550e-01
2.745389999999999775e-01 -1.655299999999999550e-01
2.745389999999999775e-01 -1.655299999999999550e-01
2.745380000000000043e-01 -1.655299999999999550e-01
2.745380000000000043e-01 -1.655299999999999550e-01
2.745380000000000043e-01 -1.655299999999999550e-01
2.745380000000000043e-01 -1.655299999999999550e-01
2.745380000000000043e-01 -1.655299999999999550e-01
2.745370000000000310e-01 -1.655299999999999550e-01
2.745370000000000310e-01 -1.655299999999999550e-01
2.745370000000000310e-01 -1.655299999999999550e-01
2.745370000000000310e-01 -1.655299999999999550e-01
2.745360000000000023e-01 -1.655299999999999550e-01
2.745360000000000023e-01 -1.655299999999999550e-01
2.745360000000000023e-01 -1.655299999999999550e-01
2.745360000000000023e-01 -1.655299999999999550e-01
2.745360000000000023e-01 -1.655299999999999550e-01
2.745349999999999735e-01 -1.655299999999999550e-01
2.745349999999999735e-01 -1.655299999999999550e-01
2.745349999999999735e-01 -1.655299999999999550e-01
2.745349999999999735e-01 -1.655299999999999550e-01
2.745340000000000003e-01 -1.655299999999999550e-01
2.745340000000000003e-01 -1.655299999999999550e-01
2.745340000000000003e-01 -1.655299999999999550e-01
2.745340000000000003e-01 -1.655299999999999550e-01
2.745340000000000003e-01 -1.655299999999999550e-01
2.745330000000000270e-01 -1.655400000000000205e-01
2.745330000000000270e-01 -1.655400000000000205e-01
2.745330000000000270e-01 -1.655400000000000205e-01
2.745330000000000270e-01 -1.655400000000000205e-01
2.745330000000000270e-01 -1.655400000000000205e-01
2.745319999999999983e-01 -1.655400000000000205e-01
2.745319999999999983e-01 -1.655400000000000205e-01
2.745319999999999983e-01 -1.655400000000000205e-01
2.745319999999999983e-01 -1.655400000000000205e-01
2.745319999999999983e-01 -1.655400000000000205e-01
2.745309999999999695e-01 -1.655400000000000205e-01
2.745309999999999695e-01 -1.655400000000000205e-01
2.745309999999999695e-01 -1.655400000000000205e-01
2.745309999999999695e-01 -1.655400000000000205e-01
2.745309999999999695e-01 -1.655400000000000205e-01
2.745299999999999963e-01 -1.655400000000000205e-01
2.745299999999999963e-01 -1.655400000000000205e-01
2.745299999999999963e-01 -1.655400000000000205e-01
2.745299999999999963e-01 -1.655400000000000205e-01
2.745290000000000230e-01 -1.655400000000000205e-01
2.745290000000000230e-01 -1.655400000000000205e-01
2.745290000000000230e-01 -1.655400000000000205e-01
2.745290000000000230e-01 -1.655400000000000205e-01
2.745279999999999943e-01 -1.655400000000000205e-01
2.745279999999999943e-01 -1.655400000000000205e-01
2.745279999999999943e-01 -1.655500000000000860e-01
2.745279999999999943e-01 -1.655500000000000860e-01
2.745269999999999655e-01 -1.655500000000000860e-01
2.745269999999999655e-01 -1.655500000000000860e-01
2.745269999999999655e-01 -1.655500000000000860e-01
2.745259999999999923e-01 -1.655500000000000860e-01
2.745259999999999923e-01 -1.655500000000000860e-01
2.745259999999999923e-01 -1.655500000000000860e-01
2.745259999999999923e-01 -1.655500000000000860e-01
2.745259999999999923e-01 -1.655500000000000860e-01
2.745250000000000190e-01 -1.655500000000000860e-01
2.745250000000000190e-01 -1.655500000000000860e-01
2.745250000000000190e-01 -1.655500000000000860e-01
2.745250000000000190e-01 -1.655500000000000860e-01
2.745250000000000190e-01 -1.655500000000000860e-01
2.745239999999999903e-01 -1.655500000000000860e-01
2.745239999999999903e-01 -1.655500000000000860e-01
2.745239999999999903e-01 -1.655500000000000860e-01
2.745239999999999903e-01 -1.655500000000000860e-01
2.745239999999999903e-01 -1.655500000000000860e-01
2.745229999999999615e-01 -1.655500000000000860e-01
2.745229999999999615e-01 -1.655500000000000860e-01
2.745229999999999615e-01 -1.655500000000000860e-01
2.745219999999999883e-01 -1.655500000000000860e-01
2.745219999999999883e-01 -1.655500000000000860e-01
2.745219999999999883e-01 -1.655600000000001515e-01
2.745219999999999883e-01 -1.655600000000001515e-01
2.745210000000000150e-01 -1.655600000000001515e-01
2.745210000000000150e-01 -1.655600000000001515e-01
2.745210000000000150e-01 -1.655600000000001515e-01
2.745199999999999863e-01 -1.655600000000001515e-01
2.745199999999999863e-01 -1.655600000000001515e-01
2.745199999999999863e-01 -1.655600000000001515e-01
2.745199999999999863e-01 -1.655600000000001515e-01
2.745199999999999863e-01 -1.655600000000001515e-01
2.745189999999999575e-01 -1.655600000000001515e-01
2.745189999999999575e-01 -1.655600000000001515e-01
2.745189999999999575e-01 -1.655600000000001515e-01
2.745189999999999575e-01 -1.655600000000001515e-01
2.745189999999999575e-01 -1.655600000000001515e-01
2.745179999999999843e-01 -1.655600000000001515e-01
2.745179999999999843e-01 -1.655600000000001515e-01
2.745179999999999843e-01 -1.655600000000001515e-01
2.745179999999999843e-01 -1.655600000000001515e-01
2.745170000000000110e-01 -1.655600000000001515e-01
2.745170000000000110e-01 -1.655600000000001515e-01
2.745159999999999823e-01 -1.655699999999997729e-01
2.745159999999999823e-01 -1.655699999999997729e-01
2.745159999999999823e-01 -1.655699999999997729e-01
2.745159999999999823e-01 -1.655699999999997729e-01
2.745150000000000090e-01 -1.655699999999997729e-01
2.745150000000000090e-01 -1.655699999999997729e-01
2.745150000000000090e-01 -1.655699999999997729e-01
2.745150000000000090e-01 -1.655699999999997729e-01
2.745150000000000090e-01 -1.655699999999997729e-01
2.745140000000000358e-01 -1.655699999999997729e-01
2.745140000000000358e-01 -1.655699999999997729e-01
2.745140000000000358e-01 -1.655699999999997729e-01
2.745130000000000070e-01 -1.655699999999997729e-01
2.745130000000000070e-01 -1.655699999999997729e-01
2.745119999999999783e-01 -1.655699999999997729e-01
2.745119999999999783e-01 -1.655699999999997729e-01
2.745119999999999783e-01 -1.655699999999997729e-01
2.745119999999999783e-01 -1.655699999999997729e-01
2.745119999999999783e-01 -1.655699999999997729e-01
2.745110000000000050e-01 -1.655699999999997729e-01
2.745110000000000050e-01 -1.655699999999997729e-01
2.745110000000000050e-01 -1.655699999999997729e-01
2.745110000000000050e-01 -1.655699999999997729e-01
2.745100000000000318e-01 -1.655799999999998384e-01
2.745090000000000030e-01 -1.655799999999998384e-01
2.745090000000000030e-01 -1.655799999999998384e-01
2.745090000000000030e-01 -1.655799999999998384e-01
2.745090000000000030e-01 -1.655799999999998384e-01
2.745090000000000030e-01 -1.655799999999998384e-01
2.745079999999999742e-01 -1.655799999999998384e-01
2.745079999999999742e-01 -1.655799999999998384e-01
2.745079999999999742e-01 -1.655799999999998384e-01
2.745079999999999742e-01 -1.655799999999998384e-01
2.745070000000000010e-01 -1.655799999999998384e-01
2.745060000000000278e-01 -1.655799999999998384e-01
2.745060000000000278e-01 -1.655799999999998384e-01
2.745060000000000278e-01 -1.655799999999998384e-01
2.745060000000000278e-01 -1.655799999999998384e-01
2.745060000000000278e-01 -1.655799999999998384e-01
2.745049999999999990e-01 -1.655799999999998384e-01
2.745049999999999990e-01 -1.655799999999998384e-01
2.745049999999999990e-01 -1.655799999999998384e-01
2.745039999999999702e-01 -1.655799999999998384e-01
2.745039999999999702e-01 -1.655799999999998384e-01
2.745029999999999970e-01 -1.655899999999999039e-01
2.745029999999999970e-01 -1.655899999999999039e-01
2.745029999999999970e-01 -1.655899999999999039e-01
2.745029999999999970e-01 -1.655899999999999039e-01
2.745029999999999970e-01 -1.655899999999999039e-01
2.745020000000000238e-01 -1.655899999999999039e-01
2.745020000000000238e-01 -1.655899999999999039e-01
2.745020000000000238e-01 -1.655899999999999039e-01
2.745009999999999950e-01 -1.655899999999999039e-01
2.745009999999999950e-01 -1.655899999999999039e-01
2.744999999999999662e-01 -1.655899999999999039e-01
2.744999999999999662e-01 -1.655899999999999039e-01
2.744999999999999662e-01 -1.655899999999999039e-01
2.744999999999999662e-01 -1.655899999999999039e-01
2.744999999999999662e-01 -1.655899999999999039e-01
2.744989999999999930e-01 -1.655899999999999039e-01
2.744980000000000198e-01 -1.655899999999999039e-01
2.744980000000000198e-01 -1.655899999999999039e-01
2.744980000000000198e-01 -1.655899999999999039e-01
2.744980000000000198e-01 -1.655999999999999694e-01
2.744969999999999910e-01 -1.655999999999999694e-01
2.744969999999999910e-01 -1.655999999999999694e-01
2.744969999999999910e-01 -1.655999999999999694e-01
2.744969999999999910e-01 -1.655999999999999694e-01
2.744959999999999622e-01 -1.655999999999999694e-01
2.744949999999999890e-01 -1.655999999999999694e-01
2.744949999999999890e-01 -1.655999999999999694e-01
2.744949999999999890e-01 -1.655999999999999694e-01
2.744949999999999890e-01 -1.655999999999999694e-01
2.744949999999999890e-01 -1.655999999999999694e-01
2.744940000000000158e-01 -1.655999999999999694e-01
2.744940000000000158e-01 -1.655999999999999694e-01
2.744940000000000158e-01 -1.655999999999999694e-01
2.744929999999999870e-01 -1.655999999999999694e-01
2.744929999999999870e-01 -1.655999999999999694e-01
2.744919999999999582e-01 -1.655999999999999694e-01
2.744919999999999582e-01 -1.655999999999999694e-01
2.744919999999999582e-01 -1.655999999999999694e-01
2.744919999999999582e-01 -1.656100000000000350e-01
2.744919999999999582e-01 -1.656100000000000350e-01
2.744900000000000118e-01 -1.656100000000000350e-01
2.744900000000000118e-01 -1.656100000000000350e-01
2.744900000000000118e-01 -1.656100000000000350e-01
2.744900000000000118e-01 -1.656100000000000350e-01
2.744900000000000118e-01 -1.656100000000000350e-01
2.744889999999999830e-01 -1.656100000000000350e-01
2.744889999999999830e-01 -1.656100000000000350e-01
2.744889999999999830e-01 -1.656100000000000350e-01
2.744880000000000098e-01 -1.656100000000000350e-01
2.744880000000000098e-01 -1.656100000000000350e-01
2.744870000000000365e-01 -1.656100000000000350e-01
2.744870000000000365e-01 -1.656100000000000350e-01
2.744870000000000365e-01 -1.656100000000000350e-01
2.744870000000000365e-01 -1.656100000000000350e-01
2.744870000000000365e-01 -1.656100000000000350e-01
2.744849999999999790e-01 -1.656200000000001005e-01
2.744849999999999790e-01 -1.656200000000001005e-01
2.744849999999999790e-01 -1.656200000000001005e-01
2.744849999999999790e-01 -1.656200000000001005e-01
2.744849999999999790e-01 -1.656200000000001005e-01
2.744840000000000058e-01 -1.656200000000001005e-01
2.744840000000000058e-01 -1.656200000000001005e-01
2.744840000000000058e-01 -1.656200000000001005e-01
2.744830000000000325e-01 -1.656200000000001005e-01
2.744830000000000325e-01 -1.656200000000001005e-01
2.744820000000000038e-01 -1.656200000000001005e-01
2.744820000000000038e-01 -1.656200000000001005e-01
2.744820000000000038e-01 -1.656200000000001005e-01
2.744820000000000038e-01 -1.656200000000001005e-01
2.744820000000000038e-01 -1.656200000000001005e-01
2.744800000000000018e-01 -1.656200000000001005e-01
2.744800000000000018e-01 -1.656200000000001005e-01
2.744800000000000018e-01 -1.656200000000001005e-01
2.744800000000000018e-01 -1.656300000000001660e-01
2.744800000000000018e-01 -1.656300000000001660e-01
2.744790000000000285e-01 -1.656300000000001660e-01
2.744790000000000285e-01 -1.656300000000001660e-01
2.744790000000000285e-01 -1.656300000000001660e-01
2.744779999999999998e-01 -1.656300000000001660e-01
2.744779999999999998e-01 -1.656300000000001660e-01
2.744769999999999710e-01 -1.656300000000001660e-01
2.744769999999999710e-01 -1.656300000000001660e-01
2.744769999999999710e-01 -1.656300000000001660e-01
2.744769999999999710e-01 -1.656300000000001660e-01
2.744769999999999710e-01 -1.656300000000001660e-01
2.744750000000000245e-01 -1.656300000000001660e-01
2.744750000000000245e-01 -1.656300000000001660e-01
2.744750000000000245e-01 -1.656300000000001660e-01
2.744750000000000245e-01 -1.656300000000001660e-01
2.744750000000000245e-01 -1.656300000000001660e-01
2.744739999999999958e-01 -1.656399999999997874e-01
2.744739999999999958e-01 -1.656399999999997874e-01
2.744729999999999670e-01 -1.656399999999997874e-01
2.744729999999999670e-01 -1.656399999999997874e-01
2.744729999999999670e-01 -1.656399999999997874e-01
2.744719999999999938e-01 -1.656399999999997874e-01
2.744719999999999938e-01 -1.656399999999997874e-01
2.744719999999999938e-01 -1.656399999999997874e-01
2.744719999999999938e-01 -1.656399999999997874e-01
2.744710000000000205e-01 -1.656399999999997874e-01
2.744699999999999918e-01 -1.656399999999997874e-01
2.744699999999999918e-01 -1.656399999999997874e-01
2.744699999999999918e-01 -1.656399999999997874e-01
2.744699999999999918e-01 -1.656399999999997874e-01
2.744699999999999918e-01 -1.656399999999997874e-01
2.744689999999999630e-01 -1.656499999999998529e-01
2.744679999999999898e-01 -1.656499999999998529e-01
2.744679999999999898e-01 -1.656499999999998529e-01
2.744679999999999898e-01 -1.656499999999998529e-01
2.744679999999999898e-01 -1.656499999999998529e-01
2.744670000000000165e-01 -1.656499999999998529e-01
2.744670000000000165e-01 -1.656499999999998529e-01
2.744670000000000165e-01 -1.656499999999998529e-01
2.744659999999999878e-01 -1.656499999999998529e-01
2.744659999999999878e-01 -1.656499999999998529e-01
2.744649999999999590e-01 -1.656499999999998529e-01
2.744649999999999590e-01 -1.656499999999998529e-01
2.744649999999999590e-01 -1.656499999999998529e-01
2.744649999999999590e-01 -1.656499999999998529e-01
2.744649999999999590e-01 -1.656499999999998529e-01
2.744630000000000125e-01 -1.656599999999999184e-01
2.744630000000000125e-01 -1.656599999999999184e-01
2.744630000000000125e-01 -1.656599999999999184e-01
2.744630000000000125e-01 -1.656599999999999184e-01
2.744630000000000125e-01 -1.656599999999999184e-01
2.744609999999999550e-01 -1.656599999999999184e-01
2.744609999999999550e-01 -1.656599999999999184e-01
2.744609999999999550e-01 -1.656599999999999184e-01
2.744609999999999550e-01 -1.656599999999999184e-01
2.744609999999999550e-01 -1.656599999999999184e-01
2.744600000000000373e-01 -1.656599999999999184e-01
2.744600000000000373e-01 -1.656599999999999184e-01
2.744600000000000373e-01 -1.656599999999999184e-01
2.744590000000000085e-01 -1.656599999999999184e-01
2.744590000000000085e-01 -1.656599999999999184e-01
2.744579999999999798e-01 -1.656699999999999839e-01
2.744579999999999798e-01 -1.656699999999999839e-01
2.744579999999999798e-01 -1.656699999999999839e-01
2.744579999999999798e-01 -1.656699999999999839e-01
2.744579999999999798e-01 -1.656699999999999839e-01
2.744560000000000333e-01 -1.656699999999999839e-01
2.744560000000000333e-01 -1.656699999999999839e-01
2.744560000000000333e-01 -1.656699999999999839e-01
2.744560000000000333e-01 -1.656699999999999839e-01
2.744560000000000333e-01 -1.656699999999999839e-01
2.744550000000000045e-01 -1.656699999999999839e-01
2.744550000000000045e-01 -1.656699999999999839e-01
2.744539999999999758e-01 -1.656699999999999839e-01
2.744539999999999758e-01 -1.656699999999999839e-01
2.744539999999999758e-01 -1.656699999999999839e-01
2.744530000000000025e-01 -1.656800000000000495e-01
2.744530000000000025e-01 -1.656800000000000495e-01
2.744530000000000025e-01 -1.656800000000000495e-01
2.744520000000000293e-01 -1.656800000000000495e-01
2.744520000000000293e-01 -1.656800000000000495e-01
2.744510000000000005e-01 -1.656800000000000495e-01
2.744510000000000005e-01 -1.656800000000000495e-01
2.744510000000000005e-01 -1.656800000000000495e-01
2.744510000000000005e-01 -1.656800000000000495e-01
2.744499999999999718e-01 -1.656800000000000495e-01
2.744489999999999985e-01 -1.656800000000000495e-01
2.744489999999999985e-01 -1.656800000000000495e-01
2.744489999999999985e-01 -1.656800000000000495e-01
2.744489999999999985e-01 -1.656800000000000495e-01
2.744489999999999985e-01 -1.656800000000000495e-01
2.744469999999999965e-01 -1.656900000000001150e-01
2.744469999999999965e-01 -1.656900000000001150e-01
2.744469999999999965e-01 -1.656900000000001150e-01
2.744469999999999965e-01 -1.656900000000001150e-01
2.744469999999999965e-01 -1.656900000000001150e-01
2.744459999999999678e-01 -1.656900000000001150e-01
2.744459999999999678e-01 -1.656900000000001150e-01
2.744459999999999678e-01 -1.656900000000001150e-01
2.744449999999999945e-01 -1.656900000000001150e-01
2.744449999999999945e-01 -1.656900000000001150e-01
2.744440000000000213e-01 -1.656900000000001150e-01
2.744440000000000213e-01 -1.656900000000001150e-01
2.744440000000000213e-01 -1.656900000000001150e-01
2.744440000000000213e-01 -1.656900000000001150e-01
2.744440000000000213e-01 -1.656900000000001150e-01
2.744419999999999638e-01 -1.657000000000001805e-01
2.744419999999999638e-01 -1.657000000000001805e-01
2.744419999999999638e-01 -1.657000000000001805e-01
2.744419999999999638e-01 -1.657000000000001805e-01
2.744419999999999638e-01 -1.657000000000001805e-01
2.744409999999999905e-01 -1.657000000000001805e-01
2.744400000000000173e-01 -1.657000000000001805e-01
2.744400000000000173e-01 -1.657000000000001805e-01
2.744400000000000173e-01 -1.657000000000001805e-01
2.744400000000000173e-01 -1.657000000000001805e-01
2.744389999999999885e-01 -1.657000000000001805e-01
2.744389999999999885e-01 -1.657000000000001805e-01
2.744389999999999885e-01 -1.657000000000001805e-01
2.744389999999999885e-01 -1.657000000000001805e-01
2.744379999999999598e-01 -1.657000000000001805e-01
2.744369999999999865e-01 -1.657099999999998019e-01
2.744369999999999865e-01 -1.657099999999998019e-01
2.744369999999999865e-01 -1.657099999999998019e-01
2.744369999999999865e-01 -1.657099999999998019e-01
2.744369999999999865e-01 -1.657099999999998019e-01
2.744360000000000133e-01 -1.657099999999998019e-01
2.744349999999999845e-01 -1.657099999999998019e-01
2.744349999999999845e-01 -1.657099999999998019e-01
2.744349999999999845e-01 -1.657099999999998019e-01
2.744349999999999845e-01 -1.657099999999998019e-01
2.744339999999999558e-01 -1.657099999999998019e-01
2.744339999999999558e-01 -1.657099999999998019e-01
2.744339999999999558e-01 -1.657099999999998019e-01
2.744329999999999825e-01 -1.657099999999998019e-01
2.744329999999999825e-01 -1.657199999999998674e-01
2.744320000000000093e-01 -1.657199999999998674e-01
2.744320000000000093e-01 -1.657199999999998674e-01
2.744320000000000093e-01 -1.657199999999998674e-01
2.744320000000000093e-01 -1.657199999999998674e-01
2.744320000000000093e-01 -1.657199999999998674e-01
2.744300000000000073e-01 -1.657199999999998674e-01
2.744300000000000073e-01 -1.657199999999998674e-01
2.744300000000000073e-01 -1.657199999999998674e-01
2.744300000000000073e-01 -1.657199999999998674e-01
2.744300000000000073e-01 -1.657199999999998674e-01
2.744290000000000340e-01 -1.657199999999998674e-01
2.744290000000000340e-01 -1.657299999999999329e-01
2.744280000000000053e-01 -1.657299999999999329e-01
2.744280000000000053e-01 -1.657299999999999329e-01
2.744280000000000053e-01 -1.657299999999999329e-01
2.744269999999999765e-01 -1.657299999999999329e-01
2.744269999999999765e-01 -1.657299999999999329e-01
2.744269999999999765e-01 -1.657299999999999329e-01
2.744260000000000033e-01 -1.657299999999999329e-01
2.744260000000000033e-01 -1.657299999999999329e-01
2.744250000000000300e-01 -1.657299999999999329e-01
2.744250000000000300e-01 -1.657299999999999329e-01
2.744250000000000300e-01 -1.657299999999999329e-01
2.744250000000000300e-01 -1.657299999999999329e-01
2.744250000000000300e-01 -1.657299999999999329e-01
2.744229999999999725e-01 -1.657399999999999984e-01
2.744229999999999725e-01 -1.657399999999999984e-01
2.744229999999999725e-01 -1.657399999999999984e-01
2.744229999999999725e-01 -1.657399999999999984e-01
2.744229999999999725e-01 -1.657399999999999984e-01
2.744219999999999993e-01 -1.657399999999999984e-01
2.744219999999999993e-01 -1.657399999999999984e-01
2.744210000000000260e-01 -1.657399999999999984e-01
2.744210000000000260e-01 -1.657399999999999984e-01
2.744210000000000260e-01 -1.657399999999999984e-01
2.744199999999999973e-01 -1.657399999999999984e-01
2.744199999999999973e-01 -1.657399999999999984e-01
2.744199999999999973e-01 -1.657500000000000639e-01
2.744189999999999685e-01 -1.657500000000000639e-01
2.744189999999999685e-01 -1.657500000000000639e-01
2.744179999999999953e-01 -1.657500000000000639e-01
2.744179999999999953e-01 -1.657500000000000639e-01
2.744170000000000220e-01 -1.657500000000000639e-01
2.744170000000000220e-01 -1.657500000000000639e-01
2.744170000000000220e-01 -1.657500000000000639e-01
2.744159999999999933e-01 -1.657500000000000639e-01
2.744159999999999933e-01 -1.657500000000000639e-01
2.744159999999999933e-01 -1.657500000000000639e-01
2.744159999999999933e-01 -1.657500000000000639e-01
2.744149999999999645e-01 -1.657500000000000639e-01
2.744139999999999913e-01 -1.657600000000001295e-01
2.744139999999999913e-01 -1.657600000000001295e-01
2.744139999999999913e-01 -1.657600000000001295e-01
2.744139999999999913e-01 -1.657600000000001295e-01
2.744139999999999913e-01 -1.657600000000001295e-01
2.744119999999999893e-01 -1.657600000000001295e-01
2.744119999999999893e-01 -1.657600000000001295e-01
2.744119999999999893e-01 -1.657600000000001295e-01
2.744119999999999893e-01 -1.657600000000001295e-01
2.744119999999999893e-01 -1.657600000000001295e-01
2.744099999999999873e-01 -1.657600000000001295e-01
2.744099999999999873e-01 -1.657699999999997509e-01
2.744099999999999873e-01 -1.657699999999997509e-01
2.744099999999999873e-01 -1.657699999999997509e-01
2.744099999999999873e-01 -1.657699999999997509e-01
2.744079999999999853e-01 -1.657699999999997509e-01
2.744079999999999853e-01 -1.657699999999997509e-01
2.744079999999999853e-01 -1.657699999999997509e-01
2.744079999999999853e-01 -1.657699999999997509e-01
2.744079999999999853e-01 -1.657699999999997509e-01
2.744059999999999833e-01 -1.657699999999997509e-01
2.744059999999999833e-01 -1.657699999999997509e-01
2.744059999999999833e-01 -1.657699999999997509e-01
2.744059999999999833e-01 -1.657699999999997509e-01
2.744059999999999833e-01 -1.657699999999997509e-01
2.744039999999999813e-01 -1.657799999999998164e-01
2.744039999999999813e-01 -1.657799999999998164e-01
2.744039999999999813e-01 -1.657799999999998164e-01
2.744039999999999813e-01 -1.657799999999998164e-01
2.744039999999999813e-01 -1.657799999999998164e-01
2.744020000000000348e-01 -1.657799999999998164e-01
2.744020000000000348e-01 -1.657799999999998164e-01
2.744020000000000348e-01 -1.657799999999998164e-01
2.744020000000000348e-01 -1.657799999999998164e-01
2.744020000000000348e-01 -1.657799999999998164e-01
2.743999999999999773e-01 -1.657899999999998819e-01
2.743999999999999773e-01 -1.657899999999998819e-01
2.743999999999999773e-01 -1.657899999999998819e-01
2.743999999999999773e-01 -1.657899999999998819e-01
2.743999999999999773e-01 -1.657899999999998819e-01
2.743980000000000308e-01 -1.657899999999998819e-01
2.743980000000000308e-01 -1.657899999999998819e-01
2.743980000000000308e-01 -1.657899999999998819e-01
2.743980000000000308e-01 -1.657899999999998819e-01
2.743970000000000020e-01 -1.657899999999998819e-01
2.743959999999999733e-01 -1.657899999999998819e-01
2.743959999999999733e-01 -1.657899999999998819e-01
2.743950000000000000e-01 -1.657999999999999474e-01
2.743950000000000000e-01 -1.657999999999999474e-01
2.743950000000000000e-01 -1.657999999999999474e-01
2.743940000000000268e-01 -1.657999999999999474e-01
2.743929999999999980e-01 -1.657999999999999474e-01
2.743929999999999980e-01 -1.657999999999999474e-01
2.743929999999999980e-01 -1.657999999999999474e-01
2.743929999999999980e-01 -1.657999999999999474e-01
2.743909999999999960e-01 -1.657999999999999474e-01
2.743909999999999960e-01 -1.657999999999999474e-01
2.743909999999999960e-01 -1.657999999999999474e-01
2.743909999999999960e-01 -1.658100000000000129e-01
2.743909999999999960e-01 -1.658100000000000129e-01
2.743889999999999940e-01 -1.658100000000000129e-01
2.743889999999999940e-01 -1.658100000000000129e-01
2.743879999999999653e-01 -1.658100000000000129e-01
2.743879999999999653e-01 -1.658100000000000129e-01
2.743879999999999653e-01 -1.658100000000000129e-01
2.743860000000000188e-01 -1.658100000000000129e-01
2.743860000000000188e-01 -1.658100000000000129e-01
2.743860000000000188e-01 -1.658100000000000129e-01
2.743860000000000188e-01 -1.658100000000000129e-01
2.743860000000000188e-01 -1.658100000000000129e-01
2.743839999999999613e-01 -1.658200000000000784e-01
2.743839999999999613e-01 -1.658200000000000784e-01
2.743839999999999613e-01 -1.658200000000000784e-01
2.743839999999999613e-01 -1.658200000000000784e-01
2.743839999999999613e-01 -1.658200000000000784e-01
2.743820000000000148e-01 -1.658200000000000784e-01
2.743820000000000148e-01 -1.658200000000000784e-01
2.743809999999999860e-01 -1.658200000000000784e-01
2.743809999999999860e-01 -1.658200000000000784e-01
2.743809999999999860e-01 -1.658200000000000784e-01
2.743789999999999840e-01 -1.658300000000001440e-01
2.743789999999999840e-01 -1.658300000000001440e-01
2.743789999999999840e-01 -1.658300000000001440e-01
2.743789999999999840e-01 -1.658300000000001440e-01
2.743789999999999840e-01 -1.658300000000001440e-01
2.743769999999999820e-01 -1.658300000000001440e-01
2.743760000000000088e-01 -1.658300000000001440e-01
2.743760000000000088e-01 -1.658300000000001440e-01
2.743760000000000088e-01 -1.658300000000001440e-01
2.743760000000000088e-01 -1.658300000000001440e-01
2.743740000000000068e-01 -1.658399999999997654e-01
2.743740000000000068e-01 -1.658399999999997654e-01
2.743740000000000068e-01 -1.658399999999997654e-01
2.743729999999999780e-01 -1.658399999999997654e-01
2.743729999999999780e-01 -1.658399999999997654e-01
2.743710000000000315e-01 -1.658399999999997654e-01
2.743710000000000315e-01 -1.658399999999997654e-01
2.743710000000000315e-01 -1.658399999999997654e-01
2.743710000000000315e-01 -1.658399999999997654e-01
2.743710000000000315e-01 -1.658399999999997654e-01
2.743689999999999740e-01 -1.658499999999998309e-01
2.743689999999999740e-01 -1.658499999999998309e-01
2.743689999999999740e-01 -1.658499999999998309e-01
2.743680000000000008e-01 -1.658499999999998309e-01
2.743680000000000008e-01 -1.658499999999998309e-01
2.743659999999999988e-01 -1.658499999999998309e-01
2.743659999999999988e-01 -1.658499999999998309e-01
2.743659999999999988e-01 -1.658499999999998309e-01
2.743659999999999988e-01 -1.658499999999998309e-01
2.743659999999999988e-01 -1.658499999999998309e-01
2.743639999999999968e-01 -1.658599999999998964e-01
2.743639999999999968e-01 -1.658599999999998964e-01
2.743639999999999968e-01 -1.658599999999998964e-01
2.743630000000000235e-01 -1.658599999999998964e-01
2.743630000000000235e-01 -1.658599999999998964e-01
2.743609999999999660e-01 -1.658599999999998964e-01
2.743609999999999660e-01 -1.658599999999998964e-01
2.743609999999999660e-01 -1.658599999999998964e-01
2.743609999999999660e-01 -1.658599999999998964e-01
2.743609999999999660e-01 -1.658599999999998964e-01
2.743590000000000195e-01 -1.658699999999999619e-01
2.743579999999999908e-01 -1.658699999999999619e-01
2.743579999999999908e-01 -1.658699999999999619e-01
2.743579999999999908e-01 -1.658699999999999619e-01
2.743579999999999908e-01 -1.658699999999999619e-01
2.743559999999999888e-01 -1.658699999999999619e-01
2.743559999999999888e-01 -1.658699999999999619e-01
2.743559999999999888e-01 -1.658699999999999619e-01
2.743559999999999888e-01 -1.658699999999999619e-01
2.743550000000000155e-01 -1.658699999999999619e-01
2.743529999999999580e-01 -1.658800000000000274e-01
2.743529999999999580e-01 -1.658800000000000274e-01
2.743529999999999580e-01 -1.658800000000000274e-01
2.743529999999999580e-01 -1.658800000000000274e-01
2.743529999999999580e-01 -1.658800000000000274e-01
2.743510000000000115e-01 -1.658800000000000274e-01
2.743510000000000115e-01 -1.658800000000000274e-01
2.743499999999999828e-01 -1.658800000000000274e-01
2.743499999999999828e-01 -1.658800000000000274e-01
2.743499999999999828e-01 -1.658800000000000274e-01
2.743480000000000363e-01 -1.658900000000000929e-01
2.743480000000000363e-01 -1.658900000000000929e-01
2.743480000000000363e-01 -1.658900000000000929e-01
2.743480000000000363e-01 -1.658900000000000929e-01
2.743480000000000363e-01 -1.658900000000000929e-01
2.743459999999999788e-01 -1.658900000000000929e-01
2.743459999999999788e-01 -1.658900000000000929e-01
2.743459999999999788e-01 -1.658900000000000929e-01
2.743459999999999788e-01 -1.658900000000000929e-01
2.743450000000000055e-01 -1.658900000000000929e-01
2.743430000000000035e-01 -1.659000000000001585e-01
2.743430000000000035e-01 -1.659000000000001585e-01
2.743430000000000035e-01 -1.659000000000001585e-01
2.743430000000000035e-01 -1.659000000000001585e-01
2.743430000000000035e-01 -1.659000000000001585e-01
2.743410000000000015e-01 -1.659000000000001585e-01
2.743400000000000283e-01 -1.659000000000001585e-01
2.743400000000000283e-01 -1.659000000000001585e-01
2.743400000000000283e-01 -1.659000000000001585e-01
2.743400000000000283e-01 -1.659000000000001585e-01
2.743379999999999708e-01 -1.659099999999997799e-01
2.743379999999999708e-01 -1.659099999999997799e-01
2.743379999999999708e-01 -1.659099999999997799e-01
2.743379999999999708e-01 -1.659099999999997799e-01
2.743379999999999708e-01 -1.659099999999997799e-01
2.743360000000000243e-01 -1.659099999999997799e-01
2.743349999999999955e-01 -1.659099999999997799e-01
2.743349999999999955e-01 -1.659099999999997799e-01
2.743349999999999955e-01 -1.659099999999997799e-01
2.743349999999999955e-01 -1.659099999999997799e-01
2.743329999999999935e-01 -1.659199999999998454e-01
2.743329999999999935e-01 -1.659199999999998454e-01
2.743329999999999935e-01 -1.659199999999998454e-01
2.743329999999999935e-01 -1.659199999999998454e-01
2.743329999999999935e-01 -1.659199999999998454e-01
2.743309999999999915e-01 -1.659199999999998454e-01
2.743309999999999915e-01 -1.659199999999998454e-01
2.743299999999999628e-01 -1.659199999999998454e-01
2.743299999999999628e-01 -1.659299999999999109e-01
2.743299999999999628e-01 -1.659299999999999109e-01
2.743280000000000163e-01 -1.659299999999999109e-01
2.743280000000000163e-01 -1.659299999999999109e-01
2.743280000000000163e-01 -1.659299999999999109e-01
2.743280000000000163e-01 -1.659299999999999109e-01
2.743280000000000163e-01 -1.659299999999999109e-01
2.743259999999999588e-01 -1.659299999999999109e-01
2.743259999999999588e-01 -1.659399999999999764e-01
2.743259999999999588e-01 -1.659399999999999764e-01
2.743259999999999588e-01 -1.659399999999999764e-01
2.743249999999999855e-01 -1.659399999999999764e-01
2.743229999999999835e-01 -1.659399999999999764e-01
2.743229999999999835e-01 -1.659399999999999764e-01
2.743229999999999835e-01 -1.659399999999999764e-01
2.743229999999999835e-01 -1.659399999999999764e-01
2.743229999999999835e-01 -1.659399999999999764e-01
2.743210000000000370e-01 -1.659399999999999764e-01
2.743210000000000370e-01 -1.659500000000000419e-01
2.743210000000000370e-01 -1.659500000000000419e-01
2.743210000000000370e-01 -1.659500000000000419e-01
2.743210000000000370e-01 -1.659500000000000419e-01
2.743189999999999795e-01 -1.659500000000000419e-01
2.743189999999999795e-01 -1.659500000000000419e-01
2.743180000000000063e-01 -1.659500000000000419e-01
2.743180000000000063e-01 -1.659500000000000419e-01
2.743180000000000063e-01 -1.659500000000000419e-01
2.743170000000000330e-01 -1.659600000000001074e-01
2.743160000000000043e-01 -1.659600000000001074e-01
2.743160000000000043e-01 -1.659600000000001074e-01
2.743160000000000043e-01 -1.659600000000001074e-01
2.743160000000000043e-01 -1.659600000000001074e-01
2.743140000000000023e-01 -1.659600000000001074e-01
2.743140000000000023e-01 -1.659600000000001074e-01
2.743140000000000023e-01 -1.659600000000001074e-01
2.743140000000000023e-01 -1.659600000000001074e-01
2.743140000000000023e-01 -1.659600000000001074e-01
2.743120000000000003e-01 -1.659700000000001729e-01
2.743120000000000003e-01 -1.659700000000001729e-01
2.743120000000000003e-01 -1.659700000000001729e-01
2.743120000000000003e-01 -1.659700000000001729e-01
2.743120000000000003e-01 -1.659700000000001729e-01
2.743099999999999983e-01 -1.659700000000001729e-01
2.743099999999999983e-01 -1.659700000000001729e-01
2.743090000000000250e-01 -1.659700000000001729e-01
2.743090000000000250e-01 -1.659700000000001729e-01
2.743090000000000250e-01 -1.659700000000001729e-01
2.743069999999999675e-01 -1.659799999999997944e-01
2.743069999999999675e-01 -1.659799999999997944e-01
2.743069999999999675e-01 -1.659799999999997944e-01
2.743069999999999675e-01 -1.659799999999997944e-01
2.743069999999999675e-01 -1.659799999999997944e-01
2.743050000000000210e-01 -1.659799999999997944e-01
2.743050000000000210e-01 -1.659799999999997944e-01
2.743050000000000210e-01 -1.659799999999997944e-01
2.743050000000000210e-01 -1.659799999999997944e-01
2.743050000000000210e-01 -1.659799999999997944e-01
2.743029999999999635e-01 -1.659899999999998599e-01
2.743029999999999635e-01 -1.659899999999998599e-01
2.743029999999999635e-01 -1.659899999999998599e-01
2.743019999999999903e-01 -1.659899999999998599e-01
2.743019999999999903e-01 -1.659899999999998599e-01
2.742999999999999883e-01 -1.659899999999998599e-01
2.742999999999999883e-01 -1.659999999999999254e-01
2.742999999999999883e-01 -1.659999999999999254e-01
2.742999999999999883e-01 -1.659999999999999254e-01
2.742999999999999883e-01 -1.659999999999999254e-01
2.742979999999999863e-01 -1.659999999999999254e-01
2.742979999999999863e-01 -1.659999999999999254e-01
2.742979999999999863e-01 -1.659999999999999254e-01
2.742979999999999863e-01 -1.659999999999999254e-01
2.742979999999999863e-01 -1.659999999999999254e-01
2.742959999999999843e-01 -1.660099999999999909e-01
2.742959999999999843e-01 -1.660099999999999909e-01
2.742959999999999843e-01 -1.660099999999999909e-01
2.742949999999999555e-01 -1.660099999999999909e-01
2.742949999999999555e-01 -1.660099999999999909e-01
2.742930000000000090e-01 -1.660099999999999909e-01
2.742930000000000090e-01 -1.660099999999999909e-01
2.742930000000000090e-01 -1.660099999999999909e-01
2.742930000000000090e-01 -1.660099999999999909e-01
2.742930000000000090e-01 -1.660099999999999909e-01
2.742910000000000070e-01 -1.660200000000000564e-01
2.742910000000000070e-01 -1.660200000000000564e-01
2.742910000000000070e-01 -1.660200000000000564e-01
2.742910000000000070e-01 -1.660200000000000564e-01
2.742900000000000338e-01 -1.660200000000000564e-01
2.742879999999999763e-01 -1.660200000000000564e-01
2.742879999999999763e-01 -1.660200000000000564e-01
2.742879999999999763e-01 -1.660200000000000564e-01
2.742879999999999763e-01 -1.660200000000000564e-01
2.742879999999999763e-01 -1.660200000000000564e-01
2.742860000000000298e-01 -1.660300000000001219e-01
2.742860000000000298e-01 -1.660300000000001219e-01
2.742860000000000298e-01 -1.660300000000001219e-01
2.742860000000000298e-01 -1.660300000000001219e-01
2.742860000000000298e-01 -1.660300000000001219e-01
2.742839999999999723e-01 -1.660300000000001219e-01
2.742839999999999723e-01 -1.660300000000001219e-01
2.742829999999999990e-01 -1.660300000000001219e-01
2.742829999999999990e-01 -1.660400000000001874e-01
2.742829999999999990e-01 -1.660400000000001874e-01
2.742809999999999970e-01 -1.660400000000001874e-01
2.742809999999999970e-01 -1.660400000000001874e-01
2.742809999999999970e-01 -1.660400000000001874e-01
2.742809999999999970e-01 -1.660400000000001874e-01
2.742809999999999970e-01 -1.660400000000001874e-01
2.742789999999999950e-01 -1.660499999999998089e-01
2.742780000000000218e-01 -1.660499999999998089e-01
2.742780000000000218e-01 -1.660499999999998089e-01
2.742780000000000218e-01 -1.660499999999998089e-01
2.742780000000000218e-01 -1.660499999999998089e-01
2.742759999999999643e-01 -1.660499999999998089e-01
2.742759999999999643e-01 -1.660499999999998089e-01
2.742759999999999643e-01 -1.660499999999998089e-01
2.742749999999999910e-01 -1.660499999999998089e-01
2.742749999999999910e-01 -1.660499999999998089e-01
2.742729999999999890e-01 -1.660599999999998744e-01
2.742729999999999890e-01 -1.660599999999998744e-01
2.742729999999999890e-01 -1.660599999999998744e-01
2.742729999999999890e-01 -1.660599999999998744e-01
2.742729999999999890e-01 -1.660599999999998744e-01
2.742709999999999870e-01 -1.660599999999998744e-01
2.742709999999999870e-01 -1.660599999999998744e-01
2.742709999999999870e-01 -1.660599999999998744e-01
2.742709999999999870e-01 -1.660599999999998744e-01
2.742700000000000138e-01 -1.660599999999998744e-01
2.742679999999999563e-01 -1.660699999999999399e-01
2.742679999999999563e-01 -1.660699999999999399e-01
2.742679999999999563e-01 -1.660699999999999399e-01
2.742679999999999563e-01 -1.660699999999999399e-01
2.742679999999999563e-01 -1.660699999999999399e-01
2.742660000000000098e-01 -1.660699999999999399e-01
2.742649999999999810e-01 -1.660699999999999399e-01
2.742649999999999810e-01 -1.660699999999999399e-01
2.742649999999999810e-01 -1.660699999999999399e-01
2.742649999999999810e-01 -1.660699999999999399e-01
2.742630000000000345e-01 -1.660800000000000054e-01
2.742630000000000345e-01 -1.660800000000000054e-01
2.742630000000000345e-01 -1.660800000000000054e-01
2.742630000000000345e-01 -1.660800000000000054e-01
2.742620000000000058e-01 -1.660800000000000054e-01
2.742600000000000038e-01 -1.660800000000000054e-01
2.742600000000000038e-01 -1.660900000000000709e-01
2.742600000000000038e-01 -1.660900000000000709e-01
2.742600000000000038e-01 -1.660900000000000709e-01
2.742600000000000038e-01 -1.660900000000000709e-01
2.742569999999999730e-01 -1.660900000000000709e-01
2.742569999999999730e-01 -1.660900000000000709e-01
2.742569999999999730e-01 -1.660900000000000709e-01
2.742569999999999730e-01 -1.660900000000000709e-01
2.742569999999999730e-01 -1.660900000000000709e-01
2.742550000000000265e-01 -1.661000000000001364e-01
2.742550000000000265e-01 -1.661000000000001364e-01
2.742539999999999978e-01 -1.661000000000001364e-01
2.742539999999999978e-01 -1.661000000000001364e-01
2.742539999999999978e-01 -1.661000000000001364e-01
2.742519999999999958e-01 -1.661000000000001364e-01
2.742519999999999958e-01 -1.661000000000001364e-01
2.742519999999999958e-01 -1.661000000000001364e-01
2.742510000000000225e-01 -1.661000000000001364e-01
2.742510000000000225e-01 -1.661000000000001364e-01
2.742489999999999650e-01 -1.661099999999997578e-01
2.742489999999999650e-01 -1.661099999999997578e-01
2.742489999999999650e-01 -1.661099999999997578e-01
2.742489999999999650e-01 -1.661099999999997578e-01
2.742489999999999650e-01 -1.661099999999997578e-01
2.742459999999999898e-01 -1.661099999999997578e-01
2.742459999999999898e-01 -1.661099999999997578e-01
2.742459999999999898e-01 -1.661099999999997578e-01
2.742459999999999898e-01 -1.661099999999997578e-01
2.742459999999999898e-01 -1.661199999999998234e-01
2.742430000000000145e-01 -1.661199999999998234e-01
2.742430000000000145e-01 -1.661199999999998234e-01
2.742430000000000145e-01 -1.661199999999998234e-01
2.742430000000000145e-01 -1.661199999999998234e-01
2.742430000000000145e-01 -1.661199999999998234e-01
2.742399999999999838e-01 -1.661299999999998889e-01
2.742399999999999838e-01 -1.661299999999998889e-01
2.742399999999999838e-01 -1.661299999999998889e-01
2.742399999999999838e-01 -1.661299999999998889e-01
2.742399999999999838e-01 -1.661299999999998889e-01
2.742370000000000085e-01 -1.661299999999998889e-01
2.742370000000000085e-01 -1.661299999999998889e-01
2.742370000000000085e-01 -1.661299999999998889e-01
2.742370000000000085e-01 -1.661299999999998889e-01
2.742370000000000085e-01 -1.661299999999998889e-01
2.742339999999999778e-01 -1.661399999999999544e-01
2.742339999999999778e-01 -1.661399999999999544e-01
2.742339999999999778e-01 -1.661399999999999544e-01
2.742339999999999778e-01 -1.661399999999999544e-01
2.742339999999999778e-01 -1.661399999999999544e-01
2.742310000000000025e-01 -1.661399999999999544e-01
2.742310000000000025e-01 -1.661399999999999544e-01
2.742310000000000025e-01 -1.661399999999999544e-01
2.742310000000000025e-01 -1.661399999999999544e-01
2.742310000000000025e-01 -1.661500000000000199e-01
2.742280000000000273e-01 -1.661500000000000199e-01
2.742280000000000273e-01 -1.661500000000000199e-01
2.742280000000000273e-01 -1.661500000000000199e-01
2.742280000000000273e-01 -1.661500000000000199e-01
2.742280000000000273e-01 -1.661500000000000199e-01
2.742249999999999965e-01 -1.661600000000000854e-01
2.742249999999999965e-01 -1.661600000000000854e-01
2.742249999999999965e-01 -1.661600000000000854e-01
2.742249999999999965e-01 -1.661600000000000854e-01
2.742249999999999965e-01 -1.661600000000000854e-01
2.742219999999999658e-01 -1.661600000000000854e-01
2.742219999999999658e-01 -1.661600000000000854e-01
2.742219999999999658e-01 -1.661600000000000854e-01
2.742219999999999658e-01 -1.661600000000000854e-01
2.742219999999999658e-01 -1.661600000000000854e-01
2.742189999999999905e-01 -1.661700000000001509e-01
2.742189999999999905e-01 -1.661700000000001509e-01
2.742189999999999905e-01 -1.661700000000001509e-01
2.742189999999999905e-01 -1.661700000000001509e-01
2.742179999999999618e-01 -1.661700000000001509e-01
2.742160000000000153e-01 -1.661799999999997723e-01
2.742160000000000153e-01 -1.661799999999997723e-01
2.742160000000000153e-01 -1.661799999999997723e-01
2.742149999999999865e-01 -1.661799999999997723e-01
2.742149999999999865e-01 -1.661799999999997723e-01
2.742120000000000113e-01 -1.661799999999997723e-01
2.742120000000000113e-01 -1.661799999999997723e-01
2.742120000000000113e-01 -1.661799999999997723e-01
2.742120000000000113e-01 -1.661799999999997723e-01
2.742120000000000113e-01 -1.661799999999997723e-01
2.742090000000000360e-01 -1.661899999999998379e-01
2.742090000000000360e-01 -1.661899999999998379e-01
2.742090000000000360e-01 -1.661899999999998379e-01
2.742090000000000360e-01 -1.661899999999998379e-01
2.742090000000000360e-01 -1.661899999999998379e-01
2.742060000000000053e-01 -1.661899999999998379e-01
2.742060000000000053e-01 -1.661999999999999034e-01
2.742060000000000053e-01 -1.661999999999999034e-01
2.742060000000000053e-01 -1.661999999999999034e-01
2.742060000000000053e-01 -1.661999999999999034e-01
2.742029999999999745e-01 -1.661999999999999034e-01
2.742029999999999745e-01 -1.661999999999999034e-01
2.742029999999999745e-01 -1.661999999999999034e-01
2.742020000000000013e-01 -1.661999999999999034e-01
2.742020000000000013e-01 -1.661999999999999034e-01
2.741989999999999705e-01 -1.662099999999999689e-01
2.741989999999999705e-01 -1.662099999999999689e-01
2.741989999999999705e-01 -1.662099999999999689e-01
2.741989999999999705e-01 -1.662099999999999689e-01
2.741989999999999705e-01 -1.662099999999999689e-01
2.741959999999999953e-01 -1.662099999999999689e-01
2.741959999999999953e-01 -1.662099999999999689e-01
2.741959999999999953e-01 -1.662099999999999689e-01
2.741949999999999665e-01 -1.662099999999999689e-01
2.741949999999999665e-01 -1.662200000000000344e-01
2.741930000000000200e-01 -1.662200000000000344e-01
2.741919999999999913e-01 -1.662200000000000344e-01
2.741919999999999913e-01 -1.662200000000000344e-01
2.741919999999999913e-01 -1.662200000000000344e-01
2.741919999999999913e-01 -1.662200000000000344e-01
2.741890000000000160e-01 -1.662300000000000999e-01
2.741890000000000160e-01 -1.662300000000000999e-01
2.741890000000000160e-01 -1.662300000000000999e-01
2.741890000000000160e-01 -1.662300000000000999e-01
2.741890000000000160e-01 -1.662300000000000999e-01
2.741859999999999853e-01 -1.662300000000000999e-01
2.741859999999999853e-01 -1.662300000000000999e-01
2.741859999999999853e-01 -1.662300000000000999e-01
2.741850000000000120e-01 -1.662300000000000999e-01
2.741850000000000120e-01 -1.662400000000001654e-01
2.741820000000000368e-01 -1.662400000000001654e-01
2.741820000000000368e-01 -1.662400000000001654e-01
2.741820000000000368e-01 -1.662400000000001654e-01
2.741820000000000368e-01 -1.662400000000001654e-01
2.741820000000000368e-01 -1.662400000000001654e-01
2.741790000000000060e-01 -1.662499999999997868e-01
2.741790000000000060e-01 -1.662499999999997868e-01
2.741790000000000060e-01 -1.662499999999997868e-01
2.741780000000000328e-01 -1.662499999999997868e-01
2.741780000000000328e-01 -1.662499999999997868e-01
2.741750000000000020e-01 -1.662499999999997868e-01
2.741750000000000020e-01 -1.662499999999997868e-01
2.741750000000000020e-01 -1.662499999999997868e-01
2.741750000000000020e-01 -1.662499999999997868e-01
2.741750000000000020e-01 -1.662599999999998523e-01
2.741719999999999713e-01 -1.662599999999998523e-01
2.741719999999999713e-01 -1.662599999999998523e-01
2.741709999999999980e-01 -1.662599999999998523e-01
2.741709999999999980e-01 -1.662599999999998523e-01
2.741709999999999980e-01 -1.662599999999998523e-01
2.741679999999999673e-01 -1.662699999999999179e-01
2.741679999999999673e-01 -1.662699999999999179e-01
2.741679999999999673e-01 -1.662699999999999179e-01
2.741679999999999673e-01 -1.662699999999999179e-01
2.741679999999999673e-01 -1.662699999999999179e-01
2.741649999999999920e-01 -1.662799999999999834e-01
2.741649999999999920e-01 -1.662799999999999834e-01
2.741649999999999920e-01 -1.662799999999999834e-01
2.741649999999999920e-01 -1.662799999999999834e-01
2.741649999999999920e-01 -1.662799999999999834e-01
2.741620000000000168e-01 -1.662799999999999834e-01
2.741620000000000168e-01 -1.662799999999999834e-01
2.741620000000000168e-01 -1.662799999999999834e-01
2.741609999999999880e-01 -1.662799999999999834e-01
2.741609999999999880e-01 -1.662799999999999834e-01
2.741589999999999860e-01 -1.662900000000000489e-01
2.741580000000000128e-01 -1.662900000000000489e-01
2.741580000000000128e-01 -1.662900000000000489e-01
2.741580000000000128e-01 -1.662900000000000489e-01
2.741580000000000128e-01 -1.662900000000000489e-01
2.741549999999999820e-01 -1.663000000000001144e-01
2.741549999999999820e-01 -1.663000000000001144e-01
2.741549999999999820e-01 -1.663000000000001144e-01
2.741549999999999820e-01 -1.663000000000001144e-01
2.741549999999999820e-01 -1.663000000000001144e-01
2.741520000000000068e-01 -1.663000000000001144e-01
2.741520000000000068e-01 -1.663000000000001144e-01
2.741510000000000336e-01 -1.663000000000001144e-01
2.741510000000000336e-01 -1.663000000000001144e-01
2.741510000000000336e-01 -1.663000000000001144e-01
2.741489999999999760e-01 -1.663100000000001799e-01
2.741480000000000028e-01 -1.663100000000001799e-01
2.741480000000000028e-01 -1.663100000000001799e-01
2.741480000000000028e-01 -1.663100000000001799e-01
2.741480000000000028e-01 -1.663100000000001799e-01
2.741449999999999720e-01 -1.663199999999998013e-01
2.741449999999999720e-01 -1.663199999999998013e-01
2.741449999999999720e-01 -1.663199999999998013e-01
2.741449999999999720e-01 -1.663199999999998013e-01
2.741449999999999720e-01 -1.663199999999998013e-01
2.741419999999999968e-01 -1.663199999999998013e-01
2.741419999999999968e-01 -1.663199999999998013e-01
2.741419999999999968e-01 -1.663199999999998013e-01
2.741419999999999968e-01 -1.663299999999998668e-01
2.741409999999999680e-01 -1.663299999999998668e-01
2.741390000000000216e-01 -1.663299999999998668e-01
2.741379999999999928e-01 -1.663299999999998668e-01
2.741379999999999928e-01 -1.663299999999998668e-01
2.741379999999999928e-01 -1.663299999999998668e-01
2.741379999999999928e-01 -1.663299999999998668e-01
2.741350000000000176e-01 -1.663399999999999324e-01
2.741350000000000176e-01 -1.663399999999999324e-01
2.741350000000000176e-01 -1.663399999999999324e-01
2.741339999999999888e-01 -1.663399999999999324e-01
2.741339999999999888e-01 -1.663399999999999324e-01
2.741319999999999868e-01 -1.663499999999999979e-01
2.741310000000000136e-01 -1.663499999999999979e-01
2.741310000000000136e-01 -1.663499999999999979e-01
2.741310000000000136e-01 -1.663499999999999979e-01
2.741310000000000136e-01 -1.663499999999999979e-01
2.741279999999999828e-01 -1.663499999999999979e-01
2.741279999999999828e-01 -1.663499999999999979e-01
2.741279999999999828e-01 -1.663499999999999979e-01
2.741279999999999828e-01 -1.663499999999999979e-01
2.741279999999999828e-01 -1.663499999999999979e-01
2.741240000000000343e-01 -1.663600000000000634e-01
2.741240000000000343e-01 -1.663600000000000634e-01
2.741240000000000343e-01 -1.663600000000000634e-01
2.741240000000000343e-01 -1.663600000000000634e-01
2.741240000000000343e-01 -1.663600000000000634e-01
2.741210000000000035e-01 -1.663700000000001289e-01
2.741210000000000035e-01 -1.663700000000001289e-01
2.741210000000000035e-01 -1.663700000000001289e-01
2.741210000000000035e-01 -1.663700000000001289e-01
2.741200000000000303e-01 -1.663700000000001289e-01
2.741169999999999995e-01 -1.663799999999997503e-01
2.741169999999999995e-01 -1.663799999999997503e-01
2.741169999999999995e-01 -1.663799999999997503e-01
2.741169999999999995e-01 -1.663799999999997503e-01
2.741169999999999995e-01 -1.663799999999997503e-01
2.741139999999999688e-01 -1.663899999999998158e-01
2.741139999999999688e-01 -1.663899999999998158e-01
2.741139999999999688e-01 -1.663899999999998158e-01
2.741129999999999955e-01 -1.663899999999998158e-01
2.741129999999999955e-01 -1.663899999999998158e-01
2.741099999999999648e-01 -1.663899999999998158e-01
2.741099999999999648e-01 -1.663899999999998158e-01
2.741099999999999648e-01 -1.663899999999998158e-01
2.741089999999999915e-01 -1.663899999999998158e-01
2.741089999999999915e-01 -1.663899999999998158e-01
2.741059999999999608e-01 -1.663999999999998813e-01
2.741059999999999608e-01 -1.663999999999998813e-01
2.741059999999999608e-01 -1.663999999999998813e-01
2.741059999999999608e-01 -1.663999999999998813e-01
2.741049999999999875e-01 -1.663999999999998813e-01
2.741019999999999568e-01 -1.664099999999999469e-01
2.741019999999999568e-01 -1.664099999999999469e-01
2.741019999999999568e-01 -1.664099999999999469e-01
2.741019999999999568e-01 -1.664099999999999469e-01
2.741019999999999568e-01 -1.664099999999999469e-01
2.740989999999999815e-01 -1.664200000000000124e-01
2.740980000000000083e-01 -1.664200000000000124e-01
2.740980000000000083e-01 -1.664200000000000124e-01
2.740980000000000083e-01 -1.664200000000000124e-01
2.740980000000000083e-01 -1.664200000000000124e-01
2.740949999999999775e-01 -1.664200000000000124e-01
2.740949999999999775e-01 -1.664200000000000124e-01
2.740949999999999775e-01 -1.664200000000000124e-01
2.740949999999999775e-01 -1.664200000000000124e-01
2.740940000000000043e-01 -1.664200000000000124e-01
2.740909999999999735e-01 -1.664300000000000779e-01
2.740909999999999735e-01 -1.664300000000000779e-01
2.740909999999999735e-01 -1.664300000000000779e-01
2.740909999999999735e-01 -1.664300000000000779e-01
2.740909999999999735e-01 -1.664300000000000779e-01
2.740879999999999983e-01 -1.664400000000001434e-01
2.740869999999999695e-01 -1.664400000000001434e-01
2.740869999999999695e-01 -1.664400000000001434e-01
2.740869999999999695e-01 -1.664400000000001434e-01
2.740869999999999695e-01 -1.664400000000001434e-01
2.740839999999999943e-01 -1.664499999999997648e-01
2.740839999999999943e-01 -1.664499999999997648e-01
2.740829999999999655e-01 -1.664499999999997648e-01
2.740829999999999655e-01 -1.664499999999997648e-01
2.740829999999999655e-01 -1.664499999999997648e-01
2.740799999999999903e-01 -1.664599999999998303e-01
2.740799999999999903e-01 -1.664599999999998303e-01
2.740799999999999903e-01 -1.664599999999998303e-01
2.740799999999999903e-01 -1.664599999999998303e-01
2.740799999999999903e-01 -1.664599999999998303e-01
2.740759999999999863e-01 -1.664599999999998303e-01
2.740759999999999863e-01 -1.664599999999998303e-01
2.740759999999999863e-01 -1.664599999999998303e-01
2.740759999999999863e-01 -1.664599999999998303e-01
2.740759999999999863e-01 -1.664599999999998303e-01
2.740730000000000111e-01 -1.664699999999998958e-01
2.740730000000000111e-01 -1.664699999999998958e-01
2.740719999999999823e-01 -1.664699999999998958e-01
2.740719999999999823e-01 -1.664699999999998958e-01
2.740719999999999823e-01 -1.664699999999998958e-01
2.740690000000000071e-01 -1.664799999999999613e-01
2.740690000000000071e-01 -1.664799999999999613e-01
2.740690000000000071e-01 -1.664799999999999613e-01
2.740690000000000071e-01 -1.664799999999999613e-01
2.740679999999999783e-01 -1.664799999999999613e-01
2.740650000000000031e-01 -1.664900000000000269e-01
2.740650000000000031e-01 -1.664900000000000269e-01
2.740650000000000031e-01 -1.664900000000000269e-01
2.740650000000000031e-01 -1.664900000000000269e-01
2.740650000000000031e-01 -1.664900000000000269e-01
2.740620000000000278e-01 -1.665000000000000924e-01
2.740609999999999991e-01 -1.665000000000000924e-01
2.740609999999999991e-01 -1.665000000000000924e-01
2.740609999999999991e-01 -1.665000000000000924e-01
2.740609999999999991e-01 -1.665000000000000924e-01
2.740580000000000238e-01 -1.665000000000000924e-01
2.740569999999999951e-01 -1.665100000000001579e-01
2.740569999999999951e-01 -1.665100000000001579e-01
2.740569999999999951e-01 -1.665100000000001579e-01
2.740569999999999951e-01 -1.665100000000001579e-01
2.740540000000000198e-01 -1.665100000000001579e-01
2.740540000000000198e-01 -1.665100000000001579e-01
2.740529999999999911e-01 -1.665100000000001579e-01
2.740529999999999911e-01 -1.665100000000001579e-01
2.740529999999999911e-01 -1.665100000000001579e-01
2.740500000000000158e-01 -1.665199999999997793e-01
2.740500000000000158e-01 -1.665199999999997793e-01
2.740500000000000158e-01 -1.665199999999997793e-01
2.740500000000000158e-01 -1.665199999999997793e-01
2.740500000000000158e-01 -1.665199999999997793e-01
2.740460000000000118e-01 -1.665299999999998448e-01
2.740460000000000118e-01 -1.665299999999998448e-01
2.740460000000000118e-01 -1.665299999999998448e-01
2.740460000000000118e-01 -1.665299999999998448e-01
2.740460000000000118e-01 -1.665299999999998448e-01
2.740420000000000078e-01 -1.665399999999999103e-01
2.740420000000000078e-01 -1.665399999999999103e-01
2.740420000000000078e-01 -1.665399999999999103e-01
2.740420000000000078e-01 -1.665399999999999103e-01
2.740420000000000078e-01 -1.665399999999999103e-01
2.740390000000000326e-01 -1.665499999999999758e-01
2.740390000000000326e-01 -1.665499999999999758e-01
2.740390000000000326e-01 -1.665499999999999758e-01
2.740390000000000326e-01 -1.665499999999999758e-01
2.740380000000000038e-01 -1.665499999999999758e-01
2.740350000000000286e-01 -1.665600000000000414e-01
2.740350000000000286e-01 -1.665600000000000414e-01
2.740350000000000286e-01 -1.665600000000000414e-01
2.740350000000000286e-01 -1.665600000000000414e-01
2.740350000000000286e-01 -1.665600000000000414e-01
2.740319999999999978e-01 -1.665600000000000414e-01
2.740310000000000246e-01 -1.665600000000000414e-01
2.740310000000000246e-01 -1.665600000000000414e-01
2.740310000000000246e-01 -1.665600000000000414e-01
2.740310000000000246e-01 -1.665600000000000414e-01
2.740279999999999938e-01 -1.665700000000001069e-01
2.740279999999999938e-01 -1.665700000000001069e-01
2.740279999999999938e-01 -1.665700000000001069e-01
2.740279999999999938e-01 -1.665700000000001069e-01
2.740270000000000206e-01 -1.665700000000001069e-01
2.740239999999999898e-01 -1.665800000000001724e-01
2.740239999999999898e-01 -1.665800000000001724e-01
2.740239999999999898e-01 -1.665800000000001724e-01
2.740239999999999898e-01 -1.665800000000001724e-01
2.740239999999999898e-01 -1.665800000000001724e-01
2.740209999999999591e-01 -1.665899999999997938e-01
2.740209999999999591e-01 -1.665899999999997938e-01
2.740199999999999858e-01 -1.665899999999997938e-01
2.740199999999999858e-01 -1.665899999999997938e-01
2.740199999999999858e-01 -1.665899999999997938e-01
2.740169999999999551e-01 -1.665999999999998593e-01
2.740169999999999551e-01 -1.665999999999998593e-01
2.740169999999999551e-01 -1.665999999999998593e-01
2.740169999999999551e-01 -1.665999999999998593e-01
2.740160000000000373e-01 -1.665999999999998593e-01
2.740130000000000066e-01 -1.666099999999999248e-01
2.740130000000000066e-01 -1.666099999999999248e-01
2.740130000000000066e-01 -1.666099999999999248e-01
2.740130000000000066e-01 -1.666099999999999248e-01
2.740130000000000066e-01 -1.666099999999999248e-01
2.740090000000000026e-01 -1.666099999999999248e-01
2.740090000000000026e-01 -1.666099999999999248e-01
2.740090000000000026e-01 -1.666099999999999248e-01
2.740090000000000026e-01 -1.666099999999999248e-01
2.740090000000000026e-01 -1.666099999999999248e-01
2.740059999999999718e-01 -1.666199999999999903e-01
2.740049999999999986e-01 -1.666199999999999903e-01
2.740049999999999986e-01 -1.666199999999999903e-01
2.740049999999999986e-01 -1.666199999999999903e-01
2.740049999999999986e-01 -1.666199999999999903e-01
2.740019999999999678e-01 -1.666300000000000558e-01
2.740019999999999678e-01 -1.666300000000000558e-01
2.740019999999999678e-01 -1.666300000000000558e-01
2.740009999999999946e-01 -1.666300000000000558e-01
2.740009999999999946e-01 -1.666300000000000558e-01
2.739979999999999638e-01 -1.666400000000001214e-01
2.739979999999999638e-01 -1.666400000000001214e-01
2.739979999999999638e-01 -1.666400000000001214e-01
2.739979999999999638e-01 -1.666400000000001214e-01
2.739979999999999638e-01 -1.666400000000001214e-01
2.739949999999999886e-01 -1.666500000000001869e-01
2.739949999999999886e-01 -1.666500000000001869e-01
2.739939999999999598e-01 -1.666500000000001869e-01
2.739939999999999598e-01 -1.666500000000001869e-01
2.739939999999999598e-01 -1.666500000000001869e-01
2.739909999999999846e-01 -1.666599999999998083e-01
2.739909999999999846e-01 -1.666599999999998083e-01
2.739909999999999846e-01 -1.666599999999998083e-01
2.739909999999999846e-01 -1.666599999999998083e-01
2.739909999999999846e-01 -1.666599999999998083e-01
2.739869999999999806e-01 -1.666699999999998738e-01
2.739869999999999806e-01 -1.666699999999998738e-01
2.739869999999999806e-01 -1.666699999999998738e-01
2.739869999999999806e-01 -1.666699999999998738e-01
2.739869999999999806e-01 -1.666699999999998738e-01
2.739840000000000053e-01 -1.666699999999998738e-01
2.739840000000000053e-01 -1.666699999999998738e-01
2.739840000000000053e-01 -1.666699999999998738e-01
2.739840000000000053e-01 -1.666699999999998738e-01
2.739829999999999766e-01 -1.666799999999999393e-01
2.739800000000000013e-01 -1.666799999999999393e-01
2.739800000000000013e-01 -1.666799999999999393e-01
2.739800000000000013e-01 -1.666799999999999393e-01
2.739800000000000013e-01 -1.666799999999999393e-01
2.739800000000000013e-01 -1.666799999999999393e-01
2.739759999999999973e-01 -1.666900000000000048e-01
2.739759999999999973e-01 -1.666900000000000048e-01
2.739759999999999973e-01 -1.666900000000000048e-01
2.739759999999999973e-01 -1.666900000000000048e-01
2.739759999999999973e-01 -1.666900000000000048e-01
2.739730000000000221e-01 -1.667000000000000703e-01
2.739730000000000221e-01 -1.667000000000000703e-01
2.739730000000000221e-01 -1.667000000000000703e-01
2.739719999999999933e-01 -1.667000000000000703e-01
2.739719999999999933e-01 -1.667000000000000703e-01
2.739690000000000181e-01 -1.667100000000001359e-01
2.739690000000000181e-01 -1.667100000000001359e-01
2.739690000000000181e-01 -1.667100000000001359e-01
2.739690000000000181e-01 -1.667100000000001359e-01
2.739679999999999893e-01 -1.667100000000001359e-01
2.739650000000000141e-01 -1.667199999999997573e-01
2.739650000000000141e-01 -1.667199999999997573e-01
2.739650000000000141e-01 -1.667199999999997573e-01
2.739639999999999853e-01 -1.667199999999997573e-01
2.739639999999999853e-01 -1.667199999999997573e-01
2.739610000000000101e-01 -1.667299999999998228e-01
2.739610000000000101e-01 -1.667299999999998228e-01
2.739610000000000101e-01 -1.667299999999998228e-01
2.739610000000000101e-01 -1.667299999999998228e-01
2.739610000000000101e-01 -1.667299999999998228e-01
2.739570000000000061e-01 -1.667399999999998883e-01
2.739570000000000061e-01 -1.667399999999998883e-01
2.739570000000000061e-01 -1.667399999999998883e-01
2.739570000000000061e-01 -1.667399999999998883e-01
2.739570000000000061e-01 -1.667399999999998883e-01
2.739530000000000021e-01 -1.667499999999999538e-01
2.739530000000000021e-01 -1.667499999999999538e-01
2.739530000000000021e-01 -1.667499999999999538e-01
2.739530000000000021e-01 -1.667499999999999538e-01
2.739519999999999733e-01 -1.667499999999999538e-01
2.739489999999999981e-01 -1.667499999999999538e-01
2.739489999999999981e-01 -1.667499999999999538e-01
2.739489999999999981e-01 -1.667600000000000193e-01
2.739489999999999981e-01 -1.667600000000000193e-01
2.739489999999999981e-01 -1.667600000000000193e-01
2.739449999999999941e-01 -1.667600000000000193e-01
2.739449999999999941e-01 -1.667600000000000193e-01
2.739449999999999941e-01 -1.667600000000000193e-01
2.739449999999999941e-01 -1.667700000000000848e-01
2.739449999999999941e-01 -1.667700000000000848e-01
2.739409999999999901e-01 -1.667700000000000848e-01
2.739409999999999901e-01 -1.667700000000000848e-01
2.739409999999999901e-01 -1.667700000000000848e-01
2.739409999999999901e-01 -1.667700000000000848e-01
2.739409999999999901e-01 -1.667700000000000848e-01
2.739369999999999861e-01 -1.667800000000001504e-01
2.739369999999999861e-01 -1.667800000000001504e-01
2.739369999999999861e-01 -1.667800000000001504e-01
2.739369999999999861e-01 -1.667800000000001504e-01
2.739369999999999861e-01 -1.667800000000001504e-01
2.739329999999999821e-01 -1.667899999999997718e-01
2.739329999999999821e-01 -1.667899999999997718e-01
2.739329999999999821e-01 -1.667899999999997718e-01
2.739329999999999821e-01 -1.667899999999997718e-01
2.739329999999999821e-01 -1.667899999999997718e-01
2.739289999999999781e-01 -1.667999999999998373e-01
2.739289999999999781e-01 -1.667999999999998373e-01
2.739289999999999781e-01 -1.667999999999998373e-01
2.739280000000000048e-01 -1.667999999999998373e-01
2.739280000000000048e-01 -1.667999999999998373e-01
2.739249999999999741e-01 -1.668099999999999028e-01
2.739249999999999741e-01 -1.668099999999999028e-01
2.739240000000000008e-01 -1.668099999999999028e-01
2.739240000000000008e-01 -1.668099999999999028e-01
2.739240000000000008e-01 -1.668099999999999028e-01
2.739209999999999701e-01 -1.668199999999999683e-01
2.739209999999999701e-01 -1.668199999999999683e-01
2.739209999999999701e-01 -1.668199999999999683e-01
2.739199999999999968e-01 -1.668199999999999683e-01
2.739199999999999968e-01 -1.668199999999999683e-01
2.739169999999999661e-01 -1.668300000000000338e-01
2.739169999999999661e-01 -1.668300000000000338e-01
2.739169999999999661e-01 -1.668300000000000338e-01
2.739159999999999928e-01 -1.668300000000000338e-01
2.739159999999999928e-01 -1.668300000000000338e-01
2.739119999999999888e-01 -1.668400000000000993e-01
2.739119999999999888e-01 -1.668400000000000993e-01
2.739119999999999888e-01 -1.668400000000000993e-01
2.739119999999999888e-01 -1.668400000000000993e-01
2.739119999999999888e-01 -1.668400000000000993e-01
2.739079999999999848e-01 -1.668500000000001648e-01
2.739079999999999848e-01 -1.668500000000001648e-01
2.739079999999999848e-01 -1.668500000000001648e-01
2.739079999999999848e-01 -1.668500000000001648e-01
2.739079999999999848e-01 -1.668500000000001648e-01
2.739040000000000363e-01 -1.668599999999997863e-01
2.739040000000000363e-01 -1.668599999999997863e-01
2.739040000000000363e-01 -1.668599999999997863e-01
2.739040000000000363e-01 -1.668599999999997863e-01
2.739040000000000363e-01 -1.668599999999997863e-01
2.739000000000000323e-01 -1.668699999999998518e-01
2.739000000000000323e-01 -1.668699999999998518e-01
2.739000000000000323e-01 -1.668699999999998518e-01
2.739000000000000323e-01 -1.668699999999998518e-01
2.739000000000000323e-01 -1.668699999999998518e-01
2.738960000000000283e-01 -1.668799999999999173e-01
2.738960000000000283e-01 -1.668799999999999173e-01
2.738960000000000283e-01 -1.668799999999999173e-01
2.738960000000000283e-01 -1.668799999999999173e-01
2.738960000000000283e-01 -1.668799999999999173e-01
2.738920000000000243e-01 -1.668899999999999828e-01
2.738920000000000243e-01 -1.668899999999999828e-01
2.738920000000000243e-01 -1.668899999999999828e-01
2.738920000000000243e-01 -1.668899999999999828e-01
2.738920000000000243e-01 -1.668899999999999828e-01
2.738880000000000203e-01 -1.668899999999999828e-01
2.738880000000000203e-01 -1.668899999999999828e-01
2.738880000000000203e-01 -1.669000000000000483e-01
2.738880000000000203e-01 -1.669000000000000483e-01
2.738880000000000203e-01 -1.669000000000000483e-01
2.738849999999999896e-01 -1.669000000000000483e-01
2.738840000000000163e-01 -1.669000000000000483e-01
2.738840000000000163e-01 -1.669100000000001138e-01
2.738840000000000163e-01 -1.669100000000001138e-01
2.738840000000000163e-01 -1.669100000000001138e-01
2.738809999999999856e-01 -1.669100000000001138e-01
2.738800000000000123e-01 -1.669100000000001138e-01
2.738800000000000123e-01 -1.669100000000001138e-01
2.738800000000000123e-01 -1.669100000000001138e-01
2.738800000000000123e-01 -1.669100000000001138e-01
2.738760000000000083e-01 -1.669200000000001793e-01
2.738760000000000083e-01 -1.669200000000001793e-01
2.738760000000000083e-01 -1.669200000000001793e-01
2.738760000000000083e-01 -1.669200000000001793e-01
2.738760000000000083e-01 -1.669200000000001793e-01
2.738720000000000043e-01 -1.669299999999998008e-01
2.738720000000000043e-01 -1.669299999999998008e-01
2.738720000000000043e-01 -1.669299999999998008e-01
2.738720000000000043e-01 -1.669299999999998008e-01
2.738720000000000043e-01 -1.669299999999998008e-01
2.738680000000000003e-01 -1.669399999999998663e-01
2.738680000000000003e-01 -1.669399999999998663e-01
2.738680000000000003e-01 -1.669399999999998663e-01
2.738680000000000003e-01 -1.669399999999998663e-01
2.738680000000000003e-01 -1.669399999999998663e-01
2.738639999999999963e-01 -1.669499999999999318e-01
2.738639999999999963e-01 -1.669499999999999318e-01
2.738639999999999963e-01 -1.669499999999999318e-01
2.738629999999999676e-01 -1.669499999999999318e-01
2.738629999999999676e-01 -1.669499999999999318e-01
2.738599999999999923e-01 -1.669599999999999973e-01
2.738599999999999923e-01 -1.669599999999999973e-01
2.738589999999999636e-01 -1.669599999999999973e-01
2.738589999999999636e-01 -1.669599999999999973e-01
2.738589999999999636e-01 -1.669599999999999973e-01
2.738549999999999596e-01 -1.669700000000000628e-01
2.738549999999999596e-01 -1.669700000000000628e-01
2.738549999999999596e-01 -1.669700000000000628e-01
2.738549999999999596e-01 -1.669700000000000628e-01
2.738549999999999596e-01 -1.669700000000000628e-01
2.738509999999999556e-01 -1.669800000000001283e-01
2.738509999999999556e-01 -1.669800000000001283e-01
2.738509999999999556e-01 -1.669800000000001283e-01
2.738499999999999823e-01 -1.669800000000001283e-01
2.738499999999999823e-01 -1.669800000000001283e-01
2.738460000000000338e-01 -1.669899999999997497e-01
2.738460000000000338e-01 -1.669899999999997497e-01
2.738460000000000338e-01 -1.669899999999997497e-01
2.738460000000000338e-01 -1.669899999999997497e-01
2.738460000000000338e-01 -1.669899999999997497e-01
2.738420000000000298e-01 -1.669999999999998153e-01
2.738420000000000298e-01 -1.669999999999998153e-01
2.738420000000000298e-01 -1.669999999999998153e-01
2.738420000000000298e-01 -1.669999999999998153e-01
2.738420000000000298e-01 -1.669999999999998153e-01
2.738369999999999971e-01 -1.670099999999998808e-01
2.738369999999999971e-01 -1.670099999999998808e-01
2.738369999999999971e-01 -1.670099999999998808e-01
2.738369999999999971e-01 -1.670099999999998808e-01
2.738369999999999971e-01 -1.670099999999998808e-01
2.738329999999999931e-01 -1.670199999999999463e-01
2.738329999999999931e-01 -1.670199999999999463e-01
2.738329999999999931e-01 -1.670199999999999463e-01
2.738329999999999931e-01 -1.670199999999999463e-01
2.738319999999999643e-01 -1.670199999999999463e-01
2.738289999999999891e-01 -1.670300000000000118e-01
2.738279999999999603e-01 -1.670300000000000118e-01
2.738279999999999603e-01 -1.670300000000000118e-01
2.738279999999999603e-01 -1.670300000000000118e-01
2.738279999999999603e-01 -1.670300000000000118e-01
2.738239999999999563e-01 -1.670400000000000773e-01
2.738239999999999563e-01 -1.670400000000000773e-01
2.738229999999999831e-01 -1.670400000000000773e-01
2.738229999999999831e-01 -1.670400000000000773e-01
2.738229999999999831e-01 -1.670400000000000773e-01
2.738190000000000346e-01 -1.670500000000001428e-01
2.738190000000000346e-01 -1.670500000000001428e-01
2.738190000000000346e-01 -1.670500000000001428e-01
2.738190000000000346e-01 -1.670500000000001428e-01
2.738180000000000058e-01 -1.670500000000001428e-01
2.738140000000000018e-01 -1.670599999999997642e-01
2.738140000000000018e-01 -1.670599999999997642e-01
2.738140000000000018e-01 -1.670599999999997642e-01
2.738140000000000018e-01 -1.670599999999997642e-01
2.738140000000000018e-01 -1.670599999999997642e-01
2.738099999999999978e-01 -1.670699999999998298e-01
2.738099999999999978e-01 -1.670699999999998298e-01
2.738099999999999978e-01 -1.670699999999998298e-01
2.738089999999999691e-01 -1.670699999999998298e-01
2.738089999999999691e-01 -1.670699999999998298e-01
2.738049999999999651e-01 -1.670799999999998953e-01
2.738049999999999651e-01 -1.670799999999998953e-01
2.738039999999999918e-01 -1.670799999999998953e-01
2.738039999999999918e-01 -1.670799999999998953e-01
2.738039999999999918e-01 -1.670799999999998953e-01
2.737999999999999878e-01 -1.670899999999999608e-01
2.737999999999999878e-01 -1.670899999999999608e-01
2.737999999999999878e-01 -1.670899999999999608e-01
2.737999999999999878e-01 -1.670899999999999608e-01
2.737999999999999878e-01 -1.670899999999999608e-01
2.737950000000000106e-01 -1.671000000000000263e-01
2.737950000000000106e-01 -1.671000000000000263e-01
2.737950000000000106e-01 -1.671000000000000263e-01
2.737950000000000106e-01 -1.671000000000000263e-01
2.737950000000000106e-01 -1.671000000000000263e-01
2.737899999999999778e-01 -1.671100000000000918e-01
2.737899999999999778e-01 -1.671100000000000918e-01
2.737899999999999778e-01 -1.671100000000000918e-01
2.737899999999999778e-01 -1.671100000000000918e-01
2.737899999999999778e-01 -1.671100000000000918e-01
2.737859999999999738e-01 -1.671200000000001573e-01
2.737859999999999738e-01 -1.671200000000001573e-01
2.737859999999999738e-01 -1.671200000000001573e-01
2.737850000000000006e-01 -1.671200000000001573e-01
2.737850000000000006e-01 -1.671200000000001573e-01
2.737809999999999966e-01 -1.671299999999997787e-01
2.737809999999999966e-01 -1.671299999999997787e-01
2.737809999999999966e-01 -1.671299999999997787e-01
2.737809999999999966e-01 -1.671299999999997787e-01
2.737809999999999966e-01 -1.671299999999997787e-01
2.737760000000000193e-01 -1.671399999999998442e-01
2.737760000000000193e-01 -1.671399999999998442e-01
2.737760000000000193e-01 -1.671399999999998442e-01
2.737760000000000193e-01 -1.671399999999998442e-01
2.737760000000000193e-01 -1.671399999999998442e-01
2.737720000000000153e-01 -1.671499999999999098e-01
2.737709999999999866e-01 -1.671499999999999098e-01
2.737709999999999866e-01 -1.671499999999999098e-01
2.737709999999999866e-01 -1.671499999999999098e-01
2.737709999999999866e-01 -1.671499999999999098e-01
2.737669999999999826e-01 -1.671599999999999753e-01
2.737669999999999826e-01 -1.671599999999999753e-01
2.737669999999999826e-01 -1.671599999999999753e-01
2.737669999999999826e-01 -1.671599999999999753e-01
2.737660000000000093e-01 -1.671599999999999753e-01
2.737620000000000053e-01 -1.671700000000000408e-01
2.737620000000000053e-01 -1.671700000000000408e-01
2.737620000000000053e-01 -1.671700000000000408e-01
2.737620000000000053e-01 -1.671700000000000408e-01
2.737620000000000053e-01 -1.671700000000000408e-01
2.737570000000000281e-01 -1.671800000000001063e-01
2.737570000000000281e-01 -1.671800000000001063e-01
2.737570000000000281e-01 -1.671800000000001063e-01
2.737570000000000281e-01 -1.671800000000001063e-01
2.737570000000000281e-01 -1.671800000000001063e-01
2.737519999999999953e-01 -1.671900000000001718e-01
2.737519999999999953e-01 -1.671900000000001718e-01
2.737519999999999953e-01 -1.671900000000001718e-01
2.737519999999999953e-01 -1.671900000000001718e-01
2.737519999999999953e-01 -1.671900000000001718e-01
2.737479999999999913e-01 -1.671999999999997932e-01
2.737479999999999913e-01 -1.671999999999997932e-01
2.737479999999999913e-01 -1.671999999999997932e-01
2.737469999999999626e-01 -1.671999999999997932e-01
2.737469999999999626e-01 -1.672099999999998587e-01
2.737429999999999586e-01 -1.672099999999998587e-01
2.737429999999999586e-01 -1.672099999999998587e-01
2.737429999999999586e-01 -1.672099999999998587e-01
2.737429999999999586e-01 -1.672099999999998587e-01
2.737419999999999853e-01 -1.672199999999999243e-01
2.737380000000000368e-01 -1.672199999999999243e-01
2.737380000000000368e-01 -1.672299999999999898e-01
2.737380000000000368e-01 -1.672299999999999898e-01
2.737380000000000368e-01 -1.672299999999999898e-01
2.737380000000000368e-01 -1.672299999999999898e-01
2.737330000000000041e-01 -1.672400000000000553e-01
2.737330000000000041e-01 -1.672400000000000553e-01
2.737330000000000041e-01 -1.672400000000000553e-01
2.737330000000000041e-01 -1.672400000000000553e-01
2.737330000000000041e-01 -1.672400000000000553e-01
2.737279999999999713e-01 -1.672500000000001208e-01
2.737279999999999713e-01 -1.672500000000001208e-01
2.737279999999999713e-01 -1.672500000000001208e-01
2.737279999999999713e-01 -1.672500000000001208e-01
2.737279999999999713e-01 -1.672500000000001208e-01
2.737229999999999941e-01 -1.672600000000001863e-01
2.737229999999999941e-01 -1.672600000000001863e-01
2.737229999999999941e-01 -1.672600000000001863e-01
2.737229999999999941e-01 -1.672600000000001863e-01
2.737229999999999941e-01 -1.672600000000001863e-01
2.737180000000000168e-01 -1.672699999999998077e-01
2.737180000000000168e-01 -1.672699999999998077e-01
2.737180000000000168e-01 -1.672699999999998077e-01
2.737180000000000168e-01 -1.672699999999998077e-01
2.737180000000000168e-01 -1.672699999999998077e-01
2.737129999999999841e-01 -1.672799999999998732e-01
2.737129999999999841e-01 -1.672799999999998732e-01
2.737129999999999841e-01 -1.672799999999998732e-01
2.737129999999999841e-01 -1.672799999999998732e-01
2.737129999999999841e-01 -1.672799999999998732e-01
2.737089999999999801e-01 -1.672899999999999388e-01
2.737080000000000068e-01 -1.672899999999999388e-01
2.737080000000000068e-01 -1.672899999999999388e-01
2.737080000000000068e-01 -1.672899999999999388e-01
2.737080000000000068e-01 -1.672899999999999388e-01
2.737040000000000028e-01 -1.673000000000000043e-01
2.737040000000000028e-01 -1.673000000000000043e-01
2.737030000000000296e-01 -1.673000000000000043e-01
2.737030000000000296e-01 -1.673000000000000043e-01
2.737030000000000296e-01 -1.673000000000000043e-01
2.736990000000000256e-01 -1.673100000000000698e-01
2.736990000000000256e-01 -1.673100000000000698e-01
2.736990000000000256e-01 -1.673100000000000698e-01
2.736979999999999968e-01 -1.673100000000000698e-01
2.736979999999999968e-01 -1.673100000000000698e-01
2.736939999999999928e-01 -1.673200000000001353e-01
2.736939999999999928e-01 -1.673200000000001353e-01
2.736939999999999928e-01 -1.673200000000001353e-01
2.736939999999999928e-01 -1.673200000000001353e-01
2.736939999999999928e-01 -1.673200000000001353e-01
2.736889999999999601e-01 -1.673299999999997567e-01
2.736889999999999601e-01 -1.673299999999997567e-01
2.736889999999999601e-01 -1.673299999999997567e-01
2.736889999999999601e-01 -1.673299999999997567e-01
2.736889999999999601e-01 -1.673299999999997567e-01
2.736839999999999828e-01 -1.673399999999998222e-01
2.736839999999999828e-01 -1.673399999999998222e-01
2.736839999999999828e-01 -1.673399999999998222e-01
2.736839999999999828e-01 -1.673399999999998222e-01
2.736839999999999828e-01 -1.673399999999998222e-01
2.736790000000000056e-01 -1.673499999999998877e-01
2.736790000000000056e-01 -1.673499999999998877e-01
2.736790000000000056e-01 -1.673499999999998877e-01
2.736790000000000056e-01 -1.673499999999998877e-01
2.736790000000000056e-01 -1.673499999999998877e-01
2.736750000000000016e-01 -1.673599999999999532e-01
2.736739999999999728e-01 -1.673599999999999532e-01
2.736739999999999728e-01 -1.673599999999999532e-01
2.736739999999999728e-01 -1.673700000000000188e-01
2.736739999999999728e-01 -1.673700000000000188e-01
2.736699999999999688e-01 -1.673700000000000188e-01
2.736699999999999688e-01 -1.673700000000000188e-01
2.736699999999999688e-01 -1.673700000000000188e-01
2.736699999999999688e-01 -1.673800000000000843e-01
2.736699999999999688e-01 -1.673800000000000843e-01
2.736649999999999916e-01 -1.673900000000001498e-01
2.736649999999999916e-01 -1.673900000000001498e-01
2.736649999999999916e-01 -1.673900000000001498e-01
2.736649999999999916e-01 -1.673900000000001498e-01
2.736649999999999916e-01 -1.673900000000001498e-01
2.736609999999999876e-01 -1.673999999999997712e-01
2.736600000000000144e-01 -1.673999999999997712e-01
2.736600000000000144e-01 -1.673999999999997712e-01
2.736600000000000144e-01 -1.673999999999997712e-01
2.736600000000000144e-01 -1.673999999999997712e-01
2.736560000000000104e-01 -1.674099999999998367e-01
2.736560000000000104e-01 -1.674099999999998367e-01
2.736560000000000104e-01 -1.674099999999998367e-01
2.736560000000000104e-01 -1.674099999999998367e-01
2.736560000000000104e-01 -1.674099999999998367e-01
2.736520000000000064e-01 -1.674199999999999022e-01
2.736509999999999776e-01 -1.674199999999999022e-01
2.736509999999999776e-01 -1.674199999999999022e-01
2.736509999999999776e-01 -1.674199999999999022e-01
2.736509999999999776e-01 -1.674199999999999022e-01
2.736469999999999736e-01 -1.674299999999999677e-01
2.736469999999999736e-01 -1.674299999999999677e-01
2.736469999999999736e-01 -1.674299999999999677e-01
2.736460000000000004e-01 -1.674299999999999677e-01
2.736460000000000004e-01 -1.674299999999999677e-01
2.736429999999999696e-01 -1.674400000000000333e-01
2.736419999999999964e-01 -1.674400000000000333e-01
2.736419999999999964e-01 -1.674400000000000333e-01
2.736419999999999964e-01 -1.674400000000000333e-01
2.736419999999999964e-01 -1.674400000000000333e-01
2.736379999999999924e-01 -1.674500000000000988e-01
2.736379999999999924e-01 -1.674500000000000988e-01
2.736379999999999924e-01 -1.674500000000000988e-01
2.736379999999999924e-01 -1.674500000000000988e-01
2.736370000000000191e-01 -1.674500000000000988e-01
2.736330000000000151e-01 -1.674600000000001643e-01
2.736330000000000151e-01 -1.674600000000001643e-01
2.736330000000000151e-01 -1.674600000000001643e-01
2.736330000000000151e-01 -1.674600000000001643e-01
2.736330000000000151e-01 -1.674600000000001643e-01
2.736290000000000111e-01 -1.674699999999997857e-01
2.736290000000000111e-01 -1.674699999999997857e-01
2.736290000000000111e-01 -1.674699999999997857e-01
2.736290000000000111e-01 -1.674699999999997857e-01
2.736279999999999824e-01 -1.674699999999997857e-01
2.736250000000000071e-01 -1.674799999999998512e-01
2.736250000000000071e-01 -1.674799999999998512e-01
2.736239999999999783e-01 -1.674799999999998512e-01
2.736239999999999783e-01 -1.674799999999998512e-01
2.736239999999999783e-01 -1.674799999999998512e-01
2.736199999999999743e-01 -1.674999999999999822e-01
2.736199999999999743e-01 -1.674999999999999822e-01
2.736199999999999743e-01 -1.674999999999999822e-01
2.736199999999999743e-01 -1.674999999999999822e-01
2.736199999999999743e-01 -1.674999999999999822e-01
2.736159999999999703e-01 -1.675100000000000477e-01
2.736149999999999971e-01 -1.675100000000000477e-01
2.736149999999999971e-01 -1.675100000000000477e-01
2.736149999999999971e-01 -1.675100000000000477e-01
2.736149999999999971e-01 -1.675100000000000477e-01
2.736109999999999931e-01 -1.675200000000001133e-01
2.736109999999999931e-01 -1.675200000000001133e-01
2.736109999999999931e-01 -1.675200000000001133e-01
2.736109999999999931e-01 -1.675200000000001133e-01
2.736109999999999931e-01 -1.675200000000001133e-01
2.736069999999999891e-01 -1.675300000000001788e-01
2.736069999999999891e-01 -1.675300000000001788e-01
2.736069999999999891e-01 -1.675300000000001788e-01
2.736069999999999891e-01 -1.675300000000001788e-01
2.736060000000000159e-01 -1.675300000000001788e-01
2.736020000000000119e-01 -1.675399999999998002e-01
2.736020000000000119e-01 -1.675399999999998002e-01
2.736020000000000119e-01 -1.675399999999998002e-01
2.736020000000000119e-01 -1.675399999999998002e-01
2.736020000000000119e-01 -1.675399999999998002e-01
2.735980000000000079e-01 -1.675499999999998657e-01
2.735980000000000079e-01 -1.675499999999998657e-01
2.735980000000000079e-01 -1.675499999999998657e-01
2.735980000000000079e-01 -1.675499999999998657e-01
2.735980000000000079e-01 -1.675499999999998657e-01
2.735940000000000039e-01 -1.675599999999999312e-01
2.735929999999999751e-01 -1.675599999999999312e-01
2.735929999999999751e-01 -1.675599999999999312e-01
2.735929999999999751e-01 -1.675599999999999312e-01
2.735929999999999751e-01 -1.675599999999999312e-01
2.735889999999999711e-01 -1.675699999999999967e-01
2.735889999999999711e-01 -1.675699999999999967e-01
2.735889999999999711e-01 -1.675699999999999967e-01
2.735889999999999711e-01 -1.675699999999999967e-01
2.735879999999999979e-01 -1.675699999999999967e-01
2.735839999999999939e-01 -1.675800000000000622e-01
2.735839999999999939e-01 -1.675800000000000622e-01
2.735839999999999939e-01 -1.675800000000000622e-01
2.735839999999999939e-01 -1.675800000000000622e-01
2.735839999999999939e-01 -1.675800000000000622e-01
2.735799999999999899e-01 -1.675900000000001278e-01
2.735799999999999899e-01 -1.675900000000001278e-01
2.735790000000000166e-01 -1.675900000000001278e-01
2.735790000000000166e-01 -1.675900000000001278e-01
2.735790000000000166e-01 -1.675900000000001278e-01
2.735750000000000126e-01 -1.675999999999997492e-01
2.735750000000000126e-01 -1.675999999999997492e-01
2.735750000000000126e-01 -1.675999999999997492e-01
2.735750000000000126e-01 -1.675999999999997492e-01
2.735739999999999839e-01 -1.675999999999997492e-01
2.735710000000000086e-01 -1.676199999999998802e-01
2.735699999999999799e-01 -1.676199999999998802e-01
2.735699999999999799e-01 -1.676199999999998802e-01
2.735699999999999799e-01 -1.676199999999998802e-01
2.735699999999999799e-01 -1.676199999999998802e-01
2.735659999999999759e-01 -1.676299999999999457e-01
2.735659999999999759e-01 -1.676299999999999457e-01
2.735659999999999759e-01 -1.676299999999999457e-01
2.735650000000000026e-01 -1.676299999999999457e-01
2.735650000000000026e-01 -1.676299999999999457e-01
2.735609999999999986e-01 -1.676400000000000112e-01
2.735609999999999986e-01 -1.676400000000000112e-01
2.735609999999999986e-01 -1.676400000000000112e-01
2.735609999999999986e-01 -1.676400000000000112e-01
2.735609999999999986e-01 -1.676400000000000112e-01
2.735569999999999946e-01 -1.676500000000000767e-01
2.735569999999999946e-01 -1.676500000000000767e-01
2.735560000000000214e-01 -1.676500000000000767e-01
2.735560000000000214e-01 -1.676500000000000767e-01
2.735560000000000214e-01 -1.676500000000000767e-01
2.735520000000000174e-01 -1.676600000000001423e-01
2.735520000000000174e-01 -1.676600000000001423e-01
2.735509999999999886e-01 -1.676600000000001423e-01
2.735509999999999886e-01 -1.676600000000001423e-01
2.735509999999999886e-01 -1.676600000000001423e-01
2.735469999999999846e-01 -1.676699999999997637e-01
2.735469999999999846e-01 -1.676699999999997637e-01
2.735469999999999846e-01 -1.676699999999997637e-01
2.735469999999999846e-01 -1.676699999999997637e-01
2.735459999999999559e-01 -1.676699999999997637e-01
2.735420000000000074e-01 -1.676799999999998292e-01
2.735420000000000074e-01 -1.676799999999998292e-01
2.735420000000000074e-01 -1.676799999999998292e-01
2.735420000000000074e-01 -1.676799999999998292e-01
2.735420000000000074e-01 -1.676799999999998292e-01
2.735370000000000301e-01 -1.676899999999998947e-01
2.735370000000000301e-01 -1.676899999999998947e-01
2.735370000000000301e-01 -1.676899999999998947e-01
2.735370000000000301e-01 -1.676899999999998947e-01
2.735370000000000301e-01 -1.676899999999998947e-01
2.735319999999999974e-01 -1.676999999999999602e-01
2.735319999999999974e-01 -1.676999999999999602e-01
2.735319999999999974e-01 -1.676999999999999602e-01
2.735319999999999974e-01 -1.676999999999999602e-01
2.735319999999999974e-01 -1.676999999999999602e-01
2.735279999999999934e-01 -1.677100000000000257e-01
2.735279999999999934e-01 -1.677100000000000257e-01
2.735269999999999646e-01 -1.677100000000000257e-01
2.735269999999999646e-01 -1.677100000000000257e-01
2.735269999999999646e-01 -1.677100000000000257e-01
2.735229999999999606e-01 -1.677300000000001567e-01
2.735229999999999606e-01 -1.677300000000001567e-01
2.735229999999999606e-01 -1.677300000000001567e-01
2.735229999999999606e-01 -1.677300000000001567e-01
2.735219999999999874e-01 -1.677300000000001567e-01
2.735179999999999834e-01 -1.677399999999997782e-01
2.735179999999999834e-01 -1.677399999999997782e-01
2.735179999999999834e-01 -1.677399999999997782e-01
2.735179999999999834e-01 -1.677399999999997782e-01
2.735179999999999834e-01 -1.677399999999997782e-01
2.735130000000000061e-01 -1.677499999999998437e-01
2.735130000000000061e-01 -1.677499999999998437e-01
2.735130000000000061e-01 -1.677499999999998437e-01
2.735130000000000061e-01 -1.677499999999998437e-01
2.735130000000000061e-01 -1.677499999999998437e-01
2.735079999999999734e-01 -1.677599999999999092e-01
2.735079999999999734e-01 -1.677599999999999092e-01
2.735079999999999734e-01 -1.677599999999999092e-01
2.735079999999999734e-01 -1.677599999999999092e-01
2.735079999999999734e-01 -1.677599999999999092e-01
2.735029999999999961e-01 -1.677699999999999747e-01
2.735029999999999961e-01 -1.677699999999999747e-01
2.735029999999999961e-01 -1.677699999999999747e-01
2.735029999999999961e-01 -1.677699999999999747e-01
2.735029999999999961e-01 -1.677699999999999747e-01
2.734980000000000189e-01 -1.677800000000000402e-01
2.734980000000000189e-01 -1.677800000000000402e-01
2.734980000000000189e-01 -1.677800000000000402e-01
2.734980000000000189e-01 -1.677800000000000402e-01
2.734980000000000189e-01 -1.677800000000000402e-01
2.734940000000000149e-01 -1.677900000000001057e-01
2.734940000000000149e-01 -1.677900000000001057e-01
2.734929999999999861e-01 -1.677900000000001057e-01
2.734929999999999861e-01 -1.677900000000001057e-01
2.734929999999999861e-01 -1.677900000000001057e-01
2.734889999999999821e-01 -1.678000000000001712e-01
2.734889999999999821e-01 -1.678000000000001712e-01
2.734880000000000089e-01 -1.678000000000001712e-01
2.734880000000000089e-01 -1.678000000000001712e-01
2.734880000000000089e-01 -1.678000000000001712e-01
2.734840000000000049e-01 -1.678099999999997927e-01
2.734840000000000049e-01 -1.678199999999998582e-01
2.734840000000000049e-01 -1.678199999999998582e-01
2.734830000000000316e-01 -1.678199999999998582e-01
2.734830000000000316e-01 -1.678199999999998582e-01
2.734790000000000276e-01 -1.678299999999999237e-01
2.734790000000000276e-01 -1.678299999999999237e-01
2.734790000000000276e-01 -1.678299999999999237e-01
2.734790000000000276e-01 -1.678299999999999237e-01
2.734790000000000276e-01 -1.678299999999999237e-01
2.734739999999999949e-01 -1.678399999999999892e-01
2.734739999999999949e-01 -1.678399999999999892e-01
2.734739999999999949e-01 -1.678399999999999892e-01
2.734739999999999949e-01 -1.678399999999999892e-01
2.734739999999999949e-01 -1.678399999999999892e-01
2.734689999999999621e-01 -1.678500000000000547e-01
2.734689999999999621e-01 -1.678500000000000547e-01
2.734689999999999621e-01 -1.678500000000000547e-01
2.734689999999999621e-01 -1.678500000000000547e-01
2.734689999999999621e-01 -1.678500000000000547e-01
2.734649999999999581e-01 -1.678600000000001202e-01
2.734639999999999849e-01 -1.678600000000001202e-01
2.734639999999999849e-01 -1.678600000000001202e-01
2.734639999999999849e-01 -1.678600000000001202e-01
2.734639999999999849e-01 -1.678600000000001202e-01
2.734590000000000076e-01 -1.678700000000001857e-01
2.734590000000000076e-01 -1.678700000000001857e-01
2.734590000000000076e-01 -1.678700000000001857e-01
2.734590000000000076e-01 -1.678700000000001857e-01
2.734590000000000076e-01 -1.678700000000001857e-01
2.734550000000000036e-01 -1.678799999999998072e-01
2.734550000000000036e-01 -1.678799999999998072e-01
2.734550000000000036e-01 -1.678799999999998072e-01
2.734539999999999749e-01 -1.678799999999998072e-01
2.734539999999999749e-01 -1.678799999999998072e-01
2.734499999999999709e-01 -1.678899999999998727e-01
2.734499999999999709e-01 -1.678999999999999382e-01
2.734499999999999709e-01 -1.678999999999999382e-01
2.734499999999999709e-01 -1.678999999999999382e-01
2.734499999999999709e-01 -1.678999999999999382e-01
2.734449999999999936e-01 -1.678999999999999382e-01
2.734449999999999936e-01 -1.679100000000000037e-01
2.734449999999999936e-01 -1.679100000000000037e-01
2.734449999999999936e-01 -1.679100000000000037e-01
2.734449999999999936e-01 -1.679100000000000037e-01
2.734400000000000164e-01 -1.679200000000000692e-01
2.734400000000000164e-01 -1.679200000000000692e-01
2.734400000000000164e-01 -1.679200000000000692e-01
2.734400000000000164e-01 -1.679200000000000692e-01
2.734400000000000164e-01 -1.679200000000000692e-01
2.734360000000000124e-01 -1.679300000000001347e-01
2.734349999999999836e-01 -1.679300000000001347e-01
2.734349999999999836e-01 -1.679300000000001347e-01
2.734349999999999836e-01 -1.679300000000001347e-01
2.734349999999999836e-01 -1.679300000000001347e-01
2.734300000000000064e-01 -1.679399999999997561e-01
2.734300000000000064e-01 -1.679399999999997561e-01
2.734300000000000064e-01 -1.679399999999997561e-01
2.734300000000000064e-01 -1.679399999999997561e-01
2.734300000000000064e-01 -1.679399999999997561e-01
2.734250000000000291e-01 -1.679499999999998217e-01
2.734250000000000291e-01 -1.679499999999998217e-01
2.734250000000000291e-01 -1.679499999999998217e-01
2.734250000000000291e-01 -1.679499999999998217e-01
2.734250000000000291e-01 -1.679499999999998217e-01
2.734199999999999964e-01 -1.679599999999998872e-01
2.734199999999999964e-01 -1.679599999999998872e-01
2.734199999999999964e-01 -1.679599999999998872e-01
2.734199999999999964e-01 -1.679599999999998872e-01
2.734199999999999964e-01 -1.679699999999999527e-01
2.734149999999999636e-01 -1.679699999999999527e-01
2.734149999999999636e-01 -1.679699999999999527e-01
2.734149999999999636e-01 -1.679699999999999527e-01
2.734149999999999636e-01 -1.679800000000000182e-01
2.734149999999999636e-01 -1.679800000000000182e-01
2.734099999999999864e-01 -1.679900000000000837e-01
2.734099999999999864e-01 -1.679900000000000837e-01
2.734099999999999864e-01 -1.679900000000000837e-01
2.734099999999999864e-01 -1.679900000000000837e-01
2.734099999999999864e-01 -1.679900000000000837e-01
2.734050000000000091e-01 -1.680000000000001492e-01
2.734050000000000091e-01 -1.680000000000001492e-01
2.734050000000000091e-01 -1.680000000000001492e-01
2.734050000000000091e-01 -1.680000000000001492e-01
2.734050000000000091e-01 -1.680000000000001492e-01
2.733999999999999764e-01 -1.680099999999997706e-01
2.733999999999999764e-01 -1.680099999999997706e-01
2.733999999999999764e-01 -1.680099999999997706e-01
2.733999999999999764e-01 -1.680099999999997706e-01
2.733999999999999764e-01 -1.680099999999997706e-01
2.733949999999999991e-01 -1.680199999999998361e-01
2.733949999999999991e-01 -1.680199999999998361e-01
2.733949999999999991e-01 -1.680199999999998361e-01
2.733949999999999991e-01 -1.680199999999998361e-01
2.733949999999999991e-01 -1.680199999999998361e-01
2.733900000000000219e-01 -1.680299999999999017e-01
2.733900000000000219e-01 -1.680299999999999017e-01
2.733900000000000219e-01 -1.680299999999999017e-01
2.733900000000000219e-01 -1.680299999999999017e-01
2.733900000000000219e-01 -1.680299999999999017e-01
2.733849999999999891e-01 -1.680399999999999672e-01
2.733849999999999891e-01 -1.680399999999999672e-01
2.733849999999999891e-01 -1.680399999999999672e-01
2.733849999999999891e-01 -1.680399999999999672e-01
2.733849999999999891e-01 -1.680399999999999672e-01
2.733809999999999851e-01 -1.680600000000000982e-01
2.733799999999999564e-01 -1.680600000000000982e-01
2.733799999999999564e-01 -1.680600000000000982e-01
2.733799999999999564e-01 -1.680600000000000982e-01
2.733799999999999564e-01 -1.680600000000000982e-01
2.733760000000000079e-01 -1.680700000000001637e-01
2.733750000000000346e-01 -1.680700000000001637e-01
2.733750000000000346e-01 -1.680700000000001637e-01
2.733750000000000346e-01 -1.680700000000001637e-01
2.733750000000000346e-01 -1.680700000000001637e-01
2.733710000000000306e-01 -1.680799999999997851e-01
2.733710000000000306e-01 -1.680799999999997851e-01
2.733700000000000019e-01 -1.680799999999997851e-01
2.733700000000000019e-01 -1.680799999999997851e-01
2.733700000000000019e-01 -1.680799999999997851e-01
2.733659999999999979e-01 -1.680899999999998506e-01
2.733659999999999979e-01 -1.680899999999998506e-01
2.733659999999999979e-01 -1.680899999999998506e-01
2.733659999999999979e-01 -1.680899999999998506e-01
2.733659999999999979e-01 -1.680899999999998506e-01
2.733609999999999651e-01 -1.680999999999999162e-01
2.733609999999999651e-01 -1.680999999999999162e-01
2.733609999999999651e-01 -1.680999999999999162e-01
2.733609999999999651e-01 -1.680999999999999162e-01
2.733609999999999651e-01 -1.680999999999999162e-01
2.733569999999999611e-01 -1.681099999999999817e-01
2.733569999999999611e-01 -1.681099999999999817e-01
2.733569999999999611e-01 -1.681099999999999817e-01
2.733559999999999879e-01 -1.681099999999999817e-01
2.733559999999999879e-01 -1.681099999999999817e-01
2.733519999999999839e-01 -1.681200000000000472e-01
2.733519999999999839e-01 -1.681200000000000472e-01
2.733519999999999839e-01 -1.681200000000000472e-01
2.733519999999999839e-01 -1.681300000000001127e-01
2.733519999999999839e-01 -1.681300000000001127e-01
2.733480000000000354e-01 -1.681400000000001782e-01
2.733470000000000066e-01 -1.681400000000001782e-01
2.733470000000000066e-01 -1.681400000000001782e-01
2.733470000000000066e-01 -1.681400000000001782e-01
2.733470000000000066e-01 -1.681400000000001782e-01
2.733430000000000026e-01 -1.681499999999997996e-01
2.733430000000000026e-01 -1.681499999999997996e-01
2.733419999999999739e-01 -1.681499999999997996e-01
2.733419999999999739e-01 -1.681499999999997996e-01
2.733419999999999739e-01 -1.681499999999997996e-01
2.733379999999999699e-01 -1.681599999999998651e-01
2.733379999999999699e-01 -1.681599999999998651e-01
2.733379999999999699e-01 -1.681599999999998651e-01
2.733379999999999699e-01 -1.681599999999998651e-01
2.733379999999999699e-01 -1.681599999999998651e-01
2.733329999999999926e-01 -1.681699999999999307e-01
2.733329999999999926e-01 -1.681699999999999307e-01
2.733329999999999926e-01 -1.681699999999999307e-01
2.733329999999999926e-01 -1.681699999999999307e-01
2.733329999999999926e-01 -1.681699999999999307e-01
2.733280000000000154e-01 -1.681799999999999962e-01
2.733280000000000154e-01 -1.681799999999999962e-01
2.733280000000000154e-01 -1.681799999999999962e-01
2.733280000000000154e-01 -1.681799999999999962e-01
2.733280000000000154e-01 -1.681799999999999962e-01
2.733240000000000114e-01 -1.681900000000000617e-01
2.733229999999999826e-01 -1.681900000000000617e-01
2.733229999999999826e-01 -1.681900000000000617e-01
2.733229999999999826e-01 -1.681900000000000617e-01
2.733229999999999826e-01 -1.681900000000000617e-01
2.733189999999999786e-01 -1.682000000000001272e-01
2.733189999999999786e-01 -1.682000000000001272e-01
2.733189999999999786e-01 -1.682000000000001272e-01
2.733180000000000054e-01 -1.682099999999997486e-01
2.733180000000000054e-01 -1.682099999999997486e-01
2.733140000000000014e-01 -1.682099999999997486e-01
2.733140000000000014e-01 -1.682099999999997486e-01
2.733140000000000014e-01 -1.682199999999998141e-01
2.733130000000000281e-01 -1.682199999999998141e-01
2.733130000000000281e-01 -1.682199999999998141e-01
2.733090000000000241e-01 -1.682299999999998796e-01
2.733090000000000241e-01 -1.682299999999998796e-01
2.733090000000000241e-01 -1.682299999999998796e-01
2.733090000000000241e-01 -1.682299999999998796e-01
2.733079999999999954e-01 -1.682299999999998796e-01
2.733039999999999914e-01 -1.682399999999999451e-01
2.733039999999999914e-01 -1.682399999999999451e-01
2.733039999999999914e-01 -1.682399999999999451e-01
2.733029999999999626e-01 -1.682399999999999451e-01
2.733029999999999626e-01 -1.682399999999999451e-01
2.732989999999999586e-01 -1.682500000000000107e-01
2.732989999999999586e-01 -1.682500000000000107e-01
2.732989999999999586e-01 -1.682500000000000107e-01
2.732979999999999854e-01 -1.682500000000000107e-01
2.732979999999999854e-01 -1.682500000000000107e-01
2.732940000000000369e-01 -1.682600000000000762e-01
2.732940000000000369e-01 -1.682600000000000762e-01
2.732930000000000081e-01 -1.682600000000000762e-01
2.732930000000000081e-01 -1.682600000000000762e-01
2.732930000000000081e-01 -1.682600000000000762e-01
2.732890000000000041e-01 -1.682700000000001417e-01
2.732879999999999754e-01 -1.682700000000001417e-01
2.732879999999999754e-01 -1.682700000000001417e-01
2.732879999999999754e-01 -1.682700000000001417e-01
2.732879999999999754e-01 -1.682700000000001417e-01
2.732829999999999981e-01 -1.682799999999997631e-01
2.732829999999999981e-01 -1.682799999999997631e-01
2.732829999999999981e-01 -1.682799999999997631e-01
2.732829999999999981e-01 -1.682799999999997631e-01
2.732829999999999981e-01 -1.682799999999997631e-01
2.732780000000000209e-01 -1.682999999999998941e-01
2.732780000000000209e-01 -1.682999999999998941e-01
2.732780000000000209e-01 -1.682999999999998941e-01
2.732780000000000209e-01 -1.682999999999998941e-01
2.732780000000000209e-01 -1.682999999999998941e-01
2.732729999999999881e-01 -1.683099999999999596e-01
2.732729999999999881e-01 -1.683099999999999596e-01
2.732729999999999881e-01 -1.683099999999999596e-01
2.732729999999999881e-01 -1.683099999999999596e-01
2.732729999999999881e-01 -1.683099999999999596e-01
2.732669999999999821e-01 -1.683200000000000252e-01
2.732669999999999821e-01 -1.683200000000000252e-01
2.732669999999999821e-01 -1.683200000000000252e-01
2.732669999999999821e-01 -1.683200000000000252e-01
2.732669999999999821e-01 -1.683200000000000252e-01
2.732620000000000049e-01 -1.683300000000000907e-01
2.732620000000000049e-01 -1.683300000000000907e-01
2.732620000000000049e-01 -1.683300000000000907e-01
2.732620000000000049e-01 -1.683300000000000907e-01
2.732620000000000049e-01 -1.683300000000000907e-01
2.732569999999999721e-01 -1.683400000000001562e-01
2.732569999999999721e-01 -1.683400000000001562e-01
2.732569999999999721e-01 -1.683400000000001562e-01
2.732559999999999989e-01 -1.683400000000001562e-01
2.732559999999999989e-01 -1.683400000000001562e-01
2.732519999999999949e-01 -1.683499999999997776e-01
2.732519999999999949e-01 -1.683499999999997776e-01
2.732510000000000217e-01 -1.683499999999997776e-01
2.732510000000000217e-01 -1.683599999999998431e-01
2.732510000000000217e-01 -1.683599999999998431e-01
2.732470000000000176e-01 -1.683699999999999086e-01
2.732459999999999889e-01 -1.683699999999999086e-01
2.732459999999999889e-01 -1.683699999999999086e-01
2.732459999999999889e-01 -1.683699999999999086e-01
2.732459999999999889e-01 -1.683699999999999086e-01
2.732409999999999561e-01 -1.683799999999999741e-01
2.732409999999999561e-01 -1.683799999999999741e-01
2.732409999999999561e-01 -1.683799999999999741e-01
2.732409999999999561e-01 -1.683799999999999741e-01
2.732409999999999561e-01 -1.683799999999999741e-01
2.732360000000000344e-01 -1.683900000000000396e-01
2.732360000000000344e-01 -1.683900000000000396e-01
2.732360000000000344e-01 -1.683900000000000396e-01
2.732360000000000344e-01 -1.683900000000000396e-01
2.732350000000000056e-01 -1.683900000000000396e-01
2.732310000000000016e-01 -1.684000000000001052e-01
2.732299999999999729e-01 -1.684000000000001052e-01
2.732299999999999729e-01 -1.684000000000001052e-01
2.732299999999999729e-01 -1.684000000000001052e-01
2.732299999999999729e-01 -1.684000000000001052e-01
2.732249999999999956e-01 -1.684100000000001707e-01
2.732249999999999956e-01 -1.684100000000001707e-01
2.732249999999999956e-01 -1.684100000000001707e-01
2.732249999999999956e-01 -1.684100000000001707e-01
2.732249999999999956e-01 -1.684100000000001707e-01
2.732200000000000184e-01 -1.684199999999997921e-01
2.732189999999999896e-01 -1.684199999999997921e-01
2.732189999999999896e-01 -1.684199999999997921e-01
2.732189999999999896e-01 -1.684199999999997921e-01
2.732189999999999896e-01 -1.684299999999998576e-01
2.732139999999999569e-01 -1.684399999999999231e-01
2.732139999999999569e-01 -1.684399999999999231e-01
2.732139999999999569e-01 -1.684399999999999231e-01
2.732139999999999569e-01 -1.684399999999999231e-01
2.732139999999999569e-01 -1.684399999999999231e-01
2.732090000000000352e-01 -1.684499999999999886e-01
2.732090000000000352e-01 -1.684499999999999886e-01
2.732080000000000064e-01 -1.684499999999999886e-01
2.732080000000000064e-01 -1.684499999999999886e-01
2.732080000000000064e-01 -1.684499999999999886e-01
2.732029999999999736e-01 -1.684600000000000541e-01
2.732029999999999736e-01 -1.684600000000000541e-01
2.732029999999999736e-01 -1.684600000000000541e-01
2.732029999999999736e-01 -1.684600000000000541e-01
2.732020000000000004e-01 -1.684600000000000541e-01
2.731970000000000232e-01 -1.684700000000001197e-01
2.731970000000000232e-01 -1.684700000000001197e-01
2.731970000000000232e-01 -1.684700000000001197e-01
2.731970000000000232e-01 -1.684700000000001197e-01
2.731970000000000232e-01 -1.684700000000001197e-01
2.731919999999999904e-01 -1.684800000000001852e-01
2.731919999999999904e-01 -1.684800000000001852e-01
2.731909999999999616e-01 -1.684800000000001852e-01
2.731909999999999616e-01 -1.684800000000001852e-01
2.731909999999999616e-01 -1.684800000000001852e-01
2.731859999999999844e-01 -1.684899999999998066e-01
2.731859999999999844e-01 -1.684899999999998066e-01
2.731859999999999844e-01 -1.684899999999998066e-01
2.731859999999999844e-01 -1.684899999999998066e-01
2.731850000000000112e-01 -1.684999999999998721e-01
2.731799999999999784e-01 -1.685099999999999376e-01
2.731799999999999784e-01 -1.685099999999999376e-01
2.731799999999999784e-01 -1.685099999999999376e-01
2.731799999999999784e-01 -1.685099999999999376e-01
2.731799999999999784e-01 -1.685099999999999376e-01
2.731750000000000012e-01 -1.685200000000000031e-01
2.731750000000000012e-01 -1.685200000000000031e-01
2.731740000000000279e-01 -1.685200000000000031e-01
2.731740000000000279e-01 -1.685200000000000031e-01
2.731740000000000279e-01 -1.685200000000000031e-01
2.731689999999999952e-01 -1.685300000000000686e-01
2.731689999999999952e-01 -1.685300000000000686e-01
2.731689999999999952e-01 -1.685300000000000686e-01
2.731689999999999952e-01 -1.685300000000000686e-01
2.731679999999999664e-01 -1.685300000000000686e-01
2.731629999999999892e-01 -1.685400000000001342e-01
2.731629999999999892e-01 -1.685400000000001342e-01
2.731629999999999892e-01 -1.685400000000001342e-01
2.731629999999999892e-01 -1.685400000000001342e-01
2.731620000000000159e-01 -1.685400000000001342e-01
2.731569999999999832e-01 -1.685499999999997556e-01
2.731569999999999832e-01 -1.685499999999997556e-01
2.731569999999999832e-01 -1.685499999999997556e-01
2.731569999999999832e-01 -1.685499999999997556e-01
2.731559999999999544e-01 -1.685499999999997556e-01
2.731510000000000327e-01 -1.685599999999998211e-01
2.731510000000000327e-01 -1.685599999999998211e-01
2.731510000000000327e-01 -1.685599999999998211e-01
2.731510000000000327e-01 -1.685599999999998211e-01
2.731510000000000327e-01 -1.685599999999998211e-01
2.731449999999999712e-01 -1.685699999999998866e-01
2.731449999999999712e-01 -1.685699999999998866e-01
2.731449999999999712e-01 -1.685799999999999521e-01
2.731449999999999712e-01 -1.685799999999999521e-01
2.731449999999999712e-01 -1.685799999999999521e-01
2.731390000000000207e-01 -1.685900000000000176e-01
2.731390000000000207e-01 -1.685900000000000176e-01
2.731390000000000207e-01 -1.685900000000000176e-01
2.731390000000000207e-01 -1.685900000000000176e-01
2.731390000000000207e-01 -1.685900000000000176e-01
2.731329999999999592e-01 -1.686000000000000831e-01
2.731329999999999592e-01 -1.686000000000000831e-01
2.731329999999999592e-01 -1.686000000000000831e-01
2.731329999999999592e-01 -1.686000000000000831e-01
2.731329999999999592e-01 -1.686000000000000831e-01
2.731280000000000374e-01 -1.686100000000001486e-01
2.731280000000000374e-01 -1.686100000000001486e-01
2.731280000000000374e-01 -1.686100000000001486e-01
2.731270000000000087e-01 -1.686100000000001486e-01
2.731270000000000087e-01 -1.686100000000001486e-01
2.731219999999999759e-01 -1.686199999999997701e-01
2.731219999999999759e-01 -1.686199999999997701e-01
2.731210000000000027e-01 -1.686199999999997701e-01
2.731210000000000027e-01 -1.686199999999997701e-01
2.731210000000000027e-01 -1.686199999999997701e-01
2.731160000000000254e-01 -1.686299999999998356e-01
2.731160000000000254e-01 -1.686299999999998356e-01
2.731149999999999967e-01 -1.686299999999998356e-01
2.731149999999999967e-01 -1.686299999999998356e-01
2.731149999999999967e-01 -1.686399999999999011e-01
2.731099999999999639e-01 -1.686399999999999011e-01
2.731099999999999639e-01 -1.686499999999999666e-01
2.731099999999999639e-01 -1.686499999999999666e-01
2.731099999999999639e-01 -1.686499999999999666e-01
2.731089999999999907e-01 -1.686499999999999666e-01
2.731040000000000134e-01 -1.686600000000000321e-01
2.731040000000000134e-01 -1.686600000000000321e-01
2.731040000000000134e-01 -1.686600000000000321e-01
2.731029999999999847e-01 -1.686600000000000321e-01
2.731029999999999847e-01 -1.686600000000000321e-01
2.730980000000000074e-01 -1.686700000000000976e-01
2.730980000000000074e-01 -1.686700000000000976e-01
2.730970000000000342e-01 -1.686700000000000976e-01
2.730970000000000342e-01 -1.686700000000000976e-01
2.730970000000000342e-01 -1.686700000000000976e-01
2.730920000000000014e-01 -1.686800000000001631e-01
2.730920000000000014e-01 -1.686800000000001631e-01
2.730920000000000014e-01 -1.686800000000001631e-01
2.730920000000000014e-01 -1.686800000000001631e-01
2.730920000000000014e-01 -1.686800000000001631e-01
2.730859999999999954e-01 -1.686899999999997846e-01
2.730859999999999954e-01 -1.686899999999997846e-01
2.730859999999999954e-01 -1.686899999999997846e-01
2.730859999999999954e-01 -1.686899999999997846e-01
2.730859999999999954e-01 -1.686899999999997846e-01
2.730799999999999894e-01 -1.686999999999998501e-01
2.730799999999999894e-01 -1.686999999999998501e-01
2.730799999999999894e-01 -1.686999999999998501e-01
2.730799999999999894e-01 -1.686999999999998501e-01
2.730799999999999894e-01 -1.686999999999998501e-01
2.730749999999999567e-01 -1.687099999999999156e-01
2.730739999999999834e-01 -1.687099999999999156e-01
2.730739999999999834e-01 -1.687099999999999156e-01
2.730739999999999834e-01 -1.687099999999999156e-01
2.730739999999999834e-01 -1.687199999999999811e-01
2.730690000000000062e-01 -1.687300000000000466e-01
2.730679999999999774e-01 -1.687300000000000466e-01
2.730679999999999774e-01 -1.687300000000000466e-01
2.730679999999999774e-01 -1.687300000000000466e-01
2.730679999999999774e-01 -1.687300000000000466e-01
2.730630000000000002e-01 -1.687400000000001121e-01
2.730630000000000002e-01 -1.687400000000001121e-01
2.730630000000000002e-01 -1.687400000000001121e-01
2.730630000000000002e-01 -1.687400000000001121e-01
2.730620000000000269e-01 -1.687400000000001121e-01
2.730569999999999942e-01 -1.687500000000001776e-01
2.730569999999999942e-01 -1.687500000000001776e-01
2.730569999999999942e-01 -1.687500000000001776e-01
2.730569999999999942e-01 -1.687500000000001776e-01
2.730569999999999942e-01 -1.687500000000001776e-01
2.730509999999999882e-01 -1.687599999999997991e-01
2.730509999999999882e-01 -1.687599999999997991e-01
2.730509999999999882e-01 -1.687599999999997991e-01
2.730509999999999882e-01 -1.687599999999997991e-01
2.730509999999999882e-01 -1.687599999999997991e-01
2.730460000000000109e-01 -1.687699999999998646e-01
2.730460000000000109e-01 -1.687699999999998646e-01
2.730460000000000109e-01 -1.687699999999998646e-01
2.730460000000000109e-01 -1.687699999999998646e-01
2.730460000000000109e-01 -1.687699999999998646e-01
2.730409999999999782e-01 -1.687799999999999301e-01
2.730400000000000049e-01 -1.687799999999999301e-01
2.730400000000000049e-01 -1.687799999999999301e-01
2.730400000000000049e-01 -1.687799999999999301e-01
2.730400000000000049e-01 -1.687799999999999301e-01
2.730350000000000277e-01 -1.688000000000000611e-01
2.730350000000000277e-01 -1.688000000000000611e-01
2.730350000000000277e-01 -1.688000000000000611e-01
2.730350000000000277e-01 -1.688000000000000611e-01
2.730339999999999989e-01 -1.688000000000000611e-01
2.730299999999999949e-01 -1.688100000000001266e-01
2.730299999999999949e-01 -1.688100000000001266e-01
2.730289999999999662e-01 -1.688100000000001266e-01
2.730289999999999662e-01 -1.688100000000001266e-01
2.730289999999999662e-01 -1.688100000000001266e-01
2.730239999999999889e-01 -1.688199999999997480e-01
2.730239999999999889e-01 -1.688199999999997480e-01
2.730239999999999889e-01 -1.688199999999997480e-01
2.730239999999999889e-01 -1.688199999999997480e-01
2.730239999999999889e-01 -1.688199999999997480e-01
2.730190000000000117e-01 -1.688299999999998136e-01
2.730190000000000117e-01 -1.688299999999998136e-01
2.730190000000000117e-01 -1.688299999999998136e-01
2.730179999999999829e-01 -1.688299999999998136e-01
2.730179999999999829e-01 -1.688299999999998136e-01
2.730130000000000057e-01 -1.688399999999998791e-01
2.730130000000000057e-01 -1.688399999999998791e-01
2.730130000000000057e-01 -1.688399999999998791e-01
2.730130000000000057e-01 -1.688399999999998791e-01
2.730130000000000057e-01 -1.688399999999998791e-01
2.730080000000000284e-01 -1.688499999999999446e-01
2.730080000000000284e-01 -1.688499999999999446e-01
2.730080000000000284e-01 -1.688499999999999446e-01
2.730080000000000284e-01 -1.688499999999999446e-01
2.730080000000000284e-01 -1.688499999999999446e-01
2.730029999999999957e-01 -1.688700000000000756e-01
2.730029999999999957e-01 -1.688700000000000756e-01
2.730029999999999957e-01 -1.688700000000000756e-01
2.730029999999999957e-01 -1.688700000000000756e-01
2.730019999999999669e-01 -1.688700000000000756e-01
2.729979999999999629e-01 -1.688800000000001411e-01
2.729969999999999897e-01 -1.688800000000001411e-01
2.729969999999999897e-01 -1.688800000000001411e-01
2.729969999999999897e-01 -1.688800000000001411e-01
2.729969999999999897e-01 -1.688800000000001411e-01
2.729920000000000124e-01 -1.688899999999997625e-01
2.729920000000000124e-01 -1.688899999999997625e-01
2.729920000000000124e-01 -1.688899999999997625e-01
2.729920000000000124e-01 -1.688899999999997625e-01
2.729920000000000124e-01 -1.688899999999997625e-01
2.729869999999999797e-01 -1.688999999999998280e-01
2.729869999999999797e-01 -1.688999999999998280e-01
2.729869999999999797e-01 -1.688999999999998280e-01
2.729869999999999797e-01 -1.688999999999998280e-01
2.729860000000000064e-01 -1.688999999999998280e-01
2.729810000000000292e-01 -1.689099999999998936e-01
2.729810000000000292e-01 -1.689099999999998936e-01
2.729810000000000292e-01 -1.689099999999998936e-01
2.729810000000000292e-01 -1.689099999999998936e-01
2.729810000000000292e-01 -1.689099999999998936e-01
2.729759999999999964e-01 -1.689199999999999591e-01
2.729759999999999964e-01 -1.689199999999999591e-01
2.729759999999999964e-01 -1.689199999999999591e-01
2.729759999999999964e-01 -1.689199999999999591e-01
2.729749999999999677e-01 -1.689300000000000246e-01
2.729709999999999637e-01 -1.689400000000000901e-01
2.729699999999999904e-01 -1.689400000000000901e-01
2.729699999999999904e-01 -1.689400000000000901e-01
2.729699999999999904e-01 -1.689400000000000901e-01
2.729699999999999904e-01 -1.689400000000000901e-01
2.729650000000000132e-01 -1.689500000000001556e-01
2.729650000000000132e-01 -1.689500000000001556e-01
2.729650000000000132e-01 -1.689500000000001556e-01
2.729650000000000132e-01 -1.689500000000001556e-01
2.729650000000000132e-01 -1.689500000000001556e-01
2.729590000000000072e-01 -1.689599999999997770e-01
2.729590000000000072e-01 -1.689599999999997770e-01
2.729590000000000072e-01 -1.689599999999997770e-01
2.729590000000000072e-01 -1.689599999999997770e-01
2.729590000000000072e-01 -1.689599999999997770e-01
2.729540000000000299e-01 -1.689699999999998425e-01
2.729540000000000299e-01 -1.689699999999998425e-01
2.729540000000000299e-01 -1.689699999999998425e-01
2.729540000000000299e-01 -1.689699999999998425e-01
2.729530000000000012e-01 -1.689699999999998425e-01
2.729489999999999972e-01 -1.689799999999999081e-01
2.729479999999999684e-01 -1.689799999999999081e-01
2.729479999999999684e-01 -1.689799999999999081e-01
2.729479999999999684e-01 -1.689799999999999081e-01
2.729479999999999684e-01 -1.689799999999999081e-01
2.729429999999999912e-01 -1.689899999999999736e-01
2.729429999999999912e-01 -1.690000000000000391e-01
2.729429999999999912e-01 -1.690000000000000391e-01
2.729420000000000179e-01 -1.690000000000000391e-01
2.729420000000000179e-01 -1.690000000000000391e-01
2.729369999999999852e-01 -1.690100000000001046e-01
2.729369999999999852e-01 -1.690100000000001046e-01
2.729369999999999852e-01 -1.690100000000001046e-01
2.729369999999999852e-01 -1.690100000000001046e-01
2.729369999999999852e-01 -1.690100000000001046e-01
2.729320000000000079e-01 -1.690200000000001701e-01
2.729310000000000347e-01 -1.690200000000001701e-01
2.729310000000000347e-01 -1.690200000000001701e-01
2.729310000000000347e-01 -1.690200000000001701e-01
2.729310000000000347e-01 -1.690200000000001701e-01
2.729260000000000019e-01 -1.690299999999997915e-01
2.729260000000000019e-01 -1.690299999999997915e-01
2.729260000000000019e-01 -1.690299999999997915e-01
2.729260000000000019e-01 -1.690299999999997915e-01
2.729249999999999732e-01 -1.690299999999997915e-01
2.729199999999999959e-01 -1.690399999999998570e-01
2.729199999999999959e-01 -1.690399999999998570e-01
2.729199999999999959e-01 -1.690399999999998570e-01
2.729199999999999959e-01 -1.690399999999998570e-01
2.729190000000000227e-01 -1.690399999999998570e-01
2.729139999999999899e-01 -1.690499999999999226e-01
2.729139999999999899e-01 -1.690499999999999226e-01
2.729139999999999899e-01 -1.690499999999999226e-01
2.729139999999999899e-01 -1.690499999999999226e-01
2.729139999999999899e-01 -1.690499999999999226e-01
2.729089999999999572e-01 -1.690599999999999881e-01
2.729089999999999572e-01 -1.690599999999999881e-01
2.729079999999999839e-01 -1.690700000000000536e-01
2.729079999999999839e-01 -1.690700000000000536e-01
2.729079999999999839e-01 -1.690700000000000536e-01
2.729030000000000067e-01 -1.690800000000001191e-01
2.729030000000000067e-01 -1.690800000000001191e-01
2.729019999999999779e-01 -1.690800000000001191e-01
2.729019999999999779e-01 -1.690800000000001191e-01
2.729019999999999779e-01 -1.690800000000001191e-01
2.728970000000000007e-01 -1.690900000000001846e-01
2.728970000000000007e-01 -1.690900000000001846e-01
2.728970000000000007e-01 -1.690900000000001846e-01
2.728970000000000007e-01 -1.690900000000001846e-01
2.728960000000000274e-01 -1.690900000000001846e-01
2.728909999999999947e-01 -1.690999999999998060e-01
2.728909999999999947e-01 -1.690999999999998060e-01
2.728909999999999947e-01 -1.690999999999998060e-01
2.728909999999999947e-01 -1.690999999999998060e-01
2.728909999999999947e-01 -1.690999999999998060e-01
2.728859999999999619e-01 -1.691099999999998715e-01
2.728849999999999887e-01 -1.691099999999998715e-01
2.728849999999999887e-01 -1.691099999999998715e-01
2.728849999999999887e-01 -1.691099999999998715e-01
2.728849999999999887e-01 -1.691099999999998715e-01
2.728800000000000114e-01 -1.691199999999999370e-01
2.728800000000000114e-01 -1.691199999999999370e-01
2.728800000000000114e-01 -1.691199999999999370e-01
2.728789999999999827e-01 -1.691300000000000026e-01
2.728789999999999827e-01 -1.691300000000000026e-01
2.728740000000000054e-01 -1.691400000000000681e-01
2.728740000000000054e-01 -1.691400000000000681e-01
2.728740000000000054e-01 -1.691400000000000681e-01
2.728740000000000054e-01 -1.691400000000000681e-01
2.728740000000000054e-01 -1.691400000000000681e-01
2.728690000000000282e-01 -1.691500000000001336e-01
2.728679999999999994e-01 -1.691500000000001336e-01
2.728679999999999994e-01 -1.691500000000001336e-01
2.728679999999999994e-01 -1.691500000000001336e-01
2.728679999999999994e-01 -1.691500000000001336e-01
2.728629999999999667e-01 -1.691599999999997550e-01
2.728629999999999667e-01 -1.691599999999997550e-01
2.728629999999999667e-01 -1.691599999999997550e-01
2.728629999999999667e-01 -1.691599999999997550e-01
2.728619999999999934e-01 -1.691599999999997550e-01
2.728570000000000162e-01 -1.691699999999998205e-01
2.728570000000000162e-01 -1.691699999999998205e-01
2.728570000000000162e-01 -1.691699999999998205e-01
2.728570000000000162e-01 -1.691699999999998205e-01
2.728570000000000162e-01 -1.691699999999998205e-01
2.728519999999999834e-01 -1.691799999999998860e-01
2.728519999999999834e-01 -1.691799999999998860e-01
2.728519999999999834e-01 -1.691799999999998860e-01
2.728509999999999547e-01 -1.691799999999998860e-01
2.728509999999999547e-01 -1.691799999999998860e-01
2.728460000000000329e-01 -1.692000000000000171e-01
2.728460000000000329e-01 -1.692000000000000171e-01
2.728460000000000329e-01 -1.692000000000000171e-01
2.728460000000000329e-01 -1.692000000000000171e-01
2.728460000000000329e-01 -1.692000000000000171e-01
2.728410000000000002e-01 -1.692100000000000826e-01
2.728410000000000002e-01 -1.692100000000000826e-01
2.728410000000000002e-01 -1.692100000000000826e-01
2.728410000000000002e-01 -1.692100000000000826e-01
2.728410000000000002e-01 -1.692100000000000826e-01
2.728359999999999674e-01 -1.692200000000001481e-01
2.728359999999999674e-01 -1.692200000000001481e-01
2.728349999999999942e-01 -1.692200000000001481e-01
2.728349999999999942e-01 -1.692200000000001481e-01
2.728349999999999942e-01 -1.692200000000001481e-01
2.728300000000000169e-01 -1.692299999999997695e-01
2.728300000000000169e-01 -1.692299999999997695e-01
2.728300000000000169e-01 -1.692299999999997695e-01
2.728300000000000169e-01 -1.692299999999997695e-01
2.728300000000000169e-01 -1.692299999999997695e-01
2.728249999999999842e-01 -1.692399999999998350e-01
2.728249999999999842e-01 -1.692399999999998350e-01
2.728249999999999842e-01 -1.692399999999998350e-01
2.728249999999999842e-01 -1.692399999999998350e-01
2.728249999999999842e-01 -1.692399999999998350e-01
2.728200000000000069e-01 -1.692499999999999005e-01
2.728200000000000069e-01 -1.692499999999999005e-01
2.728190000000000337e-01 -1.692499999999999005e-01
2.728190000000000337e-01 -1.692499999999999005e-01
2.728190000000000337e-01 -1.692599999999999660e-01
2.728140000000000009e-01 -1.692700000000000315e-01
2.728140000000000009e-01 -1.692700000000000315e-01
2.728140000000000009e-01 -1.692700000000000315e-01
2.728140000000000009e-01 -1.692700000000000315e-01
2.728140000000000009e-01 -1.692700000000000315e-01
2.728089999999999682e-01 -1.692800000000000971e-01
2.728089999999999682e-01 -1.692800000000000971e-01
2.728089999999999682e-01 -1.692800000000000971e-01
2.728089999999999682e-01 -1.692800000000000971e-01
2.728089999999999682e-01 -1.692800000000000971e-01
2.728039999999999909e-01 -1.692900000000001626e-01
2.728039999999999909e-01 -1.692900000000001626e-01
2.728039999999999909e-01 -1.692900000000001626e-01
2.728039999999999909e-01 -1.692900000000001626e-01
2.728039999999999909e-01 -1.692900000000001626e-01
2.727990000000000137e-01 -1.692999999999997840e-01
2.727979999999999849e-01 -1.692999999999997840e-01
2.727979999999999849e-01 -1.692999999999997840e-01
2.727979999999999849e-01 -1.692999999999997840e-01
2.727979999999999849e-01 -1.692999999999997840e-01
2.727930000000000077e-01 -1.693099999999998495e-01
2.727930000000000077e-01 -1.693099999999998495e-01
2.727930000000000077e-01 -1.693099999999998495e-01
2.727930000000000077e-01 -1.693099999999998495e-01
2.727930000000000077e-01 -1.693099999999998495e-01
2.727880000000000305e-01 -1.693299999999999805e-01
2.727880000000000305e-01 -1.693299999999999805e-01
2.727880000000000305e-01 -1.693299999999999805e-01
2.727880000000000305e-01 -1.693299999999999805e-01
2.727880000000000305e-01 -1.693299999999999805e-01
2.727829999999999977e-01 -1.693400000000000460e-01
2.727829999999999977e-01 -1.693400000000000460e-01
2.727829999999999977e-01 -1.693400000000000460e-01
2.727829999999999977e-01 -1.693400000000000460e-01
2.727829999999999977e-01 -1.693400000000000460e-01
2.727779999999999649e-01 -1.693500000000001116e-01
2.727779999999999649e-01 -1.693500000000001116e-01
2.727779999999999649e-01 -1.693500000000001116e-01
2.727779999999999649e-01 -1.693500000000001116e-01
2.727779999999999649e-01 -1.693500000000001116e-01
2.727729999999999877e-01 -1.693600000000001771e-01
2.727729999999999877e-01 -1.693600000000001771e-01
2.727729999999999877e-01 -1.693600000000001771e-01
2.727729999999999877e-01 -1.693600000000001771e-01
2.727729999999999877e-01 -1.693600000000001771e-01
2.727680000000000105e-01 -1.693699999999997985e-01
2.727680000000000105e-01 -1.693699999999997985e-01
2.727680000000000105e-01 -1.693699999999997985e-01
2.727680000000000105e-01 -1.693699999999997985e-01
2.727680000000000105e-01 -1.693699999999997985e-01
2.727629999999999777e-01 -1.693799999999998640e-01
2.727629999999999777e-01 -1.693799999999998640e-01
2.727629999999999777e-01 -1.693799999999998640e-01
2.727629999999999777e-01 -1.693799999999998640e-01
2.727629999999999777e-01 -1.693799999999998640e-01
2.727580000000000005e-01 -1.693999999999999950e-01
2.727580000000000005e-01 -1.693999999999999950e-01
2.727580000000000005e-01 -1.693999999999999950e-01
2.727580000000000005e-01 -1.693999999999999950e-01
2.727580000000000005e-01 -1.693999999999999950e-01
2.727539999999999965e-01 -1.694100000000000605e-01
2.727530000000000232e-01 -1.694100000000000605e-01
2.727530000000000232e-01 -1.694100000000000605e-01
2.727530000000000232e-01 -1.694100000000000605e-01
2.727530000000000232e-01 -1.694100000000000605e-01
2.727479999999999905e-01 -1.694200000000001261e-01
2.727479999999999905e-01 -1.694200000000001261e-01
2.727479999999999905e-01 -1.694200000000001261e-01
2.727479999999999905e-01 -1.694200000000001261e-01
2.727479999999999905e-01 -1.694200000000001261e-01
2.727439999999999864e-01 -1.694299999999997475e-01
2.727439999999999864e-01 -1.694299999999997475e-01
2.727429999999999577e-01 -1.694299999999997475e-01
2.727429999999999577e-01 -1.694299999999997475e-01
2.727429999999999577e-01 -1.694299999999997475e-01
2.727390000000000092e-01 -1.694399999999998130e-01
2.727390000000000092e-01 -1.694399999999998130e-01
2.727390000000000092e-01 -1.694399999999998130e-01
2.727390000000000092e-01 -1.694399999999998130e-01
2.727380000000000360e-01 -1.694399999999998130e-01
2.727340000000000320e-01 -1.694499999999998785e-01
2.727340000000000320e-01 -1.694499999999998785e-01
2.727340000000000320e-01 -1.694499999999998785e-01
2.727340000000000320e-01 -1.694499999999998785e-01
2.727330000000000032e-01 -1.694499999999998785e-01
2.727289999999999992e-01 -1.694700000000000095e-01
2.727289999999999992e-01 -1.694700000000000095e-01
2.727289999999999992e-01 -1.694700000000000095e-01
2.727289999999999992e-01 -1.694700000000000095e-01
2.727279999999999704e-01 -1.694700000000000095e-01
2.727239999999999664e-01 -1.694800000000000750e-01
2.727239999999999664e-01 -1.694800000000000750e-01
2.727239999999999664e-01 -1.694800000000000750e-01
2.727239999999999664e-01 -1.694800000000000750e-01
2.727239999999999664e-01 -1.694800000000000750e-01
2.727189999999999892e-01 -1.694900000000001405e-01
2.727189999999999892e-01 -1.694900000000001405e-01
2.727189999999999892e-01 -1.694900000000001405e-01
2.727189999999999892e-01 -1.694900000000001405e-01
2.727189999999999892e-01 -1.694900000000001405e-01
2.727149999999999852e-01 -1.694999999999997620e-01
2.727140000000000120e-01 -1.694999999999997620e-01
2.727140000000000120e-01 -1.694999999999997620e-01
2.727140000000000120e-01 -1.694999999999997620e-01
2.727140000000000120e-01 -1.694999999999997620e-01
2.727100000000000080e-01 -1.695099999999998275e-01
2.727100000000000080e-01 -1.695099999999998275e-01
2.727100000000000080e-01 -1.695099999999998275e-01
2.727100000000000080e-01 -1.695099999999998275e-01
2.727089999999999792e-01 -1.695099999999998275e-01
2.727049999999999752e-01 -1.695199999999998930e-01
2.727049999999999752e-01 -1.695199999999998930e-01
2.727049999999999752e-01 -1.695199999999998930e-01
2.727049999999999752e-01 -1.695199999999998930e-01
2.727049999999999752e-01 -1.695199999999998930e-01
2.726999999999999980e-01 -1.695299999999999585e-01
2.726999999999999980e-01 -1.695299999999999585e-01
2.726999999999999980e-01 -1.695299999999999585e-01
2.726999999999999980e-01 -1.695299999999999585e-01
2.726999999999999980e-01 -1.695299999999999585e-01
2.726959999999999940e-01 -1.695500000000000895e-01
2.726950000000000207e-01 -1.695500000000000895e-01
2.726950000000000207e-01 -1.695500000000000895e-01
2.726950000000000207e-01 -1.695500000000000895e-01
2.726950000000000207e-01 -1.695500000000000895e-01
2.726910000000000167e-01 -1.695600000000001550e-01
2.726910000000000167e-01 -1.695600000000001550e-01
2.726910000000000167e-01 -1.695600000000001550e-01
2.726910000000000167e-01 -1.695600000000001550e-01
2.726910000000000167e-01 -1.695600000000001550e-01
2.726859999999999840e-01 -1.695699999999997765e-01
2.726859999999999840e-01 -1.695699999999997765e-01
2.726859999999999840e-01 -1.695699999999997765e-01
2.726859999999999840e-01 -1.695699999999997765e-01
2.726859999999999840e-01 -1.695699999999997765e-01
2.726810000000000067e-01 -1.695799999999998420e-01
2.726810000000000067e-01 -1.695799999999998420e-01
2.726810000000000067e-01 -1.695799999999998420e-01
2.726810000000000067e-01 -1.695799999999998420e-01
2.726810000000000067e-01 -1.695799999999998420e-01
2.726760000000000295e-01 -1.695899999999999075e-01
2.726760000000000295e-01 -1.695899999999999075e-01
2.726760000000000295e-01 -1.695899999999999075e-01
2.726760000000000295e-01 -1.695899999999999075e-01
2.726760000000000295e-01 -1.695899999999999075e-01
2.726709999999999967e-01 -1.695999999999999730e-01
2.726709999999999967e-01 -1.695999999999999730e-01
2.726709999999999967e-01 -1.695999999999999730e-01
2.726709999999999967e-01 -1.695999999999999730e-01
2.726709999999999967e-01 -1.695999999999999730e-01
2.726659999999999640e-01 -1.696100000000000385e-01
2.726659999999999640e-01 -1.696100000000000385e-01
2.726659999999999640e-01 -1.696100000000000385e-01
2.726659999999999640e-01 -1.696100000000000385e-01
2.726659999999999640e-01 -1.696100000000000385e-01
2.726609999999999867e-01 -1.696200000000001040e-01
2.726609999999999867e-01 -1.696200000000001040e-01
2.726609999999999867e-01 -1.696200000000001040e-01
2.726609999999999867e-01 -1.696200000000001040e-01
2.726609999999999867e-01 -1.696200000000001040e-01
2.726560000000000095e-01 -1.696300000000001695e-01
2.726560000000000095e-01 -1.696399999999997910e-01
2.726560000000000095e-01 -1.696399999999997910e-01
2.726560000000000095e-01 -1.696399999999997910e-01
2.726560000000000095e-01 -1.696399999999997910e-01
2.726520000000000055e-01 -1.696499999999998565e-01
2.726509999999999767e-01 -1.696499999999998565e-01
2.726509999999999767e-01 -1.696499999999998565e-01
2.726509999999999767e-01 -1.696499999999998565e-01
2.726509999999999767e-01 -1.696499999999998565e-01
2.726469999999999727e-01 -1.696599999999999220e-01
2.726469999999999727e-01 -1.696599999999999220e-01
2.726459999999999995e-01 -1.696599999999999220e-01
2.726459999999999995e-01 -1.696599999999999220e-01
2.726459999999999995e-01 -1.696599999999999220e-01
2.726410000000000222e-01 -1.696699999999999875e-01
2.726410000000000222e-01 -1.696699999999999875e-01
2.726410000000000222e-01 -1.696699999999999875e-01
2.726410000000000222e-01 -1.696699999999999875e-01
2.726410000000000222e-01 -1.696699999999999875e-01
2.726370000000000182e-01 -1.696800000000000530e-01
2.726359999999999895e-01 -1.696800000000000530e-01
2.726359999999999895e-01 -1.696800000000000530e-01
2.726359999999999895e-01 -1.696800000000000530e-01
2.726359999999999895e-01 -1.696800000000000530e-01
2.726319999999999855e-01 -1.696900000000001185e-01
2.726319999999999855e-01 -1.696900000000001185e-01
2.726309999999999567e-01 -1.696900000000001185e-01
2.726309999999999567e-01 -1.696900000000001185e-01
2.726309999999999567e-01 -1.696900000000001185e-01
2.726270000000000082e-01 -1.697000000000001840e-01
2.726260000000000350e-01 -1.697000000000001840e-01
2.726260000000000350e-01 -1.697000000000001840e-01
2.726260000000000350e-01 -1.697000000000001840e-01
2.726260000000000350e-01 -1.697000000000001840e-01
2.726220000000000310e-01 -1.697099999999998055e-01
2.726220000000000310e-01 -1.697099999999998055e-01
2.726210000000000022e-01 -1.697099999999998055e-01
2.726210000000000022e-01 -1.697099999999998055e-01
2.726210000000000022e-01 -1.697099999999998055e-01
2.726169999999999982e-01 -1.697199999999998710e-01
2.726169999999999982e-01 -1.697199999999998710e-01
2.726169999999999982e-01 -1.697199999999998710e-01
2.726159999999999695e-01 -1.697199999999998710e-01
2.726159999999999695e-01 -1.697199999999998710e-01
2.726119999999999655e-01 -1.697299999999999365e-01
2.726119999999999655e-01 -1.697299999999999365e-01
2.726119999999999655e-01 -1.697299999999999365e-01
2.726119999999999655e-01 -1.697299999999999365e-01
2.726119999999999655e-01 -1.697299999999999365e-01
2.726069999999999882e-01 -1.697400000000000020e-01
2.726069999999999882e-01 -1.697400000000000020e-01
2.726069999999999882e-01 -1.697400000000000020e-01
2.726069999999999882e-01 -1.697400000000000020e-01
2.726069999999999882e-01 -1.697500000000000675e-01
2.726020000000000110e-01 -1.697500000000000675e-01
2.726020000000000110e-01 -1.697600000000001330e-01
2.726020000000000110e-01 -1.697600000000001330e-01
2.726020000000000110e-01 -1.697600000000001330e-01
2.726020000000000110e-01 -1.697600000000001330e-01
2.725980000000000070e-01 -1.697699999999997544e-01
2.725969999999999782e-01 -1.697699999999997544e-01
2.725969999999999782e-01 -1.697699999999997544e-01
2.725969999999999782e-01 -1.697699999999997544e-01
2.725969999999999782e-01 -1.697699999999997544e-01
2.725929999999999742e-01 -1.697799999999998199e-01
2.725920000000000010e-01 -1.697799999999998199e-01
2.725920000000000010e-01 -1.697799999999998199e-01
2.725920000000000010e-01 -1.697799999999998199e-01
2.725920000000000010e-01 -1.697799999999998199e-01
2.725879999999999970e-01 -1.697899999999998855e-01
2.725879999999999970e-01 -1.697899999999998855e-01
2.725879999999999970e-01 -1.697899999999998855e-01
2.725870000000000237e-01 -1.697899999999998855e-01
2.725870000000000237e-01 -1.697899999999998855e-01
2.725830000000000197e-01 -1.697999999999999510e-01
2.725830000000000197e-01 -1.697999999999999510e-01
2.725830000000000197e-01 -1.697999999999999510e-01
2.725830000000000197e-01 -1.697999999999999510e-01
2.725830000000000197e-01 -1.697999999999999510e-01
2.725790000000000157e-01 -1.698100000000000165e-01
2.725790000000000157e-01 -1.698100000000000165e-01
2.725779999999999870e-01 -1.698100000000000165e-01
2.725779999999999870e-01 -1.698100000000000165e-01
2.725779999999999870e-01 -1.698100000000000165e-01
2.725739999999999830e-01 -1.698200000000000820e-01
2.725739999999999830e-01 -1.698200000000000820e-01
2.725739999999999830e-01 -1.698200000000000820e-01
2.725739999999999830e-01 -1.698200000000000820e-01
2.725730000000000097e-01 -1.698200000000000820e-01
2.725690000000000057e-01 -1.698300000000001475e-01
2.725690000000000057e-01 -1.698300000000001475e-01
2.725690000000000057e-01 -1.698300000000001475e-01
2.725690000000000057e-01 -1.698300000000001475e-01
2.725690000000000057e-01 -1.698300000000001475e-01
2.725650000000000017e-01 -1.698399999999997689e-01
2.725640000000000285e-01 -1.698399999999997689e-01
2.725640000000000285e-01 -1.698399999999997689e-01
2.725640000000000285e-01 -1.698399999999997689e-01
2.725640000000000285e-01 -1.698399999999997689e-01
2.725600000000000245e-01 -1.698499999999998344e-01
2.725600000000000245e-01 -1.698499999999998344e-01
2.725600000000000245e-01 -1.698499999999998344e-01
2.725600000000000245e-01 -1.698499999999998344e-01
2.725600000000000245e-01 -1.698499999999998344e-01
2.725560000000000205e-01 -1.698599999999999000e-01
2.725549999999999917e-01 -1.698599999999999000e-01
2.725549999999999917e-01 -1.698599999999999000e-01
2.725549999999999917e-01 -1.698599999999999000e-01
2.725549999999999917e-01 -1.698699999999999655e-01
2.725509999999999877e-01 -1.698699999999999655e-01
2.725509999999999877e-01 -1.698699999999999655e-01
2.725509999999999877e-01 -1.698699999999999655e-01
2.725509999999999877e-01 -1.698800000000000310e-01
2.725509999999999877e-01 -1.698800000000000310e-01
2.725469999999999837e-01 -1.698900000000000965e-01
2.725469999999999837e-01 -1.698900000000000965e-01
2.725459999999999550e-01 -1.698900000000000965e-01
2.725459999999999550e-01 -1.698900000000000965e-01
2.725459999999999550e-01 -1.698900000000000965e-01
2.725420000000000065e-01 -1.699000000000001620e-01
2.725420000000000065e-01 -1.699000000000001620e-01
2.725420000000000065e-01 -1.699000000000001620e-01
2.725420000000000065e-01 -1.699000000000001620e-01
2.725410000000000332e-01 -1.699000000000001620e-01
2.725380000000000025e-01 -1.699099999999997834e-01
2.725370000000000292e-01 -1.699099999999997834e-01
2.725370000000000292e-01 -1.699099999999997834e-01
2.725370000000000292e-01 -1.699099999999997834e-01
2.725370000000000292e-01 -1.699099999999997834e-01
2.725330000000000252e-01 -1.699199999999998489e-01
2.725330000000000252e-01 -1.699199999999998489e-01
2.725330000000000252e-01 -1.699199999999998489e-01
2.725330000000000252e-01 -1.699199999999998489e-01
2.725330000000000252e-01 -1.699199999999998489e-01
2.725290000000000212e-01 -1.699299999999999145e-01
2.725290000000000212e-01 -1.699299999999999145e-01
2.725279999999999925e-01 -1.699299999999999145e-01
2.725279999999999925e-01 -1.699299999999999145e-01
2.725279999999999925e-01 -1.699299999999999145e-01
2.725239999999999885e-01 -1.699399999999999800e-01
2.725239999999999885e-01 -1.699399999999999800e-01
2.725239999999999885e-01 -1.699399999999999800e-01
2.725239999999999885e-01 -1.699399999999999800e-01
2.725239999999999885e-01 -1.699399999999999800e-01
2.725199999999999845e-01 -1.699500000000000455e-01
2.725189999999999557e-01 -1.699500000000000455e-01
2.725189999999999557e-01 -1.699500000000000455e-01
2.725189999999999557e-01 -1.699500000000000455e-01
2.725189999999999557e-01 -1.699500000000000455e-01
2.725150000000000072e-01 -1.699600000000001110e-01
2.725140000000000340e-01 -1.699600000000001110e-01
2.725140000000000340e-01 -1.699600000000001110e-01
2.725140000000000340e-01 -1.699600000000001110e-01
2.725140000000000340e-01 -1.699600000000001110e-01
2.725100000000000300e-01 -1.699700000000001765e-01
2.725100000000000300e-01 -1.699700000000001765e-01
2.725100000000000300e-01 -1.699700000000001765e-01
2.725100000000000300e-01 -1.699700000000001765e-01
2.725090000000000012e-01 -1.699700000000001765e-01
2.725049999999999972e-01 -1.699799999999997979e-01
2.725049999999999972e-01 -1.699799999999997979e-01
2.725049999999999972e-01 -1.699799999999997979e-01
2.725049999999999972e-01 -1.699799999999997979e-01
2.725049999999999972e-01 -1.699799999999997979e-01
2.724999999999999645e-01 -1.699899999999998634e-01
2.724999999999999645e-01 -1.699899999999998634e-01
2.724999999999999645e-01 -1.699899999999998634e-01
2.724999999999999645e-01 -1.699899999999998634e-01
2.724999999999999645e-01 -1.699999999999999289e-01
2.724959999999999605e-01 -1.699999999999999289e-01
2.724959999999999605e-01 -1.699999999999999289e-01
2.724949999999999872e-01 -1.700099999999999945e-01
2.724949999999999872e-01 -1.700099999999999945e-01
2.724949999999999872e-01 -1.700099999999999945e-01
2.724909999999999832e-01 -1.700200000000000600e-01
2.724909999999999832e-01 -1.700200000000000600e-01
2.724909999999999832e-01 -1.700200000000000600e-01
2.724909999999999832e-01 -1.700200000000000600e-01
2.724900000000000100e-01 -1.700200000000000600e-01
2.724860000000000060e-01 -1.700300000000001255e-01
2.724860000000000060e-01 -1.700300000000001255e-01
2.724860000000000060e-01 -1.700300000000001255e-01
2.724860000000000060e-01 -1.700300000000001255e-01
2.724860000000000060e-01 -1.700300000000001255e-01
2.724809999999999732e-01 -1.700399999999997469e-01
2.724809999999999732e-01 -1.700399999999997469e-01
2.724809999999999732e-01 -1.700399999999997469e-01
2.724809999999999732e-01 -1.700399999999997469e-01
2.724809999999999732e-01 -1.700399999999997469e-01
2.724759999999999960e-01 -1.700499999999998124e-01
2.724759999999999960e-01 -1.700499999999998124e-01
2.724759999999999960e-01 -1.700499999999998124e-01
2.724759999999999960e-01 -1.700499999999998124e-01
2.724759999999999960e-01 -1.700499999999998124e-01
2.724710000000000187e-01 -1.700599999999998779e-01
2.724710000000000187e-01 -1.700599999999998779e-01
2.724710000000000187e-01 -1.700599999999998779e-01
2.724710000000000187e-01 -1.700599999999998779e-01
2.724710000000000187e-01 -1.700599999999998779e-01
2.724670000000000147e-01 -1.700699999999999434e-01
2.724659999999999860e-01 -1.700699999999999434e-01
2.724659999999999860e-01 -1.700699999999999434e-01
2.724659999999999860e-01 -1.700699999999999434e-01
2.724659999999999860e-01 -1.700699999999999434e-01
2.724619999999999820e-01 -1.700800000000000090e-01
2.724619999999999820e-01 -1.700800000000000090e-01
2.724610000000000087e-01 -1.700800000000000090e-01
2.724610000000000087e-01 -1.700800000000000090e-01
2.724610000000000087e-01 -1.700800000000000090e-01
2.724570000000000047e-01 -1.700900000000000745e-01
2.724570000000000047e-01 -1.700900000000000745e-01
2.724560000000000315e-01 -1.700900000000000745e-01
2.724560000000000315e-01 -1.700900000000000745e-01
2.724560000000000315e-01 -1.700900000000000745e-01
2.724520000000000275e-01 -1.701000000000001400e-01
2.724520000000000275e-01 -1.701000000000001400e-01
2.724520000000000275e-01 -1.701000000000001400e-01
2.724509999999999987e-01 -1.701000000000001400e-01
2.724509999999999987e-01 -1.701000000000001400e-01
2.724469999999999947e-01 -1.701099999999997614e-01
2.724469999999999947e-01 -1.701099999999997614e-01
2.724469999999999947e-01 -1.701099999999997614e-01
2.724469999999999947e-01 -1.701099999999997614e-01
2.724469999999999947e-01 -1.701099999999997614e-01
2.724419999999999620e-01 -1.701199999999998269e-01
2.724419999999999620e-01 -1.701199999999998269e-01
2.724419999999999620e-01 -1.701199999999998269e-01
2.724419999999999620e-01 -1.701199999999998269e-01
2.724419999999999620e-01 -1.701199999999998269e-01
2.724379999999999580e-01 -1.701299999999998924e-01
2.724379999999999580e-01 -1.701299999999998924e-01
2.724379999999999580e-01 -1.701299999999998924e-01
2.724369999999999847e-01 -1.701299999999998924e-01
2.724369999999999847e-01 -1.701299999999998924e-01
2.724340000000000095e-01 -1.701399999999999579e-01
2.724330000000000362e-01 -1.701399999999999579e-01
2.724330000000000362e-01 -1.701399999999999579e-01
2.724330000000000362e-01 -1.701399999999999579e-01
2.724330000000000362e-01 -1.701399999999999579e-01
2.724290000000000322e-01 -1.701500000000000234e-01
2.724290000000000322e-01 -1.701500000000000234e-01
2.724290000000000322e-01 -1.701500000000000234e-01
2.724280000000000035e-01 -1.701500000000000234e-01
2.724280000000000035e-01 -1.701500000000000234e-01
2.724250000000000282e-01 -1.701600000000000890e-01
2.724239999999999995e-01 -1.701600000000000890e-01
2.724239999999999995e-01 -1.701600000000000890e-01
2.724239999999999995e-01 -1.701600000000000890e-01
2.724239999999999995e-01 -1.701600000000000890e-01
2.724199999999999955e-01 -1.701700000000001545e-01
2.724199999999999955e-01 -1.701700000000001545e-01
2.724199999999999955e-01 -1.701700000000001545e-01
2.724199999999999955e-01 -1.701700000000001545e-01
2.724199999999999955e-01 -1.701700000000001545e-01
2.724159999999999915e-01 -1.701799999999997759e-01
2.724159999999999915e-01 -1.701799999999997759e-01
2.724149999999999627e-01 -1.701799999999997759e-01
2.724149999999999627e-01 -1.701799999999997759e-01
2.724149999999999627e-01 -1.701799999999997759e-01
2.724119999999999875e-01 -1.701899999999998414e-01
2.724109999999999587e-01 -1.701899999999998414e-01
2.724109999999999587e-01 -1.701899999999998414e-01
2.724109999999999587e-01 -1.701899999999998414e-01
2.724109999999999587e-01 -1.701899999999998414e-01
2.724069999999999547e-01 -1.701999999999999069e-01
2.724069999999999547e-01 -1.701999999999999069e-01
2.724069999999999547e-01 -1.701999999999999069e-01
2.724069999999999547e-01 -1.701999999999999069e-01
2.724069999999999547e-01 -1.701999999999999069e-01
2.724030000000000062e-01 -1.702099999999999724e-01
2.724020000000000330e-01 -1.702099999999999724e-01
2.724020000000000330e-01 -1.702099999999999724e-01
2.724020000000000330e-01 -1.702099999999999724e-01
2.724020000000000330e-01 -1.702099999999999724e-01
2.723990000000000022e-01 -1.702200000000000379e-01
2.723980000000000290e-01 -1.702200000000000379e-01
2.723980000000000290e-01 -1.702200000000000379e-01
2.723980000000000290e-01 -1.702200000000000379e-01
2.723980000000000290e-01 -1.702200000000000379e-01
2.723940000000000250e-01 -1.702300000000001035e-01
2.723940000000000250e-01 -1.702300000000001035e-01
2.723940000000000250e-01 -1.702300000000001035e-01
2.723940000000000250e-01 -1.702300000000001035e-01
2.723940000000000250e-01 -1.702300000000001035e-01
2.723900000000000210e-01 -1.702400000000001690e-01
2.723900000000000210e-01 -1.702400000000001690e-01
2.723900000000000210e-01 -1.702400000000001690e-01
2.723889999999999922e-01 -1.702400000000001690e-01
2.723889999999999922e-01 -1.702400000000001690e-01
2.723860000000000170e-01 -1.702499999999997904e-01
2.723860000000000170e-01 -1.702499999999997904e-01
2.723860000000000170e-01 -1.702499999999997904e-01
2.723849999999999882e-01 -1.702499999999997904e-01
2.723849999999999882e-01 -1.702499999999997904e-01
2.723809999999999842e-01 -1.702599999999998559e-01
2.723809999999999842e-01 -1.702599999999998559e-01
2.723809999999999842e-01 -1.702599999999998559e-01
2.723809999999999842e-01 -1.702599999999998559e-01
2.723809999999999842e-01 -1.702599999999998559e-01
2.723769999999999802e-01 -1.702699999999999214e-01
2.723769999999999802e-01 -1.702699999999999214e-01
2.723769999999999802e-01 -1.702699999999999214e-01
2.723769999999999802e-01 -1.702699999999999214e-01
2.723769999999999802e-01 -1.702699999999999214e-01
2.723729999999999762e-01 -1.702799999999999869e-01
2.723729999999999762e-01 -1.702799999999999869e-01
2.723720000000000030e-01 -1.702799999999999869e-01
2.723720000000000030e-01 -1.702799999999999869e-01
2.723720000000000030e-01 -1.702799999999999869e-01
2.723679999999999990e-01 -1.702900000000000524e-01
2.723679999999999990e-01 -1.702900000000000524e-01
2.723679999999999990e-01 -1.702900000000000524e-01
2.723679999999999990e-01 -1.702900000000000524e-01
2.723679999999999990e-01 -1.702900000000000524e-01
2.723639999999999950e-01 -1.703000000000001180e-01
2.723639999999999950e-01 -1.703000000000001180e-01
2.723630000000000217e-01 -1.703000000000001180e-01
2.723630000000000217e-01 -1.703000000000001180e-01
2.723630000000000217e-01 -1.703000000000001180e-01
2.723590000000000177e-01 -1.703100000000001835e-01
2.723590000000000177e-01 -1.703100000000001835e-01
2.723590000000000177e-01 -1.703100000000001835e-01
2.723590000000000177e-01 -1.703100000000001835e-01
2.723590000000000177e-01 -1.703100000000001835e-01
2.723550000000000137e-01 -1.703199999999998049e-01
2.723550000000000137e-01 -1.703199999999998049e-01
2.723550000000000137e-01 -1.703199999999998049e-01
2.723539999999999850e-01 -1.703199999999998049e-01
2.723539999999999850e-01 -1.703199999999998049e-01
2.723499999999999810e-01 -1.703299999999998704e-01
2.723499999999999810e-01 -1.703299999999998704e-01
2.723499999999999810e-01 -1.703299999999998704e-01
2.723499999999999810e-01 -1.703299999999998704e-01
2.723499999999999810e-01 -1.703299999999998704e-01
2.723459999999999770e-01 -1.703399999999999359e-01
2.723459999999999770e-01 -1.703399999999999359e-01
2.723459999999999770e-01 -1.703399999999999359e-01
2.723450000000000037e-01 -1.703399999999999359e-01
2.723450000000000037e-01 -1.703399999999999359e-01
2.723409999999999997e-01 -1.703500000000000014e-01
2.723409999999999997e-01 -1.703500000000000014e-01
2.723409999999999997e-01 -1.703500000000000014e-01
2.723409999999999997e-01 -1.703500000000000014e-01
2.723409999999999997e-01 -1.703500000000000014e-01
2.723369999999999957e-01 -1.703600000000000669e-01
2.723369999999999957e-01 -1.703600000000000669e-01
2.723360000000000225e-01 -1.703600000000000669e-01
2.723360000000000225e-01 -1.703600000000000669e-01
2.723360000000000225e-01 -1.703600000000000669e-01
2.723320000000000185e-01 -1.703700000000001324e-01
2.723320000000000185e-01 -1.703700000000001324e-01
2.723320000000000185e-01 -1.703700000000001324e-01
2.723320000000000185e-01 -1.703700000000001324e-01
2.723320000000000185e-01 -1.703700000000001324e-01
2.723280000000000145e-01 -1.703799999999997539e-01
2.723280000000000145e-01 -1.703799999999997539e-01
2.723269999999999857e-01 -1.703799999999997539e-01
2.723269999999999857e-01 -1.703799999999997539e-01
2.723269999999999857e-01 -1.703799999999997539e-01
2.723229999999999817e-01 -1.703899999999998194e-01
2.723229999999999817e-01 -1.703899999999998194e-01
2.723229999999999817e-01 -1.703899999999998194e-01
2.723220000000000085e-01 -1.703899999999998194e-01
2.723220000000000085e-01 -1.703899999999998194e-01
2.723180000000000045e-01 -1.703999999999998849e-01
2.723180000000000045e-01 -1.703999999999998849e-01
2.723180000000000045e-01 -1.703999999999998849e-01
2.723180000000000045e-01 -1.703999999999998849e-01
2.723180000000000045e-01 -1.703999999999998849e-01
2.723140000000000005e-01 -1.704099999999999504e-01
2.723140000000000005e-01 -1.704099999999999504e-01
2.723140000000000005e-01 -1.704099999999999504e-01
2.723140000000000005e-01 -1.704099999999999504e-01
2.723130000000000273e-01 -1.704099999999999504e-01
2.723090000000000233e-01 -1.704200000000000159e-01
2.723090000000000233e-01 -1.704200000000000159e-01
2.723090000000000233e-01 -1.704200000000000159e-01
2.723090000000000233e-01 -1.704200000000000159e-01
2.723090000000000233e-01 -1.704200000000000159e-01
2.723039999999999905e-01 -1.704200000000000159e-01
2.723039999999999905e-01 -1.704200000000000159e-01
2.723039999999999905e-01 -1.704200000000000159e-01
2.723039999999999905e-01 -1.704300000000000814e-01
2.723039999999999905e-01 -1.704300000000000814e-01
2.722999999999999865e-01 -1.704300000000000814e-01
2.722999999999999865e-01 -1.704300000000000814e-01
2.722999999999999865e-01 -1.704400000000001469e-01
2.722989999999999577e-01 -1.704400000000001469e-01
2.722989999999999577e-01 -1.704400000000001469e-01
2.722950000000000093e-01 -1.704400000000001469e-01
2.722940000000000360e-01 -1.704400000000001469e-01
2.722940000000000360e-01 -1.704400000000001469e-01
2.722940000000000360e-01 -1.704400000000001469e-01
2.722940000000000360e-01 -1.704499999999997684e-01
2.722900000000000320e-01 -1.704499999999997684e-01
2.722900000000000320e-01 -1.704499999999997684e-01
2.722900000000000320e-01 -1.704499999999997684e-01
2.722900000000000320e-01 -1.704499999999997684e-01
2.722900000000000320e-01 -1.704499999999997684e-01
2.722860000000000280e-01 -1.704599999999998339e-01
2.722860000000000280e-01 -1.704599999999998339e-01
2.722849999999999993e-01 -1.704599999999998339e-01
2.722849999999999993e-01 -1.704599999999998339e-01
2.722849999999999993e-01 -1.704599999999998339e-01
2.722809999999999953e-01 -1.704699999999998994e-01
2.722809999999999953e-01 -1.704699999999998994e-01
2.722809999999999953e-01 -1.704699999999998994e-01
2.722799999999999665e-01 -1.704699999999998994e-01
2.722799999999999665e-01 -1.704699999999998994e-01
2.722759999999999625e-01 -1.704799999999999649e-01
2.722759999999999625e-01 -1.704799999999999649e-01
2.722759999999999625e-01 -1.704799999999999649e-01
2.722759999999999625e-01 -1.704799999999999649e-01
2.722759999999999625e-01 -1.704799999999999649e-01
2.722719999999999585e-01 -1.704900000000000304e-01
2.722719999999999585e-01 -1.704900000000000304e-01
2.722709999999999853e-01 -1.704900000000000304e-01
2.722709999999999853e-01 -1.704900000000000304e-01
2.722709999999999853e-01 -1.704900000000000304e-01
2.722670000000000368e-01 -1.705000000000000959e-01
2.722670000000000368e-01 -1.705000000000000959e-01
2.722670000000000368e-01 -1.705000000000000959e-01
2.722670000000000368e-01 -1.705000000000000959e-01
2.722660000000000080e-01 -1.705000000000000959e-01
2.722620000000000040e-01 -1.705100000000001614e-01
2.722620000000000040e-01 -1.705100000000001614e-01
2.722620000000000040e-01 -1.705100000000001614e-01
2.722620000000000040e-01 -1.705100000000001614e-01
2.722620000000000040e-01 -1.705100000000001614e-01
2.722580000000000000e-01 -1.705199999999997829e-01
2.722580000000000000e-01 -1.705199999999997829e-01
2.722580000000000000e-01 -1.705199999999997829e-01
2.722580000000000000e-01 -1.705199999999997829e-01
2.722569999999999713e-01 -1.705199999999997829e-01
2.722529999999999673e-01 -1.705299999999998484e-01
2.722529999999999673e-01 -1.705299999999998484e-01
2.722529999999999673e-01 -1.705299999999998484e-01
2.722529999999999673e-01 -1.705299999999998484e-01
2.722529999999999673e-01 -1.705299999999998484e-01
2.722489999999999633e-01 -1.705399999999999139e-01
2.722489999999999633e-01 -1.705399999999999139e-01
2.722489999999999633e-01 -1.705399999999999139e-01
2.722489999999999633e-01 -1.705399999999999139e-01
2.722479999999999900e-01 -1.705399999999999139e-01
2.722449999999999593e-01 -1.705499999999999794e-01
2.722439999999999860e-01 -1.705499999999999794e-01
2.722439999999999860e-01 -1.705499999999999794e-01
2.722439999999999860e-01 -1.705499999999999794e-01
2.722439999999999860e-01 -1.705499999999999794e-01
2.722400000000000375e-01 -1.705499999999999794e-01
2.722400000000000375e-01 -1.705499999999999794e-01
2.722400000000000375e-01 -1.705499999999999794e-01
2.722400000000000375e-01 -1.705499999999999794e-01
2.722400000000000375e-01 -1.705600000000000449e-01
2.722350000000000048e-01 -1.705600000000000449e-01
2.722350000000000048e-01 -1.705600000000000449e-01
2.722350000000000048e-01 -1.705600000000000449e-01
2.722350000000000048e-01 -1.705600000000000449e-01
2.722350000000000048e-01 -1.705600000000000449e-01
2.722310000000000008e-01 -1.705700000000001104e-01
2.722310000000000008e-01 -1.705700000000001104e-01
2.722310000000000008e-01 -1.705700000000001104e-01
2.722310000000000008e-01 -1.705700000000001104e-01
2.722310000000000008e-01 -1.705700000000001104e-01
2.722269999999999968e-01 -1.705800000000001759e-01
2.722269999999999968e-01 -1.705800000000001759e-01
2.722269999999999968e-01 -1.705800000000001759e-01
2.722269999999999968e-01 -1.705800000000001759e-01
2.722269999999999968e-01 -1.705800000000001759e-01
2.722229999999999928e-01 -1.705899999999997974e-01
2.722229999999999928e-01 -1.705899999999997974e-01
2.722229999999999928e-01 -1.705899999999997974e-01
2.722219999999999640e-01 -1.705899999999997974e-01
2.722219999999999640e-01 -1.705899999999997974e-01
2.722189999999999888e-01 -1.705999999999998629e-01
2.722189999999999888e-01 -1.705999999999998629e-01
2.722179999999999600e-01 -1.705999999999998629e-01
2.722179999999999600e-01 -1.705999999999998629e-01
2.722179999999999600e-01 -1.705999999999998629e-01
2.722149999999999848e-01 -1.706099999999999284e-01
2.722139999999999560e-01 -1.706099999999999284e-01
2.722139999999999560e-01 -1.706099999999999284e-01
2.722139999999999560e-01 -1.706099999999999284e-01
2.722139999999999560e-01 -1.706099999999999284e-01
2.722100000000000075e-01 -1.706199999999999939e-01
2.722100000000000075e-01 -1.706199999999999939e-01
2.722100000000000075e-01 -1.706199999999999939e-01
2.722100000000000075e-01 -1.706199999999999939e-01
2.722100000000000075e-01 -1.706199999999999939e-01
2.722060000000000035e-01 -1.706300000000000594e-01
2.722060000000000035e-01 -1.706300000000000594e-01
2.722060000000000035e-01 -1.706300000000000594e-01
2.722060000000000035e-01 -1.706300000000000594e-01
2.722060000000000035e-01 -1.706300000000000594e-01
2.722019999999999995e-01 -1.706400000000001249e-01
2.722019999999999995e-01 -1.706400000000001249e-01
2.722019999999999995e-01 -1.706400000000001249e-01
2.722019999999999995e-01 -1.706400000000001249e-01
2.722019999999999995e-01 -1.706400000000001249e-01
2.721979999999999955e-01 -1.706400000000001249e-01
2.721979999999999955e-01 -1.706400000000001249e-01
2.721979999999999955e-01 -1.706400000000001249e-01
2.721979999999999955e-01 -1.706499999999997463e-01
2.721979999999999955e-01 -1.706499999999997463e-01
2.721939999999999915e-01 -1.706499999999997463e-01
2.721939999999999915e-01 -1.706499999999997463e-01
2.721939999999999915e-01 -1.706499999999997463e-01
2.721939999999999915e-01 -1.706499999999997463e-01
2.721930000000000183e-01 -1.706499999999997463e-01
2.721899999999999875e-01 -1.706599999999998118e-01
2.721899999999999875e-01 -1.706599999999998118e-01
2.721899999999999875e-01 -1.706599999999998118e-01
2.721890000000000143e-01 -1.706599999999998118e-01
2.721890000000000143e-01 -1.706599999999998118e-01
2.721859999999999835e-01 -1.706699999999998774e-01
2.721859999999999835e-01 -1.706699999999998774e-01
2.721850000000000103e-01 -1.706699999999998774e-01
2.721850000000000103e-01 -1.706699999999998774e-01
2.721850000000000103e-01 -1.706699999999998774e-01
2.721810000000000063e-01 -1.706799999999999429e-01
2.721810000000000063e-01 -1.706799999999999429e-01
2.721810000000000063e-01 -1.706799999999999429e-01
2.721810000000000063e-01 -1.706799999999999429e-01
2.721810000000000063e-01 -1.706799999999999429e-01
2.721770000000000023e-01 -1.706900000000000084e-01
2.721770000000000023e-01 -1.706900000000000084e-01
2.721770000000000023e-01 -1.706900000000000084e-01
2.721770000000000023e-01 -1.706900000000000084e-01
2.721770000000000023e-01 -1.706900000000000084e-01
2.721729999999999983e-01 -1.707000000000000739e-01
2.721729999999999983e-01 -1.707000000000000739e-01
2.721729999999999983e-01 -1.707000000000000739e-01
2.721729999999999983e-01 -1.707000000000000739e-01
2.721729999999999983e-01 -1.707000000000000739e-01
2.721689999999999943e-01 -1.707100000000001394e-01
2.721689999999999943e-01 -1.707100000000001394e-01
2.721689999999999943e-01 -1.707100000000001394e-01
2.721689999999999943e-01 -1.707100000000001394e-01
2.721689999999999943e-01 -1.707100000000001394e-01
2.721649999999999903e-01 -1.707100000000001394e-01
2.721649999999999903e-01 -1.707100000000001394e-01
2.721639999999999615e-01 -1.707100000000001394e-01
2.721639999999999615e-01 -1.707100000000001394e-01
2.721639999999999615e-01 -1.707199999999997608e-01
2.721599999999999575e-01 -1.707199999999997608e-01
2.721599999999999575e-01 -1.707199999999997608e-01
2.721599999999999575e-01 -1.707199999999997608e-01
2.721599999999999575e-01 -1.707199999999997608e-01
2.721599999999999575e-01 -1.707199999999997608e-01
2.721560000000000090e-01 -1.707299999999998263e-01
2.721560000000000090e-01 -1.707299999999998263e-01
2.721560000000000090e-01 -1.707299999999998263e-01
2.721560000000000090e-01 -1.707299999999998263e-01
2.721560000000000090e-01 -1.707299999999998263e-01
2.721520000000000050e-01 -1.707399999999998919e-01
2.721520000000000050e-01 -1.707399999999998919e-01
2.721510000000000318e-01 -1.707399999999998919e-01
2.721510000000000318e-01 -1.707399999999998919e-01
2.721510000000000318e-01 -1.707399999999998919e-01
2.721480000000000010e-01 -1.707499999999999574e-01
2.721470000000000278e-01 -1.707499999999999574e-01
2.721470000000000278e-01 -1.707499999999999574e-01
2.721470000000000278e-01 -1.707499999999999574e-01
2.721470000000000278e-01 -1.707499999999999574e-01
2.721430000000000238e-01 -1.707600000000000229e-01
2.721430000000000238e-01 -1.707600000000000229e-01
2.721430000000000238e-01 -1.707600000000000229e-01
2.721430000000000238e-01 -1.707600000000000229e-01
2.721430000000000238e-01 -1.707600000000000229e-01
2.721390000000000198e-01 -1.707600000000000229e-01
2.721390000000000198e-01 -1.707600000000000229e-01
2.721390000000000198e-01 -1.707700000000000884e-01
2.721390000000000198e-01 -1.707700000000000884e-01
2.721379999999999910e-01 -1.707700000000000884e-01
2.721350000000000158e-01 -1.707700000000000884e-01
2.721350000000000158e-01 -1.707700000000000884e-01
2.721339999999999870e-01 -1.707700000000000884e-01
2.721339999999999870e-01 -1.707700000000000884e-01
2.721339999999999870e-01 -1.707700000000000884e-01
2.721299999999999830e-01 -1.707800000000001539e-01
2.721299999999999830e-01 -1.707800000000001539e-01
2.721299999999999830e-01 -1.707800000000001539e-01
2.721299999999999830e-01 -1.707800000000001539e-01
2.721299999999999830e-01 -1.707800000000001539e-01
2.721259999999999790e-01 -1.707899999999997753e-01
2.721259999999999790e-01 -1.707899999999997753e-01
2.721259999999999790e-01 -1.707899999999997753e-01
2.721259999999999790e-01 -1.707899999999997753e-01
2.721259999999999790e-01 -1.707899999999997753e-01
2.721219999999999750e-01 -1.707999999999998408e-01
2.721219999999999750e-01 -1.707999999999998408e-01
2.721219999999999750e-01 -1.707999999999998408e-01
2.721210000000000018e-01 -1.707999999999998408e-01
2.721210000000000018e-01 -1.707999999999998408e-01
2.721179999999999710e-01 -1.708099999999999064e-01
2.721169999999999978e-01 -1.708099999999999064e-01
2.721169999999999978e-01 -1.708099999999999064e-01
2.721169999999999978e-01 -1.708099999999999064e-01
2.721169999999999978e-01 -1.708099999999999064e-01
2.721129999999999938e-01 -1.708199999999999719e-01
2.721129999999999938e-01 -1.708199999999999719e-01
2.721129999999999938e-01 -1.708199999999999719e-01
2.721129999999999938e-01 -1.708199999999999719e-01
2.721129999999999938e-01 -1.708199999999999719e-01
2.721089999999999898e-01 -1.708199999999999719e-01
2.721089999999999898e-01 -1.708199999999999719e-01
2.721089999999999898e-01 -1.708199999999999719e-01
2.721089999999999898e-01 -1.708199999999999719e-01
2.721089999999999898e-01 -1.708199999999999719e-01
2.721049999999999858e-01 -1.708300000000000374e-01
2.721049999999999858e-01 -1.708300000000000374e-01
2.721049999999999858e-01 -1.708300000000000374e-01
2.721040000000000125e-01 -1.708300000000000374e-01
2.721040000000000125e-01 -1.708300000000000374e-01
2.721010000000000373e-01 -1.708400000000001029e-01
2.721010000000000373e-01 -1.708400000000001029e-01
2.721000000000000085e-01 -1.708400000000001029e-01
2.721000000000000085e-01 -1.708400000000001029e-01
2.721000000000000085e-01 -1.708400000000001029e-01
2.720970000000000333e-01 -1.708500000000001684e-01
2.720970000000000333e-01 -1.708500000000001684e-01
2.720970000000000333e-01 -1.708500000000001684e-01
2.720970000000000333e-01 -1.708500000000001684e-01
2.720960000000000045e-01 -1.708500000000001684e-01
2.720930000000000293e-01 -1.708599999999997898e-01
2.720920000000000005e-01 -1.708599999999997898e-01
2.720920000000000005e-01 -1.708599999999997898e-01
2.720920000000000005e-01 -1.708599999999997898e-01
2.720920000000000005e-01 -1.708599999999997898e-01
2.720879999999999965e-01 -1.708599999999997898e-01
2.720879999999999965e-01 -1.708599999999997898e-01
2.720879999999999965e-01 -1.708599999999997898e-01
2.720879999999999965e-01 -1.708599999999997898e-01
2.720879999999999965e-01 -1.708599999999997898e-01
2.720839999999999925e-01 -1.708699999999998553e-01
2.720839999999999925e-01 -1.708699999999998553e-01
2.720839999999999925e-01 -1.708699999999998553e-01
2.720839999999999925e-01 -1.708699999999998553e-01
2.720839999999999925e-01 -1.708699999999998553e-01
2.720810000000000173e-01 -1.708799999999999208e-01
2.720810000000000173e-01 -1.708799999999999208e-01
2.720799999999999885e-01 -1.708799999999999208e-01
2.720799999999999885e-01 -1.708799999999999208e-01
2.720799999999999885e-01 -1.708799999999999208e-01
2.720770000000000133e-01 -1.708899999999999864e-01
2.720770000000000133e-01 -1.708899999999999864e-01
2.720759999999999845e-01 -1.708899999999999864e-01
2.720759999999999845e-01 -1.708899999999999864e-01
2.720759999999999845e-01 -1.708899999999999864e-01
2.720730000000000093e-01 -1.709000000000000519e-01
2.720730000000000093e-01 -1.709000000000000519e-01
2.720719999999999805e-01 -1.709000000000000519e-01
2.720719999999999805e-01 -1.709000000000000519e-01
2.720719999999999805e-01 -1.709000000000000519e-01
2.720690000000000053e-01 -1.709000000000000519e-01
2.720690000000000053e-01 -1.709000000000000519e-01
2.720690000000000053e-01 -1.709000000000000519e-01
2.720690000000000053e-01 -1.709000000000000519e-01
2.720690000000000053e-01 -1.709100000000001174e-01
2.720650000000000013e-01 -1.709100000000001174e-01
2.720650000000000013e-01 -1.709100000000001174e-01
2.720650000000000013e-01 -1.709100000000001174e-01
2.720650000000000013e-01 -1.709100000000001174e-01
2.720650000000000013e-01 -1.709100000000001174e-01
2.720609999999999973e-01 -1.709200000000001829e-01
2.720609999999999973e-01 -1.709200000000001829e-01
2.720609999999999973e-01 -1.709200000000001829e-01
2.720609999999999973e-01 -1.709200000000001829e-01
2.720609999999999973e-01 -1.709200000000001829e-01
2.720580000000000220e-01 -1.709299999999998043e-01
2.720569999999999933e-01 -1.709299999999998043e-01
2.720569999999999933e-01 -1.709299999999998043e-01
2.720569999999999933e-01 -1.709299999999998043e-01
2.720569999999999933e-01 -1.709299999999998043e-01
2.720540000000000180e-01 -1.709299999999998043e-01
2.720540000000000180e-01 -1.709299999999998043e-01
2.720529999999999893e-01 -1.709299999999998043e-01
2.720529999999999893e-01 -1.709399999999998698e-01
2.720529999999999893e-01 -1.709399999999998698e-01
2.720500000000000140e-01 -1.709399999999998698e-01
2.720489999999999853e-01 -1.709399999999998698e-01
2.720489999999999853e-01 -1.709399999999998698e-01
2.720489999999999853e-01 -1.709399999999998698e-01
2.720489999999999853e-01 -1.709399999999998698e-01
2.720460000000000100e-01 -1.709499999999999353e-01
2.720449999999999813e-01 -1.709499999999999353e-01
2.720449999999999813e-01 -1.709499999999999353e-01
2.720449999999999813e-01 -1.709499999999999353e-01
2.720449999999999813e-01 -1.709499999999999353e-01
2.720420000000000060e-01 -1.709600000000000009e-01
2.720409999999999773e-01 -1.709600000000000009e-01
2.720409999999999773e-01 -1.709600000000000009e-01
2.720409999999999773e-01 -1.709600000000000009e-01
2.720409999999999773e-01 -1.709600000000000009e-01
2.720380000000000020e-01 -1.709600000000000009e-01
2.720369999999999733e-01 -1.709600000000000009e-01
2.720369999999999733e-01 -1.709700000000000664e-01
2.720369999999999733e-01 -1.709700000000000664e-01
2.720369999999999733e-01 -1.709700000000000664e-01
2.720339999999999980e-01 -1.709700000000000664e-01
2.720339999999999980e-01 -1.709700000000000664e-01
2.720329999999999693e-01 -1.709700000000000664e-01
2.720329999999999693e-01 -1.709700000000000664e-01
2.720329999999999693e-01 -1.709700000000000664e-01
2.720299999999999940e-01 -1.709800000000001319e-01
2.720299999999999940e-01 -1.709800000000001319e-01
2.720299999999999940e-01 -1.709800000000001319e-01
2.720289999999999653e-01 -1.709800000000001319e-01
2.720289999999999653e-01 -1.709800000000001319e-01
2.720259999999999900e-01 -1.709899999999997533e-01
2.720259999999999900e-01 -1.709899999999997533e-01
2.720259999999999900e-01 -1.709899999999997533e-01
2.720259999999999900e-01 -1.709899999999997533e-01
2.720259999999999900e-01 -1.709899999999997533e-01
2.720219999999999860e-01 -1.709899999999997533e-01
2.720219999999999860e-01 -1.709899999999997533e-01
2.720219999999999860e-01 -1.709899999999997533e-01
2.720219999999999860e-01 -1.709899999999997533e-01
2.720219999999999860e-01 -1.709899999999997533e-01
2.720179999999999820e-01 -1.709999999999998188e-01
2.720179999999999820e-01 -1.709999999999998188e-01
2.720179999999999820e-01 -1.709999999999998188e-01
2.720179999999999820e-01 -1.709999999999998188e-01
2.720179999999999820e-01 -1.709999999999998188e-01
2.720150000000000068e-01 -1.710099999999998843e-01
2.720139999999999780e-01 -1.710099999999998843e-01
2.720139999999999780e-01 -1.710099999999998843e-01
2.720139999999999780e-01 -1.710099999999998843e-01
2.720139999999999780e-01 -1.710099999999998843e-01
2.720110000000000028e-01 -1.710199999999999498e-01
2.720110000000000028e-01 -1.710199999999999498e-01
2.720099999999999740e-01 -1.710199999999999498e-01
2.720099999999999740e-01 -1.710199999999999498e-01
2.720099999999999740e-01 -1.710199999999999498e-01
2.720069999999999988e-01 -1.710199999999999498e-01
2.720069999999999988e-01 -1.710199999999999498e-01
2.720059999999999700e-01 -1.710199999999999498e-01
2.720059999999999700e-01 -1.710199999999999498e-01
2.720059999999999700e-01 -1.710199999999999498e-01
2.720029999999999948e-01 -1.710300000000000153e-01
2.720029999999999948e-01 -1.710300000000000153e-01
2.720029999999999948e-01 -1.710300000000000153e-01
2.720029999999999948e-01 -1.710300000000000153e-01
2.720019999999999660e-01 -1.710300000000000153e-01
2.719989999999999908e-01 -1.710400000000000809e-01
2.719989999999999908e-01 -1.710400000000000809e-01
2.719989999999999908e-01 -1.710400000000000809e-01
2.719989999999999908e-01 -1.710400000000000809e-01
2.719989999999999908e-01 -1.710400000000000809e-01
2.719960000000000155e-01 -1.710400000000000809e-01
2.719960000000000155e-01 -1.710400000000000809e-01
2.719949999999999868e-01 -1.710400000000000809e-01
2.719949999999999868e-01 -1.710400000000000809e-01
2.719949999999999868e-01 -1.710400000000000809e-01
2.719920000000000115e-01 -1.710500000000001464e-01
2.719920000000000115e-01 -1.710500000000001464e-01
2.719920000000000115e-01 -1.710500000000001464e-01
2.719920000000000115e-01 -1.710500000000001464e-01
2.719909999999999828e-01 -1.710500000000001464e-01
2.719880000000000075e-01 -1.710599999999997678e-01
2.719880000000000075e-01 -1.710599999999997678e-01
2.719880000000000075e-01 -1.710599999999997678e-01
2.719880000000000075e-01 -1.710599999999997678e-01
2.719880000000000075e-01 -1.710599999999997678e-01
2.719840000000000035e-01 -1.710599999999997678e-01
2.719840000000000035e-01 -1.710599999999997678e-01
2.719840000000000035e-01 -1.710599999999997678e-01
2.719840000000000035e-01 -1.710599999999997678e-01
2.719840000000000035e-01 -1.710599999999997678e-01
2.719810000000000283e-01 -1.710699999999998333e-01
2.719810000000000283e-01 -1.710699999999998333e-01
2.719810000000000283e-01 -1.710699999999998333e-01
2.719799999999999995e-01 -1.710699999999998333e-01
2.719799999999999995e-01 -1.710699999999998333e-01
2.719770000000000243e-01 -1.710799999999998988e-01
2.719770000000000243e-01 -1.710799999999998988e-01
2.719770000000000243e-01 -1.710799999999998988e-01
2.719770000000000243e-01 -1.710799999999998988e-01
2.719770000000000243e-01 -1.710799999999998988e-01
2.719730000000000203e-01 -1.710799999999998988e-01
2.719730000000000203e-01 -1.710799999999998988e-01
2.719730000000000203e-01 -1.710799999999998988e-01
2.719730000000000203e-01 -1.710799999999998988e-01
2.719730000000000203e-01 -1.710799999999998988e-01
2.719699999999999895e-01 -1.710899999999999643e-01
2.719699999999999895e-01 -1.710899999999999643e-01
2.719699999999999895e-01 -1.710899999999999643e-01
2.719699999999999895e-01 -1.710899999999999643e-01
2.719690000000000163e-01 -1.710899999999999643e-01
2.719659999999999855e-01 -1.711000000000000298e-01
2.719659999999999855e-01 -1.711000000000000298e-01
2.719659999999999855e-01 -1.711000000000000298e-01
2.719659999999999855e-01 -1.711000000000000298e-01
2.719659999999999855e-01 -1.711000000000000298e-01
2.719629999999999548e-01 -1.711000000000000298e-01
2.719620000000000370e-01 -1.711000000000000298e-01
2.719620000000000370e-01 -1.711000000000000298e-01
2.719620000000000370e-01 -1.711000000000000298e-01
2.719620000000000370e-01 -1.711000000000000298e-01
2.719590000000000063e-01 -1.711100000000000954e-01
2.719590000000000063e-01 -1.711100000000000954e-01
2.719590000000000063e-01 -1.711100000000000954e-01
2.719590000000000063e-01 -1.711100000000000954e-01
2.719590000000000063e-01 -1.711100000000000954e-01
2.719559999999999755e-01 -1.711200000000001609e-01
2.719559999999999755e-01 -1.711200000000001609e-01
2.719550000000000023e-01 -1.711200000000001609e-01
2.719550000000000023e-01 -1.711200000000001609e-01
2.719550000000000023e-01 -1.711200000000001609e-01
2.719519999999999715e-01 -1.711200000000001609e-01
2.719519999999999715e-01 -1.711200000000001609e-01
2.719519999999999715e-01 -1.711200000000001609e-01
2.719519999999999715e-01 -1.711200000000001609e-01
2.719519999999999715e-01 -1.711200000000001609e-01
2.719489999999999963e-01 -1.711299999999997823e-01
2.719489999999999963e-01 -1.711299999999997823e-01
2.719489999999999963e-01 -1.711299999999997823e-01
2.719479999999999675e-01 -1.711299999999997823e-01
2.719479999999999675e-01 -1.711299999999997823e-01
2.719449999999999923e-01 -1.711399999999998478e-01
2.719449999999999923e-01 -1.711399999999998478e-01
2.719449999999999923e-01 -1.711399999999998478e-01
2.719449999999999923e-01 -1.711399999999998478e-01
2.719449999999999923e-01 -1.711399999999998478e-01
2.719420000000000170e-01 -1.711399999999998478e-01
2.719420000000000170e-01 -1.711399999999998478e-01
2.719420000000000170e-01 -1.711399999999998478e-01
2.719409999999999883e-01 -1.711399999999998478e-01
2.719409999999999883e-01 -1.711399999999998478e-01
2.719380000000000130e-01 -1.711499999999999133e-01
2.719380000000000130e-01 -1.711499999999999133e-01
2.719380000000000130e-01 -1.711499999999999133e-01
2.719380000000000130e-01 -1.711499999999999133e-01
2.719380000000000130e-01 -1.711499999999999133e-01
2.719349999999999823e-01 -1.711499999999999133e-01
2.719349999999999823e-01 -1.711499999999999133e-01
2.719349999999999823e-01 -1.711499999999999133e-01
2.719349999999999823e-01 -1.711499999999999133e-01
2.719340000000000090e-01 -1.711499999999999133e-01
2.719310000000000338e-01 -1.711599999999999788e-01
2.719310000000000338e-01 -1.711599999999999788e-01
2.719310000000000338e-01 -1.711599999999999788e-01
2.719310000000000338e-01 -1.711599999999999788e-01
2.719310000000000338e-01 -1.711599999999999788e-01
2.719280000000000030e-01 -1.711700000000000443e-01
2.719280000000000030e-01 -1.711700000000000443e-01
2.719280000000000030e-01 -1.711700000000000443e-01
2.719280000000000030e-01 -1.711700000000000443e-01
2.719280000000000030e-01 -1.711700000000000443e-01
2.719239999999999990e-01 -1.711700000000000443e-01
2.719239999999999990e-01 -1.711700000000000443e-01
2.719239999999999990e-01 -1.711700000000000443e-01
2.719239999999999990e-01 -1.711700000000000443e-01
2.719239999999999990e-01 -1.711700000000000443e-01
2.719209999999999683e-01 -1.711800000000001098e-01
2.719209999999999683e-01 -1.711800000000001098e-01
2.719209999999999683e-01 -1.711800000000001098e-01
2.719209999999999683e-01 -1.711800000000001098e-01
2.719209999999999683e-01 -1.711800000000001098e-01
2.719179999999999930e-01 -1.711800000000001098e-01
2.719179999999999930e-01 -1.711800000000001098e-01
2.719179999999999930e-01 -1.711900000000001754e-01
2.719169999999999643e-01 -1.711900000000001754e-01
2.719169999999999643e-01 -1.711900000000001754e-01
2.719139999999999890e-01 -1.711900000000001754e-01
2.719139999999999890e-01 -1.711900000000001754e-01
2.719139999999999890e-01 -1.711900000000001754e-01
2.719139999999999890e-01 -1.711900000000001754e-01
2.719139999999999890e-01 -1.711900000000001754e-01
2.719110000000000138e-01 -1.711999999999997968e-01
2.719110000000000138e-01 -1.711999999999997968e-01
2.719099999999999850e-01 -1.711999999999997968e-01
2.719099999999999850e-01 -1.711999999999997968e-01
2.719099999999999850e-01 -1.711999999999997968e-01
2.719070000000000098e-01 -1.711999999999997968e-01
2.719070000000000098e-01 -1.711999999999997968e-01
2.719070000000000098e-01 -1.711999999999997968e-01
2.719070000000000098e-01 -1.711999999999997968e-01
2.719070000000000098e-01 -1.711999999999997968e-01
2.719040000000000346e-01 -1.712099999999998623e-01
2.719040000000000346e-01 -1.712099999999998623e-01
2.719040000000000346e-01 -1.712099999999998623e-01
2.719030000000000058e-01 -1.712099999999998623e-01
2.719030000000000058e-01 -1.712099999999998623e-01
2.719000000000000306e-01 -1.712099999999998623e-01
2.719000000000000306e-01 -1.712099999999998623e-01
2.719000000000000306e-01 -1.712099999999998623e-01
2.719000000000000306e-01 -1.712099999999998623e-01
2.719000000000000306e-01 -1.712199999999999278e-01
2.718969999999999998e-01 -1.712199999999999278e-01
2.718969999999999998e-01 -1.712199999999999278e-01
2.718969999999999998e-01 -1.712199999999999278e-01
2.718960000000000266e-01 -1.712199999999999278e-01
2.718960000000000266e-01 -1.712199999999999278e-01
2.718929999999999958e-01 -1.712299999999999933e-01
2.718929999999999958e-01 -1.712299999999999933e-01
2.718929999999999958e-01 -1.712299999999999933e-01
2.718929999999999958e-01 -1.712299999999999933e-01
2.718929999999999958e-01 -1.712299999999999933e-01
2.718899999999999650e-01 -1.712299999999999933e-01
2.718889999999999918e-01 -1.712299999999999933e-01
2.718889999999999918e-01 -1.712299999999999933e-01
2.718889999999999918e-01 -1.712299999999999933e-01
2.718889999999999918e-01 -1.712299999999999933e-01
2.718859999999999610e-01 -1.712400000000000588e-01
2.718859999999999610e-01 -1.712400000000000588e-01
2.718859999999999610e-01 -1.712400000000000588e-01
2.718859999999999610e-01 -1.712400000000000588e-01
2.718859999999999610e-01 -1.712400000000000588e-01
2.718829999999999858e-01 -1.712400000000000588e-01
2.718829999999999858e-01 -1.712400000000000588e-01
2.718819999999999570e-01 -1.712400000000000588e-01
2.718819999999999570e-01 -1.712400000000000588e-01
2.718819999999999570e-01 -1.712400000000000588e-01
2.718789999999999818e-01 -1.712500000000001243e-01
2.718789999999999818e-01 -1.712500000000001243e-01
2.718789999999999818e-01 -1.712500000000001243e-01
2.718789999999999818e-01 -1.712500000000001243e-01
2.718789999999999818e-01 -1.712500000000001243e-01
2.718760000000000066e-01 -1.712599999999997458e-01
2.718749999999999778e-01 -1.712599999999997458e-01
2.718749999999999778e-01 -1.712599999999997458e-01
2.718749999999999778e-01 -1.712599999999997458e-01
2.718749999999999778e-01 -1.712599999999997458e-01
2.718720000000000026e-01 -1.712599999999997458e-01
2.718720000000000026e-01 -1.712599999999997458e-01
2.718720000000000026e-01 -1.712599999999997458e-01
2.718720000000000026e-01 -1.712599999999997458e-01
2.718720000000000026e-01 -1.712599999999997458e-01
2.718690000000000273e-01 -1.712699999999998113e-01
2.718690000000000273e-01 -1.712699999999998113e-01
2.718679999999999986e-01 -1.712699999999998113e-01
2.718679999999999986e-01 -1.712699999999998113e-01
2.718679999999999986e-01 -1.712699999999998113e-01
2.718650000000000233e-01 -1.712699999999998113e-01
2.718650000000000233e-01 -1.712699999999998113e-01
2.718650000000000233e-01 -1.712699999999998113e-01
2.718650000000000233e-01 -1.712699999999998113e-01
2.718650000000000233e-01 -1.712699999999998113e-01
2.718619999999999925e-01 -1.712799999999998768e-01
2.718619999999999925e-01 -1.712799999999998768e-01
2.718619999999999925e-01 -1.712799999999998768e-01
2.718610000000000193e-01 -1.712799999999998768e-01
2.718610000000000193e-01 -1.712799999999998768e-01
2.718579999999999885e-01 -1.712799999999998768e-01
2.718579999999999885e-01 -1.712799999999998768e-01
2.718579999999999885e-01 -1.712799999999998768e-01
2.718579999999999885e-01 -1.712799999999998768e-01
2.718579999999999885e-01 -1.712799999999998768e-01
2.718549999999999578e-01 -1.712899999999999423e-01
2.718549999999999578e-01 -1.712899999999999423e-01
2.718549999999999578e-01 -1.712899999999999423e-01
2.718539999999999845e-01 -1.712899999999999423e-01
2.718539999999999845e-01 -1.712899999999999423e-01
2.718510000000000093e-01 -1.712899999999999423e-01
2.718510000000000093e-01 -1.712899999999999423e-01
2.718510000000000093e-01 -1.712899999999999423e-01
2.718510000000000093e-01 -1.712899999999999423e-01
2.718510000000000093e-01 -1.712899999999999423e-01
2.718479999999999785e-01 -1.713000000000000078e-01
2.718479999999999785e-01 -1.713000000000000078e-01
2.718479999999999785e-01 -1.713000000000000078e-01
2.718479999999999785e-01 -1.713000000000000078e-01
2.718479999999999785e-01 -1.713000000000000078e-01
2.718450000000000033e-01 -1.713000000000000078e-01
2.718450000000000033e-01 -1.713000000000000078e-01
2.718450000000000033e-01 -1.713000000000000078e-01
2.718450000000000033e-01 -1.713000000000000078e-01
2.718439999999999745e-01 -1.713000000000000078e-01
2.718420000000000281e-01 -1.713100000000000733e-01
2.718420000000000281e-01 -1.713100000000000733e-01
2.718409999999999993e-01 -1.713100000000000733e-01
2.718409999999999993e-01 -1.713100000000000733e-01
2.718409999999999993e-01 -1.713100000000000733e-01
2.718380000000000241e-01 -1.713100000000000733e-01
2.718380000000000241e-01 -1.713100000000000733e-01
2.718380000000000241e-01 -1.713100000000000733e-01
2.718380000000000241e-01 -1.713100000000000733e-01
2.718380000000000241e-01 -1.713200000000001388e-01
2.718349999999999933e-01 -1.713200000000001388e-01
2.718349999999999933e-01 -1.713200000000001388e-01
2.718349999999999933e-01 -1.713200000000001388e-01
2.718340000000000201e-01 -1.713200000000001388e-01
2.718340000000000201e-01 -1.713200000000001388e-01
2.718319999999999625e-01 -1.713200000000001388e-01
2.718309999999999893e-01 -1.713200000000001388e-01
2.718309999999999893e-01 -1.713200000000001388e-01
2.718309999999999893e-01 -1.713299999999997603e-01
2.718309999999999893e-01 -1.713299999999997603e-01
2.718279999999999585e-01 -1.713299999999997603e-01
2.718279999999999585e-01 -1.713299999999997603e-01
2.718279999999999585e-01 -1.713299999999997603e-01
2.718279999999999585e-01 -1.713299999999997603e-01
2.718279999999999585e-01 -1.713299999999997603e-01
2.718249999999999833e-01 -1.713299999999997603e-01
2.718249999999999833e-01 -1.713299999999997603e-01
2.718249999999999833e-01 -1.713299999999997603e-01
2.718249999999999833e-01 -1.713299999999997603e-01
2.718249999999999833e-01 -1.713299999999997603e-01
2.718220000000000081e-01 -1.713399999999998258e-01
2.718220000000000081e-01 -1.713399999999998258e-01
2.718220000000000081e-01 -1.713399999999998258e-01
2.718220000000000081e-01 -1.713399999999998258e-01
2.718209999999999793e-01 -1.713399999999998258e-01
2.718190000000000328e-01 -1.713399999999998258e-01
2.718190000000000328e-01 -1.713399999999998258e-01
2.718190000000000328e-01 -1.713399999999998258e-01
2.718190000000000328e-01 -1.713399999999998258e-01
2.718180000000000041e-01 -1.713399999999998258e-01
2.718160000000000021e-01 -1.713499999999998913e-01
2.718160000000000021e-01 -1.713499999999998913e-01
2.718150000000000288e-01 -1.713499999999998913e-01
2.718150000000000288e-01 -1.713499999999998913e-01
2.718150000000000288e-01 -1.713499999999998913e-01
2.718129999999999713e-01 -1.713499999999998913e-01
2.718129999999999713e-01 -1.713499999999998913e-01
2.718129999999999713e-01 -1.713499999999998913e-01
2.718119999999999981e-01 -1.713499999999998913e-01
2.718119999999999981e-01 -1.713499999999998913e-01
2.718099999999999961e-01 -1.713599999999999568e-01
2.718099999999999961e-01 -1.713599999999999568e-01
2.718099999999999961e-01 -1.713599999999999568e-01
2.718089999999999673e-01 -1.713599999999999568e-01
2.718089999999999673e-01 -1.713599999999999568e-01
2.718070000000000208e-01 -1.713599999999999568e-01
2.718070000000000208e-01 -1.713599999999999568e-01
2.718070000000000208e-01 -1.713599999999999568e-01
2.718059999999999921e-01 -1.713599999999999568e-01
2.718059999999999921e-01 -1.713599999999999568e-01
2.718039999999999901e-01 -1.713700000000000223e-01
2.718039999999999901e-01 -1.713700000000000223e-01
2.718039999999999901e-01 -1.713700000000000223e-01
2.718039999999999901e-01 -1.713700000000000223e-01
2.718030000000000168e-01 -1.713700000000000223e-01
2.718009999999999593e-01 -1.713700000000000223e-01
2.718009999999999593e-01 -1.713700000000000223e-01
2.718009999999999593e-01 -1.713700000000000223e-01
2.718009999999999593e-01 -1.713700000000000223e-01
2.717999999999999861e-01 -1.713700000000000223e-01
2.717979999999999841e-01 -1.713700000000000223e-01
2.717979999999999841e-01 -1.713700000000000223e-01
2.717979999999999841e-01 -1.713700000000000223e-01
2.717979999999999841e-01 -1.713800000000000878e-01
2.717979999999999841e-01 -1.713800000000000878e-01
2.717950000000000088e-01 -1.713800000000000878e-01
2.717950000000000088e-01 -1.713800000000000878e-01
2.717950000000000088e-01 -1.713800000000000878e-01
2.717950000000000088e-01 -1.713800000000000878e-01
2.717950000000000088e-01 -1.713800000000000878e-01
2.717920000000000336e-01 -1.713800000000000878e-01
2.717920000000000336e-01 -1.713800000000000878e-01
2.717920000000000336e-01 -1.713800000000000878e-01
2.717920000000000336e-01 -1.713800000000000878e-01
2.717920000000000336e-01 -1.713800000000000878e-01
2.717890000000000028e-01 -1.713900000000001533e-01
2.717890000000000028e-01 -1.713900000000001533e-01
2.717890000000000028e-01 -1.713900000000001533e-01
2.717890000000000028e-01 -1.713900000000001533e-01
2.717890000000000028e-01 -1.713900000000001533e-01
2.717859999999999721e-01 -1.713900000000001533e-01
2.717859999999999721e-01 -1.713900000000001533e-01
2.717859999999999721e-01 -1.713900000000001533e-01
2.717859999999999721e-01 -1.713900000000001533e-01
2.717859999999999721e-01 -1.713900000000001533e-01
2.717829999999999968e-01 -1.713999999999997748e-01
2.717829999999999968e-01 -1.713999999999997748e-01
2.717829999999999968e-01 -1.713999999999997748e-01
2.717829999999999968e-01 -1.713999999999997748e-01
2.717829999999999968e-01 -1.713999999999997748e-01
2.717800000000000216e-01 -1.713999999999997748e-01
2.717800000000000216e-01 -1.713999999999997748e-01
2.717800000000000216e-01 -1.713999999999997748e-01
2.717800000000000216e-01 -1.713999999999997748e-01
2.717800000000000216e-01 -1.713999999999997748e-01
2.717769999999999908e-01 -1.713999999999997748e-01
2.717769999999999908e-01 -1.714099999999998403e-01
2.717769999999999908e-01 -1.714099999999998403e-01
2.717769999999999908e-01 -1.714099999999998403e-01
2.717769999999999908e-01 -1.714099999999998403e-01
2.717739999999999601e-01 -1.714099999999998403e-01
2.717739999999999601e-01 -1.714099999999998403e-01
2.717739999999999601e-01 -1.714099999999998403e-01
2.717739999999999601e-01 -1.714099999999998403e-01
2.717739999999999601e-01 -1.714099999999998403e-01
2.717709999999999848e-01 -1.714099999999998403e-01
2.717709999999999848e-01 -1.714099999999998403e-01
2.717709999999999848e-01 -1.714099999999998403e-01
2.717709999999999848e-01 -1.714099999999998403e-01
2.717709999999999848e-01 -1.714099999999998403e-01
2.717680000000000096e-01 -1.714199999999999058e-01
2.717680000000000096e-01 -1.714199999999999058e-01
2.717680000000000096e-01 -1.714199999999999058e-01
2.717680000000000096e-01 -1.714199999999999058e-01
2.717680000000000096e-01 -1.714199999999999058e-01
2.717660000000000076e-01 -1.714199999999999058e-01
2.717660000000000076e-01 -1.714199999999999058e-01
2.717650000000000343e-01 -1.714199999999999058e-01
2.717650000000000343e-01 -1.714199999999999058e-01
2.717650000000000343e-01 -1.714199999999999058e-01
2.717629999999999768e-01 -1.714199999999999058e-01
2.717629999999999768e-01 -1.714199999999999058e-01
2.717629999999999768e-01 -1.714199999999999058e-01
2.717620000000000036e-01 -1.714199999999999058e-01
2.717620000000000036e-01 -1.714199999999999058e-01
2.717600000000000016e-01 -1.714299999999999713e-01
2.717600000000000016e-01 -1.714299999999999713e-01
2.717600000000000016e-01 -1.714299999999999713e-01
2.717600000000000016e-01 -1.714299999999999713e-01
2.717600000000000016e-01 -1.714299999999999713e-01
2.717570000000000263e-01 -1.714299999999999713e-01
2.717570000000000263e-01 -1.714299999999999713e-01
2.717570000000000263e-01 -1.714299999999999713e-01
2.717570000000000263e-01 -1.714299999999999713e-01
2.717570000000000263e-01 -1.714299999999999713e-01
2.717549999999999688e-01 -1.714400000000000368e-01
2.717539999999999956e-01 -1.714400000000000368e-01
2.717539999999999956e-01 -1.714400000000000368e-01
2.717539999999999956e-01 -1.714400000000000368e-01
2.717539999999999956e-01 -1.714400000000000368e-01
2.717519999999999936e-01 -1.714400000000000368e-01
2.717519999999999936e-01 -1.714400000000000368e-01
2.717519999999999936e-01 -1.714400000000000368e-01
2.717519999999999936e-01 -1.714400000000000368e-01
2.717509999999999648e-01 -1.714400000000000368e-01
2.717490000000000183e-01 -1.714400000000000368e-01
2.717490000000000183e-01 -1.714400000000000368e-01
2.717490000000000183e-01 -1.714400000000000368e-01
2.717490000000000183e-01 -1.714400000000000368e-01
2.717490000000000183e-01 -1.714400000000000368e-01
2.717469999999999608e-01 -1.714500000000001023e-01
2.717469999999999608e-01 -1.714500000000001023e-01
2.717469999999999608e-01 -1.714500000000001023e-01
2.717459999999999876e-01 -1.714500000000001023e-01
2.717459999999999876e-01 -1.714500000000001023e-01
2.717439999999999856e-01 -1.714500000000001023e-01
2.717439999999999856e-01 -1.714500000000001023e-01
2.717439999999999856e-01 -1.714500000000001023e-01
2.717439999999999856e-01 -1.714500000000001023e-01
2.717439999999999856e-01 -1.714500000000001023e-01
2.717410000000000103e-01 -1.714500000000001023e-01
2.717410000000000103e-01 -1.714500000000001023e-01
2.717410000000000103e-01 -1.714500000000001023e-01
2.717410000000000103e-01 -1.714500000000001023e-01
2.717410000000000103e-01 -1.714500000000001023e-01
2.717390000000000083e-01 -1.714600000000001678e-01
2.717390000000000083e-01 -1.714600000000001678e-01
2.717390000000000083e-01 -1.714600000000001678e-01
2.717390000000000083e-01 -1.714600000000001678e-01
2.717380000000000351e-01 -1.714600000000001678e-01
2.717359999999999776e-01 -1.714600000000001678e-01
2.717359999999999776e-01 -1.714600000000001678e-01
2.717359999999999776e-01 -1.714600000000001678e-01
2.717359999999999776e-01 -1.714600000000001678e-01
2.717359999999999776e-01 -1.714600000000001678e-01
2.717340000000000311e-01 -1.714600000000001678e-01
2.717340000000000311e-01 -1.714600000000001678e-01
2.717330000000000023e-01 -1.714699999999997893e-01
2.717330000000000023e-01 -1.714699999999997893e-01
2.717330000000000023e-01 -1.714699999999997893e-01
2.717310000000000003e-01 -1.714699999999997893e-01
2.717310000000000003e-01 -1.714699999999997893e-01
2.717310000000000003e-01 -1.714699999999997893e-01
2.717310000000000003e-01 -1.714699999999997893e-01
2.717310000000000003e-01 -1.714699999999997893e-01
2.717289999999999983e-01 -1.714699999999997893e-01
2.717279999999999696e-01 -1.714699999999997893e-01
2.717279999999999696e-01 -1.714699999999997893e-01
2.717279999999999696e-01 -1.714699999999997893e-01
2.717279999999999696e-01 -1.714699999999997893e-01
2.717260000000000231e-01 -1.714799999999998548e-01
2.717260000000000231e-01 -1.714799999999998548e-01
2.717260000000000231e-01 -1.714799999999998548e-01
2.717260000000000231e-01 -1.714799999999998548e-01
2.717260000000000231e-01 -1.714799999999998548e-01
2.717239999999999656e-01 -1.714799999999998548e-01
2.717229999999999923e-01 -1.714799999999998548e-01
2.717229999999999923e-01 -1.714799999999998548e-01
2.717229999999999923e-01 -1.714799999999998548e-01
2.717229999999999923e-01 -1.714799999999998548e-01
2.717209999999999903e-01 -1.714799999999998548e-01
2.717209999999999903e-01 -1.714799999999998548e-01
2.717209999999999903e-01 -1.714799999999998548e-01
2.717199999999999616e-01 -1.714799999999998548e-01
2.717199999999999616e-01 -1.714799999999998548e-01
2.717180000000000151e-01 -1.714899999999999203e-01
2.717180000000000151e-01 -1.714899999999999203e-01
2.717180000000000151e-01 -1.714899999999999203e-01
2.717180000000000151e-01 -1.714899999999999203e-01
2.717180000000000151e-01 -1.714899999999999203e-01
2.717159999999999576e-01 -1.714899999999999203e-01
2.717159999999999576e-01 -1.714899999999999203e-01
2.717149999999999843e-01 -1.714899999999999203e-01
2.717149999999999843e-01 -1.714899999999999203e-01
2.717149999999999843e-01 -1.714899999999999203e-01
2.717129999999999823e-01 -1.714899999999999203e-01
2.717129999999999823e-01 -1.714899999999999203e-01
2.717129999999999823e-01 -1.714899999999999203e-01
2.717129999999999823e-01 -1.714899999999999203e-01
2.717129999999999823e-01 -1.714899999999999203e-01
2.717100000000000071e-01 -1.714999999999999858e-01
2.717100000000000071e-01 -1.714999999999999858e-01
2.717100000000000071e-01 -1.714999999999999858e-01
2.717100000000000071e-01 -1.714999999999999858e-01
2.717100000000000071e-01 -1.714999999999999858e-01
2.717070000000000318e-01 -1.714999999999999858e-01
2.717070000000000318e-01 -1.714999999999999858e-01
2.717070000000000318e-01 -1.714999999999999858e-01
2.717070000000000318e-01 -1.714999999999999858e-01
2.717070000000000318e-01 -1.714999999999999858e-01
2.717040000000000011e-01 -1.714999999999999858e-01
2.717040000000000011e-01 -1.714999999999999858e-01
2.717040000000000011e-01 -1.714999999999999858e-01
2.717040000000000011e-01 -1.714999999999999858e-01
2.717040000000000011e-01 -1.714999999999999858e-01
2.717009999999999703e-01 -1.715100000000000513e-01
2.717009999999999703e-01 -1.715100000000000513e-01
2.717009999999999703e-01 -1.715100000000000513e-01
2.717009999999999703e-01 -1.715100000000000513e-01
2.716999999999999971e-01 -1.715100000000000513e-01
2.716979999999999951e-01 -1.715100000000000513e-01
2.716979999999999951e-01 -1.715100000000000513e-01
2.716979999999999951e-01 -1.715100000000000513e-01
2.716979999999999951e-01 -1.715100000000000513e-01
2.716979999999999951e-01 -1.715100000000000513e-01
2.716950000000000198e-01 -1.715100000000000513e-01
2.716950000000000198e-01 -1.715100000000000513e-01
2.716950000000000198e-01 -1.715100000000000513e-01
2.716950000000000198e-01 -1.715100000000000513e-01
2.716950000000000198e-01 -1.715100000000000513e-01
2.716919999999999891e-01 -1.715200000000001168e-01
2.716919999999999891e-01 -1.715200000000001168e-01
2.716910000000000158e-01 -1.715200000000001168e-01
2.716910000000000158e-01 -1.715200000000001168e-01
2.716910000000000158e-01 -1.715200000000001168e-01
2.716889999999999583e-01 -1.715200000000001168e-01
2.716879999999999851e-01 -1.715200000000001168e-01
2.716879999999999851e-01 -1.715200000000001168e-01
2.716879999999999851e-01 -1.715200000000001168e-01
2.716879999999999851e-01 -1.715200000000001168e-01
2.716859999999999831e-01 -1.715200000000001168e-01
2.716849999999999543e-01 -1.715200000000001168e-01
2.716849999999999543e-01 -1.715200000000001168e-01
2.716849999999999543e-01 -1.715200000000001168e-01
2.716849999999999543e-01 -1.715200000000001168e-01
2.716819999999999791e-01 -1.715300000000001823e-01
2.716819999999999791e-01 -1.715300000000001823e-01
2.716819999999999791e-01 -1.715300000000001823e-01
2.716819999999999791e-01 -1.715300000000001823e-01
2.716819999999999791e-01 -1.715300000000001823e-01
2.716790000000000038e-01 -1.715300000000001823e-01
2.716790000000000038e-01 -1.715300000000001823e-01
2.716790000000000038e-01 -1.715300000000001823e-01
2.716790000000000038e-01 -1.715300000000001823e-01
2.716790000000000038e-01 -1.715300000000001823e-01
2.716760000000000286e-01 -1.715300000000001823e-01
2.716760000000000286e-01 -1.715300000000001823e-01
2.716760000000000286e-01 -1.715300000000001823e-01
2.716760000000000286e-01 -1.715300000000001823e-01
2.716749999999999998e-01 -1.715300000000001823e-01
2.716729999999999978e-01 -1.715399999999998037e-01
2.716729999999999978e-01 -1.715399999999998037e-01
2.716720000000000246e-01 -1.715399999999998037e-01
2.716720000000000246e-01 -1.715399999999998037e-01
2.716720000000000246e-01 -1.715399999999998037e-01
2.716699999999999671e-01 -1.715399999999998037e-01
2.716699999999999671e-01 -1.715399999999998037e-01
2.716689999999999938e-01 -1.715399999999998037e-01
2.716689999999999938e-01 -1.715399999999998037e-01
2.716689999999999938e-01 -1.715399999999998037e-01
2.716659999999999631e-01 -1.715399999999998037e-01
2.716659999999999631e-01 -1.715399999999998037e-01
2.716659999999999631e-01 -1.715399999999998037e-01
2.716659999999999631e-01 -1.715399999999998037e-01
2.716659999999999631e-01 -1.715399999999998037e-01
2.716629999999999878e-01 -1.715399999999998037e-01
2.716629999999999878e-01 -1.715499999999998693e-01
2.716629999999999878e-01 -1.715499999999998693e-01
2.716629999999999878e-01 -1.715499999999998693e-01
2.716629999999999878e-01 -1.715499999999998693e-01
2.716600000000000126e-01 -1.715499999999998693e-01
2.716600000000000126e-01 -1.715499999999998693e-01
2.716600000000000126e-01 -1.715499999999998693e-01
2.716600000000000126e-01 -1.715499999999998693e-01
2.716600000000000126e-01 -1.715499999999998693e-01
2.716570000000000373e-01 -1.715499999999998693e-01
2.716570000000000373e-01 -1.715499999999998693e-01
2.716570000000000373e-01 -1.715499999999998693e-01
2.716570000000000373e-01 -1.715499999999998693e-01
2.716570000000000373e-01 -1.715499999999998693e-01
2.716540000000000066e-01 -1.715499999999998693e-01
2.716540000000000066e-01 -1.715499999999998693e-01
2.716540000000000066e-01 -1.715499999999998693e-01
2.716540000000000066e-01 -1.715499999999998693e-01
2.716540000000000066e-01 -1.715499999999998693e-01
2.716509999999999758e-01 -1.715599999999999348e-01
2.716509999999999758e-01 -1.715599999999999348e-01
2.716509999999999758e-01 -1.715599999999999348e-01
2.716509999999999758e-01 -1.715599999999999348e-01
2.716509999999999758e-01 -1.715599999999999348e-01
2.716480000000000006e-01 -1.715599999999999348e-01
2.716480000000000006e-01 -1.715599999999999348e-01
2.716480000000000006e-01 -1.715599999999999348e-01
2.716480000000000006e-01 -1.715599999999999348e-01
2.716480000000000006e-01 -1.715599999999999348e-01
2.716450000000000253e-01 -1.715599999999999348e-01
2.716450000000000253e-01 -1.715599999999999348e-01
2.716450000000000253e-01 -1.715599999999999348e-01
2.716450000000000253e-01 -1.715599999999999348e-01
2.716450000000000253e-01 -1.715599999999999348e-01
2.716429999999999678e-01 -1.715599999999999348e-01
2.716429999999999678e-01 -1.715599999999999348e-01
2.716429999999999678e-01 -1.715599999999999348e-01
2.716419999999999946e-01 -1.715700000000000003e-01
2.716419999999999946e-01 -1.715700000000000003e-01
2.716399999999999926e-01 -1.715700000000000003e-01
2.716399999999999926e-01 -1.715700000000000003e-01
2.716399999999999926e-01 -1.715700000000000003e-01
2.716399999999999926e-01 -1.715700000000000003e-01
2.716399999999999926e-01 -1.715700000000000003e-01
2.716370000000000173e-01 -1.715700000000000003e-01
2.716370000000000173e-01 -1.715700000000000003e-01
2.716370000000000173e-01 -1.715700000000000003e-01
2.716370000000000173e-01 -1.715700000000000003e-01
2.716370000000000173e-01 -1.715700000000000003e-01
2.716349999999999598e-01 -1.715700000000000003e-01
2.716349999999999598e-01 -1.715700000000000003e-01
2.716349999999999598e-01 -1.715700000000000003e-01
2.716349999999999598e-01 -1.715700000000000003e-01
2.716349999999999598e-01 -1.715700000000000003e-01
2.716319999999999846e-01 -1.715700000000000003e-01
2.716319999999999846e-01 -1.715800000000000658e-01
2.716319999999999846e-01 -1.715800000000000658e-01
2.716319999999999846e-01 -1.715800000000000658e-01
2.716319999999999846e-01 -1.715800000000000658e-01
2.716299999999999826e-01 -1.715800000000000658e-01
2.716299999999999826e-01 -1.715800000000000658e-01
2.716299999999999826e-01 -1.715800000000000658e-01
2.716299999999999826e-01 -1.715800000000000658e-01
2.716290000000000093e-01 -1.715800000000000658e-01
2.716270000000000073e-01 -1.715800000000000658e-01
2.716270000000000073e-01 -1.715800000000000658e-01
2.716270000000000073e-01 -1.715800000000000658e-01
2.716270000000000073e-01 -1.715800000000000658e-01
2.716270000000000073e-01 -1.715800000000000658e-01
2.716250000000000053e-01 -1.715800000000000658e-01
2.716250000000000053e-01 -1.715800000000000658e-01
2.716239999999999766e-01 -1.715800000000000658e-01
2.716239999999999766e-01 -1.715800000000000658e-01
2.716239999999999766e-01 -1.715800000000000658e-01
2.716230000000000033e-01 -1.715800000000000658e-01
2.716220000000000301e-01 -1.715800000000000658e-01
2.716220000000000301e-01 -1.715800000000000658e-01
2.716220000000000301e-01 -1.715800000000000658e-01
2.716220000000000301e-01 -1.715800000000000658e-01
2.716199999999999726e-01 -1.715800000000000658e-01
2.716199999999999726e-01 -1.715800000000000658e-01
2.716199999999999726e-01 -1.715800000000000658e-01
2.716199999999999726e-01 -1.715900000000001313e-01
2.716199999999999726e-01 -1.715900000000001313e-01
2.716180000000000261e-01 -1.715900000000001313e-01
2.716180000000000261e-01 -1.715900000000001313e-01
2.716180000000000261e-01 -1.715900000000001313e-01
2.716169999999999973e-01 -1.715900000000001313e-01
2.716169999999999973e-01 -1.715900000000001313e-01
2.716159999999999686e-01 -1.715900000000001313e-01
2.716149999999999953e-01 -1.715900000000001313e-01
2.716149999999999953e-01 -1.715900000000001313e-01
2.716149999999999953e-01 -1.715900000000001313e-01
2.716149999999999953e-01 -1.715900000000001313e-01
2.716129999999999933e-01 -1.715900000000001313e-01
2.716129999999999933e-01 -1.715900000000001313e-01
2.716129999999999933e-01 -1.715900000000001313e-01
2.716129999999999933e-01 -1.715900000000001313e-01
2.716129999999999933e-01 -1.715900000000001313e-01
2.716109999999999913e-01 -1.715900000000001313e-01
2.716109999999999913e-01 -1.715900000000001313e-01
2.716100000000000181e-01 -1.715900000000001313e-01
2.716100000000000181e-01 -1.715900000000001313e-01
2.716100000000000181e-01 -1.715900000000001313e-01
2.716089999999999893e-01 -1.715900000000001313e-01
2.716079999999999606e-01 -1.715900000000001313e-01
2.716079999999999606e-01 -1.715900000000001313e-01
2.716079999999999606e-01 -1.715900000000001313e-01
2.716079999999999606e-01 -1.715900000000001313e-01
2.716060000000000141e-01 -1.715900000000001313e-01
2.716060000000000141e-01 -1.715900000000001313e-01
2.716060000000000141e-01 -1.715900000000001313e-01
2.716060000000000141e-01 -1.715900000000001313e-01
2.716060000000000141e-01 -1.715900000000001313e-01
2.716039999999999566e-01 -1.715900000000001313e-01
2.716039999999999566e-01 -1.715900000000001313e-01
2.716039999999999566e-01 -1.715999999999997527e-01
2.716029999999999833e-01 -1.715999999999997527e-01
2.716029999999999833e-01 -1.715999999999997527e-01
2.716020000000000101e-01 -1.715999999999997527e-01
2.716020000000000101e-01 -1.715999999999997527e-01
2.716009999999999813e-01 -1.715999999999997527e-01
2.716009999999999813e-01 -1.715999999999997527e-01
2.716009999999999813e-01 -1.715999999999997527e-01
2.715990000000000348e-01 -1.715999999999997527e-01
2.715990000000000348e-01 -1.715999999999997527e-01
2.715990000000000348e-01 -1.715999999999997527e-01
2.715990000000000348e-01 -1.715999999999997527e-01
2.715990000000000348e-01 -1.715999999999997527e-01
2.715969999999999773e-01 -1.715999999999997527e-01
2.715969999999999773e-01 -1.715999999999997527e-01
2.715969999999999773e-01 -1.715999999999997527e-01
2.715969999999999773e-01 -1.715999999999997527e-01
2.715969999999999773e-01 -1.715999999999997527e-01
2.715950000000000308e-01 -1.715999999999997527e-01
2.715950000000000308e-01 -1.715999999999997527e-01
2.715950000000000308e-01 -1.715999999999997527e-01
2.715950000000000308e-01 -1.715999999999997527e-01
2.715950000000000308e-01 -1.715999999999997527e-01
2.715929999999999733e-01 -1.715999999999997527e-01
2.715929999999999733e-01 -1.715999999999997527e-01
2.715929999999999733e-01 -1.715999999999997527e-01
2.715929999999999733e-01 -1.715999999999997527e-01
2.715920000000000001e-01 -1.715999999999997527e-01
2.715910000000000268e-01 -1.715999999999997527e-01
2.715910000000000268e-01 -1.715999999999997527e-01
2.715910000000000268e-01 -1.715999999999997527e-01
2.715910000000000268e-01 -1.715999999999997527e-01
2.715910000000000268e-01 -1.715999999999997527e-01
2.715889999999999693e-01 -1.715999999999997527e-01
2.715889999999999693e-01 -1.715999999999997527e-01
2.715889999999999693e-01 -1.715999999999997527e-01
2.715889999999999693e-01 -1.715999999999997527e-01
2.715879999999999961e-01 -1.715999999999997527e-01
2.715870000000000228e-01 -1.715999999999997527e-01
2.715870000000000228e-01 -1.715999999999997527e-01
2.715870000000000228e-01 -1.715999999999997527e-01
2.715870000000000228e-01 -1.715999999999997527e-01
2.715870000000000228e-01 -1.715999999999997527e-01
2.715849999999999653e-01 -1.715999999999997527e-01
2.715849999999999653e-01 -1.715999999999997527e-01
2.715849999999999653e-01 -1.715999999999997527e-01
2.715839999999999921e-01 -1.715999999999997527e-01
2.715839999999999921e-01 -1.715999999999997527e-01
2.715830000000000188e-01 -1.715999999999997527e-01
2.715830000000000188e-01 -1.715999999999997527e-01
2.715830000000000188e-01 -1.715999999999997527e-01
2.715830000000000188e-01 -1.715999999999997527e-01
2.715830000000000188e-01 -1.715999999999997527e-01
2.715809999999999613e-01 -1.715999999999997527e-01
2.715809999999999613e-01 -1.715999999999997527e-01
2.715809999999999613e-01 -1.715999999999997527e-01
2.715809999999999613e-01 -1.715999999999997527e-01
2.715809999999999613e-01 -1.715999999999997527e-01
2.715790000000000148e-01 -1.715999999999997527e-01
2.715790000000000148e-01 -1.715999999999997527e-01
2.715790000000000148e-01 -1.715999999999997527e-01
2.715790000000000148e-01 -1.715999999999997527e-01
2.715790000000000148e-01 -1.716099999999998182e-01
2.715779999999999861e-01 -1.715999999999997527e-01
2.715779999999999861e-01 -1.715999999999997527e-01
2.715779999999999861e-01 -1.715999999999997527e-01
2.715779999999999861e-01 -1.716099999999998182e-01
2.715769999999999573e-01 -1.716099999999998182e-01
2.715759999999999841e-01 -1.715999999999997527e-01
2.715759999999999841e-01 -1.716099999999998182e-01
2.715759999999999841e-01 -1.716099999999998182e-01
2.715759999999999841e-01 -1.716099999999998182e-01
2.715759999999999841e-01 -1.716099999999998182e-01
2.715750000000000108e-01 -1.716099999999998182e-01
2.715750000000000108e-01 -1.716099999999998182e-01
2.715739999999999821e-01 -1.716099999999998182e-01
2.715739999999999821e-01 -1.716099999999998182e-01
2.715739999999999821e-01 -1.716099999999998182e-01
2.715730000000000088e-01 -1.716099999999998182e-01
2.715730000000000088e-01 -1.716099999999998182e-01
2.715730000000000088e-01 -1.716099999999998182e-01
2.715730000000000088e-01 -1.716099999999998182e-01
2.715730000000000088e-01 -1.716099999999998182e-01
2.715720000000000356e-01 -1.716099999999998182e-01
2.715720000000000356e-01 -1.716099999999998182e-01
2.715720000000000356e-01 -1.716099999999998182e-01
2.715720000000000356e-01 -1.716099999999998182e-01
2.715720000000000356e-01 -1.716099999999998182e-01
2.715710000000000068e-01 -1.716099999999998182e-01
2.715699999999999781e-01 -1.716099999999998182e-01
2.715699999999999781e-01 -1.716099999999998182e-01
2.715699999999999781e-01 -1.716099999999998182e-01
2.715699999999999781e-01 -1.716099999999998182e-01
2.715690000000000048e-01 -1.716099999999998182e-01
2.715690000000000048e-01 -1.716099999999998182e-01
2.715690000000000048e-01 -1.716099999999998182e-01
2.715690000000000048e-01 -1.716099999999998182e-01
2.715690000000000048e-01 -1.716099999999998182e-01
2.715680000000000316e-01 -1.716099999999998182e-01
2.715680000000000316e-01 -1.716099999999998182e-01
2.715680000000000316e-01 -1.716099999999998182e-01
2.715680000000000316e-01 -1.716099999999998182e-01
2.715680000000000316e-01 -1.716099999999998182e-01
2.715670000000000028e-01 -1.716099999999998182e-01
2.715670000000000028e-01 -1.716099999999998182e-01
2.715670000000000028e-01 -1.716099999999998182e-01
2.715659999999999741e-01 -1.716099999999998182e-01
2.715659999999999741e-01 -1.716099999999998182e-01
2.715650000000000008e-01 -1.716099999999998182e-01
2.715650000000000008e-01 -1.716099999999998182e-01
2.715650000000000008e-01 -1.716099999999998182e-01
2.715650000000000008e-01 -1.716099999999998182e-01
2.715650000000000008e-01 -1.716099999999998182e-01
2.715640000000000276e-01 -1.716099999999998182e-01
2.715640000000000276e-01 -1.716099999999998182e-01
2.715640000000000276e-01 -1.716099999999998182e-01
2.715640000000000276e-01 -1.716099999999998182e-01
2.715640000000000276e-01 -1.716099999999998182e-01
2.715629999999999988e-01 -1.716099999999998182e-01
2.715629999999999988e-01 -1.716099999999998182e-01
2.715629999999999988e-01 -1.716099999999998182e-01
2.715629999999999988e-01 -1.716099999999998182e-01
2.715629999999999988e-01 -1.716099999999998182e-01
2.715619999999999701e-01 -1.716099999999998182e-01
2.715609999999999968e-01 -1.716099999999998182e-01
2.715609999999999968e-01 -1.716099999999998182e-01
2.715609999999999968e-01 -1.716099999999998182e-01
2.715609999999999968e-01 -1.716099999999998182e-01
2.715600000000000236e-01 -1.716099999999998182e-01
2.715600000000000236e-01 -1.716099999999998182e-01
2.715600000000000236e-01 -1.716099999999998182e-01
2.715600000000000236e-01 -1.716099999999998182e-01
2.715600000000000236e-01 -1.716099999999998182e-01
2.715589999999999948e-01 -1.716099999999998182e-01
2.715589999999999948e-01 -1.716099999999998182e-01
2.715589999999999948e-01 -1.716099999999998182e-01
2.715589999999999948e-01 -1.716099999999998182e-01
2.715579999999999661e-01 -1.716099999999998182e-01
2.715569999999999928e-01 -1.716099999999998182e-01
2.715569999999999928e-01 -1.716099999999998182e-01
2.715569999999999928e-01 -1.716099999999998182e-01
2.715569999999999928e-01 -1.716099999999998182e-01
2.715569999999999928e-01 -1.716099999999998182e-01
2.715560000000000196e-01 -1.716099999999998182e-01
2.715560000000000196e-01 -1.716099999999998182e-01
2.715560000000000196e-01 -1.716099999999998182e-01
2.715560000000000196e-01 -1.716099999999998182e-01
2.715560000000000196e-01 -1.716099999999998182e-01
2.715549999999999908e-01 -1.716099999999998182e-01
2.715549999999999908e-01 -1.716099999999998182e-01
2.715549999999999908e-01 -1.716099999999998182e-01
2.715539999999999621e-01 -1.716099999999998182e-01
2.715539999999999621e-01 -1.716099999999998182e-01
2.715529999999999888e-01 -1.715999999999997527e-01
2.715529999999999888e-01 -1.715999999999997527e-01
2.715529999999999888e-01 -1.715999999999997527e-01
2.715529999999999888e-01 -1.716099999999998182e-01
2.715529999999999888e-01 -1.716099999999998182e-01
2.715520000000000156e-01 -1.715999999999997527e-01
2.715520000000000156e-01 -1.715999999999997527e-01
2.715520000000000156e-01 -1.715999999999997527e-01
2.715520000000000156e-01 -1.715999999999997527e-01
2.715509999999999868e-01 -1.715999999999997527e-01
2.715499999999999581e-01 -1.715999999999997527e-01
2.715499999999999581e-01 -1.715999999999997527e-01
2.715499999999999581e-01 -1.715999999999997527e-01
2.715499999999999581e-01 -1.715999999999997527e-01
2.715499999999999581e-01 -1.715999999999997527e-01
2.715489999999999848e-01 -1.715999999999997527e-01
2.715489999999999848e-01 -1.715999999999997527e-01
2.715489999999999848e-01 -1.715999999999997527e-01
2.715489999999999848e-01 -1.715999999999997527e-01
2.715480000000000116e-01 -1.715999999999997527e-01
2.715480000000000116e-01 -1.715999999999997527e-01
2.715480000000000116e-01 -1.715999999999997527e-01
2.715480000000000116e-01 -1.715999999999997527e-01
2.715480000000000116e-01 -1.715999999999997527e-01
2.715469999999999828e-01 -1.715999999999997527e-01
2.715460000000000096e-01 -1.715999999999997527e-01
2.715460000000000096e-01 -1.715999999999997527e-01
2.715460000000000096e-01 -1.715999999999997527e-01
2.715460000000000096e-01 -1.715999999999997527e-01
2.715460000000000096e-01 -1.715999999999997527e-01
2.715450000000000363e-01 -1.715999999999997527e-01
2.715450000000000363e-01 -1.715999999999997527e-01
2.715450000000000363e-01 -1.715999999999997527e-01
2.715450000000000363e-01 -1.715999999999997527e-01
2.715450000000000363e-01 -1.715999999999997527e-01
2.715440000000000076e-01 -1.715999999999997527e-01
2.715440000000000076e-01 -1.715999999999997527e-01
2.715440000000000076e-01 -1.715999999999997527e-01
2.715440000000000076e-01 -1.715999999999997527e-01
2.715440000000000076e-01 -1.715999999999997527e-01
2.715429999999999788e-01 -1.715999999999997527e-01
2.715429999999999788e-01 -1.715999999999997527e-01
2.715429999999999788e-01 -1.715999999999997527e-01
2.715429999999999788e-01 -1.715999999999997527e-01
2.715429999999999788e-01 -1.715999999999997527e-01
2.715429999999999788e-01 -1.715999999999997527e-01
2.715429999999999788e-01 -1.715999999999997527e-01
2.715420000000000056e-01 -1.715999999999997527e-01
2.715420000000000056e-01 -1.715999999999997527e-01
2.715420000000000056e-01 -1.715999999999997527e-01
2.715420000000000056e-01 -1.715999999999997527e-01
2.715420000000000056e-01 -1.715999999999997527e-01
2.715420000000000056e-01 -1.715999999999997527e-01
2.715410000000000323e-01 -1.715999999999997527e-01
2.715410000000000323e-01 -1.715999999999997527e-01
2.715410000000000323e-01 -1.715999999999997527e-01
2.715410000000000323e-01 -1.715999999999997527e-01
2.715410000000000323e-01 -1.715999999999997527e-01
2.715410000000000323e-01 -1.715999999999997527e-01
2.715410000000000323e-01 -1.715999999999997527e-01
2.715410000000000323e-01 -1.715900000000001313e-01
2.715410000000000323e-01 -1.715900000000001313e-01
2.715410000000000323e-01 -1.715900000000001313e-01
2.715410000000000323e-01 -1.715999999999997527e-01
2.715410000000000323e-01 -1.715999999999997527e-01
2.715400000000000036e-01 -1.715900000000001313e-01
2.715400000000000036e-01 -1.715900000000001313e-01
2.715400000000000036e-01 -1.715900000000001313e-01
2.715400000000000036e-01 -1.715900000000001313e-01
2.715400000000000036e-01 -1.715900000000001313e-01
2.715400000000000036e-01 -1.715900000000001313e-01
2.715400000000000036e-01 -1.715900000000001313e-01
2.715400000000000036e-01 -1.715900000000001313e-01
2.715400000000000036e-01 -1.715900000000001313e-01
2.715400000000000036e-01 -1.715900000000001313e-01
2.715400000000000036e-01 -1.715900000000001313e-01
2.715400000000000036e-01 -1.715900000000001313e-01
2.715400000000000036e-01 -1.715900000000001313e-01
2.715400000000000036e-01 -1.715900000000001313e-01
2.715400000000000036e-01 -1.715900000000001313e-01
2.715400000000000036e-01 -1.715900000000001313e-01
2.715400000000000036e-01 -1.715900000000001313e-01
2.715389999999999748e-01 -1.715900000000001313e-01
2.715389999999999748e-01 -1.715900000000001313e-01
2.715389999999999748e-01 -1.715900000000001313e-01
2.715400000000000036e-01 -1.715900000000001313e-01
2.715389999999999748e-01 -1.715900000000001313e-01
2.715389999999999748e-01 -1.715900000000001313e-01
2.715389999999999748e-01 -1.715900000000001313e-01
2.715389999999999748e-01 -1.715900000000001313e-01
2.715389999999999748e-01 -1.715900000000001313e-01
2.715389999999999748e-01 -1.715900000000001313e-01
2.715389999999999748e-01 -1.715900000000001313e-01
2.715389999999999748e-01 -1.715900000000001313e-01
2.715389999999999748e-01 -1.715900000000001313e-01
2.715389999999999748e-01 -1.715800000000000658e-01
2.715389999999999748e-01 -1.715800000000000658e-01
2.715389999999999748e-01 -1.715900000000001313e-01
2.715389999999999748e-01 -1.715900000000001313e-01
2.715380000000000016e-01 -1.715900000000001313e-01
2.715389999999999748e-01 -1.715800000000000658e-01
2.715389999999999748e-01 -1.715800000000000658e-01
2.715389999999999748e-01 -1.715800000000000658e-01
2.715389999999999748e-01 -1.715800000000000658e-01
2.715380000000000016e-01 -1.715800000000000658e-01
2.715389999999999748e-01 -1.715800000000000658e-01
2.715389999999999748e-01 -1.715800000000000658e-01
2.715389999999999748e-01 -1.715800000000000658e-01
2.715380000000000016e-01 -1.715800000000000658e-01
2.715380000000000016e-01 -1.715800000000000658e-01
2.715389999999999748e-01 -1.715800000000000658e-01
2.715389999999999748e-01 -1.715800000000000658e-01
2.715389999999999748e-01 -1.715800000000000658e-01
2.715380000000000016e-01 -1.715800000000000658e-01
2.715380000000000016e-01 -1.715800000000000658e-01
2.715389999999999748e-01 -1.715800000000000658e-01
2.715389999999999748e-01 -1.715800000000000658e-01
2.715389999999999748e-01 -1.715800000000000658e-01
2.715389999999999748e-01 -1.715800000000000658e-01
2.715389999999999748e-01 -1.715800000000000658e-01
2.715389999999999748e-01 -1.715800000000000658e-01
2.715389999999999748e-01 -1.715800000000000658e-01
2.715389999999999748e-01 -1.715800000000000658e-01
2.715389999999999748e-01 -1.715800000000000658e-01
2.715389999999999748e-01 -1.715800000000000658e-01
2.715389999999999748e-01 -1.715700000000000003e-01
2.715389999999999748e-01 -1.715800000000000658e-01
2.715389999999999748e-01 -1.715800000000000658e-01
2.715389999999999748e-01 -1.715800000000000658e-01
2.715389999999999748e-01 -1.715800000000000658e-01
2.715389999999999748e-01 -1.715700000000000003e-01
2.715389999999999748e-01 -1.715700000000000003e-01
2.715389999999999748e-01 -1.715700000000000003e-01
2.715389999999999748e-01 -1.715700000000000003e-01
2.715389999999999748e-01 -1.715700000000000003e-01
2.715389999999999748e-01 -1.715700000000000003e-01
2.715389999999999748e-01 -1.715700000000000003e-01
2.715389999999999748e-01 -1.715700000000000003e-01
2.715389999999999748e-01 -1.715700000000000003e-01
2.715389999999999748e-01 -1.715700000000000003e-01
2.715389999999999748e-01 -1.715700000000000003e-01
2.715389999999999748e-01 -1.715700000000000003e-01
2.715389999999999748e-01 -1.715700000000000003e-01
2.715389999999999748e-01 -1.715700000000000003e-01
2.715380000000000016e-01 -1.715700000000000003e-01
2.715389999999999748e-01 -1.715700000000000003e-01
2.715389999999999748e-01 -1.715700000000000003e-01
2.715389999999999748e-01 -1.715700000000000003e-01
2.715380000000000016e-01 -1.715700000000000003e-01
2.715380000000000016e-01 -1.715700000000000003e-01
2.715389999999999748e-01 -1.715700000000000003e-01
2.715389999999999748e-01 -1.715700000000000003e-01
2.715389999999999748e-01 -1.715700000000000003e-01
2.715389999999999748e-01 -1.715700000000000003e-01
2.715380000000000016e-01 -1.715700000000000003e-01
2.715389999999999748e-01 -1.715599999999999348e-01
2.715389999999999748e-01 -1.715599999999999348e-01
2.715389999999999748e-01 -1.715599999999999348e-01
2.715389999999999748e-01 -1.715599999999999348e-01
2.715380000000000016e-01 -1.715700000000000003e-01
2.715389999999999748e-01 -1.715599999999999348e-01
2.715389999999999748e-01 -1.715599999999999348e-01
2.715389999999999748e-01 -1.715599999999999348e-01
2.715389999999999748e-01 -1.715599999999999348e-01
2.715389999999999748e-01 -1.715599999999999348e-01
2.715400000000000036e-01 -1.715599999999999348e-01
2.715389999999999748e-01 -1.715599999999999348e-01
2.715389999999999748e-01 -1.715599999999999348e-01
2.715389999999999748e-01 -1.715599999999999348e-01
2.715389999999999748e-01 -1.715599999999999348e-01
2.715400000000000036e-01 -1.715599999999999348e-01
2.715400000000000036e-01 -1.715599999999999348e-01
2.715400000000000036e-01 -1.715599999999999348e-01
2.715389999999999748e-01 -1.715599999999999348e-01
2.715389999999999748e-01 -1.715599999999999348e-01
2.715400000000000036e-01 -1.715599999999999348e-01
2.715400000000000036e-01 -1.715599999999999348e-01
2.715400000000000036e-01 -1.715599999999999348e-01
2.715389999999999748e-01 -1.715599999999999348e-01
2.715389999999999748e-01 -1.715599999999999348e-01
2.715410000000000323e-01 -1.715499999999998693e-01
2.715400000000000036e-01 -1.715499999999998693e-01
2.715400000000000036e-01 -1.715499999999998693e-01
2.715400000000000036e-01 -1.715499999999998693e-01
2.715400000000000036e-01 -1.715599999999999348e-01
2.715410000000000323e-01 -1.715499999999998693e-01
2.715410000000000323e-01 -1.715499999999998693e-01
2.715410000000000323e-01 -1.715499999999998693e-01
2.715410000000000323e-01 -1.715499999999998693e-01
2.715410000000000323e-01 -1.715499999999998693e-01
2.715410000000000323e-01 -1.715499999999998693e-01
2.715410000000000323e-01 -1.715499999999998693e-01
2.715410000000000323e-01 -1.715499999999998693e-01
2.715410000000000323e-01 -1.715499999999998693e-01
2.715410000000000323e-01 -1.715499999999998693e-01
2.715420000000000056e-01 -1.715499999999998693e-01
2.715420000000000056e-01 -1.715499999999998693e-01
2.715420000000000056e-01 -1.715499999999998693e-01
2.715420000000000056e-01 -1.715499999999998693e-01
2.715410000000000323e-01 -1.715499999999998693e-01
2.715429999999999788e-01 -1.715499999999998693e-01
2.715429999999999788e-01 -1.715499999999998693e-01
2.715420000000000056e-01 -1.715499999999998693e-01
2.715420000000000056e-01 -1.715499999999998693e-01
2.715420000000000056e-01 -1.715499999999998693e-01
2.715429999999999788e-01 -1.715399999999998037e-01
2.715429999999999788e-01 -1.715399999999998037e-01
2.715429999999999788e-01 -1.715399999999998037e-01
2.715429999999999788e-01 -1.715399999999998037e-01
2.715429999999999788e-01 -1.715399999999998037e-01
2.715440000000000076e-01 -1.715399999999998037e-01
2.715440000000000076e-01 -1.715399999999998037e-01
2.715440000000000076e-01 -1.715399999999998037e-01
2.715429999999999788e-01 -1.715399999999998037e-01
2.715429999999999788e-01 -1.715399999999998037e-01
2.715450000000000363e-01 -1.715399999999998037e-01
2.715450000000000363e-01 -1.715399999999998037e-01
2.715440000000000076e-01 -1.715399999999998037e-01
2.715440000000000076e-01 -1.715399999999998037e-01
2.715440000000000076e-01 -1.715399999999998037e-01
2.715460000000000096e-01 -1.715399999999998037e-01
2.715460000000000096e-01 -1.715399999999998037e-01
2.715450000000000363e-01 -1.715399999999998037e-01
2.715450000000000363e-01 -1.715399999999998037e-01
2.715450000000000363e-01 -1.715399999999998037e-01
2.715469999999999828e-01 -1.715300000000001823e-01
2.715469999999999828e-01 -1.715300000000001823e-01
2.715460000000000096e-01 -1.715300000000001823e-01
2.715460000000000096e-01 -1.715300000000001823e-01
2.715460000000000096e-01 -1.715300000000001823e-01
2.715480000000000116e-01 -1.715300000000001823e-01
2.715469999999999828e-01 -1.715300000000001823e-01
2.715469999999999828e-01 -1.715300000000001823e-01
2.715469999999999828e-01 -1.715300000000001823e-01
2.715469999999999828e-01 -1.715300000000001823e-01
2.715489999999999848e-01 -1.715300000000001823e-01
2.715489999999999848e-01 -1.715300000000001823e-01
2.715489999999999848e-01 -1.715300000000001823e-01
2.715480000000000116e-01 -1.715300000000001823e-01
2.715480000000000116e-01 -1.715300000000001823e-01
2.715489999999999848e-01 -1.715300000000001823e-01
2.715489999999999848e-01 -1.715300000000001823e-01
2.715489999999999848e-01 -1.715300000000001823e-01
2.715489999999999848e-01 -1.715300000000001823e-01
2.715489999999999848e-01 -1.715300000000001823e-01
2.715499999999999581e-01 -1.715200000000001168e-01
2.715499999999999581e-01 -1.715200000000001168e-01
2.715499999999999581e-01 -1.715200000000001168e-01
2.715499999999999581e-01 -1.715200000000001168e-01
2.715499999999999581e-01 -1.715200000000001168e-01
2.715520000000000156e-01 -1.715200000000001168e-01
2.715509999999999868e-01 -1.715200000000001168e-01
2.715509999999999868e-01 -1.715200000000001168e-01
2.715509999999999868e-01 -1.715200000000001168e-01
2.715509999999999868e-01 -1.715200000000001168e-01
2.715529999999999888e-01 -1.715200000000001168e-01
2.715520000000000156e-01 -1.715200000000001168e-01
2.715520000000000156e-01 -1.715200000000001168e-01
2.715520000000000156e-01 -1.715200000000001168e-01
2.715520000000000156e-01 -1.715200000000001168e-01
2.715539999999999621e-01 -1.715200000000001168e-01
2.715539999999999621e-01 -1.715200000000001168e-01
2.715529999999999888e-01 -1.715200000000001168e-01
2.715529999999999888e-01 -1.715200000000001168e-01
2.715529999999999888e-01 -1.715200000000001168e-01
2.715549999999999908e-01 -1.715100000000000513e-01
2.715549999999999908e-01 -1.715100000000000513e-01
2.715539999999999621e-01 -1.715100000000000513e-01
2.715539999999999621e-01 -1.715100000000000513e-01
2.715539999999999621e-01 -1.715100000000000513e-01
2.715560000000000196e-01 -1.715100000000000513e-01
2.715560000000000196e-01 -1.715100000000000513e-01
2.715560000000000196e-01 -1.715100000000000513e-01
2.715549999999999908e-01 -1.715100000000000513e-01
2.715549999999999908e-01 -1.715100000000000513e-01
2.715569999999999928e-01 -1.715100000000000513e-01
2.715569999999999928e-01 -1.715100000000000513e-01
2.715569999999999928e-01 -1.715100000000000513e-01
2.715569999999999928e-01 -1.715100000000000513e-01
2.715569999999999928e-01 -1.715100000000000513e-01
2.715579999999999661e-01 -1.714999999999999858e-01
2.715579999999999661e-01 -1.714999999999999858e-01
2.715579999999999661e-01 -1.714999999999999858e-01
2.715579999999999661e-01 -1.714999999999999858e-01
2.715579999999999661e-01 -1.714999999999999858e-01
2.715589999999999948e-01 -1.714999999999999858e-01
2.715589999999999948e-01 -1.714999999999999858e-01
2.715589999999999948e-01 -1.714999999999999858e-01
2.715589999999999948e-01 -1.714999999999999858e-01
2.715579999999999661e-01 -1.714999999999999858e-01
2.715600000000000236e-01 -1.714999999999999858e-01
2.715600000000000236e-01 -1.714999999999999858e-01
2.715600000000000236e-01 -1.714999999999999858e-01
2.715600000000000236e-01 -1.714999999999999858e-01
2.715600000000000236e-01 -1.714999999999999858e-01
2.715609999999999968e-01 -1.714899999999999203e-01
2.715609999999999968e-01 -1.714899999999999203e-01
2.715609999999999968e-01 -1.714899999999999203e-01
2.715609999999999968e-01 -1.714899999999999203e-01
2.715609999999999968e-01 -1.714899999999999203e-01
2.715619999999999701e-01 -1.714899999999999203e-01
2.715619999999999701e-01 -1.714899999999999203e-01
2.715619999999999701e-01 -1.714899999999999203e-01
2.715619999999999701e-01 -1.714899999999999203e-01
2.715619999999999701e-01 -1.714899999999999203e-01
2.715629999999999988e-01 -1.714899999999999203e-01
2.715629999999999988e-01 -1.714899999999999203e-01
2.715629999999999988e-01 -1.714899999999999203e-01
2.715629999999999988e-01 -1.714899999999999203e-01
2.715629999999999988e-01 -1.714899999999999203e-01
2.715640000000000276e-01 -1.714799999999998548e-01
2.715640000000000276e-01 -1.714799999999998548e-01
2.715640000000000276e-01 -1.714799999999998548e-01
2.715640000000000276e-01 -1.714799999999998548e-01
2.715640000000000276e-01 -1.714799999999998548e-01
2.715650000000000008e-01 -1.714799999999998548e-01
2.715650000000000008e-01 -1.714799999999998548e-01
2.715650000000000008e-01 -1.714799999999998548e-01
2.715650000000000008e-01 -1.714799999999998548e-01
2.715650000000000008e-01 -1.714799999999998548e-01
2.715659999999999741e-01 -1.714799999999998548e-01
2.715659999999999741e-01 -1.714799999999998548e-01
2.715659999999999741e-01 -1.714799999999998548e-01
2.715659999999999741e-01 -1.714799999999998548e-01
2.715659999999999741e-01 -1.714799999999998548e-01
2.715670000000000028e-01 -1.714699999999997893e-01
2.715670000000000028e-01 -1.714699999999997893e-01
2.715670000000000028e-01 -1.714699999999997893e-01
2.715670000000000028e-01 -1.714699999999997893e-01
2.715670000000000028e-01 -1.714799999999998548e-01
2.715690000000000048e-01 -1.714699999999997893e-01
2.715690000000000048e-01 -1.714699999999997893e-01
2.715690000000000048e-01 -1.714699999999997893e-01
2.715690000000000048e-01 -1.714699999999997893e-01
2.715690000000000048e-01 -1.714699999999997893e-01
2.715699999999999781e-01 -1.714699999999997893e-01
2.715699999999999781e-01 -1.714699999999997893e-01
2.715699999999999781e-01 -1.714699999999997893e-01
2.715699999999999781e-01 -1.714699999999997893e-01
2.715699999999999781e-01 -1.714699999999997893e-01
2.715710000000000068e-01 -1.714600000000001678e-01
2.715710000000000068e-01 -1.714600000000001678e-01
2.715710000000000068e-01 -1.714699999999997893e-01
2.715710000000000068e-01 -1.714699999999997893e-01
2.715710000000000068e-01 -1.714699999999997893e-01
2.715730000000000088e-01 -1.714600000000001678e-01
2.715730000000000088e-01 -1.714600000000001678e-01
2.715730000000000088e-01 -1.714600000000001678e-01
2.715730000000000088e-01 -1.714600000000001678e-01
2.715730000000000088e-01 -1.714600000000001678e-01
2.715739999999999821e-01 -1.714600000000001678e-01
2.715739999999999821e-01 -1.714600000000001678e-01
2.715739999999999821e-01 -1.714600000000001678e-01
2.715739999999999821e-01 -1.714600000000001678e-01
2.715739999999999821e-01 -1.714600000000001678e-01
2.715759999999999841e-01 -1.714500000000001023e-01
2.715759999999999841e-01 -1.714500000000001023e-01
2.715759999999999841e-01 -1.714500000000001023e-01
2.715759999999999841e-01 -1.714500000000001023e-01
2.715750000000000108e-01 -1.714500000000001023e-01
2.715779999999999861e-01 -1.714500000000001023e-01
2.715779999999999861e-01 -1.714500000000001023e-01
2.715769999999999573e-01 -1.714500000000001023e-01
2.715769999999999573e-01 -1.714500000000001023e-01
2.715769999999999573e-01 -1.714500000000001023e-01
2.715790000000000148e-01 -1.714500000000001023e-01
2.715790000000000148e-01 -1.714500000000001023e-01
2.715790000000000148e-01 -1.714500000000001023e-01
2.715790000000000148e-01 -1.714500000000001023e-01
2.715790000000000148e-01 -1.714500000000001023e-01
2.715809999999999613e-01 -1.714400000000000368e-01
2.715809999999999613e-01 -1.714400000000000368e-01
2.715809999999999613e-01 -1.714400000000000368e-01
2.715809999999999613e-01 -1.714400000000000368e-01
2.715809999999999613e-01 -1.714400000000000368e-01
2.715830000000000188e-01 -1.714400000000000368e-01
2.715830000000000188e-01 -1.714400000000000368e-01
2.715830000000000188e-01 -1.714400000000000368e-01
2.715830000000000188e-01 -1.714400000000000368e-01
2.715819999999999901e-01 -1.714400000000000368e-01
2.715849999999999653e-01 -1.714400000000000368e-01
2.715849999999999653e-01 -1.714400000000000368e-01
2.715849999999999653e-01 -1.714400000000000368e-01
2.715849999999999653e-01 -1.714400000000000368e-01
2.715849999999999653e-01 -1.714400000000000368e-01
2.715870000000000228e-01 -1.714299999999999713e-01
2.715870000000000228e-01 -1.714299999999999713e-01
2.715870000000000228e-01 -1.714299999999999713e-01
2.715870000000000228e-01 -1.714299999999999713e-01
2.715870000000000228e-01 -1.714299999999999713e-01
2.715889999999999693e-01 -1.714299999999999713e-01
2.715889999999999693e-01 -1.714299999999999713e-01
2.715889999999999693e-01 -1.714299999999999713e-01
2.715879999999999961e-01 -1.714299999999999713e-01
2.715879999999999961e-01 -1.714299999999999713e-01
2.715910000000000268e-01 -1.714199999999999058e-01
2.715910000000000268e-01 -1.714299999999999713e-01
2.715910000000000268e-01 -1.714299999999999713e-01
2.715910000000000268e-01 -1.714299999999999713e-01
2.715910000000000268e-01 -1.714299999999999713e-01
2.715940000000000021e-01 -1.714199999999999058e-01
2.715940000000000021e-01 -1.714199999999999058e-01
2.715929999999999733e-01 -1.714199999999999058e-01
2.715929999999999733e-01 -1.714199999999999058e-01
2.715929999999999733e-01 -1.714199999999999058e-01
2.715960000000000041e-01 -1.714199999999999058e-01
2.715960000000000041e-01 -1.714199999999999058e-01
2.715960000000000041e-01 -1.714199999999999058e-01
2.715960000000000041e-01 -1.714199999999999058e-01
2.715960000000000041e-01 -1.714199999999999058e-01
2.715990000000000348e-01 -1.714099999999998403e-01
2.715980000000000061e-01 -1.714099999999998403e-01
2.715980000000000061e-01 -1.714099999999998403e-01
2.715980000000000061e-01 -1.714099999999998403e-01
2.715980000000000061e-01 -1.714099999999998403e-01
2.716009999999999813e-01 -1.714099999999998403e-01
2.716009999999999813e-01 -1.714099999999998403e-01
2.716009999999999813e-01 -1.714099999999998403e-01
2.716009999999999813e-01 -1.714099999999998403e-01
2.716000000000000081e-01 -1.714099999999998403e-01
2.716039999999999566e-01 -1.713999999999997748e-01
2.716029999999999833e-01 -1.713999999999997748e-01
2.716029999999999833e-01 -1.713999999999997748e-01
2.716029999999999833e-01 -1.713999999999997748e-01
2.716029999999999833e-01 -1.714099999999998403e-01
2.716060000000000141e-01 -1.713999999999997748e-01
2.716060000000000141e-01 -1.713999999999997748e-01
2.716060000000000141e-01 -1.713999999999997748e-01
2.716060000000000141e-01 -1.713999999999997748e-01
2.716049999999999853e-01 -1.713999999999997748e-01
2.716089999999999893e-01 -1.713999999999997748e-01
2.716079999999999606e-01 -1.713999999999997748e-01
2.716079999999999606e-01 -1.713999999999997748e-01
2.716079999999999606e-01 -1.713999999999997748e-01
2.716079999999999606e-01 -1.713999999999997748e-01
2.716109999999999913e-01 -1.713900000000001533e-01
2.716109999999999913e-01 -1.713900000000001533e-01
2.716109999999999913e-01 -1.713900000000001533e-01
2.716109999999999913e-01 -1.713900000000001533e-01
2.716109999999999913e-01 -1.713900000000001533e-01
2.716140000000000221e-01 -1.713900000000001533e-01
2.716140000000000221e-01 -1.713900000000001533e-01
2.716129999999999933e-01 -1.713900000000001533e-01
2.716129999999999933e-01 -1.713900000000001533e-01
2.716129999999999933e-01 -1.713900000000001533e-01
2.716169999999999973e-01 -1.713800000000000878e-01
2.716159999999999686e-01 -1.713800000000000878e-01
2.716159999999999686e-01 -1.713800000000000878e-01
2.716159999999999686e-01 -1.713800000000000878e-01
2.716159999999999686e-01 -1.713800000000000878e-01
2.716189999999999993e-01 -1.713800000000000878e-01
2.716189999999999993e-01 -1.713800000000000878e-01
2.716189999999999993e-01 -1.713800000000000878e-01
2.716189999999999993e-01 -1.713800000000000878e-01
2.716189999999999993e-01 -1.713800000000000878e-01
2.716220000000000301e-01 -1.713800000000000878e-01
2.716220000000000301e-01 -1.713800000000000878e-01
2.716220000000000301e-01 -1.713800000000000878e-01
2.716220000000000301e-01 -1.713800000000000878e-01
2.716210000000000013e-01 -1.713800000000000878e-01
2.716250000000000053e-01 -1.713700000000000223e-01
2.716250000000000053e-01 -1.713700000000000223e-01
2.716250000000000053e-01 -1.713700000000000223e-01
2.716239999999999766e-01 -1.713700000000000223e-01
2.716239999999999766e-01 -1.713700000000000223e-01
2.716279999999999806e-01 -1.713700000000000223e-01
2.716270000000000073e-01 -1.713700000000000223e-01
2.716270000000000073e-01 -1.713700000000000223e-01
2.716270000000000073e-01 -1.713700000000000223e-01
2.716270000000000073e-01 -1.713700000000000223e-01
2.716299999999999826e-01 -1.713599999999999568e-01
2.716299999999999826e-01 -1.713599999999999568e-01
2.716299999999999826e-01 -1.713599999999999568e-01
2.716299999999999826e-01 -1.713599999999999568e-01
2.716299999999999826e-01 -1.713599999999999568e-01
2.716339999999999866e-01 -1.713599999999999568e-01
2.716330000000000133e-01 -1.713599999999999568e-01
2.716330000000000133e-01 -1.713599999999999568e-01
2.716330000000000133e-01 -1.713599999999999568e-01
2.716330000000000133e-01 -1.713599999999999568e-01
2.716359999999999886e-01 -1.713499999999998913e-01
2.716359999999999886e-01 -1.713499999999998913e-01
2.716359999999999886e-01 -1.713499999999998913e-01
2.716359999999999886e-01 -1.713499999999998913e-01
2.716349999999999598e-01 -1.713499999999998913e-01
2.716389999999999638e-01 -1.713499999999998913e-01
2.716389999999999638e-01 -1.713499999999998913e-01
2.716389999999999638e-01 -1.713499999999998913e-01
2.716379999999999906e-01 -1.713499999999998913e-01
2.716379999999999906e-01 -1.713499999999998913e-01
2.716419999999999946e-01 -1.713399999999998258e-01
2.716410000000000213e-01 -1.713399999999998258e-01
2.716410000000000213e-01 -1.713399999999998258e-01
2.716410000000000213e-01 -1.713399999999998258e-01
2.716410000000000213e-01 -1.713399999999998258e-01
2.716439999999999966e-01 -1.713399999999998258e-01
2.716439999999999966e-01 -1.713399999999998258e-01
2.716439999999999966e-01 -1.713399999999998258e-01
2.716439999999999966e-01 -1.713399999999998258e-01
2.716439999999999966e-01 -1.713399999999998258e-01
2.716469999999999718e-01 -1.713299999999997603e-01
2.716469999999999718e-01 -1.713299999999997603e-01
2.716469999999999718e-01 -1.713299999999997603e-01
2.716459999999999986e-01 -1.713299999999997603e-01
2.716459999999999986e-01 -1.713299999999997603e-01
2.716490000000000293e-01 -1.713299999999997603e-01
2.716490000000000293e-01 -1.713299999999997603e-01
2.716490000000000293e-01 -1.713299999999997603e-01
2.716490000000000293e-01 -1.713299999999997603e-01
2.716490000000000293e-01 -1.713299999999997603e-01
2.716530000000000333e-01 -1.713200000000001388e-01
2.716520000000000046e-01 -1.713200000000001388e-01
2.716520000000000046e-01 -1.713200000000001388e-01
2.716520000000000046e-01 -1.713299999999997603e-01
2.716520000000000046e-01 -1.713299999999997603e-01
2.716549999999999798e-01 -1.713200000000001388e-01
2.716549999999999798e-01 -1.713200000000001388e-01
2.716549999999999798e-01 -1.713200000000001388e-01
2.716549999999999798e-01 -1.713200000000001388e-01
2.716549999999999798e-01 -1.713200000000001388e-01
2.716579999999999551e-01 -1.713200000000001388e-01
2.716570000000000373e-01 -1.713200000000001388e-01
2.716570000000000373e-01 -1.713200000000001388e-01
2.716570000000000373e-01 -1.713200000000001388e-01
2.716570000000000373e-01 -1.713200000000001388e-01
2.716600000000000126e-01 -1.713100000000000733e-01
2.716600000000000126e-01 -1.713100000000000733e-01
2.716600000000000126e-01 -1.713100000000000733e-01
2.716600000000000126e-01 -1.713100000000000733e-01
2.716600000000000126e-01 -1.713100000000000733e-01
2.716629999999999878e-01 -1.713100000000000733e-01
2.716629999999999878e-01 -1.713100000000000733e-01
2.716619999999999591e-01 -1.713100000000000733e-01
2.716619999999999591e-01 -1.713100000000000733e-01
2.716619999999999591e-01 -1.713100000000000733e-01
2.716649999999999898e-01 -1.713000000000000078e-01
2.716649999999999898e-01 -1.713000000000000078e-01
2.716649999999999898e-01 -1.713000000000000078e-01
2.716649999999999898e-01 -1.713000000000000078e-01
2.716640000000000166e-01 -1.713000000000000078e-01
2.716680000000000206e-01 -1.713000000000000078e-01
2.716680000000000206e-01 -1.713000000000000078e-01
2.716680000000000206e-01 -1.713000000000000078e-01
2.716669999999999918e-01 -1.713000000000000078e-01
2.716669999999999918e-01 -1.713000000000000078e-01
2.716699999999999671e-01 -1.712899999999999423e-01
2.716699999999999671e-01 -1.712899999999999423e-01
2.716699999999999671e-01 -1.712899999999999423e-01
2.716699999999999671e-01 -1.712899999999999423e-01
2.716699999999999671e-01 -1.712899999999999423e-01
2.716729999999999978e-01 -1.712899999999999423e-01
2.716729999999999978e-01 -1.712899999999999423e-01
2.716729999999999978e-01 -1.712899999999999423e-01
2.716720000000000246e-01 -1.712899999999999423e-01
2.716720000000000246e-01 -1.712899999999999423e-01
2.716760000000000286e-01 -1.712799999999998768e-01
2.716760000000000286e-01 -1.712799999999998768e-01
2.716760000000000286e-01 -1.712799999999998768e-01
2.716749999999999998e-01 -1.712799999999998768e-01
2.716749999999999998e-01 -1.712799999999998768e-01
2.716779999999999751e-01 -1.712799999999998768e-01
2.716779999999999751e-01 -1.712799999999998768e-01
2.716779999999999751e-01 -1.712799999999998768e-01
2.716779999999999751e-01 -1.712799999999998768e-01
2.716779999999999751e-01 -1.712799999999998768e-01
2.716810000000000058e-01 -1.712699999999998113e-01
2.716810000000000058e-01 -1.712699999999998113e-01
2.716810000000000058e-01 -1.712699999999998113e-01
2.716800000000000326e-01 -1.712699999999998113e-01
2.716800000000000326e-01 -1.712699999999998113e-01
2.716840000000000366e-01 -1.712599999999997458e-01
2.716840000000000366e-01 -1.712699999999998113e-01
2.716830000000000078e-01 -1.712699999999998113e-01
2.716830000000000078e-01 -1.712699999999998113e-01
2.716830000000000078e-01 -1.712699999999998113e-01
2.716859999999999831e-01 -1.712599999999997458e-01
2.716859999999999831e-01 -1.712599999999997458e-01
2.716859999999999831e-01 -1.712599999999997458e-01
2.716859999999999831e-01 -1.712599999999997458e-01
2.716859999999999831e-01 -1.712599999999997458e-01
2.716889999999999583e-01 -1.712599999999997458e-01
2.716889999999999583e-01 -1.712599999999997458e-01
2.716889999999999583e-01 -1.712599999999997458e-01
2.716889999999999583e-01 -1.712599999999997458e-01
2.716889999999999583e-01 -1.712599999999997458e-01
2.716919999999999891e-01 -1.712500000000001243e-01
2.716919999999999891e-01 -1.712500000000001243e-01
2.716919999999999891e-01 -1.712500000000001243e-01
2.716919999999999891e-01 -1.712500000000001243e-01
2.716919999999999891e-01 -1.712500000000001243e-01
2.716950000000000198e-01 -1.712500000000001243e-01
2.716950000000000198e-01 -1.712500000000001243e-01
2.716950000000000198e-01 -1.712500000000001243e-01
2.716950000000000198e-01 -1.712500000000001243e-01
2.716939999999999911e-01 -1.712500000000001243e-01
2.716979999999999951e-01 -1.712400000000000588e-01
2.716979999999999951e-01 -1.712400000000000588e-01
2.716979999999999951e-01 -1.712400000000000588e-01
2.716979999999999951e-01 -1.712400000000000588e-01
2.716979999999999951e-01 -1.712400000000000588e-01
2.717009999999999703e-01 -1.712400000000000588e-01
2.717009999999999703e-01 -1.712400000000000588e-01
2.717009999999999703e-01 -1.712400000000000588e-01
2.717009999999999703e-01 -1.712400000000000588e-01
2.717009999999999703e-01 -1.712400000000000588e-01
2.717040000000000011e-01 -1.712299999999999933e-01
2.717040000000000011e-01 -1.712299999999999933e-01
2.717040000000000011e-01 -1.712299999999999933e-01
2.717040000000000011e-01 -1.712299999999999933e-01
2.717040000000000011e-01 -1.712299999999999933e-01
2.717070000000000318e-01 -1.712299999999999933e-01
2.717070000000000318e-01 -1.712299999999999933e-01
2.717070000000000318e-01 -1.712299999999999933e-01
2.717070000000000318e-01 -1.712299999999999933e-01
2.717070000000000318e-01 -1.712299999999999933e-01
2.717100000000000071e-01 -1.712199999999999278e-01
2.717100000000000071e-01 -1.712199999999999278e-01
2.717100000000000071e-01 -1.712199999999999278e-01
2.717100000000000071e-01 -1.712199999999999278e-01
2.717100000000000071e-01 -1.712199999999999278e-01
2.717140000000000111e-01 -1.712199999999999278e-01
2.717129999999999823e-01 -1.712199999999999278e-01
2.717129999999999823e-01 -1.712199999999999278e-01
2.717129999999999823e-01 -1.712199999999999278e-01
2.717129999999999823e-01 -1.712199999999999278e-01
2.717169999999999863e-01 -1.712099999999998623e-01
2.717169999999999863e-01 -1.712099999999998623e-01
2.717159999999999576e-01 -1.712099999999998623e-01
2.717159999999999576e-01 -1.712099999999998623e-01
2.717159999999999576e-01 -1.712099999999998623e-01
2.717199999999999616e-01 -1.712099999999998623e-01
2.717189999999999883e-01 -1.712099999999998623e-01
2.717189999999999883e-01 -1.712099999999998623e-01
2.717189999999999883e-01 -1.712099999999998623e-01
2.717189999999999883e-01 -1.712099999999998623e-01
2.717229999999999923e-01 -1.711999999999997968e-01
2.717229999999999923e-01 -1.711999999999997968e-01
2.717229999999999923e-01 -1.711999999999997968e-01
2.717220000000000191e-01 -1.711999999999997968e-01
2.717220000000000191e-01 -1.711999999999997968e-01
2.717260000000000231e-01 -1.711900000000001754e-01
2.717249999999999943e-01 -1.711900000000001754e-01
2.717249999999999943e-01 -1.711999999999997968e-01
2.717249999999999943e-01 -1.711999999999997968e-01
2.717249999999999943e-01 -1.711999999999997968e-01
2.717289999999999983e-01 -1.711900000000001754e-01
2.717279999999999696e-01 -1.711900000000001754e-01
2.717279999999999696e-01 -1.711900000000001754e-01
2.717279999999999696e-01 -1.711900000000001754e-01
2.717279999999999696e-01 -1.711900000000001754e-01
2.717319999999999736e-01 -1.711800000000001098e-01
2.717319999999999736e-01 -1.711800000000001098e-01
2.717310000000000003e-01 -1.711900000000001754e-01
2.717310000000000003e-01 -1.711900000000001754e-01
2.717310000000000003e-01 -1.711900000000001754e-01
2.717340000000000311e-01 -1.711800000000001098e-01
2.717340000000000311e-01 -1.711800000000001098e-01
2.717340000000000311e-01 -1.711800000000001098e-01
2.717340000000000311e-01 -1.711800000000001098e-01
2.717340000000000311e-01 -1.711800000000001098e-01
2.717380000000000351e-01 -1.711700000000000443e-01
2.717380000000000351e-01 -1.711700000000000443e-01
2.717370000000000063e-01 -1.711700000000000443e-01
2.717370000000000063e-01 -1.711700000000000443e-01
2.717370000000000063e-01 -1.711700000000000443e-01
2.717410000000000103e-01 -1.711700000000000443e-01
2.717410000000000103e-01 -1.711700000000000443e-01
2.717410000000000103e-01 -1.711700000000000443e-01
2.717410000000000103e-01 -1.711700000000000443e-01
2.717399999999999816e-01 -1.711700000000000443e-01
2.717439999999999856e-01 -1.711599999999999788e-01
2.717439999999999856e-01 -1.711599999999999788e-01
2.717429999999999568e-01 -1.711599999999999788e-01
2.717429999999999568e-01 -1.711599999999999788e-01
2.717429999999999568e-01 -1.711599999999999788e-01
2.717469999999999608e-01 -1.711599999999999788e-01
2.717469999999999608e-01 -1.711599999999999788e-01
2.717469999999999608e-01 -1.711599999999999788e-01
2.717469999999999608e-01 -1.711599999999999788e-01
2.717469999999999608e-01 -1.711599999999999788e-01
2.717499999999999916e-01 -1.711499999999999133e-01
2.717499999999999916e-01 -1.711499999999999133e-01
2.717499999999999916e-01 -1.711499999999999133e-01
2.717499999999999916e-01 -1.711499999999999133e-01
2.717499999999999916e-01 -1.711599999999999788e-01
2.717539999999999956e-01 -1.711499999999999133e-01
2.717530000000000223e-01 -1.711499999999999133e-01
2.717530000000000223e-01 -1.711499999999999133e-01
2.717530000000000223e-01 -1.711499999999999133e-01
2.717530000000000223e-01 -1.711499999999999133e-01
2.717570000000000263e-01 -1.711399999999998478e-01
2.717570000000000263e-01 -1.711399999999998478e-01
2.717570000000000263e-01 -1.711399999999998478e-01
2.717559999999999976e-01 -1.711399999999998478e-01
2.717559999999999976e-01 -1.711399999999998478e-01
2.717610000000000303e-01 -1.711399999999998478e-01
2.717600000000000016e-01 -1.711399999999998478e-01
2.717600000000000016e-01 -1.711399999999998478e-01
2.717600000000000016e-01 -1.711399999999998478e-01
2.717600000000000016e-01 -1.711399999999998478e-01
2.717640000000000056e-01 -1.711299999999997823e-01
2.717640000000000056e-01 -1.711299999999997823e-01
2.717640000000000056e-01 -1.711299999999997823e-01
2.717640000000000056e-01 -1.711299999999997823e-01
2.717640000000000056e-01 -1.711299999999997823e-01
2.717669999999999808e-01 -1.711299999999997823e-01
2.717669999999999808e-01 -1.711299999999997823e-01
2.717669999999999808e-01 -1.711299999999997823e-01
2.717669999999999808e-01 -1.711299999999997823e-01
2.717669999999999808e-01 -1.711299999999997823e-01
2.717709999999999848e-01 -1.711200000000001609e-01
2.717709999999999848e-01 -1.711200000000001609e-01
2.717709999999999848e-01 -1.711200000000001609e-01
2.717699999999999561e-01 -1.711200000000001609e-01
2.717699999999999561e-01 -1.711200000000001609e-01
2.717739999999999601e-01 -1.711200000000001609e-01
2.717739999999999601e-01 -1.711200000000001609e-01
2.717739999999999601e-01 -1.711200000000001609e-01
2.717739999999999601e-01 -1.711200000000001609e-01
2.717739999999999601e-01 -1.711200000000001609e-01
2.717779999999999641e-01 -1.711100000000000954e-01
2.717779999999999641e-01 -1.711100000000000954e-01
2.717769999999999908e-01 -1.711100000000000954e-01
2.717769999999999908e-01 -1.711100000000000954e-01
2.717769999999999908e-01 -1.711100000000000954e-01
2.717809999999999948e-01 -1.711100000000000954e-01
2.717809999999999948e-01 -1.711100000000000954e-01
2.717809999999999948e-01 -1.711100000000000954e-01
2.717809999999999948e-01 -1.711100000000000954e-01
2.717800000000000216e-01 -1.711100000000000954e-01
2.717849999999999988e-01 -1.711000000000000298e-01
2.717840000000000256e-01 -1.711000000000000298e-01
2.717840000000000256e-01 -1.711000000000000298e-01
2.717840000000000256e-01 -1.711000000000000298e-01
2.717840000000000256e-01 -1.711000000000000298e-01
2.717880000000000296e-01 -1.710899999999999643e-01
2.717880000000000296e-01 -1.710899999999999643e-01
2.717880000000000296e-01 -1.711000000000000298e-01
2.717870000000000008e-01 -1.711000000000000298e-01
2.717870000000000008e-01 -1.711000000000000298e-01
2.717910000000000048e-01 -1.710899999999999643e-01
2.717910000000000048e-01 -1.710899999999999643e-01
2.717899999999999761e-01 -1.710899999999999643e-01
2.717899999999999761e-01 -1.710899999999999643e-01
2.717899999999999761e-01 -1.710899999999999643e-01
2.717939999999999801e-01 -1.710799999999998988e-01
2.717939999999999801e-01 -1.710799999999998988e-01
2.717939999999999801e-01 -1.710799999999998988e-01
2.717939999999999801e-01 -1.710799999999998988e-01
2.717939999999999801e-01 -1.710799999999998988e-01
2.717969999999999553e-01 -1.710799999999998988e-01
2.717969999999999553e-01 -1.710799999999998988e-01
2.717969999999999553e-01 -1.710799999999998988e-01
2.717969999999999553e-01 -1.710799999999998988e-01
2.717969999999999553e-01 -1.710799999999998988e-01
2.717999999999999861e-01 -1.710699999999998333e-01
2.717999999999999861e-01 -1.710699999999998333e-01
2.717999999999999861e-01 -1.710699999999998333e-01
2.717999999999999861e-01 -1.710699999999998333e-01
2.717999999999999861e-01 -1.710699999999998333e-01
2.718030000000000168e-01 -1.710699999999998333e-01
2.718030000000000168e-01 -1.710699999999998333e-01
2.718030000000000168e-01 -1.710699999999998333e-01
2.718030000000000168e-01 -1.710699999999998333e-01
2.718030000000000168e-01 -1.710699999999998333e-01
2.718059999999999921e-01 -1.710599999999997678e-01
2.718059999999999921e-01 -1.710599999999997678e-01
2.718059999999999921e-01 -1.710599999999997678e-01
2.718059999999999921e-01 -1.710599999999997678e-01
2.718059999999999921e-01 -1.710599999999997678e-01
2.718089999999999673e-01 -1.710599999999997678e-01
2.718089999999999673e-01 -1.710599999999997678e-01
2.718089999999999673e-01 -1.710599999999997678e-01
2.718089999999999673e-01 -1.710599999999997678e-01
2.718079999999999941e-01 -1.710599999999997678e-01
2.718119999999999981e-01 -1.710500000000001464e-01
2.718119999999999981e-01 -1.710500000000001464e-01
2.718119999999999981e-01 -1.710500000000001464e-01
2.718110000000000248e-01 -1.710500000000001464e-01
2.718110000000000248e-01 -1.710500000000001464e-01
2.718150000000000288e-01 -1.710500000000001464e-01
2.718150000000000288e-01 -1.710500000000001464e-01
2.718150000000000288e-01 -1.710500000000001464e-01
2.718140000000000001e-01 -1.710500000000001464e-01
2.718140000000000001e-01 -1.710500000000001464e-01
2.718180000000000041e-01 -1.710400000000000809e-01
2.718180000000000041e-01 -1.710400000000000809e-01
2.718180000000000041e-01 -1.710400000000000809e-01
2.718180000000000041e-01 -1.710400000000000809e-01
2.718169999999999753e-01 -1.710400000000000809e-01
2.718209999999999793e-01 -1.710400000000000809e-01
2.718209999999999793e-01 -1.710400000000000809e-01
2.718209999999999793e-01 -1.710400000000000809e-01
2.718209999999999793e-01 -1.710400000000000809e-01
2.718209999999999793e-01 -1.710400000000000809e-01
2.718239999999999545e-01 -1.710300000000000153e-01
2.718239999999999545e-01 -1.710300000000000153e-01
2.718239999999999545e-01 -1.710300000000000153e-01
2.718239999999999545e-01 -1.710300000000000153e-01
2.718239999999999545e-01 -1.710300000000000153e-01
2.718269999999999853e-01 -1.710300000000000153e-01
2.718269999999999853e-01 -1.710300000000000153e-01
2.718269999999999853e-01 -1.710300000000000153e-01
2.718269999999999853e-01 -1.710300000000000153e-01
2.718269999999999853e-01 -1.710300000000000153e-01
2.718300000000000161e-01 -1.710199999999999498e-01
2.718300000000000161e-01 -1.710199999999999498e-01
2.718300000000000161e-01 -1.710199999999999498e-01
2.718300000000000161e-01 -1.710199999999999498e-01
2.718300000000000161e-01 -1.710199999999999498e-01
2.718340000000000201e-01 -1.710099999999998843e-01
2.718329999999999913e-01 -1.710099999999998843e-01
2.718329999999999913e-01 -1.710099999999998843e-01
2.718329999999999913e-01 -1.710199999999999498e-01
2.718329999999999913e-01 -1.710199999999999498e-01
2.718369999999999953e-01 -1.710099999999998843e-01
2.718369999999999953e-01 -1.710099999999998843e-01
2.718369999999999953e-01 -1.710099999999998843e-01
2.718359999999999665e-01 -1.710099999999998843e-01
2.718359999999999665e-01 -1.710099999999998843e-01
2.718399999999999705e-01 -1.709999999999998188e-01
2.718399999999999705e-01 -1.709999999999998188e-01
2.718399999999999705e-01 -1.709999999999998188e-01
2.718399999999999705e-01 -1.709999999999998188e-01
2.718389999999999973e-01 -1.709999999999998188e-01
2.718430000000000013e-01 -1.709999999999998188e-01
2.718430000000000013e-01 -1.709999999999998188e-01
2.718430000000000013e-01 -1.709999999999998188e-01
2.718430000000000013e-01 -1.709999999999998188e-01
2.718430000000000013e-01 -1.709999999999998188e-01
2.718470000000000053e-01 -1.709899999999997533e-01
2.718460000000000321e-01 -1.709899999999997533e-01
2.718460000000000321e-01 -1.709899999999997533e-01
2.718460000000000321e-01 -1.709899999999997533e-01
2.718460000000000321e-01 -1.709899999999997533e-01
2.718500000000000361e-01 -1.709899999999997533e-01
2.718500000000000361e-01 -1.709899999999997533e-01
2.718490000000000073e-01 -1.709899999999997533e-01
2.718490000000000073e-01 -1.709899999999997533e-01
2.718490000000000073e-01 -1.709899999999997533e-01
2.718530000000000113e-01 -1.709800000000001319e-01
2.718530000000000113e-01 -1.709800000000001319e-01
2.718530000000000113e-01 -1.709800000000001319e-01
2.718519999999999825e-01 -1.709800000000001319e-01
2.718519999999999825e-01 -1.709800000000001319e-01
2.718559999999999865e-01 -1.709800000000001319e-01
2.718559999999999865e-01 -1.709800000000001319e-01
2.718559999999999865e-01 -1.709800000000001319e-01
2.718559999999999865e-01 -1.709800000000001319e-01
2.718559999999999865e-01 -1.709800000000001319e-01
2.718589999999999618e-01 -1.709700000000000664e-01
2.718589999999999618e-01 -1.709700000000000664e-01
2.718589999999999618e-01 -1.709700000000000664e-01
2.718589999999999618e-01 -1.709700000000000664e-01
2.718589999999999618e-01 -1.709700000000000664e-01
2.718629999999999658e-01 -1.709700000000000664e-01
2.718629999999999658e-01 -1.709700000000000664e-01
2.718629999999999658e-01 -1.709700000000000664e-01
2.718619999999999925e-01 -1.709700000000000664e-01
2.718619999999999925e-01 -1.709700000000000664e-01
2.718659999999999966e-01 -1.709600000000000009e-01
2.718659999999999966e-01 -1.709600000000000009e-01
2.718659999999999966e-01 -1.709600000000000009e-01
2.718659999999999966e-01 -1.709600000000000009e-01
2.718659999999999966e-01 -1.709600000000000009e-01
2.718690000000000273e-01 -1.709499999999999353e-01
2.718690000000000273e-01 -1.709499999999999353e-01
2.718690000000000273e-01 -1.709499999999999353e-01
2.718690000000000273e-01 -1.709600000000000009e-01
2.718690000000000273e-01 -1.709600000000000009e-01
2.718730000000000313e-01 -1.709499999999999353e-01
2.718730000000000313e-01 -1.709499999999999353e-01
2.718720000000000026e-01 -1.709499999999999353e-01
2.718720000000000026e-01 -1.709499999999999353e-01
2.718720000000000026e-01 -1.709499999999999353e-01
2.718760000000000066e-01 -1.709399999999998698e-01
2.718760000000000066e-01 -1.709399999999998698e-01
2.718760000000000066e-01 -1.709399999999998698e-01
2.718760000000000066e-01 -1.709399999999998698e-01
2.718760000000000066e-01 -1.709399999999998698e-01
2.718800000000000106e-01 -1.709399999999998698e-01
2.718800000000000106e-01 -1.709399999999998698e-01
2.718800000000000106e-01 -1.709399999999998698e-01
2.718789999999999818e-01 -1.709399999999998698e-01
2.718789999999999818e-01 -1.709399999999998698e-01
2.718829999999999858e-01 -1.709299999999998043e-01
2.718829999999999858e-01 -1.709299999999998043e-01
2.718829999999999858e-01 -1.709299999999998043e-01
2.718829999999999858e-01 -1.709299999999998043e-01
2.718829999999999858e-01 -1.709299999999998043e-01
2.718869999999999898e-01 -1.709299999999998043e-01
2.718869999999999898e-01 -1.709299999999998043e-01
2.718869999999999898e-01 -1.709299999999998043e-01
2.718869999999999898e-01 -1.709299999999998043e-01
2.718859999999999610e-01 -1.709299999999998043e-01
2.718899999999999650e-01 -1.709200000000001829e-01
2.718899999999999650e-01 -1.709200000000001829e-01
2.718899999999999650e-01 -1.709200000000001829e-01
2.718899999999999650e-01 -1.709200000000001829e-01
2.718899999999999650e-01 -1.709200000000001829e-01
2.718939999999999690e-01 -1.709200000000001829e-01
2.718939999999999690e-01 -1.709200000000001829e-01
2.718939999999999690e-01 -1.709200000000001829e-01
2.718939999999999690e-01 -1.709200000000001829e-01
2.718939999999999690e-01 -1.709200000000001829e-01
2.718979999999999730e-01 -1.709100000000001174e-01
2.718979999999999730e-01 -1.709100000000001174e-01
2.718969999999999998e-01 -1.709100000000001174e-01
2.718969999999999998e-01 -1.709100000000001174e-01
2.718969999999999998e-01 -1.709100000000001174e-01
2.719010000000000038e-01 -1.709000000000000519e-01
2.719010000000000038e-01 -1.709000000000000519e-01
2.719010000000000038e-01 -1.709100000000001174e-01
2.719010000000000038e-01 -1.709100000000001174e-01
2.719010000000000038e-01 -1.709100000000001174e-01
2.719050000000000078e-01 -1.709000000000000519e-01
2.719050000000000078e-01 -1.709000000000000519e-01
2.719050000000000078e-01 -1.709000000000000519e-01
2.719050000000000078e-01 -1.709000000000000519e-01
2.719040000000000346e-01 -1.709000000000000519e-01
2.719089999999999563e-01 -1.708899999999999864e-01
2.719089999999999563e-01 -1.708899999999999864e-01
2.719079999999999830e-01 -1.708899999999999864e-01
2.719079999999999830e-01 -1.708899999999999864e-01
2.719079999999999830e-01 -1.708899999999999864e-01
2.719119999999999870e-01 -1.708899999999999864e-01
2.719119999999999870e-01 -1.708899999999999864e-01
2.719119999999999870e-01 -1.708899999999999864e-01
2.719119999999999870e-01 -1.708899999999999864e-01
2.719119999999999870e-01 -1.708899999999999864e-01
2.719159999999999910e-01 -1.708799999999999208e-01
2.719159999999999910e-01 -1.708799999999999208e-01
2.719159999999999910e-01 -1.708799999999999208e-01
2.719159999999999910e-01 -1.708799999999999208e-01
2.719159999999999910e-01 -1.708799999999999208e-01
2.719199999999999950e-01 -1.708799999999999208e-01
2.719199999999999950e-01 -1.708799999999999208e-01
2.719199999999999950e-01 -1.708799999999999208e-01
2.719190000000000218e-01 -1.708799999999999208e-01
2.719190000000000218e-01 -1.708799999999999208e-01
2.719239999999999990e-01 -1.708699999999998553e-01
2.719239999999999990e-01 -1.708699999999998553e-01
2.719230000000000258e-01 -1.708699999999998553e-01
2.719230000000000258e-01 -1.708699999999998553e-01
2.719230000000000258e-01 -1.708699999999998553e-01
2.719280000000000030e-01 -1.708699999999998553e-01
2.719280000000000030e-01 -1.708699999999998553e-01
2.719270000000000298e-01 -1.708699999999998553e-01
2.719270000000000298e-01 -1.708699999999998553e-01
2.719270000000000298e-01 -1.708699999999998553e-01
2.719310000000000338e-01 -1.708599999999997898e-01
2.719310000000000338e-01 -1.708599999999997898e-01
2.719310000000000338e-01 -1.708599999999997898e-01
2.719310000000000338e-01 -1.708599999999997898e-01
2.719310000000000338e-01 -1.708599999999997898e-01
2.719349999999999823e-01 -1.708500000000001684e-01
2.719349999999999823e-01 -1.708500000000001684e-01
2.719349999999999823e-01 -1.708500000000001684e-01
2.719340000000000090e-01 -1.708500000000001684e-01
2.719340000000000090e-01 -1.708599999999997898e-01
2.719389999999999863e-01 -1.708500000000001684e-01
2.719380000000000130e-01 -1.708500000000001684e-01
2.719380000000000130e-01 -1.708500000000001684e-01
2.719380000000000130e-01 -1.708500000000001684e-01
2.719380000000000130e-01 -1.708500000000001684e-01
2.719420000000000170e-01 -1.708400000000001029e-01
2.719420000000000170e-01 -1.708400000000001029e-01
2.719420000000000170e-01 -1.708400000000001029e-01
2.719420000000000170e-01 -1.708400000000001029e-01
2.719420000000000170e-01 -1.708400000000001029e-01
2.719460000000000210e-01 -1.708400000000001029e-01
2.719460000000000210e-01 -1.708400000000001029e-01
2.719449999999999923e-01 -1.708400000000001029e-01
2.719449999999999923e-01 -1.708400000000001029e-01
2.719449999999999923e-01 -1.708400000000001029e-01
2.719489999999999963e-01 -1.708300000000000374e-01
2.719489999999999963e-01 -1.708300000000000374e-01
2.719489999999999963e-01 -1.708300000000000374e-01
2.719489999999999963e-01 -1.708300000000000374e-01
2.719489999999999963e-01 -1.708300000000000374e-01
2.719530000000000003e-01 -1.708300000000000374e-01
2.719530000000000003e-01 -1.708300000000000374e-01
2.719530000000000003e-01 -1.708300000000000374e-01
2.719519999999999715e-01 -1.708300000000000374e-01
2.719519999999999715e-01 -1.708300000000000374e-01
2.719570000000000043e-01 -1.708199999999999719e-01
2.719570000000000043e-01 -1.708199999999999719e-01
2.719559999999999755e-01 -1.708199999999999719e-01
2.719559999999999755e-01 -1.708199999999999719e-01
2.719559999999999755e-01 -1.708199999999999719e-01
2.719599999999999795e-01 -1.708099999999999064e-01
2.719599999999999795e-01 -1.708099999999999064e-01
2.719599999999999795e-01 -1.708199999999999719e-01
2.719599999999999795e-01 -1.708199999999999719e-01
2.719599999999999795e-01 -1.708199999999999719e-01
2.719639999999999835e-01 -1.708099999999999064e-01
2.719639999999999835e-01 -1.708099999999999064e-01
2.719639999999999835e-01 -1.708099999999999064e-01
2.719639999999999835e-01 -1.708099999999999064e-01
2.719629999999999548e-01 -1.708099999999999064e-01
2.719679999999999875e-01 -1.707999999999998408e-01
2.719679999999999875e-01 -1.707999999999998408e-01
2.719669999999999588e-01 -1.707999999999998408e-01
2.719669999999999588e-01 -1.707999999999998408e-01
2.719669999999999588e-01 -1.707999999999998408e-01
2.719719999999999915e-01 -1.707999999999998408e-01
2.719709999999999628e-01 -1.707999999999998408e-01
2.719709999999999628e-01 -1.707999999999998408e-01
2.719709999999999628e-01 -1.707999999999998408e-01
2.719709999999999628e-01 -1.707999999999998408e-01
2.719749999999999668e-01 -1.707899999999997753e-01
2.719749999999999668e-01 -1.707899999999997753e-01
2.719749999999999668e-01 -1.707899999999997753e-01
2.719749999999999668e-01 -1.707899999999997753e-01
2.719749999999999668e-01 -1.707899999999997753e-01
2.719789999999999708e-01 -1.707899999999997753e-01
2.719789999999999708e-01 -1.707899999999997753e-01
2.719789999999999708e-01 -1.707899999999997753e-01
2.719789999999999708e-01 -1.707899999999997753e-01
2.719789999999999708e-01 -1.707899999999997753e-01
2.719829999999999748e-01 -1.707800000000001539e-01
2.719829999999999748e-01 -1.707800000000001539e-01
2.719829999999999748e-01 -1.707800000000001539e-01
2.719829999999999748e-01 -1.707800000000001539e-01
2.719829999999999748e-01 -1.707800000000001539e-01
2.719869999999999788e-01 -1.707700000000000884e-01
2.719869999999999788e-01 -1.707700000000000884e-01
2.719869999999999788e-01 -1.707700000000000884e-01
2.719869999999999788e-01 -1.707700000000000884e-01
2.719869999999999788e-01 -1.707700000000000884e-01
2.719909999999999828e-01 -1.707700000000000884e-01
2.719909999999999828e-01 -1.707700000000000884e-01
2.719909999999999828e-01 -1.707700000000000884e-01
2.719909999999999828e-01 -1.707700000000000884e-01
2.719909999999999828e-01 -1.707700000000000884e-01
2.719949999999999868e-01 -1.707600000000000229e-01
2.719949999999999868e-01 -1.707600000000000229e-01
2.719949999999999868e-01 -1.707600000000000229e-01
2.719949999999999868e-01 -1.707600000000000229e-01
2.719949999999999868e-01 -1.707600000000000229e-01
2.719989999999999908e-01 -1.707600000000000229e-01
2.719989999999999908e-01 -1.707600000000000229e-01
2.719989999999999908e-01 -1.707600000000000229e-01
2.719989999999999908e-01 -1.707600000000000229e-01
2.719989999999999908e-01 -1.707600000000000229e-01
2.720029999999999948e-01 -1.707499999999999574e-01
2.720029999999999948e-01 -1.707499999999999574e-01
2.720029999999999948e-01 -1.707499999999999574e-01
2.720029999999999948e-01 -1.707499999999999574e-01
2.720029999999999948e-01 -1.707499999999999574e-01
2.720069999999999988e-01 -1.707399999999998919e-01
2.720069999999999988e-01 -1.707399999999998919e-01
2.720069999999999988e-01 -1.707499999999999574e-01
2.720069999999999988e-01 -1.707499999999999574e-01
2.720069999999999988e-01 -1.707499999999999574e-01
2.720120000000000315e-01 -1.707399999999998919e-01
2.720120000000000315e-01 -1.707399999999998919e-01
2.720110000000000028e-01 -1.707399999999998919e-01
2.720110000000000028e-01 -1.707399999999998919e-01
2.720110000000000028e-01 -1.707399999999998919e-01
2.720160000000000355e-01 -1.707299999999998263e-01
2.720160000000000355e-01 -1.707299999999998263e-01
2.720160000000000355e-01 -1.707299999999998263e-01
2.720150000000000068e-01 -1.707299999999998263e-01
2.720150000000000068e-01 -1.707299999999998263e-01
2.720199999999999840e-01 -1.707299999999998263e-01
2.720199999999999840e-01 -1.707299999999998263e-01
2.720190000000000108e-01 -1.707299999999998263e-01
2.720190000000000108e-01 -1.707299999999998263e-01
2.720190000000000108e-01 -1.707299999999998263e-01
2.720239999999999880e-01 -1.707199999999997608e-01
2.720239999999999880e-01 -1.707199999999997608e-01
2.720239999999999880e-01 -1.707199999999997608e-01
2.720230000000000148e-01 -1.707199999999997608e-01
2.720230000000000148e-01 -1.707199999999997608e-01
2.720279999999999920e-01 -1.707100000000001394e-01
2.720279999999999920e-01 -1.707100000000001394e-01
2.720279999999999920e-01 -1.707100000000001394e-01
2.720279999999999920e-01 -1.707100000000001394e-01
2.720270000000000188e-01 -1.707100000000001394e-01
2.720319999999999960e-01 -1.707100000000001394e-01
2.720319999999999960e-01 -1.707100000000001394e-01
2.720319999999999960e-01 -1.707100000000001394e-01
2.720319999999999960e-01 -1.707100000000001394e-01
2.720310000000000228e-01 -1.707100000000001394e-01
2.720360000000000000e-01 -1.707000000000000739e-01
2.720360000000000000e-01 -1.707000000000000739e-01
2.720360000000000000e-01 -1.707000000000000739e-01
2.720360000000000000e-01 -1.707000000000000739e-01
2.720350000000000268e-01 -1.707000000000000739e-01
2.720400000000000040e-01 -1.706900000000000084e-01
2.720400000000000040e-01 -1.706900000000000084e-01
2.720400000000000040e-01 -1.707000000000000739e-01
2.720400000000000040e-01 -1.707000000000000739e-01
2.720400000000000040e-01 -1.707000000000000739e-01
2.720440000000000080e-01 -1.706900000000000084e-01
2.720440000000000080e-01 -1.706900000000000084e-01
2.720440000000000080e-01 -1.706900000000000084e-01
2.720440000000000080e-01 -1.706900000000000084e-01
2.720440000000000080e-01 -1.706900000000000084e-01
2.720479999999999565e-01 -1.706799999999999429e-01
2.720479999999999565e-01 -1.706799999999999429e-01
2.720479999999999565e-01 -1.706799999999999429e-01
2.720479999999999565e-01 -1.706799999999999429e-01
2.720479999999999565e-01 -1.706799999999999429e-01
2.720519999999999605e-01 -1.706799999999999429e-01
2.720519999999999605e-01 -1.706799999999999429e-01
2.720519999999999605e-01 -1.706799999999999429e-01
2.720519999999999605e-01 -1.706799999999999429e-01
2.720519999999999605e-01 -1.706799999999999429e-01
2.720559999999999645e-01 -1.706699999999998774e-01
2.720559999999999645e-01 -1.706699999999998774e-01
2.720559999999999645e-01 -1.706699999999998774e-01
2.720559999999999645e-01 -1.706699999999998774e-01
2.720559999999999645e-01 -1.706699999999998774e-01
2.720599999999999685e-01 -1.706599999999998118e-01
2.720599999999999685e-01 -1.706599999999998118e-01
2.720599999999999685e-01 -1.706599999999998118e-01
2.720599999999999685e-01 -1.706599999999998118e-01
2.720599999999999685e-01 -1.706599999999998118e-01
2.720639999999999725e-01 -1.706599999999998118e-01
2.720639999999999725e-01 -1.706599999999998118e-01
2.720639999999999725e-01 -1.706599999999998118e-01
2.720639999999999725e-01 -1.706599999999998118e-01
2.720639999999999725e-01 -1.706599999999998118e-01
2.720679999999999765e-01 -1.706499999999997463e-01
2.720679999999999765e-01 -1.706499999999997463e-01
2.720679999999999765e-01 -1.706499999999997463e-01
2.720679999999999765e-01 -1.706499999999997463e-01
2.720679999999999765e-01 -1.706499999999997463e-01
2.720719999999999805e-01 -1.706400000000001249e-01
2.720719999999999805e-01 -1.706400000000001249e-01
2.720719999999999805e-01 -1.706400000000001249e-01
2.720719999999999805e-01 -1.706400000000001249e-01
2.720719999999999805e-01 -1.706400000000001249e-01
2.720759999999999845e-01 -1.706400000000001249e-01
2.720759999999999845e-01 -1.706400000000001249e-01
2.720759999999999845e-01 -1.706400000000001249e-01
2.720749999999999558e-01 -1.706400000000001249e-01
2.720749999999999558e-01 -1.706400000000001249e-01
2.720799999999999885e-01 -1.706300000000000594e-01
2.720799999999999885e-01 -1.706300000000000594e-01
2.720799999999999885e-01 -1.706300000000000594e-01
2.720789999999999598e-01 -1.706300000000000594e-01
2.720789999999999598e-01 -1.706300000000000594e-01
2.720839999999999925e-01 -1.706199999999999939e-01
2.720839999999999925e-01 -1.706300000000000594e-01
2.720829999999999638e-01 -1.706300000000000594e-01
2.720829999999999638e-01 -1.706300000000000594e-01
2.720829999999999638e-01 -1.706300000000000594e-01
2.720869999999999678e-01 -1.706199999999999939e-01
2.720869999999999678e-01 -1.706199999999999939e-01
2.720869999999999678e-01 -1.706199999999999939e-01
2.720869999999999678e-01 -1.706199999999999939e-01
2.720869999999999678e-01 -1.706199999999999939e-01
2.720909999999999718e-01 -1.706099999999999284e-01
2.720909999999999718e-01 -1.706099999999999284e-01
2.720909999999999718e-01 -1.706099999999999284e-01
2.720909999999999718e-01 -1.706099999999999284e-01
2.720909999999999718e-01 -1.706099999999999284e-01
2.720949999999999758e-01 -1.706099999999999284e-01
2.720949999999999758e-01 -1.706099999999999284e-01
2.720949999999999758e-01 -1.706099999999999284e-01
2.720949999999999758e-01 -1.706099999999999284e-01
2.720949999999999758e-01 -1.706099999999999284e-01
2.720989999999999798e-01 -1.705999999999998629e-01
2.720989999999999798e-01 -1.705999999999998629e-01
2.720989999999999798e-01 -1.705999999999998629e-01
2.720989999999999798e-01 -1.705999999999998629e-01
2.720980000000000065e-01 -1.705999999999998629e-01
2.721029999999999838e-01 -1.705899999999997974e-01
2.721029999999999838e-01 -1.705999999999998629e-01
2.721029999999999838e-01 -1.705999999999998629e-01
2.721029999999999838e-01 -1.705999999999998629e-01
2.721029999999999838e-01 -1.705999999999998629e-01
2.721069999999999878e-01 -1.705899999999997974e-01
2.721069999999999878e-01 -1.705899999999997974e-01
2.721069999999999878e-01 -1.705899999999997974e-01
2.721069999999999878e-01 -1.705899999999997974e-01
2.721069999999999878e-01 -1.705899999999997974e-01
2.721109999999999918e-01 -1.705800000000001759e-01
2.721109999999999918e-01 -1.705800000000001759e-01
2.721109999999999918e-01 -1.705800000000001759e-01
2.721109999999999918e-01 -1.705800000000001759e-01
2.721099999999999630e-01 -1.705800000000001759e-01
2.721149999999999958e-01 -1.705800000000001759e-01
2.721149999999999958e-01 -1.705800000000001759e-01
2.721149999999999958e-01 -1.705800000000001759e-01
2.721149999999999958e-01 -1.705800000000001759e-01
2.721139999999999670e-01 -1.705800000000001759e-01
2.721189999999999998e-01 -1.705700000000001104e-01
2.721189999999999998e-01 -1.705700000000001104e-01
2.721189999999999998e-01 -1.705700000000001104e-01
2.721189999999999998e-01 -1.705700000000001104e-01
2.721179999999999710e-01 -1.705700000000001104e-01
2.721230000000000038e-01 -1.705600000000000449e-01
2.721230000000000038e-01 -1.705600000000000449e-01
2.721230000000000038e-01 -1.705600000000000449e-01
2.721219999999999750e-01 -1.705600000000000449e-01
2.721219999999999750e-01 -1.705700000000001104e-01
2.721270000000000078e-01 -1.705600000000000449e-01
2.721259999999999790e-01 -1.705600000000000449e-01
2.721259999999999790e-01 -1.705600000000000449e-01
2.721259999999999790e-01 -1.705600000000000449e-01
2.721259999999999790e-01 -1.705600000000000449e-01
2.721310000000000118e-01 -1.705499999999999794e-01
2.721310000000000118e-01 -1.705499999999999794e-01
2.721299999999999830e-01 -1.705499999999999794e-01
2.721299999999999830e-01 -1.705499999999999794e-01
2.721299999999999830e-01 -1.705499999999999794e-01
2.721350000000000158e-01 -1.705499999999999794e-01
2.721339999999999870e-01 -1.705499999999999794e-01
2.721339999999999870e-01 -1.705499999999999794e-01
2.721339999999999870e-01 -1.705499999999999794e-01
2.721339999999999870e-01 -1.705499999999999794e-01
2.721390000000000198e-01 -1.705399999999999139e-01
2.721379999999999910e-01 -1.705399999999999139e-01
2.721379999999999910e-01 -1.705399999999999139e-01
2.721379999999999910e-01 -1.705399999999999139e-01
2.721379999999999910e-01 -1.705399999999999139e-01
2.721430000000000238e-01 -1.705299999999998484e-01
2.721430000000000238e-01 -1.705299999999998484e-01
2.721430000000000238e-01 -1.705299999999998484e-01
2.721419999999999950e-01 -1.705299999999998484e-01
2.721419999999999950e-01 -1.705299999999998484e-01
2.721470000000000278e-01 -1.705299999999998484e-01
2.721470000000000278e-01 -1.705299999999998484e-01
2.721470000000000278e-01 -1.705299999999998484e-01
2.721470000000000278e-01 -1.705299999999998484e-01
2.721459999999999990e-01 -1.705299999999998484e-01
2.721510000000000318e-01 -1.705199999999997829e-01
2.721510000000000318e-01 -1.705199999999997829e-01
2.721510000000000318e-01 -1.705199999999997829e-01
2.721510000000000318e-01 -1.705199999999997829e-01
2.721500000000000030e-01 -1.705199999999997829e-01
2.721550000000000358e-01 -1.705199999999997829e-01
2.721550000000000358e-01 -1.705199999999997829e-01
2.721550000000000358e-01 -1.705199999999997829e-01
2.721540000000000070e-01 -1.705199999999997829e-01
2.721540000000000070e-01 -1.705199999999997829e-01
2.721589999999999843e-01 -1.705100000000001614e-01
2.721589999999999843e-01 -1.705100000000001614e-01
2.721589999999999843e-01 -1.705100000000001614e-01
2.721580000000000110e-01 -1.705100000000001614e-01
2.721580000000000110e-01 -1.705100000000001614e-01
2.721629999999999883e-01 -1.705100000000001614e-01
2.721629999999999883e-01 -1.705100000000001614e-01
2.721629999999999883e-01 -1.705100000000001614e-01
2.721620000000000150e-01 -1.705100000000001614e-01
2.721620000000000150e-01 -1.705100000000001614e-01
2.721660000000000190e-01 -1.705000000000000959e-01
2.721660000000000190e-01 -1.705000000000000959e-01
2.721660000000000190e-01 -1.705000000000000959e-01
2.721660000000000190e-01 -1.705000000000000959e-01
2.721660000000000190e-01 -1.705000000000000959e-01
2.721700000000000230e-01 -1.704900000000000304e-01
2.721700000000000230e-01 -1.704900000000000304e-01
2.721700000000000230e-01 -1.704900000000000304e-01
2.721700000000000230e-01 -1.704900000000000304e-01
2.721700000000000230e-01 -1.704900000000000304e-01
2.721740000000000270e-01 -1.704900000000000304e-01
2.721740000000000270e-01 -1.704900000000000304e-01
2.721740000000000270e-01 -1.704900000000000304e-01
2.721740000000000270e-01 -1.704900000000000304e-01
2.721740000000000270e-01 -1.704900000000000304e-01
2.721780000000000310e-01 -1.704799999999999649e-01
2.721780000000000310e-01 -1.704799999999999649e-01
2.721780000000000310e-01 -1.704799999999999649e-01
2.721780000000000310e-01 -1.704799999999999649e-01
2.721780000000000310e-01 -1.704799999999999649e-01
2.721820000000000350e-01 -1.704799999999999649e-01
2.721820000000000350e-01 -1.704799999999999649e-01
2.721820000000000350e-01 -1.704799999999999649e-01
2.721820000000000350e-01 -1.704799999999999649e-01
2.721820000000000350e-01 -1.704799999999999649e-01
2.721859999999999835e-01 -1.704699999999998994e-01
2.721859999999999835e-01 -1.704699999999998994e-01
2.721859999999999835e-01 -1.704699999999998994e-01
2.721859999999999835e-01 -1.704699999999998994e-01
2.721859999999999835e-01 -1.704699999999998994e-01
2.721899999999999875e-01 -1.704599999999998339e-01
2.721899999999999875e-01 -1.704699999999998994e-01
2.721899999999999875e-01 -1.704699999999998994e-01
2.721899999999999875e-01 -1.704699999999998994e-01
2.721890000000000143e-01 -1.704699999999998994e-01
2.721939999999999915e-01 -1.704599999999998339e-01
2.721939999999999915e-01 -1.704599999999998339e-01
2.721939999999999915e-01 -1.704599999999998339e-01
2.721930000000000183e-01 -1.704599999999998339e-01
2.721930000000000183e-01 -1.704599999999998339e-01
2.721979999999999955e-01 -1.704499999999997684e-01
2.721979999999999955e-01 -1.704499999999997684e-01
2.721979999999999955e-01 -1.704499999999997684e-01
2.721970000000000223e-01 -1.704599999999998339e-01
2.721970000000000223e-01 -1.704599999999998339e-01
2.722010000000000263e-01 -1.704499999999997684e-01
2.722010000000000263e-01 -1.704499999999997684e-01
2.722010000000000263e-01 -1.704499999999997684e-01
2.722010000000000263e-01 -1.704499999999997684e-01
2.722010000000000263e-01 -1.704499999999997684e-01
2.722050000000000303e-01 -1.704400000000001469e-01
2.722050000000000303e-01 -1.704400000000001469e-01
2.722050000000000303e-01 -1.704400000000001469e-01
2.722050000000000303e-01 -1.704400000000001469e-01
2.722050000000000303e-01 -1.704400000000001469e-01
2.722090000000000343e-01 -1.704400000000001469e-01
2.722090000000000343e-01 -1.704400000000001469e-01
2.722090000000000343e-01 -1.704400000000001469e-01
2.722090000000000343e-01 -1.704400000000001469e-01
2.722090000000000343e-01 -1.704400000000001469e-01
2.722129999999999828e-01 -1.704300000000000814e-01
2.722129999999999828e-01 -1.704300000000000814e-01
2.722129999999999828e-01 -1.704300000000000814e-01
2.722129999999999828e-01 -1.704300000000000814e-01
2.722120000000000095e-01 -1.704300000000000814e-01
2.722169999999999868e-01 -1.704300000000000814e-01
2.722169999999999868e-01 -1.704300000000000814e-01
2.722169999999999868e-01 -1.704300000000000814e-01
2.722169999999999868e-01 -1.704300000000000814e-01
2.722169999999999868e-01 -1.704300000000000814e-01
2.722209999999999908e-01 -1.704200000000000159e-01
2.722209999999999908e-01 -1.704200000000000159e-01
2.722209999999999908e-01 -1.704200000000000159e-01
2.722209999999999908e-01 -1.704200000000000159e-01
2.722200000000000175e-01 -1.704200000000000159e-01
2.722249999999999948e-01 -1.704200000000000159e-01
2.722249999999999948e-01 -1.704200000000000159e-01
2.722240000000000215e-01 -1.704200000000000159e-01
2.722240000000000215e-01 -1.704200000000000159e-01
2.722240000000000215e-01 -1.704200000000000159e-01
2.722280000000000255e-01 -1.704099999999999504e-01
2.722280000000000255e-01 -1.704099999999999504e-01
2.722280000000000255e-01 -1.704099999999999504e-01
2.722280000000000255e-01 -1.704099999999999504e-01
2.722280000000000255e-01 -1.704099999999999504e-01
2.722320000000000295e-01 -1.704099999999999504e-01
2.722320000000000295e-01 -1.704099999999999504e-01
2.722320000000000295e-01 -1.704099999999999504e-01
2.722320000000000295e-01 -1.704099999999999504e-01
2.722320000000000295e-01 -1.704099999999999504e-01
2.722360000000000335e-01 -1.703999999999998849e-01
2.722360000000000335e-01 -1.703999999999998849e-01
2.722360000000000335e-01 -1.703999999999998849e-01
2.722360000000000335e-01 -1.703999999999998849e-01
2.722360000000000335e-01 -1.703999999999998849e-01
2.722400000000000375e-01 -1.703999999999998849e-01
2.722400000000000375e-01 -1.703999999999998849e-01
2.722390000000000088e-01 -1.703999999999998849e-01
2.722390000000000088e-01 -1.703999999999998849e-01
2.722390000000000088e-01 -1.703999999999998849e-01
2.722439999999999860e-01 -1.703899999999998194e-01
2.722439999999999860e-01 -1.703899999999998194e-01
2.722430000000000128e-01 -1.703899999999998194e-01
2.722430000000000128e-01 -1.703899999999998194e-01
2.722430000000000128e-01 -1.703899999999998194e-01
2.722479999999999900e-01 -1.703899999999998194e-01
2.722479999999999900e-01 -1.703899999999998194e-01
2.722470000000000168e-01 -1.703899999999998194e-01
2.722470000000000168e-01 -1.703899999999998194e-01
2.722470000000000168e-01 -1.703899999999998194e-01
2.722510000000000208e-01 -1.703799999999997539e-01
2.722510000000000208e-01 -1.703799999999997539e-01
2.722510000000000208e-01 -1.703799999999997539e-01
2.722510000000000208e-01 -1.703799999999997539e-01
2.722510000000000208e-01 -1.703799999999997539e-01
2.722550000000000248e-01 -1.703799999999997539e-01
2.722550000000000248e-01 -1.703799999999997539e-01
2.722550000000000248e-01 -1.703799999999997539e-01
2.722550000000000248e-01 -1.703799999999997539e-01
2.722539999999999960e-01 -1.703799999999997539e-01
2.722590000000000288e-01 -1.703700000000001324e-01
2.722590000000000288e-01 -1.703700000000001324e-01
2.722590000000000288e-01 -1.703700000000001324e-01
2.722580000000000000e-01 -1.703700000000001324e-01
2.722580000000000000e-01 -1.703700000000001324e-01
2.722630000000000328e-01 -1.703700000000001324e-01
2.722620000000000040e-01 -1.703700000000001324e-01
2.722620000000000040e-01 -1.703700000000001324e-01
2.722620000000000040e-01 -1.703700000000001324e-01
2.722620000000000040e-01 -1.703700000000001324e-01
2.722660000000000080e-01 -1.703600000000000669e-01
2.722660000000000080e-01 -1.703600000000000669e-01
2.722660000000000080e-01 -1.703600000000000669e-01
2.722660000000000080e-01 -1.703600000000000669e-01
2.722660000000000080e-01 -1.703600000000000669e-01
2.722700000000000120e-01 -1.703600000000000669e-01
2.722700000000000120e-01 -1.703600000000000669e-01
2.722700000000000120e-01 -1.703600000000000669e-01
2.722700000000000120e-01 -1.703600000000000669e-01
2.722700000000000120e-01 -1.703600000000000669e-01
2.722740000000000160e-01 -1.703500000000000014e-01
2.722740000000000160e-01 -1.703500000000000014e-01
2.722740000000000160e-01 -1.703500000000000014e-01
2.722740000000000160e-01 -1.703500000000000014e-01
2.722740000000000160e-01 -1.703500000000000014e-01
2.722780000000000200e-01 -1.703500000000000014e-01
2.722780000000000200e-01 -1.703500000000000014e-01
2.722780000000000200e-01 -1.703500000000000014e-01
2.722769999999999913e-01 -1.703500000000000014e-01
2.722769999999999913e-01 -1.703500000000000014e-01
2.722820000000000240e-01 -1.703399999999999359e-01
2.722820000000000240e-01 -1.703399999999999359e-01
2.722809999999999953e-01 -1.703399999999999359e-01
2.722809999999999953e-01 -1.703399999999999359e-01
2.722809999999999953e-01 -1.703399999999999359e-01
2.722849999999999993e-01 -1.703399999999999359e-01
2.722849999999999993e-01 -1.703399999999999359e-01
2.722849999999999993e-01 -1.703399999999999359e-01
2.722849999999999993e-01 -1.703399999999999359e-01
2.722849999999999993e-01 -1.703399999999999359e-01
2.722890000000000033e-01 -1.703299999999998704e-01
2.722890000000000033e-01 -1.703299999999998704e-01
2.722890000000000033e-01 -1.703299999999998704e-01
2.722890000000000033e-01 -1.703299999999998704e-01
2.722890000000000033e-01 -1.703299999999998704e-01
2.722930000000000073e-01 -1.703299999999998704e-01
2.722930000000000073e-01 -1.703299999999998704e-01
2.722930000000000073e-01 -1.703299999999998704e-01
2.722930000000000073e-01 -1.703299999999998704e-01
2.722919999999999785e-01 -1.703299999999998704e-01
2.722959999999999825e-01 -1.703199999999998049e-01
2.722959999999999825e-01 -1.703199999999998049e-01
2.722959999999999825e-01 -1.703199999999998049e-01
2.722959999999999825e-01 -1.703199999999998049e-01
2.722959999999999825e-01 -1.703199999999998049e-01
2.722999999999999865e-01 -1.703199999999998049e-01
2.722999999999999865e-01 -1.703199999999998049e-01
2.722989999999999577e-01 -1.703199999999998049e-01
2.722989999999999577e-01 -1.703199999999998049e-01
2.722989999999999577e-01 -1.703199999999998049e-01
2.723029999999999617e-01 -1.703100000000001835e-01
2.723029999999999617e-01 -1.703100000000001835e-01
2.723029999999999617e-01 -1.703100000000001835e-01
2.723029999999999617e-01 -1.703100000000001835e-01
2.723029999999999617e-01 -1.703100000000001835e-01
2.723069999999999657e-01 -1.703100000000001835e-01
2.723059999999999925e-01 -1.703100000000001835e-01
2.723059999999999925e-01 -1.703100000000001835e-01
2.723059999999999925e-01 -1.703100000000001835e-01
2.723059999999999925e-01 -1.703100000000001835e-01
2.723099999999999965e-01 -1.703000000000001180e-01
2.723099999999999965e-01 -1.703000000000001180e-01
2.723099999999999965e-01 -1.703000000000001180e-01
2.723099999999999965e-01 -1.703000000000001180e-01
2.723099999999999965e-01 -1.703000000000001180e-01
2.723140000000000005e-01 -1.703000000000001180e-01
2.723140000000000005e-01 -1.703000000000001180e-01
2.723140000000000005e-01 -1.703000000000001180e-01
2.723140000000000005e-01 -1.703000000000001180e-01
2.723140000000000005e-01 -1.703000000000001180e-01
2.723180000000000045e-01 -1.702900000000000524e-01
2.723180000000000045e-01 -1.702900000000000524e-01
2.723170000000000313e-01 -1.702900000000000524e-01
2.723170000000000313e-01 -1.702900000000000524e-01
2.723170000000000313e-01 -1.702900000000000524e-01
2.723210000000000353e-01 -1.702900000000000524e-01
2.723210000000000353e-01 -1.702900000000000524e-01
2.723210000000000353e-01 -1.702900000000000524e-01
2.723210000000000353e-01 -1.702900000000000524e-01
2.723210000000000353e-01 -1.702900000000000524e-01
2.723249999999999837e-01 -1.702799999999999869e-01
2.723249999999999837e-01 -1.702799999999999869e-01
2.723249999999999837e-01 -1.702799999999999869e-01
2.723249999999999837e-01 -1.702799999999999869e-01
2.723240000000000105e-01 -1.702799999999999869e-01
2.723289999999999877e-01 -1.702799999999999869e-01
2.723280000000000145e-01 -1.702799999999999869e-01
2.723280000000000145e-01 -1.702799999999999869e-01
2.723280000000000145e-01 -1.702799999999999869e-01
2.723280000000000145e-01 -1.702799999999999869e-01
2.723320000000000185e-01 -1.702699999999999214e-01
2.723320000000000185e-01 -1.702699999999999214e-01
2.723320000000000185e-01 -1.702699999999999214e-01
2.723309999999999897e-01 -1.702699999999999214e-01
2.723309999999999897e-01 -1.702699999999999214e-01
2.723349999999999937e-01 -1.702599999999998559e-01
2.723349999999999937e-01 -1.702599999999998559e-01
2.723349999999999937e-01 -1.702599999999998559e-01
2.723349999999999937e-01 -1.702699999999999214e-01
2.723349999999999937e-01 -1.702699999999999214e-01
2.723389999999999977e-01 -1.702599999999998559e-01
2.723389999999999977e-01 -1.702599999999998559e-01
2.723389999999999977e-01 -1.702599999999998559e-01
2.723389999999999977e-01 -1.702599999999998559e-01
2.723389999999999977e-01 -1.702599999999998559e-01
2.723419999999999730e-01 -1.702599999999998559e-01
2.723419999999999730e-01 -1.702599999999998559e-01
2.723419999999999730e-01 -1.702599999999998559e-01
2.723419999999999730e-01 -1.702599999999998559e-01
2.723419999999999730e-01 -1.702599999999998559e-01
2.723459999999999770e-01 -1.702499999999997904e-01
2.723459999999999770e-01 -1.702499999999997904e-01
2.723459999999999770e-01 -1.702499999999997904e-01
2.723459999999999770e-01 -1.702499999999997904e-01
2.723459999999999770e-01 -1.702499999999997904e-01
2.723499999999999810e-01 -1.702400000000001690e-01
2.723499999999999810e-01 -1.702400000000001690e-01
2.723499999999999810e-01 -1.702400000000001690e-01
2.723499999999999810e-01 -1.702400000000001690e-01
2.723490000000000077e-01 -1.702499999999997904e-01
2.723539999999999850e-01 -1.702400000000001690e-01
2.723539999999999850e-01 -1.702400000000001690e-01
2.723529999999999562e-01 -1.702400000000001690e-01
2.723529999999999562e-01 -1.702400000000001690e-01
2.723529999999999562e-01 -1.702400000000001690e-01
2.723569999999999602e-01 -1.702300000000001035e-01
2.723569999999999602e-01 -1.702300000000001035e-01
2.723569999999999602e-01 -1.702300000000001035e-01
2.723569999999999602e-01 -1.702300000000001035e-01
2.723569999999999602e-01 -1.702300000000001035e-01
2.723609999999999642e-01 -1.702300000000001035e-01
2.723609999999999642e-01 -1.702300000000001035e-01
2.723609999999999642e-01 -1.702300000000001035e-01
2.723609999999999642e-01 -1.702300000000001035e-01
2.723609999999999642e-01 -1.702300000000001035e-01
2.723649999999999682e-01 -1.702200000000000379e-01
2.723649999999999682e-01 -1.702200000000000379e-01
2.723649999999999682e-01 -1.702200000000000379e-01
2.723649999999999682e-01 -1.702200000000000379e-01
2.723639999999999950e-01 -1.702200000000000379e-01
2.723689999999999722e-01 -1.702200000000000379e-01
2.723679999999999990e-01 -1.702200000000000379e-01
2.723679999999999990e-01 -1.702200000000000379e-01
2.723679999999999990e-01 -1.702200000000000379e-01
2.723679999999999990e-01 -1.702200000000000379e-01
2.723720000000000030e-01 -1.702099999999999724e-01
2.723720000000000030e-01 -1.702099999999999724e-01
2.723720000000000030e-01 -1.702099999999999724e-01
2.723720000000000030e-01 -1.702099999999999724e-01
2.723720000000000030e-01 -1.702099999999999724e-01
2.723760000000000070e-01 -1.702099999999999724e-01
2.723760000000000070e-01 -1.702099999999999724e-01
2.723760000000000070e-01 -1.702099999999999724e-01
2.723760000000000070e-01 -1.702099999999999724e-01
2.723760000000000070e-01 -1.702099999999999724e-01
2.723799999999999555e-01 -1.701999999999999069e-01
2.723799999999999555e-01 -1.701999999999999069e-01
2.723789999999999822e-01 -1.701999999999999069e-01
2.723789999999999822e-01 -1.701999999999999069e-01
2.723789999999999822e-01 -1.701999999999999069e-01
2.723829999999999862e-01 -1.701999999999999069e-01
2.723829999999999862e-01 -1.701999999999999069e-01
2.723829999999999862e-01 -1.701999999999999069e-01
2.723829999999999862e-01 -1.701999999999999069e-01
2.723829999999999862e-01 -1.701999999999999069e-01
2.723869999999999902e-01 -1.701899999999998414e-01
2.723869999999999902e-01 -1.701899999999998414e-01
2.723869999999999902e-01 -1.701899999999998414e-01
2.723869999999999902e-01 -1.701899999999998414e-01
2.723869999999999902e-01 -1.701999999999999069e-01
2.723909999999999942e-01 -1.701899999999998414e-01
2.723909999999999942e-01 -1.701899999999998414e-01
2.723909999999999942e-01 -1.701899999999998414e-01
2.723909999999999942e-01 -1.701899999999998414e-01
2.723909999999999942e-01 -1.701899999999998414e-01
2.723949999999999982e-01 -1.701799999999997759e-01
2.723949999999999982e-01 -1.701799999999997759e-01
2.723949999999999982e-01 -1.701799999999997759e-01
2.723940000000000250e-01 -1.701799999999997759e-01
2.723940000000000250e-01 -1.701799999999997759e-01
2.723990000000000022e-01 -1.701799999999997759e-01
2.723990000000000022e-01 -1.701799999999997759e-01
2.723990000000000022e-01 -1.701799999999997759e-01
2.723980000000000290e-01 -1.701799999999997759e-01
2.723980000000000290e-01 -1.701799999999997759e-01
2.724030000000000062e-01 -1.701700000000001545e-01
2.724030000000000062e-01 -1.701700000000001545e-01
2.724020000000000330e-01 -1.701700000000001545e-01
2.724020000000000330e-01 -1.701700000000001545e-01
2.724020000000000330e-01 -1.701700000000001545e-01
2.724060000000000370e-01 -1.701700000000001545e-01
2.724060000000000370e-01 -1.701700000000001545e-01
2.724060000000000370e-01 -1.701700000000001545e-01
2.724060000000000370e-01 -1.701700000000001545e-01
2.724060000000000370e-01 -1.701700000000001545e-01
2.724099999999999855e-01 -1.701600000000000890e-01
2.724099999999999855e-01 -1.701600000000000890e-01
2.724099999999999855e-01 -1.701600000000000890e-01
2.724099999999999855e-01 -1.701600000000000890e-01
2.724099999999999855e-01 -1.701600000000000890e-01
2.724139999999999895e-01 -1.701600000000000890e-01
2.724139999999999895e-01 -1.701600000000000890e-01
2.724139999999999895e-01 -1.701600000000000890e-01
2.724139999999999895e-01 -1.701600000000000890e-01
2.724130000000000162e-01 -1.701600000000000890e-01
2.724170000000000202e-01 -1.701500000000000234e-01
2.724170000000000202e-01 -1.701500000000000234e-01
2.724170000000000202e-01 -1.701500000000000234e-01
2.724170000000000202e-01 -1.701500000000000234e-01
2.724170000000000202e-01 -1.701500000000000234e-01
2.724210000000000242e-01 -1.701500000000000234e-01
2.724210000000000242e-01 -1.701500000000000234e-01
2.724210000000000242e-01 -1.701500000000000234e-01
2.724210000000000242e-01 -1.701500000000000234e-01
2.724199999999999955e-01 -1.701500000000000234e-01
2.724250000000000282e-01 -1.701399999999999579e-01
2.724239999999999995e-01 -1.701399999999999579e-01
2.724239999999999995e-01 -1.701399999999999579e-01
2.724239999999999995e-01 -1.701399999999999579e-01
2.724239999999999995e-01 -1.701399999999999579e-01
2.724280000000000035e-01 -1.701399999999999579e-01
2.724280000000000035e-01 -1.701399999999999579e-01
2.724280000000000035e-01 -1.701399999999999579e-01
2.724280000000000035e-01 -1.701399999999999579e-01
2.724280000000000035e-01 -1.701399999999999579e-01
2.724320000000000075e-01 -1.701299999999998924e-01
2.724320000000000075e-01 -1.701399999999999579e-01
2.724320000000000075e-01 -1.701399999999999579e-01
2.724320000000000075e-01 -1.701399999999999579e-01
2.724309999999999787e-01 -1.701399999999999579e-01
2.724360000000000115e-01 -1.701299999999998924e-01
2.724360000000000115e-01 -1.701299999999998924e-01
2.724360000000000115e-01 -1.701299999999998924e-01
2.724360000000000115e-01 -1.701299999999998924e-01
2.724360000000000115e-01 -1.701299999999998924e-01
2.724400000000000155e-01 -1.701299999999998924e-01
2.724400000000000155e-01 -1.701299999999998924e-01
2.724400000000000155e-01 -1.701299999999998924e-01
2.724389999999999867e-01 -1.701299999999998924e-01
2.724389999999999867e-01 -1.701299999999998924e-01
2.724440000000000195e-01 -1.701199999999998269e-01
2.724440000000000195e-01 -1.701199999999998269e-01
2.724429999999999907e-01 -1.701199999999998269e-01
2.724429999999999907e-01 -1.701199999999998269e-01
2.724429999999999907e-01 -1.701199999999998269e-01
2.724480000000000235e-01 -1.701099999999997614e-01
2.724480000000000235e-01 -1.701099999999997614e-01
2.724480000000000235e-01 -1.701099999999997614e-01
2.724469999999999947e-01 -1.701099999999997614e-01
2.724469999999999947e-01 -1.701199999999998269e-01
2.724509999999999987e-01 -1.701099999999997614e-01
2.724509999999999987e-01 -1.701099999999997614e-01
2.724509999999999987e-01 -1.701099999999997614e-01
2.724509999999999987e-01 -1.701099999999997614e-01
2.724509999999999987e-01 -1.701099999999997614e-01
2.724550000000000027e-01 -1.701099999999997614e-01
2.724550000000000027e-01 -1.701099999999997614e-01
2.724550000000000027e-01 -1.701099999999997614e-01
2.724550000000000027e-01 -1.701099999999997614e-01
2.724539999999999740e-01 -1.701099999999997614e-01
2.724590000000000067e-01 -1.701000000000001400e-01
2.724590000000000067e-01 -1.701000000000001400e-01
2.724590000000000067e-01 -1.701000000000001400e-01
2.724590000000000067e-01 -1.701000000000001400e-01
2.724590000000000067e-01 -1.701000000000001400e-01
2.724630000000000107e-01 -1.701000000000001400e-01
2.724630000000000107e-01 -1.701000000000001400e-01
2.724630000000000107e-01 -1.701000000000001400e-01
2.724619999999999820e-01 -1.701000000000001400e-01
2.724619999999999820e-01 -1.701000000000001400e-01
2.724670000000000147e-01 -1.700900000000000745e-01
2.724659999999999860e-01 -1.700900000000000745e-01
2.724659999999999860e-01 -1.700900000000000745e-01
2.724659999999999860e-01 -1.700900000000000745e-01
2.724659999999999860e-01 -1.700900000000000745e-01
2.724699999999999900e-01 -1.700800000000000090e-01
2.724699999999999900e-01 -1.700800000000000090e-01
2.724699999999999900e-01 -1.700900000000000745e-01
2.724699999999999900e-01 -1.700900000000000745e-01
2.724699999999999900e-01 -1.700900000000000745e-01
2.724739999999999940e-01 -1.700800000000000090e-01
2.724739999999999940e-01 -1.700800000000000090e-01
2.724739999999999940e-01 -1.700800000000000090e-01
2.724739999999999940e-01 -1.700800000000000090e-01
2.724729999999999652e-01 -1.700800000000000090e-01
2.724769999999999692e-01 -1.700800000000000090e-01
2.724769999999999692e-01 -1.700800000000000090e-01
2.724769999999999692e-01 -1.700800000000000090e-01
2.724769999999999692e-01 -1.700800000000000090e-01
2.724769999999999692e-01 -1.700800000000000090e-01
2.724809999999999732e-01 -1.700699999999999434e-01
2.724809999999999732e-01 -1.700699999999999434e-01
2.724809999999999732e-01 -1.700699999999999434e-01
2.724809999999999732e-01 -1.700699999999999434e-01
2.724809999999999732e-01 -1.700699999999999434e-01
2.724849999999999772e-01 -1.700699999999999434e-01
2.724840000000000040e-01 -1.700699999999999434e-01
2.724840000000000040e-01 -1.700699999999999434e-01
2.724840000000000040e-01 -1.700699999999999434e-01
2.724840000000000040e-01 -1.700699999999999434e-01
2.724880000000000080e-01 -1.700599999999998779e-01
2.724880000000000080e-01 -1.700599999999998779e-01
2.724880000000000080e-01 -1.700599999999998779e-01
2.724880000000000080e-01 -1.700599999999998779e-01
2.724870000000000347e-01 -1.700599999999998779e-01
2.724909999999999832e-01 -1.700499999999998124e-01
2.724909999999999832e-01 -1.700499999999998124e-01
2.724909999999999832e-01 -1.700599999999998779e-01
2.724909999999999832e-01 -1.700599999999998779e-01
2.724909999999999832e-01 -1.700599999999998779e-01
2.724949999999999872e-01 -1.700499999999998124e-01
2.724949999999999872e-01 -1.700499999999998124e-01
2.724949999999999872e-01 -1.700499999999998124e-01
2.724949999999999872e-01 -1.700499999999998124e-01
2.724949999999999872e-01 -1.700499999999998124e-01
2.724980000000000180e-01 -1.700499999999998124e-01
2.724980000000000180e-01 -1.700499999999998124e-01
2.724980000000000180e-01 -1.700499999999998124e-01
2.724980000000000180e-01 -1.700499999999998124e-01
2.724980000000000180e-01 -1.700499999999998124e-01
2.725020000000000220e-01 -1.700399999999997469e-01
2.725020000000000220e-01 -1.700399999999997469e-01
2.725020000000000220e-01 -1.700399999999997469e-01
2.725009999999999932e-01 -1.700399999999997469e-01
2.725009999999999932e-01 -1.700399999999997469e-01
2.725060000000000260e-01 -1.700399999999997469e-01
2.725060000000000260e-01 -1.700399999999997469e-01
2.725060000000000260e-01 -1.700399999999997469e-01
2.725049999999999972e-01 -1.700399999999997469e-01
2.725049999999999972e-01 -1.700399999999997469e-01
2.725090000000000012e-01 -1.700300000000001255e-01
2.725090000000000012e-01 -1.700300000000001255e-01
2.725090000000000012e-01 -1.700300000000001255e-01
2.725090000000000012e-01 -1.700300000000001255e-01
2.725090000000000012e-01 -1.700300000000001255e-01
2.725130000000000052e-01 -1.700300000000001255e-01
2.725119999999999765e-01 -1.700300000000001255e-01
2.725119999999999765e-01 -1.700300000000001255e-01
2.725119999999999765e-01 -1.700300000000001255e-01
2.725119999999999765e-01 -1.700300000000001255e-01
2.725159999999999805e-01 -1.700200000000000600e-01
2.725159999999999805e-01 -1.700200000000000600e-01
2.725159999999999805e-01 -1.700200000000000600e-01
2.725159999999999805e-01 -1.700200000000000600e-01
2.725159999999999805e-01 -1.700200000000000600e-01
2.725189999999999557e-01 -1.700200000000000600e-01
2.725189999999999557e-01 -1.700200000000000600e-01
2.725189999999999557e-01 -1.700200000000000600e-01
2.725189999999999557e-01 -1.700200000000000600e-01
2.725189999999999557e-01 -1.700200000000000600e-01
2.725229999999999597e-01 -1.700099999999999945e-01
2.725229999999999597e-01 -1.700099999999999945e-01
2.725229999999999597e-01 -1.700099999999999945e-01
2.725229999999999597e-01 -1.700099999999999945e-01
2.725219999999999865e-01 -1.700099999999999945e-01
2.725259999999999905e-01 -1.700099999999999945e-01
2.725259999999999905e-01 -1.700099999999999945e-01
2.725259999999999905e-01 -1.700099999999999945e-01
2.725259999999999905e-01 -1.700099999999999945e-01
2.725259999999999905e-01 -1.700099999999999945e-01
2.725290000000000212e-01 -1.699999999999999289e-01
2.725290000000000212e-01 -1.699999999999999289e-01
2.725290000000000212e-01 -1.699999999999999289e-01
2.725290000000000212e-01 -1.699999999999999289e-01
2.725290000000000212e-01 -1.699999999999999289e-01
2.725330000000000252e-01 -1.699999999999999289e-01
2.725330000000000252e-01 -1.699999999999999289e-01
2.725330000000000252e-01 -1.699999999999999289e-01
2.725330000000000252e-01 -1.699999999999999289e-01
2.725319999999999965e-01 -1.699999999999999289e-01
2.725360000000000005e-01 -1.699899999999998634e-01
2.725360000000000005e-01 -1.699899999999998634e-01
2.725360000000000005e-01 -1.699899999999998634e-01
2.725360000000000005e-01 -1.699899999999998634e-01
2.725360000000000005e-01 -1.699999999999999289e-01
2.725389999999999757e-01 -1.699899999999998634e-01
2.725389999999999757e-01 -1.699899999999998634e-01
2.725389999999999757e-01 -1.699899999999998634e-01
2.725389999999999757e-01 -1.699899999999998634e-01
2.725389999999999757e-01 -1.699899999999998634e-01
2.725429999999999797e-01 -1.699799999999997979e-01
2.725429999999999797e-01 -1.699799999999997979e-01
2.725429999999999797e-01 -1.699799999999997979e-01
2.725420000000000065e-01 -1.699799999999997979e-01
2.725420000000000065e-01 -1.699899999999998634e-01
2.725459999999999550e-01 -1.699799999999997979e-01
2.725459999999999550e-01 -1.699799999999997979e-01
2.725459999999999550e-01 -1.699799999999997979e-01
2.725459999999999550e-01 -1.699799999999997979e-01
2.725450000000000372e-01 -1.699799999999997979e-01
2.725489999999999857e-01 -1.699799999999997979e-01
2.725489999999999857e-01 -1.699799999999997979e-01
2.725489999999999857e-01 -1.699799999999997979e-01
2.725489999999999857e-01 -1.699799999999997979e-01
2.725489999999999857e-01 -1.699799999999997979e-01
2.725529999999999897e-01 -1.699700000000001765e-01
2.725520000000000165e-01 -1.699700000000001765e-01
2.725520000000000165e-01 -1.699700000000001765e-01
2.725520000000000165e-01 -1.699700000000001765e-01
2.725520000000000165e-01 -1.699700000000001765e-01
2.725560000000000205e-01 -1.699700000000001765e-01
2.725549999999999917e-01 -1.699700000000001765e-01
2.725549999999999917e-01 -1.699700000000001765e-01
2.725549999999999917e-01 -1.699700000000001765e-01
2.725549999999999917e-01 -1.699700000000001765e-01
2.725589999999999957e-01 -1.699600000000001110e-01
2.725579999999999670e-01 -1.699600000000001110e-01
2.725579999999999670e-01 -1.699600000000001110e-01
2.725579999999999670e-01 -1.699600000000001110e-01
2.725579999999999670e-01 -1.699600000000001110e-01
2.725619999999999710e-01 -1.699600000000001110e-01
2.725619999999999710e-01 -1.699600000000001110e-01
2.725619999999999710e-01 -1.699600000000001110e-01
2.725609999999999977e-01 -1.699600000000001110e-01
2.725609999999999977e-01 -1.699600000000001110e-01
2.725650000000000017e-01 -1.699600000000001110e-01
2.725650000000000017e-01 -1.699600000000001110e-01
2.725650000000000017e-01 -1.699600000000001110e-01
2.725640000000000285e-01 -1.699600000000001110e-01
2.725640000000000285e-01 -1.699600000000001110e-01
2.725680000000000325e-01 -1.699500000000000455e-01
2.725680000000000325e-01 -1.699500000000000455e-01
2.725680000000000325e-01 -1.699500000000000455e-01
2.725670000000000037e-01 -1.699500000000000455e-01
2.725670000000000037e-01 -1.699500000000000455e-01
2.725710000000000077e-01 -1.699500000000000455e-01
2.725710000000000077e-01 -1.699500000000000455e-01
2.725699999999999790e-01 -1.699500000000000455e-01
2.725699999999999790e-01 -1.699500000000000455e-01
2.725699999999999790e-01 -1.699500000000000455e-01
2.725730000000000097e-01 -1.699399999999999800e-01
2.725730000000000097e-01 -1.699399999999999800e-01
2.725730000000000097e-01 -1.699399999999999800e-01
2.725730000000000097e-01 -1.699500000000000455e-01
2.725730000000000097e-01 -1.699500000000000455e-01
2.725759999999999850e-01 -1.699399999999999800e-01
2.725759999999999850e-01 -1.699399999999999800e-01
2.725759999999999850e-01 -1.699399999999999800e-01
2.725759999999999850e-01 -1.699399999999999800e-01
2.725759999999999850e-01 -1.699399999999999800e-01
2.725790000000000157e-01 -1.699399999999999800e-01
2.725790000000000157e-01 -1.699399999999999800e-01
2.725790000000000157e-01 -1.699399999999999800e-01
2.725779999999999870e-01 -1.699399999999999800e-01
2.725779999999999870e-01 -1.699399999999999800e-01
2.725819999999999910e-01 -1.699299999999999145e-01
2.725809999999999622e-01 -1.699299999999999145e-01
2.725809999999999622e-01 -1.699299999999999145e-01
2.725809999999999622e-01 -1.699299999999999145e-01
2.725809999999999622e-01 -1.699299999999999145e-01
2.725849999999999662e-01 -1.699299999999999145e-01
2.725839999999999930e-01 -1.699299999999999145e-01
2.725839999999999930e-01 -1.699299999999999145e-01
2.725839999999999930e-01 -1.699299999999999145e-01
2.725839999999999930e-01 -1.699299999999999145e-01
2.725870000000000237e-01 -1.699299999999999145e-01
2.725870000000000237e-01 -1.699299999999999145e-01
2.725870000000000237e-01 -1.699299999999999145e-01
2.725870000000000237e-01 -1.699299999999999145e-01
2.725870000000000237e-01 -1.699299999999999145e-01
2.725899999999999990e-01 -1.699199999999998489e-01
2.725899999999999990e-01 -1.699199999999998489e-01
2.725899999999999990e-01 -1.699199999999998489e-01
2.725899999999999990e-01 -1.699199999999998489e-01
2.725899999999999990e-01 -1.699199999999998489e-01
2.725929999999999742e-01 -1.699199999999998489e-01
2.725920000000000010e-01 -1.699199999999998489e-01
2.725920000000000010e-01 -1.699199999999998489e-01
2.725920000000000010e-01 -1.699199999999998489e-01
2.725920000000000010e-01 -1.699199999999998489e-01
2.725950000000000317e-01 -1.699099999999997834e-01
2.725950000000000317e-01 -1.699099999999997834e-01
2.725950000000000317e-01 -1.699199999999998489e-01
2.725950000000000317e-01 -1.699199999999998489e-01
2.725950000000000317e-01 -1.699199999999998489e-01
2.725980000000000070e-01 -1.699099999999997834e-01
2.725980000000000070e-01 -1.699099999999997834e-01
2.725980000000000070e-01 -1.699099999999997834e-01
2.725980000000000070e-01 -1.699099999999997834e-01
2.725980000000000070e-01 -1.699099999999997834e-01
2.726009999999999822e-01 -1.699099999999997834e-01
2.726000000000000090e-01 -1.699099999999997834e-01
2.726000000000000090e-01 -1.699099999999997834e-01
2.726000000000000090e-01 -1.699099999999997834e-01
2.726000000000000090e-01 -1.699099999999997834e-01
2.726039999999999575e-01 -1.699000000000001620e-01
2.726029999999999842e-01 -1.699000000000001620e-01
2.726029999999999842e-01 -1.699000000000001620e-01
2.726029999999999842e-01 -1.699099999999997834e-01
2.726029999999999842e-01 -1.699099999999997834e-01
2.726060000000000150e-01 -1.699000000000001620e-01
2.726060000000000150e-01 -1.699000000000001620e-01
2.726060000000000150e-01 -1.699000000000001620e-01
2.726060000000000150e-01 -1.699000000000001620e-01
2.726060000000000150e-01 -1.699000000000001620e-01
2.726089999999999902e-01 -1.699000000000001620e-01
2.726089999999999902e-01 -1.699000000000001620e-01
2.726079999999999615e-01 -1.699000000000001620e-01
2.726079999999999615e-01 -1.699000000000001620e-01
2.726079999999999615e-01 -1.699000000000001620e-01
2.726109999999999922e-01 -1.698900000000000965e-01
2.726109999999999922e-01 -1.698900000000000965e-01
2.726109999999999922e-01 -1.698900000000000965e-01
2.726109999999999922e-01 -1.698900000000000965e-01
2.726109999999999922e-01 -1.698900000000000965e-01
2.726140000000000230e-01 -1.698900000000000965e-01
2.726140000000000230e-01 -1.698900000000000965e-01
2.726140000000000230e-01 -1.698900000000000965e-01
2.726140000000000230e-01 -1.698900000000000965e-01
2.726140000000000230e-01 -1.698900000000000965e-01
2.726159999999999695e-01 -1.698900000000000965e-01
2.726159999999999695e-01 -1.698900000000000965e-01
2.726149999999999962e-01 -1.698900000000000965e-01
2.726149999999999962e-01 -1.698900000000000965e-01
2.726149999999999962e-01 -1.698900000000000965e-01
2.726180000000000270e-01 -1.698900000000000965e-01
2.726180000000000270e-01 -1.698900000000000965e-01
2.726180000000000270e-01 -1.698900000000000965e-01
2.726180000000000270e-01 -1.698900000000000965e-01
2.726180000000000270e-01 -1.698900000000000965e-01
2.726210000000000022e-01 -1.698800000000000310e-01
2.726210000000000022e-01 -1.698800000000000310e-01
2.726199999999999735e-01 -1.698800000000000310e-01
2.726199999999999735e-01 -1.698800000000000310e-01
2.726199999999999735e-01 -1.698800000000000310e-01
2.726230000000000042e-01 -1.698800000000000310e-01
2.726230000000000042e-01 -1.698800000000000310e-01
2.726230000000000042e-01 -1.698800000000000310e-01
2.726230000000000042e-01 -1.698800000000000310e-01
2.726230000000000042e-01 -1.698800000000000310e-01
2.726260000000000350e-01 -1.698800000000000310e-01
2.726260000000000350e-01 -1.698800000000000310e-01
2.726260000000000350e-01 -1.698800000000000310e-01
2.726260000000000350e-01 -1.698800000000000310e-01
2.726250000000000062e-01 -1.698800000000000310e-01
2.726279999999999815e-01 -1.698699999999999655e-01
2.726279999999999815e-01 -1.698699999999999655e-01
2.726279999999999815e-01 -1.698699999999999655e-01
2.726279999999999815e-01 -1.698699999999999655e-01
2.726279999999999815e-01 -1.698699999999999655e-01
2.726309999999999567e-01 -1.698699999999999655e-01
2.726309999999999567e-01 -1.698699999999999655e-01
2.726309999999999567e-01 -1.698699999999999655e-01
2.726299999999999835e-01 -1.698699999999999655e-01
2.726299999999999835e-01 -1.698699999999999655e-01
2.726339999999999875e-01 -1.698699999999999655e-01
2.726330000000000142e-01 -1.698699999999999655e-01
2.726330000000000142e-01 -1.698699999999999655e-01
2.726330000000000142e-01 -1.698699999999999655e-01
2.726330000000000142e-01 -1.698699999999999655e-01
2.726359999999999895e-01 -1.698599999999999000e-01
2.726359999999999895e-01 -1.698599999999999000e-01
2.726359999999999895e-01 -1.698599999999999000e-01
2.726359999999999895e-01 -1.698599999999999000e-01
2.726349999999999607e-01 -1.698599999999999000e-01
2.726379999999999915e-01 -1.698599999999999000e-01
2.726379999999999915e-01 -1.698599999999999000e-01
2.726379999999999915e-01 -1.698599999999999000e-01
2.726379999999999915e-01 -1.698599999999999000e-01
2.726379999999999915e-01 -1.698599999999999000e-01
2.726410000000000222e-01 -1.698599999999999000e-01
2.726410000000000222e-01 -1.698599999999999000e-01
2.726410000000000222e-01 -1.698599999999999000e-01
2.726410000000000222e-01 -1.698599999999999000e-01
2.726399999999999935e-01 -1.698599999999999000e-01
2.726429999999999687e-01 -1.698499999999998344e-01
2.726429999999999687e-01 -1.698499999999998344e-01
2.726429999999999687e-01 -1.698499999999998344e-01
2.726429999999999687e-01 -1.698499999999998344e-01
2.726429999999999687e-01 -1.698499999999998344e-01
2.726459999999999995e-01 -1.698499999999998344e-01
2.726459999999999995e-01 -1.698499999999998344e-01
2.726450000000000262e-01 -1.698499999999998344e-01
2.726450000000000262e-01 -1.698499999999998344e-01
2.726450000000000262e-01 -1.698499999999998344e-01
2.726490000000000302e-01 -1.698499999999998344e-01
2.726480000000000015e-01 -1.698499999999998344e-01
2.726480000000000015e-01 -1.698499999999998344e-01
2.726480000000000015e-01 -1.698499999999998344e-01
2.726480000000000015e-01 -1.698499999999998344e-01
2.726509999999999767e-01 -1.698399999999997689e-01
2.726509999999999767e-01 -1.698399999999997689e-01
2.726509999999999767e-01 -1.698399999999997689e-01
2.726509999999999767e-01 -1.698399999999997689e-01
2.726500000000000035e-01 -1.698399999999997689e-01
2.726530000000000342e-01 -1.698399999999997689e-01
2.726530000000000342e-01 -1.698399999999997689e-01
2.726530000000000342e-01 -1.698399999999997689e-01
2.726530000000000342e-01 -1.698399999999997689e-01
2.726530000000000342e-01 -1.698399999999997689e-01
2.726560000000000095e-01 -1.698399999999997689e-01
2.726560000000000095e-01 -1.698399999999997689e-01
2.726560000000000095e-01 -1.698399999999997689e-01
2.726549999999999807e-01 -1.698399999999997689e-01
2.726549999999999807e-01 -1.698399999999997689e-01
2.726579999999999560e-01 -1.698300000000001475e-01
2.726579999999999560e-01 -1.698300000000001475e-01
2.726579999999999560e-01 -1.698399999999997689e-01
2.726579999999999560e-01 -1.698399999999997689e-01
2.726579999999999560e-01 -1.698399999999997689e-01
2.726600000000000135e-01 -1.698300000000001475e-01
2.726600000000000135e-01 -1.698300000000001475e-01
2.726600000000000135e-01 -1.698300000000001475e-01
2.726600000000000135e-01 -1.698300000000001475e-01
2.726600000000000135e-01 -1.698300000000001475e-01
2.726629999999999887e-01 -1.698300000000001475e-01
2.726629999999999887e-01 -1.698300000000001475e-01
2.726629999999999887e-01 -1.698300000000001475e-01
2.726629999999999887e-01 -1.698300000000001475e-01
2.726629999999999887e-01 -1.698300000000001475e-01
2.726649999999999907e-01 -1.698300000000001475e-01
2.726649999999999907e-01 -1.698300000000001475e-01
2.726649999999999907e-01 -1.698300000000001475e-01
2.726649999999999907e-01 -1.698300000000001475e-01
2.726649999999999907e-01 -1.698300000000001475e-01
2.726680000000000215e-01 -1.698200000000000820e-01
2.726680000000000215e-01 -1.698200000000000820e-01
2.726669999999999927e-01 -1.698200000000000820e-01
2.726669999999999927e-01 -1.698200000000000820e-01
2.726669999999999927e-01 -1.698200000000000820e-01
2.726699999999999680e-01 -1.698200000000000820e-01
2.726699999999999680e-01 -1.698200000000000820e-01
2.726699999999999680e-01 -1.698200000000000820e-01
2.726699999999999680e-01 -1.698200000000000820e-01
2.726699999999999680e-01 -1.698200000000000820e-01
2.726720000000000255e-01 -1.698200000000000820e-01
2.726720000000000255e-01 -1.698200000000000820e-01
2.726720000000000255e-01 -1.698200000000000820e-01
2.726720000000000255e-01 -1.698200000000000820e-01
2.726720000000000255e-01 -1.698200000000000820e-01
2.726750000000000007e-01 -1.698200000000000820e-01
2.726750000000000007e-01 -1.698200000000000820e-01
2.726750000000000007e-01 -1.698200000000000820e-01
2.726739999999999720e-01 -1.698200000000000820e-01
2.726739999999999720e-01 -1.698200000000000820e-01
2.726770000000000027e-01 -1.698100000000000165e-01
2.726770000000000027e-01 -1.698100000000000165e-01
2.726770000000000027e-01 -1.698100000000000165e-01
2.726770000000000027e-01 -1.698200000000000820e-01
2.726770000000000027e-01 -1.698200000000000820e-01
2.726790000000000047e-01 -1.698100000000000165e-01
2.726790000000000047e-01 -1.698100000000000165e-01
2.726790000000000047e-01 -1.698100000000000165e-01
2.726790000000000047e-01 -1.698100000000000165e-01
2.726790000000000047e-01 -1.698100000000000165e-01
2.726810000000000067e-01 -1.698100000000000165e-01
2.726810000000000067e-01 -1.698100000000000165e-01
2.726810000000000067e-01 -1.698100000000000165e-01
2.726810000000000067e-01 -1.698100000000000165e-01
2.726810000000000067e-01 -1.698100000000000165e-01
2.726840000000000375e-01 -1.698100000000000165e-01
2.726840000000000375e-01 -1.698100000000000165e-01
2.726830000000000087e-01 -1.698100000000000165e-01
2.726830000000000087e-01 -1.698100000000000165e-01
2.726830000000000087e-01 -1.698100000000000165e-01
2.726859999999999840e-01 -1.697999999999999510e-01
2.726849999999999552e-01 -1.697999999999999510e-01
2.726849999999999552e-01 -1.697999999999999510e-01
2.726849999999999552e-01 -1.697999999999999510e-01
2.726849999999999552e-01 -1.697999999999999510e-01
2.726879999999999860e-01 -1.697999999999999510e-01
2.726879999999999860e-01 -1.697999999999999510e-01
2.726870000000000127e-01 -1.697999999999999510e-01
2.726870000000000127e-01 -1.697999999999999510e-01
2.726870000000000127e-01 -1.697999999999999510e-01
2.726899999999999880e-01 -1.697999999999999510e-01
2.726899999999999880e-01 -1.697999999999999510e-01
2.726889999999999592e-01 -1.697999999999999510e-01
2.726889999999999592e-01 -1.697999999999999510e-01
2.726889999999999592e-01 -1.697999999999999510e-01
2.726919999999999900e-01 -1.697999999999999510e-01
2.726919999999999900e-01 -1.697999999999999510e-01
2.726919999999999900e-01 -1.697999999999999510e-01
2.726910000000000167e-01 -1.697999999999999510e-01
2.726910000000000167e-01 -1.697999999999999510e-01
2.726939999999999920e-01 -1.697899999999998855e-01
2.726939999999999920e-01 -1.697899999999998855e-01
2.726939999999999920e-01 -1.697899999999998855e-01
2.726929999999999632e-01 -1.697899999999998855e-01
2.726929999999999632e-01 -1.697899999999998855e-01
2.726959999999999940e-01 -1.697899999999998855e-01
2.726950000000000207e-01 -1.697899999999998855e-01
2.726950000000000207e-01 -1.697899999999998855e-01
2.726950000000000207e-01 -1.697899999999998855e-01
2.726950000000000207e-01 -1.697899999999998855e-01
2.726969999999999672e-01 -1.697899999999998855e-01
2.726969999999999672e-01 -1.697899999999998855e-01
2.726969999999999672e-01 -1.697899999999998855e-01
2.726969999999999672e-01 -1.697899999999998855e-01
2.726969999999999672e-01 -1.697899999999998855e-01
2.726990000000000247e-01 -1.697899999999998855e-01
2.726990000000000247e-01 -1.697899999999998855e-01
2.726990000000000247e-01 -1.697899999999998855e-01
2.726990000000000247e-01 -1.697899999999998855e-01
2.726990000000000247e-01 -1.697899999999998855e-01
2.727009999999999712e-01 -1.697899999999998855e-01
2.727009999999999712e-01 -1.697899999999998855e-01
2.726999999999999980e-01 -1.697899999999998855e-01
2.726999999999999980e-01 -1.697899999999998855e-01
2.726999999999999980e-01 -1.697899999999998855e-01
2.727030000000000287e-01 -1.697799999999998199e-01
2.727030000000000287e-01 -1.697799999999998199e-01
2.727020000000000000e-01 -1.697799999999998199e-01
2.727020000000000000e-01 -1.697799999999998199e-01
2.727020000000000000e-01 -1.697799999999998199e-01
2.727040000000000020e-01 -1.697799999999998199e-01
2.727040000000000020e-01 -1.697799999999998199e-01
2.727040000000000020e-01 -1.697799999999998199e-01
2.727040000000000020e-01 -1.697799999999998199e-01
2.727040000000000020e-01 -1.697799999999998199e-01
2.727060000000000040e-01 -1.697799999999998199e-01
2.727060000000000040e-01 -1.697799999999998199e-01
2.727060000000000040e-01 -1.697799999999998199e-01
2.727049999999999752e-01 -1.697799999999998199e-01
2.727049999999999752e-01 -1.697799999999998199e-01
2.727080000000000060e-01 -1.697799999999998199e-01
2.727070000000000327e-01 -1.697799999999998199e-01
2.727070000000000327e-01 -1.697799999999998199e-01
2.727070000000000327e-01 -1.697799999999998199e-01
2.727070000000000327e-01 -1.697799999999998199e-01
2.727089999999999792e-01 -1.697799999999998199e-01
2.727089999999999792e-01 -1.697799999999998199e-01
2.727089999999999792e-01 -1.697799999999998199e-01
2.727089999999999792e-01 -1.697799999999998199e-01
2.727089999999999792e-01 -1.697799999999998199e-01
2.727110000000000367e-01 -1.697699999999997544e-01
2.727110000000000367e-01 -1.697699999999997544e-01
2.727100000000000080e-01 -1.697699999999997544e-01
2.727100000000000080e-01 -1.697699999999997544e-01
2.727100000000000080e-01 -1.697799999999998199e-01
2.727119999999999544e-01 -1.697699999999997544e-01
2.727119999999999544e-01 -1.697699999999997544e-01
2.727119999999999544e-01 -1.697699999999997544e-01
2.727119999999999544e-01 -1.697699999999997544e-01
2.727119999999999544e-01 -1.697699999999997544e-01
2.727140000000000120e-01 -1.697699999999997544e-01
2.727140000000000120e-01 -1.697699999999997544e-01
2.727140000000000120e-01 -1.697699999999997544e-01
2.727140000000000120e-01 -1.697699999999997544e-01
2.727140000000000120e-01 -1.697699999999997544e-01
2.727159999999999584e-01 -1.697699999999997544e-01
2.727149999999999852e-01 -1.697699999999997544e-01
2.727149999999999852e-01 -1.697699999999997544e-01
2.727149999999999852e-01 -1.697699999999997544e-01
2.727149999999999852e-01 -1.697699999999997544e-01
2.727169999999999872e-01 -1.697699999999997544e-01
2.727169999999999872e-01 -1.697699999999997544e-01
2.727169999999999872e-01 -1.697699999999997544e-01
2.727169999999999872e-01 -1.697699999999997544e-01
2.727169999999999872e-01 -1.697699999999997544e-01
2.727189999999999892e-01 -1.697600000000001330e-01
2.727189999999999892e-01 -1.697600000000001330e-01
2.727180000000000160e-01 -1.697600000000001330e-01
2.727180000000000160e-01 -1.697600000000001330e-01
2.727180000000000160e-01 -1.697699999999997544e-01
2.727199999999999624e-01 -1.697600000000001330e-01
2.727199999999999624e-01 -1.697600000000001330e-01
2.727199999999999624e-01 -1.697600000000001330e-01
2.727199999999999624e-01 -1.697600000000001330e-01
2.727199999999999624e-01 -1.697600000000001330e-01
2.727209999999999912e-01 -1.697600000000001330e-01
2.727209999999999912e-01 -1.697600000000001330e-01
2.727209999999999912e-01 -1.697600000000001330e-01
2.727209999999999912e-01 -1.697600000000001330e-01
2.727209999999999912e-01 -1.697600000000001330e-01
2.727229999999999932e-01 -1.697600000000001330e-01
2.727229999999999932e-01 -1.697600000000001330e-01
2.727229999999999932e-01 -1.697600000000001330e-01
2.727220000000000200e-01 -1.697600000000001330e-01
2.727220000000000200e-01 -1.697600000000001330e-01
2.727239999999999664e-01 -1.697600000000001330e-01
2.727239999999999664e-01 -1.697600000000001330e-01
2.727239999999999664e-01 -1.697600000000001330e-01
2.727239999999999664e-01 -1.697600000000001330e-01
2.727239999999999664e-01 -1.697600000000001330e-01
2.727249999999999952e-01 -1.697600000000001330e-01
2.727249999999999952e-01 -1.697600000000001330e-01
2.727249999999999952e-01 -1.697600000000001330e-01
2.727249999999999952e-01 -1.697600000000001330e-01
2.727249999999999952e-01 -1.697600000000001330e-01
2.727260000000000240e-01 -1.697500000000000675e-01
2.727260000000000240e-01 -1.697500000000000675e-01
2.727260000000000240e-01 -1.697500000000000675e-01
2.727260000000000240e-01 -1.697500000000000675e-01
2.727260000000000240e-01 -1.697500000000000675e-01
2.727269999999999972e-01 -1.697500000000000675e-01
2.727269999999999972e-01 -1.697500000000000675e-01
2.727269999999999972e-01 -1.697500000000000675e-01
2.727269999999999972e-01 -1.697500000000000675e-01
2.727269999999999972e-01 -1.697500000000000675e-01
2.727279999999999704e-01 -1.697500000000000675e-01
2.727279999999999704e-01 -1.697500000000000675e-01
2.727279999999999704e-01 -1.697500000000000675e-01
2.727279999999999704e-01 -1.697500000000000675e-01
2.727279999999999704e-01 -1.697500000000000675e-01
2.727289999999999992e-01 -1.697500000000000675e-01
2.727289999999999992e-01 -1.697500000000000675e-01
2.727289999999999992e-01 -1.697500000000000675e-01
2.727289999999999992e-01 -1.697500000000000675e-01
2.727289999999999992e-01 -1.697500000000000675e-01
2.727300000000000280e-01 -1.697500000000000675e-01
2.727300000000000280e-01 -1.697500000000000675e-01
2.727300000000000280e-01 -1.697500000000000675e-01
2.727289999999999992e-01 -1.697500000000000675e-01
2.727289999999999992e-01 -1.697500000000000675e-01
2.727310000000000012e-01 -1.697500000000000675e-01
2.727300000000000280e-01 -1.697500000000000675e-01
2.727300000000000280e-01 -1.697500000000000675e-01
2.727300000000000280e-01 -1.697500000000000675e-01
2.727300000000000280e-01 -1.697500000000000675e-01
2.727310000000000012e-01 -1.697500000000000675e-01
2.727310000000000012e-01 -1.697500000000000675e-01
2.727310000000000012e-01 -1.697500000000000675e-01
2.727310000000000012e-01 -1.697500000000000675e-01
2.727310000000000012e-01 -1.697500000000000675e-01
2.727319999999999744e-01 -1.697400000000000020e-01
2.727319999999999744e-01 -1.697500000000000675e-01
2.727319999999999744e-01 -1.697500000000000675e-01
2.727310000000000012e-01 -1.697500000000000675e-01
2.727310000000000012e-01 -1.697500000000000675e-01
2.727330000000000032e-01 -1.697400000000000020e-01
2.727319999999999744e-01 -1.697400000000000020e-01
2.727319999999999744e-01 -1.697400000000000020e-01
2.727319999999999744e-01 -1.697400000000000020e-01
2.727319999999999744e-01 -1.697400000000000020e-01
2.727330000000000032e-01 -1.697400000000000020e-01
2.727330000000000032e-01 -1.697400000000000020e-01
2.727330000000000032e-01 -1.697400000000000020e-01
2.727330000000000032e-01 -1.697400000000000020e-01
2.727330000000000032e-01 -1.697400000000000020e-01
2.727340000000000320e-01 -1.697400000000000020e-01
2.727340000000000320e-01 -1.697400000000000020e-01
2.727340000000000320e-01 -1.697400000000000020e-01
2.727340000000000320e-01 -1.697400000000000020e-01
2.727330000000000032e-01 -1.697400000000000020e-01
2.727340000000000320e-01 -1.697400000000000020e-01
2.727340000000000320e-01 -1.697400000000000020e-01
2.727340000000000320e-01 -1.697400000000000020e-01
2.727340000000000320e-01 -1.697400000000000020e-01
2.727340000000000320e-01 -1.697400000000000020e-01
2.727350000000000052e-01 -1.697400000000000020e-01
2.727350000000000052e-01 -1.697400000000000020e-01
2.727350000000000052e-01 -1.697400000000000020e-01
2.727350000000000052e-01 -1.697400000000000020e-01
2.727350000000000052e-01 -1.697400000000000020e-01
2.727359999999999784e-01 -1.697400000000000020e-01
2.727359999999999784e-01 -1.697400000000000020e-01
2.727359999999999784e-01 -1.697400000000000020e-01
2.727350000000000052e-01 -1.697400000000000020e-01
2.727350000000000052e-01 -1.697400000000000020e-01
2.727359999999999784e-01 -1.697400000000000020e-01
2.727359999999999784e-01 -1.697400000000000020e-01
2.727359999999999784e-01 -1.697400000000000020e-01
2.727359999999999784e-01 -1.697400000000000020e-01
2.727359999999999784e-01 -1.697400000000000020e-01
2.727370000000000072e-01 -1.697400000000000020e-01
2.727370000000000072e-01 -1.697400000000000020e-01
2.727370000000000072e-01 -1.697400000000000020e-01
2.727370000000000072e-01 -1.697400000000000020e-01
2.727370000000000072e-01 -1.697400000000000020e-01
2.727380000000000360e-01 -1.697299999999999365e-01
2.727380000000000360e-01 -1.697299999999999365e-01
2.727380000000000360e-01 -1.697400000000000020e-01
2.727370000000000072e-01 -1.697400000000000020e-01
2.727370000000000072e-01 -1.697400000000000020e-01
2.727390000000000092e-01 -1.697299999999999365e-01
2.727390000000000092e-01 -1.697299999999999365e-01
2.727380000000000360e-01 -1.697299999999999365e-01
2.727380000000000360e-01 -1.697299999999999365e-01
2.727380000000000360e-01 -1.697299999999999365e-01
2.727399999999999824e-01 -1.697299999999999365e-01
2.727399999999999824e-01 -1.697299999999999365e-01
2.727390000000000092e-01 -1.697299999999999365e-01
2.727390000000000092e-01 -1.697299999999999365e-01
2.727390000000000092e-01 -1.697299999999999365e-01
2.727399999999999824e-01 -1.697299999999999365e-01
2.727399999999999824e-01 -1.697299999999999365e-01
2.727399999999999824e-01 -1.697299999999999365e-01
2.727399999999999824e-01 -1.697299999999999365e-01
2.727399999999999824e-01 -1.697299999999999365e-01
2.727410000000000112e-01 -1.697299999999999365e-01
2.727410000000000112e-01 -1.697299999999999365e-01
2.727410000000000112e-01 -1.697299999999999365e-01
2.727410000000000112e-01 -1.697299999999999365e-01
2.727410000000000112e-01 -1.697299999999999365e-01
2.727419999999999844e-01 -1.697299999999999365e-01
2.727419999999999844e-01 -1.697299999999999365e-01
2.727419999999999844e-01 -1.697299999999999365e-01
2.727419999999999844e-01 -1.697299999999999365e-01
2.727419999999999844e-01 -1.697299999999999365e-01
2.727429999999999577e-01 -1.697299999999999365e-01
2.727419999999999844e-01 -1.697299999999999365e-01
2.727419999999999844e-01 -1.697299999999999365e-01
2.727419999999999844e-01 -1.697299999999999365e-01
2.727419999999999844e-01 -1.697299999999999365e-01
2.727429999999999577e-01 -1.697299999999999365e-01
2.727429999999999577e-01 -1.697299999999999365e-01
2.727429999999999577e-01 -1.697299999999999365e-01
2.727429999999999577e-01 -1.697299999999999365e-01
2.727429999999999577e-01 -1.697299999999999365e-01
2.727439999999999864e-01 -1.697299999999999365e-01
2.727439999999999864e-01 -1.697299999999999365e-01
2.727439999999999864e-01 -1.697299999999999365e-01
2.727439999999999864e-01 -1.697299999999999365e-01
2.727439999999999864e-01 -1.697299999999999365e-01
2.727439999999999864e-01 -1.697299999999999365e-01
2.727439999999999864e-01 -1.697299999999999365e-01
2.727439999999999864e-01 -1.697299999999999365e-01
2.727439999999999864e-01 -1.697299999999999365e-01
2.727439999999999864e-01 -1.697299999999999365e-01
2.727450000000000152e-01 -1.697299999999999365e-01
2.727450000000000152e-01 -1.697299999999999365e-01
2.727450000000000152e-01 -1.697299999999999365e-01
2.727450000000000152e-01 -1.697299999999999365e-01
2.727450000000000152e-01 -1.697299999999999365e-01
2.727459999999999885e-01 -1.697299999999999365e-01
2.727459999999999885e-01 -1.697299999999999365e-01
2.727459999999999885e-01 -1.697299999999999365e-01
2.727459999999999885e-01 -1.697299999999999365e-01
2.727459999999999885e-01 -1.697299999999999365e-01
2.727459999999999885e-01 -1.697299999999999365e-01
2.727459999999999885e-01 -1.697299999999999365e-01
2.727459999999999885e-01 -1.697299999999999365e-01
2.727459999999999885e-01 -1.697299999999999365e-01
2.727459999999999885e-01 -1.697299999999999365e-01
2.727469999999999617e-01 -1.697299999999999365e-01
2.727469999999999617e-01 -1.697299999999999365e-01
2.727469999999999617e-01 -1.697299999999999365e-01
2.727469999999999617e-01 -1.697299999999999365e-01
2.727469999999999617e-01 -1.697299999999999365e-01
2.727469999999999617e-01 -1.697299999999999365e-01
2.727469999999999617e-01 -1.697299999999999365e-01
2.727469999999999617e-01 -1.697299999999999365e-01
2.727469999999999617e-01 -1.697299999999999365e-01
2.727469999999999617e-01 -1.697299999999999365e-01
2.727479999999999905e-01 -1.697299999999999365e-01
2.727479999999999905e-01 -1.697299999999999365e-01
2.727479999999999905e-01 -1.697299999999999365e-01
2.727469999999999617e-01 -1.697299999999999365e-01
2.727469999999999617e-01 -1.697299999999999365e-01
2.727479999999999905e-01 -1.697299999999999365e-01
2.727479999999999905e-01 -1.697299999999999365e-01
2.727479999999999905e-01 -1.697299999999999365e-01
2.727479999999999905e-01 -1.697299999999999365e-01
2.727479999999999905e-01 -1.697299999999999365e-01
2.727479999999999905e-01 -1.697199999999998710e-01
2.727479999999999905e-01 -1.697299999999999365e-01
2.727479999999999905e-01 -1.697299999999999365e-01
2.727479999999999905e-01 -1.697299999999999365e-01
2.727479999999999905e-01 -1.697299999999999365e-01
2.727490000000000192e-01 -1.697199999999998710e-01
2.727479999999999905e-01 -1.697199999999998710e-01
2.727479999999999905e-01 -1.697199999999998710e-01
2.727479999999999905e-01 -1.697299999999999365e-01
2.727479999999999905e-01 -1.697299999999999365e-01
2.727490000000000192e-01 -1.697199999999998710e-01
2.727490000000000192e-01 -1.697199999999998710e-01
2.727490000000000192e-01 -1.697199999999998710e-01
2.727490000000000192e-01 -1.697199999999998710e-01
2.727490000000000192e-01 -1.697199999999998710e-01
2.727490000000000192e-01 -1.697199999999998710e-01
2.727490000000000192e-01 -1.697199999999998710e-01
2.727490000000000192e-01 -1.697199999999998710e-01
2.727490000000000192e-01 -1.697199999999998710e-01
2.727479999999999905e-01 -1.697199999999998710e-01
2.727499999999999925e-01 -1.697199999999998710e-01
2.727490000000000192e-01 -1.697199999999998710e-01
2.727490000000000192e-01 -1.697199999999998710e-01
2.727490000000000192e-01 -1.697199999999998710e-01
2.727490000000000192e-01 -1.697199999999998710e-01
2.727499999999999925e-01 -1.697199999999998710e-01
2.727499999999999925e-01 -1.697199999999998710e-01
2.727499999999999925e-01 -1.697199999999998710e-01
2.727490000000000192e-01 -1.697199999999998710e-01
2.727490000000000192e-01 -1.697199999999998710e-01
2.727490000000000192e-01 -1.697199999999998710e-01
2.727490000000000192e-01 -1.697199999999998710e-01
2.727490000000000192e-01 -1.697199999999998710e-01
2.727490000000000192e-01 -1.697199999999998710e-01
2.727490000000000192e-01 -1.697199999999998710e-01
2.727499999999999925e-01 -1.697199999999998710e-01
2.727499999999999925e-01 -1.697199999999998710e-01
2.727499999999999925e-01 -1.697199999999998710e-01
2.727499999999999925e-01 -1.697199999999998710e-01
2.727490000000000192e-01 -1.697199999999998710e-01
2.727499999999999925e-01 -1.697199999999998710e-01
2.727499999999999925e-01 -1.697199999999998710e-01
2.727499999999999925e-01 -1.697199999999998710e-01
2.727490000000000192e-01 -1.697199999999998710e-01
2.727490000000000192e-01 -1.697199999999998710e-01
2.727499999999999925e-01 -1.697199999999998710e-01
2.727499999999999925e-01 -1.697199999999998710e-01
2.727499999999999925e-01 -1.697199999999998710e-01
2.727499999999999925e-01 -1.697199999999998710e-01
2.727490000000000192e-01 -1.697199999999998710e-01
2.727499999999999925e-01 -1.697199999999998710e-01
2.727499999999999925e-01 -1.697199999999998710e-01
2.727499999999999925e-01 -1.697199999999998710e-01
2.727499999999999925e-01 -1.697199999999998710e-01
2.727499999999999925e-01 -1.697199999999998710e-01
2.727499999999999925e-01 -1.697199999999998710e-01
2.727499999999999925e-01 -1.697199999999998710e-01
2.727499999999999925e-01 -1.697199999999998710e-01
2.727499999999999925e-01 -1.697199999999998710e-01
2.727499999999999925e-01 -1.697199999999998710e-01
2.727499999999999925e-01 -1.697199999999998710e-01
2.727499999999999925e-01 -1.697199999999998710e-01
2.727499999999999925e-01 -1.697199999999998710e-01
2.727499999999999925e-01 -1.697199999999998710e-01
2.727499999999999925e-01 -1.697199999999998710e-01
2.727499999999999925e-01 -1.697199999999998710e-01
2.727499999999999925e-01 -1.697199999999998710e-01
2.727499999999999925e-01 -1.697199999999998710e-01
2.727499999999999925e-01 -1.697199999999998710e-01
2.727499999999999925e-01 -1.697199999999998710e-01
2.727499999999999925e-01 -1.697199999999998710e-01
2.727499999999999925e-01 -1.697199999999998710e-01
2.727499999999999925e-01 -1.697199999999998710e-01
2.727499999999999925e-01 -1.697199999999998710e-01
2.727499999999999925e-01 -1.697199999999998710e-01
2.727499999999999925e-01 -1.697199999999998710e-01
2.727499999999999925e-01 -1.697199999999998710e-01
2.727499999999999925e-01 -1.697199999999998710e-01
2.727499999999999925e-01 -1.697199999999998710e-01
2.727499999999999925e-01 -1.697199999999998710e-01
2.727499999999999925e-01 -1.697199999999998710e-01
2.727499999999999925e-01 -1.697199999999998710e-01
2.727499999999999925e-01 -1.697199999999998710e-01
2.727499999999999925e-01 -1.697199999999998710e-01
2.727490000000000192e-01 -1.697199999999998710e-01
2.727499999999999925e-01 -1.697199999999998710e-01
2.727499999999999925e-01 -1.697199999999998710e-01
2.727490000000000192e-01 -1.697199999999998710e-01
2.727490000000000192e-01 -1.697199999999998710e-01
2.727490000000000192e-01 -1.697199999999998710e-01
2.727499999999999925e-01 -1.697199999999998710e-01
2.727499999999999925e-01 -1.697199999999998710e-01
2.727499999999999925e-01 -1.697199999999998710e-01
2.727490000000000192e-01 -1.697199999999998710e-01
2.727490000000000192e-01 -1.697199999999998710e-01
2.727490000000000192e-01 -1.697199999999998710e-01
2.727490000000000192e-01 -1.697199999999998710e-01
2.727490000000000192e-01 -1.697199999999998710e-01
2.727490000000000192e-01 -1.697199999999998710e-01
2.727490000000000192e-01 -1.697199999999998710e-01
2.727490000000000192e-01 -1.697199999999998710e-01
2.727490000000000192e-01 -1.697199999999998710e-01
2.727490000000000192e-01 -1.697199999999998710e-01
2.727490000000000192e-01 -1.697199999999998710e-01
2.727490000000000192e-01 -1.697199999999998710e-01
2.727490000000000192e-01 -1.697199999999998710e-01
2.727490000000000192e-01 -1.697199999999998710e-01
2.727490000000000192e-01 -1.697199999999998710e-01
2.727490000000000192e-01 -1.697199999999998710e-01
2.727490000000000192e-01 -1.697199999999998710e-01
2.727490000000000192e-01 -1.697099999999998055e-01
2.727479999999999905e-01 -1.697199999999998710e-01
2.727479999999999905e-01 -1.697199999999998710e-01
2.727479999999999905e-01 -1.697199999999998710e-01
2.727479999999999905e-01 -1.697199999999998710e-01
2.727490000000000192e-01 -1.697099999999998055e-01
2.727490000000000192e-01 -1.697099999999998055e-01
2.727479999999999905e-01 -1.697099999999998055e-01
2.727479999999999905e-01 -1.697199999999998710e-01
2.727479999999999905e-01 -1.697199999999998710e-01
2.727490000000000192e-01 -1.697099999999998055e-01
2.727479999999999905e-01 -1.697099999999998055e-01
2.727479999999999905e-01 -1.697099999999998055e-01
2.727479999999999905e-01 -1.697099999999998055e-01
2.727479999999999905e-01 -1.697199999999998710e-01
2.727479999999999905e-01 -1.697099999999998055e-01
2.727479999999999905e-01 -1.697099999999998055e-01
2.727479999999999905e-01 -1.697099999999998055e-01
2.727479999999999905e-01 -1.697099999999998055e-01
2.727479999999999905e-01 -1.697099999999998055e-01
2.727479999999999905e-01 -1.697099999999998055e-01
2.727479999999999905e-01 -1.697099999999998055e-01
2.727479999999999905e-01 -1.697099999999998055e-01
2.727479999999999905e-01 -1.697099999999998055e-01
2.727479999999999905e-01 -1.697099999999998055e-01
2.727479999999999905e-01 -1.697099999999998055e-01
2.727479999999999905e-01 -1.697099999999998055e-01
2.727479999999999905e-01 -1.697099999999998055e-01
2.727479999999999905e-01 -1.697099999999998055e-01
2.727479999999999905e-01 -1.697099999999998055e-01
2.727479999999999905e-01 -1.697099999999998055e-01
2.727479999999999905e-01 -1.697099999999998055e-01
2.727479999999999905e-01 -1.697099999999998055e-01
2.727469999999999617e-01 -1.697099999999998055e-01
2.727469999999999617e-01 -1.697099999999998055e-01
2.727479999999999905e-01 -1.697099999999998055e-01
2.727479999999999905e-01 -1.697099999999998055e-01
2.727469999999999617e-01 -1.697099999999998055e-01
2.727469999999999617e-01 -1.697099999999998055e-01
2.727469999999999617e-01 -1.697099999999998055e-01
2.727469999999999617e-01 -1.697099999999998055e-01
2.727469999999999617e-01 -1.697099999999998055e-01
2.727469999999999617e-01 -1.697099999999998055e-01
2.727469999999999617e-01 -1.697099999999998055e-01
2.727469999999999617e-01 -1.697099999999998055e-01
2.727469999999999617e-01 -1.697099999999998055e-01
2.727469999999999617e-01 -1.697099999999998055e-01
2.727469999999999617e-01 -1.697099999999998055e-01
2.727469999999999617e-01 -1.697099999999998055e-01
2.727469999999999617e-01 -1.697099999999998055e-01
2.727469999999999617e-01 -1.697099999999998055e-01
2.727469999999999617e-01 -1.697099999999998055e-01
2.727469999999999617e-01 -1.697099999999998055e-01
2.727469999999999617e-01 -1.697099999999998055e-01
2.727459999999999885e-01 -1.697099999999998055e-01
2.727469999999999617e-01 -1.697099999999998055e-01
2.727469999999999617e-01 -1.697099999999998055e-01
2.727459999999999885e-01 -1.697099999999998055e-01
2.727459999999999885e-01 -1.697099999999998055e-01
2.727459999999999885e-01 -1.697099999999998055e-01
2.727469999999999617e-01 -1.697099999999998055e-01
2.727469999999999617e-01 -1.697099999999998055e-01
2.727469999999999617e-01 -1.697099999999998055e-01
2.727469999999999617e-01 -1.697099999999998055e-01
2.727459999999999885e-01 -1.697099999999998055e-01
2.727469999999999617e-01 -1.697099999999998055e-01
2.727469999999999617e-01 -1.697099999999998055e-01
2.727459999999999885e-01 -1.697099999999998055e-01
2.727459999999999885e-01 -1.697099999999998055e-01
2.727459999999999885e-01 -1.697099999999998055e-01
2.727469999999999617e-01 -1.697099999999998055e-01
2.727459999999999885e-01 -1.697099999999998055e-01
2.727459999999999885e-01 -1.697099999999998055e-01
2.727459999999999885e-01 -1.697099999999998055e-01
2.727459999999999885e-01 -1.697099999999998055e-01
2.727459999999999885e-01 -1.697099999999998055e-01
2.727459999999999885e-01 -1.697099999999998055e-01
2.727459999999999885e-01 -1.697099999999998055e-01
2.727459999999999885e-01 -1.697099999999998055e-01
2.727459999999999885e-01 -1.697099999999998055e-01
2.727459999999999885e-01 -1.697099999999998055e-01
2.727459999999999885e-01 -1.697099999999998055e-01
2.727459999999999885e-01 -1.697099999999998055e-01
2.727459999999999885e-01 -1.697099999999998055e-01
2.727459999999999885e-01 -1.697099999999998055e-01
2.727459999999999885e-01 -1.697099999999998055e-01
2.727459999999999885e-01 -1.697099999999998055e-01
2.727459999999999885e-01 -1.697099999999998055e-01
2.727459999999999885e-01 -1.697099999999998055e-01
2.727459999999999885e-01 -1.697099999999998055e-01
2.727459999999999885e-01 -1.697099999999998055e-01
2.727459999999999885e-01 -1.697099999999998055e-01
2.727459999999999885e-01 -1.697099999999998055e-01
2.727450000000000152e-01 -1.697099999999998055e-01
2.727450000000000152e-01 -1.697099999999998055e-01
2.727450000000000152e-01 -1.697099999999998055e-01
2.727450000000000152e-01 -1.697099999999998055e-01
2.727450000000000152e-01 -1.697099999999998055e-01
2.727450000000000152e-01 -1.697099999999998055e-01
2.727450000000000152e-01 -1.697099999999998055e-01
2.727450000000000152e-01 -1.697099999999998055e-01
2.727450000000000152e-01 -1.697099999999998055e-01
2.727450000000000152e-01 -1.697099999999998055e-01
2.727450000000000152e-01 -1.697099999999998055e-01
2.727450000000000152e-01 -1.697099999999998055e-01
2.727450000000000152e-01 -1.697099999999998055e-01
2.727450000000000152e-01 -1.697099999999998055e-01
2.727439999999999864e-01 -1.697099999999998055e-01
2.727439999999999864e-01 -1.697099999999998055e-01
2.727439999999999864e-01 -1.697099999999998055e-01
2.727439999999999864e-01 -1.697099999999998055e-01
2.727439999999999864e-01 -1.697099999999998055e-01
2.727439999999999864e-01 -1.697099999999998055e-01
2.727439999999999864e-01 -1.697099999999998055e-01
2.727439999999999864e-01 -1.697099999999998055e-01
2.727439999999999864e-01 -1.697099999999998055e-01
2.727439999999999864e-01 -1.697099999999998055e-01
2.727439999999999864e-01 -1.697099999999998055e-01
2.727439999999999864e-01 -1.697099999999998055e-01
2.727439999999999864e-01 -1.697099999999998055e-01
2.727439999999999864e-01 -1.697000000000001840e-01
2.727439999999999864e-01 -1.697099999999998055e-01
2.727439999999999864e-01 -1.697099999999998055e-01
2.727439999999999864e-01 -1.697099999999998055e-01
2.727429999999999577e-01 -1.697099999999998055e-01
2.727429999999999577e-01 -1.697000000000001840e-01
2.727429999999999577e-01 -1.697000000000001840e-01
2.727429999999999577e-01 -1.697099999999998055e-01
2.727429999999999577e-01 -1.697099999999998055e-01
2.727429999999999577e-01 -1.697099999999998055e-01
2.727429999999999577e-01 -1.697000000000001840e-01
2.727429999999999577e-01 -1.697000000000001840e-01
2.727429999999999577e-01 -1.697000000000001840e-01
2.727429999999999577e-01 -1.697000000000001840e-01
2.727429999999999577e-01 -1.697099999999998055e-01
2.727419999999999844e-01 -1.697000000000001840e-01
2.727419999999999844e-01 -1.697000000000001840e-01
2.727419999999999844e-01 -1.697000000000001840e-01
2.727419999999999844e-01 -1.697000000000001840e-01
2.727419999999999844e-01 -1.697000000000001840e-01
2.727419999999999844e-01 -1.697000000000001840e-01
2.727419999999999844e-01 -1.697000000000001840e-01
2.727419999999999844e-01 -1.697000000000001840e-01
2.727410000000000112e-01 -1.697000000000001840e-01
2.727410000000000112e-01 -1.697000000000001840e-01
2.727410000000000112e-01 -1.697000000000001840e-01
2.727410000000000112e-01 -1.697000000000001840e-01
2.727410000000000112e-01 -1.697000000000001840e-01
2.727410000000000112e-01 -1.697000000000001840e-01
2.727410000000000112e-01 -1.697000000000001840e-01
2.727410000000000112e-01 -1.697000000000001840e-01
2.727410000000000112e-01 -1.697000000000001840e-01
2.727410000000000112e-01 -1.697000000000001840e-01
2.727410000000000112e-01 -1.697000000000001840e-01
2.727399999999999824e-01 -1.697000000000001840e-01
2.727399999999999824e-01 -1.697000000000001840e-01
2.727399999999999824e-01 -1.697000000000001840e-01
2.727399999999999824e-01 -1.697000000000001840e-01
2.727399999999999824e-01 -1.697000000000001840e-01
2.727399999999999824e-01 -1.697000000000001840e-01
2.727390000000000092e-01 -1.697000000000001840e-01
2.727390000000000092e-01 -1.697000000000001840e-01
2.727390000000000092e-01 -1.697000000000001840e-01
2.727390000000000092e-01 -1.697000000000001840e-01
2.727390000000000092e-01 -1.697000000000001840e-01
2.727390000000000092e-01 -1.697000000000001840e-01
2.727390000000000092e-01 -1.697000000000001840e-01
2.727390000000000092e-01 -1.697000000000001840e-01
2.727390000000000092e-01 -1.697000000000001840e-01
2.727390000000000092e-01 -1.697000000000001840e-01
2.727390000000000092e-01 -1.697000000000001840e-01
2.727380000000000360e-01 -1.697000000000001840e-01
2.727380000000000360e-01 -1.697000000000001840e-01
2.727380000000000360e-01 -1.697000000000001840e-01
2.727380000000000360e-01 -1.697000000000001840e-01
2.727380000000000360e-01 -1.697000000000001840e-01
2.727380000000000360e-01 -1.697000000000001840e-01
2.727370000000000072e-01 -1.697000000000001840e-01
2.727370000000000072e-01 -1.697000000000001840e-01
2.727370000000000072e-01 -1.697000000000001840e-01
2.727370000000000072e-01 -1.697000000000001840e-01
2.727370000000000072e-01 -1.697000000000001840e-01
2.727370000000000072e-01 -1.697000000000001840e-01
2.727370000000000072e-01 -1.697000000000001840e-01
2.727370000000000072e-01 -1.697000000000001840e-01
2.727359999999999784e-01 -1.697000000000001840e-01
2.727359999999999784e-01 -1.697000000000001840e-01
2.727359999999999784e-01 -1.697000000000001840e-01
2.727359999999999784e-01 -1.697000000000001840e-01
2.727359999999999784e-01 -1.697000000000001840e-01
2.727350000000000052e-01 -1.697000000000001840e-01
2.727350000000000052e-01 -1.697000000000001840e-01
2.727350000000000052e-01 -1.697000000000001840e-01
2.727350000000000052e-01 -1.697000000000001840e-01
2.727350000000000052e-01 -1.697000000000001840e-01
2.727340000000000320e-01 -1.697000000000001840e-01
2.727340000000000320e-01 -1.697000000000001840e-01
2.727340000000000320e-01 -1.697000000000001840e-01
2.727340000000000320e-01 -1.697000000000001840e-01
2.727340000000000320e-01 -1.697000000000001840e-01
2.727330000000000032e-01 -1.697000000000001840e-01
2.727330000000000032e-01 -1.697000000000001840e-01
2.727330000000000032e-01 -1.697000000000001840e-01
2.727330000000000032e-01 -1.697000000000001840e-01
2.727330000000000032e-01 -1.697000000000001840e-01
2.727319999999999744e-01 -1.697000000000001840e-01
2.727319999999999744e-01 -1.697000000000001840e-01
2.727319999999999744e-01 -1.697000000000001840e-01
2.727319999999999744e-01 -1.697000000000001840e-01
2.727319999999999744e-01 -1.697000000000001840e-01
2.727310000000000012e-01 -1.697000000000001840e-01
2.727310000000000012e-01 -1.697000000000001840e-01
2.727310000000000012e-01 -1.697000000000001840e-01
2.727310000000000012e-01 -1.697000000000001840e-01
2.727310000000000012e-01 -1.697000000000001840e-01
2.727300000000000280e-01 -1.697000000000001840e-01
2.727300000000000280e-01 -1.697000000000001840e-01
2.727300000000000280e-01 -1.697000000000001840e-01
2.727300000000000280e-01 -1.697000000000001840e-01
2.727300000000000280e-01 -1.697000000000001840e-01
2.727289999999999992e-01 -1.697000000000001840e-01
2.727289999999999992e-01 -1.697000000000001840e-01
2.727289999999999992e-01 -1.697000000000001840e-01
2.727279999999999704e-01 -1.697000000000001840e-01
2.727279999999999704e-01 -1.697000000000001840e-01
2.727279999999999704e-01 -1.697000000000001840e-01
2.727279999999999704e-01 -1.697000000000001840e-01
2.727279999999999704e-01 -1.697000000000001840e-01
2.727279999999999704e-01 -1.697000000000001840e-01
2.727279999999999704e-01 -1.697000000000001840e-01
2.727269999999999972e-01 -1.697000000000001840e-01
2.727269999999999972e-01 -1.697000000000001840e-01
2.727269999999999972e-01 -1.697000000000001840e-01
2.727269999999999972e-01 -1.697000000000001840e-01
2.727269999999999972e-01 -1.697000000000001840e-01
2.727260000000000240e-01 -1.697000000000001840e-01
2.727260000000000240e-01 -1.697000000000001840e-01
2.727249999999999952e-01 -1.697000000000001840e-01
2.727249999999999952e-01 -1.697000000000001840e-01
2.727249999999999952e-01 -1.697000000000001840e-01
2.727249999999999952e-01 -1.697000000000001840e-01
2.727249999999999952e-01 -1.697000000000001840e-01
2.727249999999999952e-01 -1.697000000000001840e-01
2.727249999999999952e-01 -1.697000000000001840e-01
2.727249999999999952e-01 -1.697000000000001840e-01
2.727239999999999664e-01 -1.697000000000001840e-01
2.727239999999999664e-01 -1.697000000000001840e-01
2.727239999999999664e-01 -1.697000000000001840e-01
2.727239999999999664e-01 -1.697000000000001840e-01
2.727239999999999664e-01 -1.697000000000001840e-01
2.727229999999999932e-01 -1.697000000000001840e-01
2.727229999999999932e-01 -1.697000000000001840e-01
2.727229999999999932e-01 -1.697000000000001840e-01
2.727220000000000200e-01 -1.697000000000001840e-01
2.727220000000000200e-01 -1.697000000000001840e-01
2.727220000000000200e-01 -1.697000000000001840e-01
2.727220000000000200e-01 -1.697000000000001840e-01
2.727220000000000200e-01 -1.697000000000001840e-01
2.727209999999999912e-01 -1.697000000000001840e-01
2.727209999999999912e-01 -1.697000000000001840e-01
2.727209999999999912e-01 -1.697000000000001840e-01
2.727209999999999912e-01 -1.697000000000001840e-01
2.727209999999999912e-01 -1.697000000000001840e-01
2.727209999999999912e-01 -1.697000000000001840e-01
2.727209999999999912e-01 -1.697000000000001840e-01
2.727199999999999624e-01 -1.697000000000001840e-01
2.727199999999999624e-01 -1.697000000000001840e-01
2.727199999999999624e-01 -1.697000000000001840e-01
2.727199999999999624e-01 -1.697000000000001840e-01
2.727199999999999624e-01 -1.697000000000001840e-01
2.727189999999999892e-01 -1.697000000000001840e-01
2.727189999999999892e-01 -1.697000000000001840e-01
2.727189999999999892e-01 -1.697000000000001840e-01
2.727180000000000160e-01 -1.697000000000001840e-01
2.727180000000000160e-01 -1.697000000000001840e-01
2.727180000000000160e-01 -1.697000000000001840e-01
2.727180000000000160e-01 -1.697000000000001840e-01
2.727180000000000160e-01 -1.697000000000001840e-01
2.727180000000000160e-01 -1.697000000000001840e-01
2.727180000000000160e-01 -1.697000000000001840e-01
2.727169999999999872e-01 -1.697000000000001840e-01
2.727169999999999872e-01 -1.697000000000001840e-01
2.727169999999999872e-01 -1.697000000000001840e-01
2.727169999999999872e-01 -1.697000000000001840e-01
2.727169999999999872e-01 -1.697000000000001840e-01
2.727159999999999584e-01 -1.697000000000001840e-01
2.727159999999999584e-01 -1.697000000000001840e-01
2.727149999999999852e-01 -1.697000000000001840e-01
2.727149999999999852e-01 -1.697000000000001840e-01
2.727149999999999852e-01 -1.697000000000001840e-01
2.727149999999999852e-01 -1.697000000000001840e-01
2.727149999999999852e-01 -1.697000000000001840e-01
2.727140000000000120e-01 -1.697000000000001840e-01
2.727140000000000120e-01 -1.697000000000001840e-01
2.727140000000000120e-01 -1.697000000000001840e-01
2.727140000000000120e-01 -1.697000000000001840e-01
2.727140000000000120e-01 -1.697000000000001840e-01
2.727129999999999832e-01 -1.697000000000001840e-01
2.727129999999999832e-01 -1.697000000000001840e-01
2.727129999999999832e-01 -1.697000000000001840e-01
2.727119999999999544e-01 -1.697000000000001840e-01
2.727119999999999544e-01 -1.697000000000001840e-01
2.727119999999999544e-01 -1.697000000000001840e-01
2.727119999999999544e-01 -1.697000000000001840e-01
2.727119999999999544e-01 -1.697000000000001840e-01
2.727110000000000367e-01 -1.697000000000001840e-01
2.727110000000000367e-01 -1.697000000000001840e-01
2.727110000000000367e-01 -1.697000000000001840e-01
2.727110000000000367e-01 -1.697000000000001840e-01
2.727110000000000367e-01 -1.697000000000001840e-01
2.727100000000000080e-01 -1.697000000000001840e-01
2.727100000000000080e-01 -1.697000000000001840e-01
2.727100000000000080e-01 -1.697000000000001840e-01
2.727100000000000080e-01 -1.697000000000001840e-01
2.727089999999999792e-01 -1.697000000000001840e-01
2.727089999999999792e-01 -1.697000000000001840e-01
2.727089999999999792e-01 -1.697000000000001840e-01
2.727089999999999792e-01 -1.697000000000001840e-01
2.727080000000000060e-01 -1.697000000000001840e-01
2.727080000000000060e-01 -1.697000000000001840e-01
2.727070000000000327e-01 -1.697000000000001840e-01
2.727070000000000327e-01 -1.697000000000001840e-01
2.727070000000000327e-01 -1.697000000000001840e-01
2.727070000000000327e-01 -1.697000000000001840e-01
2.727070000000000327e-01 -1.697000000000001840e-01
2.727060000000000040e-01 -1.697000000000001840e-01
2.727060000000000040e-01 -1.697000000000001840e-01
2.727060000000000040e-01 -1.697000000000001840e-01
2.727060000000000040e-01 -1.697000000000001840e-01
2.727060000000000040e-01 -1.697000000000001840e-01
2.727049999999999752e-01 -1.697000000000001840e-01
2.727049999999999752e-01 -1.697000000000001840e-01
2.727049999999999752e-01 -1.697000000000001840e-01
2.727049999999999752e-01 -1.697000000000001840e-01
2.727049999999999752e-01 -1.697000000000001840e-01
2.727040000000000020e-01 -1.697000000000001840e-01
2.727030000000000287e-01 -1.697000000000001840e-01
2.727030000000000287e-01 -1.697000000000001840e-01
2.727030000000000287e-01 -1.697099999999998055e-01
2.727030000000000287e-01 -1.697099999999998055e-01
2.727020000000000000e-01 -1.697099999999998055e-01
2.727020000000000000e-01 -1.697099999999998055e-01
2.727020000000000000e-01 -1.697099999999998055e-01
2.727020000000000000e-01 -1.697099999999998055e-01
2.727020000000000000e-01 -1.697099999999998055e-01
2.727009999999999712e-01 -1.697099999999998055e-01
2.727009999999999712e-01 -1.697099999999998055e-01
2.727009999999999712e-01 -1.697099999999998055e-01
2.726999999999999980e-01 -1.697099999999998055e-01
2.726999999999999980e-01 -1.697099999999998055e-01
2.726990000000000247e-01 -1.697099999999998055e-01
2.726990000000000247e-01 -1.697099999999998055e-01
2.726990000000000247e-01 -1.697099999999998055e-01
2.726990000000000247e-01 -1.697099999999998055e-01
2.726990000000000247e-01 -1.697099999999998055e-01
2.726979999999999960e-01 -1.697099999999998055e-01
2.726969999999999672e-01 -1.697099999999998055e-01
2.726969999999999672e-01 -1.697099999999998055e-01
2.726969999999999672e-01 -1.697099999999998055e-01
2.726969999999999672e-01 -1.697099999999998055e-01
2.726959999999999940e-01 -1.697099999999998055e-01
2.726959999999999940e-01 -1.697099999999998055e-01
2.726959999999999940e-01 -1.697099999999998055e-01
2.726950000000000207e-01 -1.697099999999998055e-01
2.726950000000000207e-01 -1.697099999999998055e-01
2.726939999999999920e-01 -1.697099999999998055e-01
2.726939999999999920e-01 -1.697099999999998055e-01
2.726939999999999920e-01 -1.697099999999998055e-01
2.726939999999999920e-01 -1.697099999999998055e-01
2.726939999999999920e-01 -1.697099999999998055e-01
2.726929999999999632e-01 -1.697099999999998055e-01
2.726929999999999632e-01 -1.697099999999998055e-01
2.726929999999999632e-01 -1.697099999999998055e-01
2.726929999999999632e-01 -1.697099999999998055e-01
2.726929999999999632e-01 -1.697099999999998055e-01
2.726910000000000167e-01 -1.697099999999998055e-01
2.726910000000000167e-01 -1.697099999999998055e-01
2.726910000000000167e-01 -1.697099999999998055e-01
2.726910000000000167e-01 -1.697099999999998055e-01
2.726899999999999880e-01 -1.697099999999998055e-01
2.726889999999999592e-01 -1.697099999999998055e-01
2.726889999999999592e-01 -1.697099999999998055e-01
2.726889999999999592e-01 -1.697099999999998055e-01
2.726889999999999592e-01 -1.697099999999998055e-01
2.726879999999999860e-01 -1.697099999999998055e-01
2.726879999999999860e-01 -1.697099999999998055e-01
2.726879999999999860e-01 -1.697099999999998055e-01
2.726870000000000127e-01 -1.697199999999998710e-01
2.726870000000000127e-01 -1.697199999999998710e-01
2.726870000000000127e-01 -1.697199999999998710e-01
2.726859999999999840e-01 -1.697199999999998710e-01
2.726859999999999840e-01 -1.697199999999998710e-01
2.726859999999999840e-01 -1.697199999999998710e-01
2.726849999999999552e-01 -1.697199999999998710e-01
2.726849999999999552e-01 -1.697199999999998710e-01
2.726840000000000375e-01 -1.697199999999998710e-01
2.726840000000000375e-01 -1.697199999999998710e-01
2.726840000000000375e-01 -1.697199999999998710e-01
2.726840000000000375e-01 -1.697199999999998710e-01
2.726830000000000087e-01 -1.697199999999998710e-01
2.726819999999999800e-01 -1.697199999999998710e-01
2.726819999999999800e-01 -1.697199999999998710e-01
2.726819999999999800e-01 -1.697199999999998710e-01
2.726819999999999800e-01 -1.697199999999998710e-01
2.726819999999999800e-01 -1.697199999999998710e-01
2.726800000000000335e-01 -1.697199999999998710e-01
2.726800000000000335e-01 -1.697199999999998710e-01
2.726800000000000335e-01 -1.697199999999998710e-01
2.726800000000000335e-01 -1.697199999999998710e-01
2.726800000000000335e-01 -1.697199999999998710e-01
2.726779999999999760e-01 -1.697199999999998710e-01
2.726779999999999760e-01 -1.697199999999998710e-01
2.726779999999999760e-01 -1.697199999999998710e-01
2.726779999999999760e-01 -1.697199999999998710e-01
2.726779999999999760e-01 -1.697199999999998710e-01
2.726770000000000027e-01 -1.697199999999998710e-01
2.726770000000000027e-01 -1.697199999999998710e-01
2.726760000000000295e-01 -1.697199999999998710e-01
2.726760000000000295e-01 -1.697199999999998710e-01
2.726760000000000295e-01 -1.697199999999998710e-01
2.726750000000000007e-01 -1.697199999999998710e-01
2.726750000000000007e-01 -1.697199999999998710e-01
2.726739999999999720e-01 -1.697199999999998710e-01
2.726739999999999720e-01 -1.697199999999998710e-01
2.726739999999999720e-01 -1.697199999999998710e-01
2.726729999999999987e-01 -1.697199999999998710e-01
2.726720000000000255e-01 -1.697199999999998710e-01
2.726720000000000255e-01 -1.697199999999998710e-01
2.726720000000000255e-01 -1.697299999999999365e-01
2.726720000000000255e-01 -1.697299999999999365e-01
2.726699999999999680e-01 -1.697299999999999365e-01
2.726699999999999680e-01 -1.697299999999999365e-01
2.726699999999999680e-01 -1.697299999999999365e-01
2.726699999999999680e-01 -1.697299999999999365e-01
2.726699999999999680e-01 -1.697299999999999365e-01
2.726680000000000215e-01 -1.697299999999999365e-01
2.726680000000000215e-01 -1.697299999999999365e-01
2.726680000000000215e-01 -1.697299999999999365e-01
2.726680000000000215e-01 -1.697299999999999365e-01
2.726680000000000215e-01 -1.697299999999999365e-01
2.726659999999999640e-01 -1.697299999999999365e-01
2.726659999999999640e-01 -1.697299999999999365e-01
2.726659999999999640e-01 -1.697299999999999365e-01
2.726659999999999640e-01 -1.697299999999999365e-01
2.726659999999999640e-01 -1.697299999999999365e-01
2.726640000000000175e-01 -1.697299999999999365e-01
2.726629999999999887e-01 -1.697299999999999365e-01
2.726629999999999887e-01 -1.697299999999999365e-01
2.726629999999999887e-01 -1.697299999999999365e-01
2.726629999999999887e-01 -1.697299999999999365e-01
2.726609999999999867e-01 -1.697299999999999365e-01
2.726609999999999867e-01 -1.697299999999999365e-01
2.726609999999999867e-01 -1.697299999999999365e-01
2.726609999999999867e-01 -1.697299999999999365e-01
2.726609999999999867e-01 -1.697299999999999365e-01
2.726589999999999847e-01 -1.697299999999999365e-01
2.726589999999999847e-01 -1.697299999999999365e-01
2.726589999999999847e-01 -1.697299999999999365e-01
2.726589999999999847e-01 -1.697299999999999365e-01
2.726589999999999847e-01 -1.697299999999999365e-01
2.726569999999999827e-01 -1.697299999999999365e-01
2.726569999999999827e-01 -1.697299999999999365e-01
2.726569999999999827e-01 -1.697299999999999365e-01
2.726560000000000095e-01 -1.697400000000000020e-01
2.726560000000000095e-01 -1.697400000000000020e-01
2.726549999999999807e-01 -1.697400000000000020e-01
2.726549999999999807e-01 -1.697400000000000020e-01
2.726549999999999807e-01 -1.697400000000000020e-01
2.726549999999999807e-01 -1.697400000000000020e-01
2.726540000000000075e-01 -1.697400000000000020e-01
2.726530000000000342e-01 -1.697400000000000020e-01
2.726530000000000342e-01 -1.697400000000000020e-01
2.726530000000000342e-01 -1.697400000000000020e-01
2.726520000000000055e-01 -1.697400000000000020e-01
2.726520000000000055e-01 -1.697400000000000020e-01
2.726509999999999767e-01 -1.697400000000000020e-01
2.726509999999999767e-01 -1.697400000000000020e-01
2.726500000000000035e-01 -1.697400000000000020e-01
2.726500000000000035e-01 -1.697400000000000020e-01
2.726500000000000035e-01 -1.697400000000000020e-01
2.726490000000000302e-01 -1.697400000000000020e-01
2.726490000000000302e-01 -1.697400000000000020e-01
2.726480000000000015e-01 -1.697400000000000020e-01
2.726480000000000015e-01 -1.697400000000000020e-01
2.726480000000000015e-01 -1.697400000000000020e-01
2.726459999999999995e-01 -1.697400000000000020e-01
2.726459999999999995e-01 -1.697400000000000020e-01
2.726459999999999995e-01 -1.697400000000000020e-01
2.726459999999999995e-01 -1.697400000000000020e-01
2.726459999999999995e-01 -1.697400000000000020e-01
2.726439999999999975e-01 -1.697400000000000020e-01
2.726439999999999975e-01 -1.697400000000000020e-01
2.726439999999999975e-01 -1.697400000000000020e-01
2.726439999999999975e-01 -1.697500000000000675e-01
2.726439999999999975e-01 -1.697500000000000675e-01
2.726419999999999955e-01 -1.697500000000000675e-01
2.726419999999999955e-01 -1.697500000000000675e-01
2.726419999999999955e-01 -1.697500000000000675e-01
2.726419999999999955e-01 -1.697500000000000675e-01
2.726419999999999955e-01 -1.697500000000000675e-01
2.726399999999999935e-01 -1.697500000000000675e-01
2.726399999999999935e-01 -1.697500000000000675e-01
2.726389999999999647e-01 -1.697500000000000675e-01
2.726389999999999647e-01 -1.697500000000000675e-01
2.726389999999999647e-01 -1.697500000000000675e-01
2.726370000000000182e-01 -1.697500000000000675e-01
2.726370000000000182e-01 -1.697500000000000675e-01
2.726370000000000182e-01 -1.697500000000000675e-01
2.726370000000000182e-01 -1.697500000000000675e-01
2.726370000000000182e-01 -1.697500000000000675e-01
2.726349999999999607e-01 -1.697500000000000675e-01
2.726349999999999607e-01 -1.697500000000000675e-01
2.726349999999999607e-01 -1.697500000000000675e-01
2.726349999999999607e-01 -1.697500000000000675e-01
2.726349999999999607e-01 -1.697500000000000675e-01
2.726330000000000142e-01 -1.697500000000000675e-01
2.726319999999999855e-01 -1.697500000000000675e-01
2.726319999999999855e-01 -1.697500000000000675e-01
2.726319999999999855e-01 -1.697500000000000675e-01
2.726319999999999855e-01 -1.697500000000000675e-01
2.726299999999999835e-01 -1.697500000000000675e-01
2.726299999999999835e-01 -1.697500000000000675e-01
2.726299999999999835e-01 -1.697500000000000675e-01
2.726299999999999835e-01 -1.697500000000000675e-01
2.726299999999999835e-01 -1.697500000000000675e-01
2.726279999999999815e-01 -1.697600000000001330e-01
2.726279999999999815e-01 -1.697600000000001330e-01
2.726279999999999815e-01 -1.697600000000001330e-01
2.726270000000000082e-01 -1.697600000000001330e-01
2.726270000000000082e-01 -1.697600000000001330e-01
2.726250000000000062e-01 -1.697600000000001330e-01
2.726250000000000062e-01 -1.697600000000001330e-01
2.726250000000000062e-01 -1.697600000000001330e-01
2.726250000000000062e-01 -1.697600000000001330e-01
2.726250000000000062e-01 -1.697600000000001330e-01
2.726230000000000042e-01 -1.697600000000001330e-01
2.726220000000000310e-01 -1.697600000000001330e-01
2.726220000000000310e-01 -1.697600000000001330e-01
2.726220000000000310e-01 -1.697600000000001330e-01
2.726220000000000310e-01 -1.697600000000001330e-01
2.726199999999999735e-01 -1.697600000000001330e-01
2.726199999999999735e-01 -1.697600000000001330e-01
2.726199999999999735e-01 -1.697600000000001330e-01
2.726199999999999735e-01 -1.697600000000001330e-01
2.726199999999999735e-01 -1.697600000000001330e-01
2.726180000000000270e-01 -1.697600000000001330e-01
2.726180000000000270e-01 -1.697600000000001330e-01
2.726169999999999982e-01 -1.697600000000001330e-01
2.726169999999999982e-01 -1.697600000000001330e-01
2.726169999999999982e-01 -1.697600000000001330e-01
2.726149999999999962e-01 -1.697600000000001330e-01
2.726149999999999962e-01 -1.697699999999997544e-01
2.726149999999999962e-01 -1.697699999999997544e-01
2.726140000000000230e-01 -1.697699999999997544e-01
2.726140000000000230e-01 -1.697699999999997544e-01
2.726119999999999655e-01 -1.697699999999997544e-01
2.726119999999999655e-01 -1.697699999999997544e-01
2.726119999999999655e-01 -1.697699999999997544e-01
2.726119999999999655e-01 -1.697699999999997544e-01
2.726119999999999655e-01 -1.697699999999997544e-01
2.726100000000000190e-01 -1.697699999999997544e-01
2.726100000000000190e-01 -1.697699999999997544e-01
2.726100000000000190e-01 -1.697699999999997544e-01
2.726100000000000190e-01 -1.697699999999997544e-01
2.726100000000000190e-01 -1.697699999999997544e-01
2.726069999999999882e-01 -1.697699999999997544e-01
2.726069999999999882e-01 -1.697699999999997544e-01
2.726069999999999882e-01 -1.697699999999997544e-01
2.726069999999999882e-01 -1.697699999999997544e-01
2.726069999999999882e-01 -1.697699999999997544e-01
2.726049999999999862e-01 -1.697699999999997544e-01
2.726049999999999862e-01 -1.697699999999997544e-01
2.726049999999999862e-01 -1.697699999999997544e-01
2.726049999999999862e-01 -1.697699999999997544e-01
2.726049999999999862e-01 -1.697699999999997544e-01
2.726029999999999842e-01 -1.697699999999997544e-01
2.726029999999999842e-01 -1.697699999999997544e-01
2.726020000000000110e-01 -1.697699999999997544e-01
2.726020000000000110e-01 -1.697799999999998199e-01
2.726020000000000110e-01 -1.697799999999998199e-01
2.726000000000000090e-01 -1.697799999999998199e-01
2.726000000000000090e-01 -1.697799999999998199e-01
2.726000000000000090e-01 -1.697799999999998199e-01
2.726000000000000090e-01 -1.697799999999998199e-01
2.725990000000000357e-01 -1.697799999999998199e-01
2.725969999999999782e-01 -1.697799999999998199e-01
2.725969999999999782e-01 -1.697799999999998199e-01
2.725969999999999782e-01 -1.697799999999998199e-01
2.725969999999999782e-01 -1.697799999999998199e-01
2.725969999999999782e-01 -1.697799999999998199e-01
2.725950000000000317e-01 -1.697799999999998199e-01
2.725950000000000317e-01 -1.697799999999998199e-01
2.725950000000000317e-01 -1.697799999999998199e-01
2.725950000000000317e-01 -1.697799999999998199e-01
2.725940000000000030e-01 -1.697799999999998199e-01
2.725920000000000010e-01 -1.697799999999998199e-01
2.725920000000000010e-01 -1.697799999999998199e-01
2.725920000000000010e-01 -1.697799999999998199e-01
2.725920000000000010e-01 -1.697799999999998199e-01
2.725920000000000010e-01 -1.697799999999998199e-01
2.725889999999999702e-01 -1.697799999999998199e-01
2.725889999999999702e-01 -1.697799999999998199e-01
2.725889999999999702e-01 -1.697799999999998199e-01
2.725889999999999702e-01 -1.697799999999998199e-01
2.725889999999999702e-01 -1.697799999999998199e-01
2.725870000000000237e-01 -1.697899999999998855e-01
2.725870000000000237e-01 -1.697899999999998855e-01
2.725870000000000237e-01 -1.697899999999998855e-01
2.725859999999999950e-01 -1.697899999999998855e-01
2.725859999999999950e-01 -1.697899999999998855e-01
2.725839999999999930e-01 -1.697899999999998855e-01
2.725839999999999930e-01 -1.697899999999998855e-01
2.725839999999999930e-01 -1.697899999999998855e-01
2.725839999999999930e-01 -1.697899999999998855e-01
2.725839999999999930e-01 -1.697899999999998855e-01
2.725819999999999910e-01 -1.697899999999998855e-01
2.725809999999999622e-01 -1.697899999999998855e-01
2.725809999999999622e-01 -1.697899999999998855e-01
2.725809999999999622e-01 -1.697899999999998855e-01
2.725809999999999622e-01 -1.697899999999998855e-01
2.725790000000000157e-01 -1.697899999999998855e-01
2.725790000000000157e-01 -1.697899999999998855e-01
2.725779999999999870e-01 -1.697899999999998855e-01
2.725779999999999870e-01 -1.697899999999998855e-01
2.725779999999999870e-01 -1.697899999999998855e-01
2.725759999999999850e-01 -1.697999999999999510e-01
2.725759999999999850e-01 -1.697999999999999510e-01
2.725759999999999850e-01 -1.697999999999999510e-01
2.725750000000000117e-01 -1.697999999999999510e-01
2.725750000000000117e-01 -1.697999999999999510e-01
2.725730000000000097e-01 -1.697999999999999510e-01
2.725730000000000097e-01 -1.697999999999999510e-01
2.725730000000000097e-01 -1.697999999999999510e-01
2.725730000000000097e-01 -1.697999999999999510e-01
2.725720000000000365e-01 -1.697999999999999510e-01
2.725699999999999790e-01 -1.697999999999999510e-01
2.725699999999999790e-01 -1.697999999999999510e-01
2.725699999999999790e-01 -1.697999999999999510e-01
2.725699999999999790e-01 -1.697999999999999510e-01
2.725690000000000057e-01 -1.697999999999999510e-01
2.725670000000000037e-01 -1.697999999999999510e-01
2.725670000000000037e-01 -1.697999999999999510e-01
2.725670000000000037e-01 -1.697999999999999510e-01
2.725670000000000037e-01 -1.697999999999999510e-01
2.725659999999999750e-01 -1.697999999999999510e-01
2.725640000000000285e-01 -1.697999999999999510e-01
2.725640000000000285e-01 -1.697999999999999510e-01
2.725640000000000285e-01 -1.697999999999999510e-01
2.725629999999999997e-01 -1.698100000000000165e-01
2.725629999999999997e-01 -1.698100000000000165e-01
2.725609999999999977e-01 -1.698100000000000165e-01
2.725609999999999977e-01 -1.698100000000000165e-01
2.725609999999999977e-01 -1.698100000000000165e-01
2.725609999999999977e-01 -1.698100000000000165e-01
2.725609999999999977e-01 -1.698100000000000165e-01
2.725579999999999670e-01 -1.698100000000000165e-01
2.725579999999999670e-01 -1.698100000000000165e-01
2.725579999999999670e-01 -1.698100000000000165e-01
2.725579999999999670e-01 -1.698100000000000165e-01
2.725579999999999670e-01 -1.698100000000000165e-01
2.725549999999999917e-01 -1.698100000000000165e-01
2.725549999999999917e-01 -1.698100000000000165e-01
2.725549999999999917e-01 -1.698100000000000165e-01
2.725539999999999630e-01 -1.698100000000000165e-01
2.725539999999999630e-01 -1.698100000000000165e-01
2.725520000000000165e-01 -1.698100000000000165e-01
2.725520000000000165e-01 -1.698100000000000165e-01
2.725520000000000165e-01 -1.698100000000000165e-01
2.725520000000000165e-01 -1.698100000000000165e-01
2.725520000000000165e-01 -1.698100000000000165e-01
2.725489999999999857e-01 -1.698100000000000165e-01
2.725489999999999857e-01 -1.698100000000000165e-01
2.725480000000000125e-01 -1.698100000000000165e-01
2.725480000000000125e-01 -1.698200000000000820e-01
2.725480000000000125e-01 -1.698200000000000820e-01
2.725450000000000372e-01 -1.698200000000000820e-01
2.725450000000000372e-01 -1.698200000000000820e-01
2.725450000000000372e-01 -1.698200000000000820e-01
2.725450000000000372e-01 -1.698200000000000820e-01
2.725440000000000085e-01 -1.698200000000000820e-01
2.725420000000000065e-01 -1.698200000000000820e-01
2.725420000000000065e-01 -1.698200000000000820e-01
2.725420000000000065e-01 -1.698200000000000820e-01
2.725420000000000065e-01 -1.698200000000000820e-01
2.725410000000000332e-01 -1.698200000000000820e-01
2.725389999999999757e-01 -1.698200000000000820e-01
2.725380000000000025e-01 -1.698200000000000820e-01
2.725380000000000025e-01 -1.698200000000000820e-01
2.725380000000000025e-01 -1.698200000000000820e-01
2.725380000000000025e-01 -1.698200000000000820e-01
2.725349999999999717e-01 -1.698200000000000820e-01
2.725349999999999717e-01 -1.698200000000000820e-01
2.725349999999999717e-01 -1.698200000000000820e-01
2.725339999999999985e-01 -1.698200000000000820e-01
2.725339999999999985e-01 -1.698200000000000820e-01
2.725319999999999965e-01 -1.698300000000001475e-01
2.725319999999999965e-01 -1.698300000000001475e-01
2.725309999999999677e-01 -1.698300000000001475e-01
2.725309999999999677e-01 -1.698300000000001475e-01
2.725309999999999677e-01 -1.698300000000001475e-01
2.725279999999999925e-01 -1.698300000000001475e-01
2.725279999999999925e-01 -1.698300000000001475e-01
2.725279999999999925e-01 -1.698300000000001475e-01
2.725279999999999925e-01 -1.698300000000001475e-01
2.725279999999999925e-01 -1.698300000000001475e-01
2.725239999999999885e-01 -1.698300000000001475e-01
2.725239999999999885e-01 -1.698300000000001475e-01
2.725239999999999885e-01 -1.698300000000001475e-01
2.725239999999999885e-01 -1.698300000000001475e-01
2.725239999999999885e-01 -1.698300000000001475e-01
2.725210000000000132e-01 -1.698300000000001475e-01
2.725210000000000132e-01 -1.698300000000001475e-01
2.725210000000000132e-01 -1.698300000000001475e-01
2.725210000000000132e-01 -1.698300000000001475e-01
2.725210000000000132e-01 -1.698300000000001475e-01
2.725170000000000092e-01 -1.698399999999997689e-01
2.725170000000000092e-01 -1.698399999999997689e-01
2.725170000000000092e-01 -1.698399999999997689e-01
2.725170000000000092e-01 -1.698399999999997689e-01
2.725170000000000092e-01 -1.698399999999997689e-01
2.725140000000000340e-01 -1.698399999999997689e-01
2.725140000000000340e-01 -1.698399999999997689e-01
2.725140000000000340e-01 -1.698399999999997689e-01
2.725140000000000340e-01 -1.698399999999997689e-01
2.725140000000000340e-01 -1.698399999999997689e-01
2.725100000000000300e-01 -1.698399999999997689e-01
2.725100000000000300e-01 -1.698399999999997689e-01
2.725100000000000300e-01 -1.698399999999997689e-01
2.725100000000000300e-01 -1.698399999999997689e-01
2.725100000000000300e-01 -1.698399999999997689e-01
2.725060000000000260e-01 -1.698399999999997689e-01
2.725060000000000260e-01 -1.698399999999997689e-01
2.725060000000000260e-01 -1.698399999999997689e-01
2.725060000000000260e-01 -1.698399999999997689e-01
2.725060000000000260e-01 -1.698399999999997689e-01
2.725029999999999952e-01 -1.698499999999998344e-01
2.725020000000000220e-01 -1.698499999999998344e-01
2.725020000000000220e-01 -1.698499999999998344e-01
2.725020000000000220e-01 -1.698499999999998344e-01
2.725020000000000220e-01 -1.698499999999998344e-01
2.724989999999999912e-01 -1.698499999999998344e-01
2.724980000000000180e-01 -1.698499999999998344e-01
2.724980000000000180e-01 -1.698499999999998344e-01
2.724980000000000180e-01 -1.698499999999998344e-01
2.724980000000000180e-01 -1.698499999999998344e-01
2.724949999999999872e-01 -1.698499999999998344e-01
2.724940000000000140e-01 -1.698499999999998344e-01
2.724940000000000140e-01 -1.698499999999998344e-01
2.724940000000000140e-01 -1.698499999999998344e-01
2.724940000000000140e-01 -1.698499999999998344e-01
2.724909999999999832e-01 -1.698499999999998344e-01
2.724900000000000100e-01 -1.698499999999998344e-01
2.724900000000000100e-01 -1.698499999999998344e-01
2.724900000000000100e-01 -1.698499999999998344e-01
2.724900000000000100e-01 -1.698599999999999000e-01
2.724870000000000347e-01 -1.698599999999999000e-01
2.724870000000000347e-01 -1.698599999999999000e-01
2.724870000000000347e-01 -1.698599999999999000e-01
2.724860000000000060e-01 -1.698599999999999000e-01
2.724860000000000060e-01 -1.698599999999999000e-01
2.724830000000000307e-01 -1.698599999999999000e-01
2.724830000000000307e-01 -1.698599999999999000e-01
2.724830000000000307e-01 -1.698599999999999000e-01
2.724830000000000307e-01 -1.698599999999999000e-01
2.724820000000000020e-01 -1.698599999999999000e-01
2.724790000000000267e-01 -1.698599999999999000e-01
2.724790000000000267e-01 -1.698599999999999000e-01
2.724790000000000267e-01 -1.698599999999999000e-01
2.724790000000000267e-01 -1.698599999999999000e-01
2.724790000000000267e-01 -1.698599999999999000e-01
2.724750000000000227e-01 -1.698599999999999000e-01
2.724750000000000227e-01 -1.698699999999999655e-01
2.724750000000000227e-01 -1.698699999999999655e-01
2.724750000000000227e-01 -1.698699999999999655e-01
2.724750000000000227e-01 -1.698699999999999655e-01
2.724719999999999920e-01 -1.698699999999999655e-01
2.724719999999999920e-01 -1.698699999999999655e-01
2.724719999999999920e-01 -1.698699999999999655e-01
2.724719999999999920e-01 -1.698699999999999655e-01
2.724710000000000187e-01 -1.698699999999999655e-01
2.724679999999999880e-01 -1.698699999999999655e-01
2.724679999999999880e-01 -1.698699999999999655e-01
2.724679999999999880e-01 -1.698699999999999655e-01
2.724679999999999880e-01 -1.698699999999999655e-01
2.724679999999999880e-01 -1.698699999999999655e-01
2.724649999999999572e-01 -1.698699999999999655e-01
2.724639999999999840e-01 -1.698699999999999655e-01
2.724639999999999840e-01 -1.698699999999999655e-01
2.724639999999999840e-01 -1.698699999999999655e-01
2.724639999999999840e-01 -1.698699999999999655e-01
2.724610000000000087e-01 -1.698800000000000310e-01
2.724610000000000087e-01 -1.698800000000000310e-01
2.724610000000000087e-01 -1.698800000000000310e-01
2.724610000000000087e-01 -1.698800000000000310e-01
2.724600000000000355e-01 -1.698800000000000310e-01
2.724570000000000047e-01 -1.698800000000000310e-01
2.724570000000000047e-01 -1.698800000000000310e-01
2.724570000000000047e-01 -1.698800000000000310e-01
2.724570000000000047e-01 -1.698800000000000310e-01
2.724570000000000047e-01 -1.698800000000000310e-01
2.724539999999999740e-01 -1.698800000000000310e-01
2.724539999999999740e-01 -1.698800000000000310e-01
2.724539999999999740e-01 -1.698800000000000310e-01
2.724530000000000007e-01 -1.698800000000000310e-01
2.724530000000000007e-01 -1.698800000000000310e-01
2.724499999999999700e-01 -1.698900000000000965e-01
2.724499999999999700e-01 -1.698900000000000965e-01
2.724499999999999700e-01 -1.698900000000000965e-01
2.724499999999999700e-01 -1.698900000000000965e-01
2.724499999999999700e-01 -1.698900000000000965e-01
2.724469999999999947e-01 -1.698900000000000965e-01
2.724469999999999947e-01 -1.698900000000000965e-01
2.724469999999999947e-01 -1.698900000000000965e-01
2.724469999999999947e-01 -1.698900000000000965e-01
2.724469999999999947e-01 -1.698900000000000965e-01
2.724429999999999907e-01 -1.698900000000000965e-01
2.724429999999999907e-01 -1.698900000000000965e-01
2.724429999999999907e-01 -1.698900000000000965e-01
2.724429999999999907e-01 -1.698900000000000965e-01
2.724429999999999907e-01 -1.698900000000000965e-01
2.724400000000000155e-01 -1.699000000000001620e-01
2.724400000000000155e-01 -1.699000000000001620e-01
2.724400000000000155e-01 -1.699000000000001620e-01
2.724400000000000155e-01 -1.699000000000001620e-01
2.724389999999999867e-01 -1.699000000000001620e-01
2.724360000000000115e-01 -1.699000000000001620e-01
2.724360000000000115e-01 -1.699000000000001620e-01
2.724360000000000115e-01 -1.699000000000001620e-01
2.724360000000000115e-01 -1.699000000000001620e-01
2.724360000000000115e-01 -1.699000000000001620e-01
2.724330000000000362e-01 -1.699000000000001620e-01
2.724330000000000362e-01 -1.699000000000001620e-01
2.724320000000000075e-01 -1.699000000000001620e-01
2.724320000000000075e-01 -1.699000000000001620e-01
2.724320000000000075e-01 -1.699099999999997834e-01
2.724290000000000322e-01 -1.699099999999997834e-01
2.724290000000000322e-01 -1.699099999999997834e-01
2.724290000000000322e-01 -1.699099999999997834e-01
2.724290000000000322e-01 -1.699099999999997834e-01
2.724280000000000035e-01 -1.699099999999997834e-01
2.724250000000000282e-01 -1.699099999999997834e-01
2.724250000000000282e-01 -1.699099999999997834e-01
2.724250000000000282e-01 -1.699099999999997834e-01
2.724239999999999995e-01 -1.699099999999997834e-01
2.724239999999999995e-01 -1.699099999999997834e-01
2.724210000000000242e-01 -1.699099999999997834e-01
2.724210000000000242e-01 -1.699099999999997834e-01
2.724210000000000242e-01 -1.699199999999998489e-01
2.724210000000000242e-01 -1.699199999999998489e-01
2.724210000000000242e-01 -1.699199999999998489e-01
2.724170000000000202e-01 -1.699199999999998489e-01
2.724170000000000202e-01 -1.699199999999998489e-01
2.724170000000000202e-01 -1.699199999999998489e-01
2.724170000000000202e-01 -1.699199999999998489e-01
2.724170000000000202e-01 -1.699199999999998489e-01
2.724130000000000162e-01 -1.699199999999998489e-01
2.724130000000000162e-01 -1.699199999999998489e-01
2.724130000000000162e-01 -1.699199999999998489e-01
2.724130000000000162e-01 -1.699199999999998489e-01
2.724130000000000162e-01 -1.699199999999998489e-01
2.724090000000000122e-01 -1.699299999999999145e-01
2.724090000000000122e-01 -1.699299999999999145e-01
2.724090000000000122e-01 -1.699299999999999145e-01
2.724090000000000122e-01 -1.699299999999999145e-01
2.724090000000000122e-01 -1.699299999999999145e-01
2.724050000000000082e-01 -1.699299999999999145e-01
2.724050000000000082e-01 -1.699299999999999145e-01
2.724050000000000082e-01 -1.699299999999999145e-01
2.724050000000000082e-01 -1.699299999999999145e-01
2.724050000000000082e-01 -1.699299999999999145e-01
2.724010000000000042e-01 -1.699299999999999145e-01
2.724010000000000042e-01 -1.699299999999999145e-01
2.724010000000000042e-01 -1.699299999999999145e-01
2.724010000000000042e-01 -1.699299999999999145e-01
2.724010000000000042e-01 -1.699299999999999145e-01
2.723970000000000002e-01 -1.699399999999999800e-01
2.723970000000000002e-01 -1.699399999999999800e-01
2.723959999999999715e-01 -1.699399999999999800e-01
2.723959999999999715e-01 -1.699399999999999800e-01
2.723959999999999715e-01 -1.699399999999999800e-01
2.723919999999999675e-01 -1.699399999999999800e-01
2.723919999999999675e-01 -1.699399999999999800e-01
2.723919999999999675e-01 -1.699399999999999800e-01
2.723919999999999675e-01 -1.699399999999999800e-01
2.723919999999999675e-01 -1.699399999999999800e-01
2.723879999999999635e-01 -1.699399999999999800e-01
2.723869999999999902e-01 -1.699399999999999800e-01
2.723869999999999902e-01 -1.699500000000000455e-01
2.723869999999999902e-01 -1.699500000000000455e-01
2.723869999999999902e-01 -1.699500000000000455e-01
2.723829999999999862e-01 -1.699500000000000455e-01
2.723829999999999862e-01 -1.699500000000000455e-01
2.723829999999999862e-01 -1.699500000000000455e-01
2.723829999999999862e-01 -1.699500000000000455e-01
2.723829999999999862e-01 -1.699500000000000455e-01
2.723780000000000090e-01 -1.699500000000000455e-01
2.723780000000000090e-01 -1.699500000000000455e-01
2.723780000000000090e-01 -1.699500000000000455e-01
2.723780000000000090e-01 -1.699500000000000455e-01
2.723780000000000090e-01 -1.699500000000000455e-01
2.723740000000000050e-01 -1.699600000000001110e-01
2.723729999999999762e-01 -1.699600000000001110e-01
2.723729999999999762e-01 -1.699600000000001110e-01
2.723729999999999762e-01 -1.699600000000001110e-01
2.723729999999999762e-01 -1.699600000000001110e-01
2.723689999999999722e-01 -1.699600000000001110e-01
2.723689999999999722e-01 -1.699600000000001110e-01
2.723689999999999722e-01 -1.699600000000001110e-01
2.723689999999999722e-01 -1.699600000000001110e-01
2.723679999999999990e-01 -1.699600000000001110e-01
2.723639999999999950e-01 -1.699600000000001110e-01
2.723639999999999950e-01 -1.699600000000001110e-01
2.723639999999999950e-01 -1.699600000000001110e-01
2.723639999999999950e-01 -1.699600000000001110e-01
2.723639999999999950e-01 -1.699600000000001110e-01
2.723599999999999910e-01 -1.699700000000001765e-01
2.723599999999999910e-01 -1.699700000000001765e-01
2.723590000000000177e-01 -1.699700000000001765e-01
2.723590000000000177e-01 -1.699700000000001765e-01
2.723590000000000177e-01 -1.699700000000001765e-01
2.723550000000000137e-01 -1.699700000000001765e-01
2.723550000000000137e-01 -1.699700000000001765e-01
2.723550000000000137e-01 -1.699700000000001765e-01
2.723550000000000137e-01 -1.699700000000001765e-01
2.723550000000000137e-01 -1.699700000000001765e-01
2.723499999999999810e-01 -1.699700000000001765e-01
2.723499999999999810e-01 -1.699799999999997979e-01
2.723499999999999810e-01 -1.699799999999997979e-01
2.723499999999999810e-01 -1.699799999999997979e-01
2.723499999999999810e-01 -1.699799999999997979e-01
2.723459999999999770e-01 -1.699799999999997979e-01
2.723459999999999770e-01 -1.699799999999997979e-01
2.723459999999999770e-01 -1.699799999999997979e-01
2.723450000000000037e-01 -1.699799999999997979e-01
2.723450000000000037e-01 -1.699799999999997979e-01
2.723409999999999997e-01 -1.699799999999997979e-01
2.723409999999999997e-01 -1.699799999999997979e-01
2.723409999999999997e-01 -1.699799999999997979e-01
2.723409999999999997e-01 -1.699799999999997979e-01
2.723409999999999997e-01 -1.699799999999997979e-01
2.723360000000000225e-01 -1.699899999999998634e-01
2.723360000000000225e-01 -1.699899999999998634e-01
2.723360000000000225e-01 -1.699899999999998634e-01
2.723360000000000225e-01 -1.699899999999998634e-01
2.723360000000000225e-01 -1.699899999999998634e-01
2.723320000000000185e-01 -1.699899999999998634e-01
2.723309999999999897e-01 -1.699899999999998634e-01
2.723309999999999897e-01 -1.699899999999998634e-01
2.723309999999999897e-01 -1.699899999999998634e-01
2.723309999999999897e-01 -1.699899999999998634e-01
2.723269999999999857e-01 -1.699899999999998634e-01
2.723269999999999857e-01 -1.699999999999999289e-01
2.723269999999999857e-01 -1.699999999999999289e-01
2.723269999999999857e-01 -1.699999999999999289e-01
2.723259999999999570e-01 -1.699999999999999289e-01
2.723220000000000085e-01 -1.699999999999999289e-01
2.723220000000000085e-01 -1.699999999999999289e-01
2.723220000000000085e-01 -1.699999999999999289e-01
2.723220000000000085e-01 -1.699999999999999289e-01
2.723220000000000085e-01 -1.699999999999999289e-01
2.723170000000000313e-01 -1.699999999999999289e-01
2.723170000000000313e-01 -1.699999999999999289e-01
2.723170000000000313e-01 -1.699999999999999289e-01
2.723170000000000313e-01 -1.699999999999999289e-01
2.723170000000000313e-01 -1.699999999999999289e-01
2.723130000000000273e-01 -1.700099999999999945e-01
2.723130000000000273e-01 -1.700099999999999945e-01
2.723119999999999985e-01 -1.700099999999999945e-01
2.723119999999999985e-01 -1.700099999999999945e-01
2.723119999999999985e-01 -1.700099999999999945e-01
2.723079999999999945e-01 -1.700099999999999945e-01
2.723079999999999945e-01 -1.700099999999999945e-01
2.723079999999999945e-01 -1.700099999999999945e-01
2.723069999999999657e-01 -1.700099999999999945e-01
2.723069999999999657e-01 -1.700099999999999945e-01
2.723029999999999617e-01 -1.700200000000000600e-01
2.723029999999999617e-01 -1.700200000000000600e-01
2.723029999999999617e-01 -1.700200000000000600e-01
2.723019999999999885e-01 -1.700200000000000600e-01
2.723019999999999885e-01 -1.700200000000000600e-01
2.722979999999999845e-01 -1.700200000000000600e-01
2.722979999999999845e-01 -1.700200000000000600e-01
2.722979999999999845e-01 -1.700200000000000600e-01
2.722970000000000113e-01 -1.700200000000000600e-01
2.722970000000000113e-01 -1.700200000000000600e-01
2.722930000000000073e-01 -1.700200000000000600e-01
2.722930000000000073e-01 -1.700300000000001255e-01
2.722930000000000073e-01 -1.700300000000001255e-01
2.722930000000000073e-01 -1.700300000000001255e-01
2.722930000000000073e-01 -1.700300000000001255e-01
2.722879999999999745e-01 -1.700300000000001255e-01
2.722879999999999745e-01 -1.700300000000001255e-01
2.722879999999999745e-01 -1.700300000000001255e-01
2.722879999999999745e-01 -1.700300000000001255e-01
2.722870000000000013e-01 -1.700300000000001255e-01
2.722829999999999973e-01 -1.700300000000001255e-01
2.722829999999999973e-01 -1.700300000000001255e-01
2.722829999999999973e-01 -1.700300000000001255e-01
2.722829999999999973e-01 -1.700300000000001255e-01
2.722829999999999973e-01 -1.700399999999997469e-01
2.722780000000000200e-01 -1.700399999999997469e-01
2.722780000000000200e-01 -1.700399999999997469e-01
2.722780000000000200e-01 -1.700399999999997469e-01
2.722780000000000200e-01 -1.700399999999997469e-01
2.722780000000000200e-01 -1.700399999999997469e-01
2.722729999999999873e-01 -1.700399999999997469e-01
2.722729999999999873e-01 -1.700399999999997469e-01
2.722729999999999873e-01 -1.700399999999997469e-01
2.722729999999999873e-01 -1.700399999999997469e-01
2.722719999999999585e-01 -1.700399999999997469e-01
2.722679999999999545e-01 -1.700499999999998124e-01
2.722679999999999545e-01 -1.700499999999998124e-01
2.722679999999999545e-01 -1.700499999999998124e-01
2.722679999999999545e-01 -1.700499999999998124e-01
2.722679999999999545e-01 -1.700499999999998124e-01
2.722630000000000328e-01 -1.700499999999998124e-01
2.722630000000000328e-01 -1.700499999999998124e-01
2.722630000000000328e-01 -1.700499999999998124e-01
2.722630000000000328e-01 -1.700499999999998124e-01
2.722630000000000328e-01 -1.700499999999998124e-01
2.722580000000000000e-01 -1.700599999999998779e-01
2.722580000000000000e-01 -1.700599999999998779e-01
2.722580000000000000e-01 -1.700599999999998779e-01
2.722580000000000000e-01 -1.700599999999998779e-01
2.722569999999999713e-01 -1.700599999999998779e-01
2.722529999999999673e-01 -1.700599999999998779e-01
2.722529999999999673e-01 -1.700599999999998779e-01
2.722529999999999673e-01 -1.700599999999998779e-01
2.722519999999999940e-01 -1.700599999999998779e-01
2.722519999999999940e-01 -1.700599999999998779e-01
2.722479999999999900e-01 -1.700699999999999434e-01
2.722479999999999900e-01 -1.700699999999999434e-01
2.722479999999999900e-01 -1.700699999999999434e-01
2.722470000000000168e-01 -1.700699999999999434e-01
2.722470000000000168e-01 -1.700699999999999434e-01
2.722430000000000128e-01 -1.700699999999999434e-01
2.722419999999999840e-01 -1.700699999999999434e-01
2.722419999999999840e-01 -1.700699999999999434e-01
2.722419999999999840e-01 -1.700699999999999434e-01
2.722419999999999840e-01 -1.700699999999999434e-01
2.722370000000000068e-01 -1.700800000000000090e-01
2.722370000000000068e-01 -1.700800000000000090e-01
2.722370000000000068e-01 -1.700800000000000090e-01
2.722370000000000068e-01 -1.700800000000000090e-01
2.722370000000000068e-01 -1.700800000000000090e-01
2.722320000000000295e-01 -1.700800000000000090e-01
2.722320000000000295e-01 -1.700800000000000090e-01
2.722320000000000295e-01 -1.700800000000000090e-01
2.722320000000000295e-01 -1.700800000000000090e-01
2.722320000000000295e-01 -1.700800000000000090e-01
2.722269999999999968e-01 -1.700900000000000745e-01
2.722269999999999968e-01 -1.700900000000000745e-01
2.722269999999999968e-01 -1.700900000000000745e-01
2.722269999999999968e-01 -1.700900000000000745e-01
2.722269999999999968e-01 -1.700900000000000745e-01
2.722219999999999640e-01 -1.700900000000000745e-01
2.722219999999999640e-01 -1.700900000000000745e-01
2.722219999999999640e-01 -1.700900000000000745e-01
2.722219999999999640e-01 -1.700900000000000745e-01
2.722209999999999908e-01 -1.700900000000000745e-01
2.722169999999999868e-01 -1.701000000000001400e-01
2.722160000000000135e-01 -1.701000000000001400e-01
2.722160000000000135e-01 -1.701000000000001400e-01
2.722160000000000135e-01 -1.701000000000001400e-01
2.722160000000000135e-01 -1.701000000000001400e-01
2.722120000000000095e-01 -1.701000000000001400e-01
2.722120000000000095e-01 -1.701000000000001400e-01
2.722120000000000095e-01 -1.701000000000001400e-01
2.722120000000000095e-01 -1.701000000000001400e-01
2.722109999999999808e-01 -1.701000000000001400e-01
2.722069999999999768e-01 -1.701099999999997614e-01
2.722069999999999768e-01 -1.701099999999997614e-01
2.722069999999999768e-01 -1.701099999999997614e-01
2.722069999999999768e-01 -1.701099999999997614e-01
2.722060000000000035e-01 -1.701099999999997614e-01
2.722019999999999995e-01 -1.701099999999997614e-01
2.722019999999999995e-01 -1.701099999999997614e-01
2.722019999999999995e-01 -1.701099999999997614e-01
2.722019999999999995e-01 -1.701099999999997614e-01
2.722010000000000263e-01 -1.701099999999997614e-01
2.721970000000000223e-01 -1.701199999999998269e-01
2.721970000000000223e-01 -1.701199999999998269e-01
2.721970000000000223e-01 -1.701199999999998269e-01
2.721970000000000223e-01 -1.701199999999998269e-01
2.721970000000000223e-01 -1.701199999999998269e-01
2.721919999999999895e-01 -1.701199999999998269e-01
2.721919999999999895e-01 -1.701199999999998269e-01
2.721919999999999895e-01 -1.701199999999998269e-01
2.721919999999999895e-01 -1.701199999999998269e-01
2.721919999999999895e-01 -1.701199999999998269e-01
2.721869999999999568e-01 -1.701299999999998924e-01
2.721869999999999568e-01 -1.701299999999998924e-01
2.721869999999999568e-01 -1.701299999999998924e-01
2.721869999999999568e-01 -1.701299999999998924e-01
2.721869999999999568e-01 -1.701299999999998924e-01
2.721820000000000350e-01 -1.701299999999998924e-01
2.721820000000000350e-01 -1.701299999999998924e-01
2.721820000000000350e-01 -1.701299999999998924e-01
2.721820000000000350e-01 -1.701399999999999579e-01
2.721820000000000350e-01 -1.701399999999999579e-01
2.721770000000000023e-01 -1.701399999999999579e-01
2.721770000000000023e-01 -1.701399999999999579e-01
2.721770000000000023e-01 -1.701399999999999579e-01
2.721770000000000023e-01 -1.701399999999999579e-01
2.721770000000000023e-01 -1.701399999999999579e-01
2.721719999999999695e-01 -1.701399999999999579e-01
2.721719999999999695e-01 -1.701399999999999579e-01
2.721719999999999695e-01 -1.701500000000000234e-01
2.721719999999999695e-01 -1.701500000000000234e-01
2.721719999999999695e-01 -1.701500000000000234e-01
2.721669999999999923e-01 -1.701500000000000234e-01
2.721669999999999923e-01 -1.701500000000000234e-01
2.721669999999999923e-01 -1.701500000000000234e-01
2.721669999999999923e-01 -1.701500000000000234e-01
2.721669999999999923e-01 -1.701500000000000234e-01
2.721629999999999883e-01 -1.701600000000000890e-01
2.721629999999999883e-01 -1.701600000000000890e-01
2.721620000000000150e-01 -1.701600000000000890e-01
2.721620000000000150e-01 -1.701600000000000890e-01
2.721620000000000150e-01 -1.701600000000000890e-01
2.721580000000000110e-01 -1.701600000000000890e-01
2.721580000000000110e-01 -1.701600000000000890e-01
2.721580000000000110e-01 -1.701600000000000890e-01
2.721569999999999823e-01 -1.701600000000000890e-01
2.721569999999999823e-01 -1.701600000000000890e-01
2.721529999999999783e-01 -1.701700000000001545e-01
2.721529999999999783e-01 -1.701700000000001545e-01
2.721520000000000050e-01 -1.701700000000001545e-01
2.721520000000000050e-01 -1.701700000000001545e-01
2.721520000000000050e-01 -1.701700000000001545e-01
2.721480000000000010e-01 -1.701700000000001545e-01
2.721480000000000010e-01 -1.701700000000001545e-01
2.721480000000000010e-01 -1.701700000000001545e-01
2.721480000000000010e-01 -1.701700000000001545e-01
2.721470000000000278e-01 -1.701700000000001545e-01
2.721430000000000238e-01 -1.701799999999997759e-01
2.721430000000000238e-01 -1.701799999999997759e-01
2.721430000000000238e-01 -1.701799999999997759e-01
2.721430000000000238e-01 -1.701799999999997759e-01
2.721430000000000238e-01 -1.701799999999997759e-01
2.721379999999999910e-01 -1.701799999999997759e-01
2.721379999999999910e-01 -1.701799999999997759e-01
2.721379999999999910e-01 -1.701799999999997759e-01
2.721369999999999623e-01 -1.701799999999997759e-01
2.721369999999999623e-01 -1.701799999999997759e-01
2.721329999999999583e-01 -1.701899999999998414e-01
2.721329999999999583e-01 -1.701899999999998414e-01
2.721329999999999583e-01 -1.701899999999998414e-01
2.721329999999999583e-01 -1.701899999999998414e-01
2.721329999999999583e-01 -1.701899999999998414e-01
2.721280000000000365e-01 -1.701899999999998414e-01
2.721280000000000365e-01 -1.701899999999998414e-01
2.721280000000000365e-01 -1.701999999999999069e-01
2.721280000000000365e-01 -1.701999999999999069e-01
2.721280000000000365e-01 -1.701999999999999069e-01
2.721230000000000038e-01 -1.701999999999999069e-01
2.721230000000000038e-01 -1.701999999999999069e-01
2.721230000000000038e-01 -1.701999999999999069e-01
2.721219999999999750e-01 -1.701999999999999069e-01
2.721219999999999750e-01 -1.701999999999999069e-01
2.721179999999999710e-01 -1.702099999999999724e-01
2.721179999999999710e-01 -1.702099999999999724e-01
2.721179999999999710e-01 -1.702099999999999724e-01
2.721179999999999710e-01 -1.702099999999999724e-01
2.721179999999999710e-01 -1.702099999999999724e-01
2.721129999999999938e-01 -1.702099999999999724e-01
2.721129999999999938e-01 -1.702099999999999724e-01
2.721129999999999938e-01 -1.702099999999999724e-01
2.721129999999999938e-01 -1.702099999999999724e-01
2.721129999999999938e-01 -1.702099999999999724e-01
2.721080000000000165e-01 -1.702200000000000379e-01
2.721080000000000165e-01 -1.702200000000000379e-01
2.721080000000000165e-01 -1.702200000000000379e-01
2.721080000000000165e-01 -1.702200000000000379e-01
2.721080000000000165e-01 -1.702200000000000379e-01
2.721040000000000125e-01 -1.702200000000000379e-01
2.721029999999999838e-01 -1.702200000000000379e-01
2.721029999999999838e-01 -1.702200000000000379e-01
2.721029999999999838e-01 -1.702300000000001035e-01
2.721029999999999838e-01 -1.702300000000001035e-01
2.720989999999999798e-01 -1.702300000000001035e-01
2.720989999999999798e-01 -1.702300000000001035e-01
2.720980000000000065e-01 -1.702300000000001035e-01
2.720980000000000065e-01 -1.702300000000001035e-01
2.720980000000000065e-01 -1.702300000000001035e-01
2.720940000000000025e-01 -1.702400000000001690e-01
2.720940000000000025e-01 -1.702400000000001690e-01
2.720940000000000025e-01 -1.702400000000001690e-01
2.720940000000000025e-01 -1.702400000000001690e-01
2.720940000000000025e-01 -1.702400000000001690e-01
2.720899999999999985e-01 -1.702400000000001690e-01
2.720890000000000253e-01 -1.702400000000001690e-01
2.720890000000000253e-01 -1.702400000000001690e-01
2.720890000000000253e-01 -1.702400000000001690e-01
2.720890000000000253e-01 -1.702400000000001690e-01
2.720850000000000213e-01 -1.702499999999997904e-01
2.720839999999999925e-01 -1.702499999999997904e-01
2.720839999999999925e-01 -1.702499999999997904e-01
2.720839999999999925e-01 -1.702499999999997904e-01
2.720839999999999925e-01 -1.702499999999997904e-01
2.720799999999999885e-01 -1.702499999999997904e-01
2.720799999999999885e-01 -1.702499999999997904e-01
2.720799999999999885e-01 -1.702499999999997904e-01
2.720799999999999885e-01 -1.702499999999997904e-01
2.720799999999999885e-01 -1.702499999999997904e-01
2.720749999999999558e-01 -1.702599999999998559e-01
2.720749999999999558e-01 -1.702599999999998559e-01
2.720749999999999558e-01 -1.702599999999998559e-01
2.720749999999999558e-01 -1.702599999999998559e-01
2.720749999999999558e-01 -1.702599999999998559e-01
2.720700000000000340e-01 -1.702599999999998559e-01
2.720700000000000340e-01 -1.702599999999998559e-01
2.720700000000000340e-01 -1.702699999999999214e-01
2.720700000000000340e-01 -1.702699999999999214e-01
2.720700000000000340e-01 -1.702699999999999214e-01
2.720650000000000013e-01 -1.702699999999999214e-01
2.720650000000000013e-01 -1.702699999999999214e-01
2.720650000000000013e-01 -1.702699999999999214e-01
2.720650000000000013e-01 -1.702699999999999214e-01
2.720650000000000013e-01 -1.702699999999999214e-01
2.720599999999999685e-01 -1.702799999999999869e-01
2.720599999999999685e-01 -1.702799999999999869e-01
2.720599999999999685e-01 -1.702799999999999869e-01
2.720599999999999685e-01 -1.702799999999999869e-01
2.720599999999999685e-01 -1.702799999999999869e-01
2.720549999999999913e-01 -1.702799999999999869e-01
2.720549999999999913e-01 -1.702799999999999869e-01
2.720549999999999913e-01 -1.702799999999999869e-01
2.720549999999999913e-01 -1.702799999999999869e-01
2.720549999999999913e-01 -1.702799999999999869e-01
2.720500000000000140e-01 -1.702900000000000524e-01
2.720500000000000140e-01 -1.702900000000000524e-01
2.720500000000000140e-01 -1.702900000000000524e-01
2.720500000000000140e-01 -1.702900000000000524e-01
2.720500000000000140e-01 -1.702900000000000524e-01
2.720449999999999813e-01 -1.702900000000000524e-01
2.720449999999999813e-01 -1.702900000000000524e-01
2.720449999999999813e-01 -1.702900000000000524e-01
2.720449999999999813e-01 -1.702900000000000524e-01
2.720449999999999813e-01 -1.702900000000000524e-01
2.720400000000000040e-01 -1.703000000000001180e-01
2.720400000000000040e-01 -1.703000000000001180e-01
2.720400000000000040e-01 -1.703000000000001180e-01
2.720400000000000040e-01 -1.703000000000001180e-01
2.720400000000000040e-01 -1.703000000000001180e-01
2.720350000000000268e-01 -1.703000000000001180e-01
2.720350000000000268e-01 -1.703100000000001835e-01
2.720350000000000268e-01 -1.703100000000001835e-01
2.720350000000000268e-01 -1.703100000000001835e-01
2.720350000000000268e-01 -1.703100000000001835e-01
2.720299999999999940e-01 -1.703100000000001835e-01
2.720299999999999940e-01 -1.703100000000001835e-01
2.720299999999999940e-01 -1.703100000000001835e-01
2.720299999999999940e-01 -1.703100000000001835e-01
2.720299999999999940e-01 -1.703100000000001835e-01
2.720249999999999613e-01 -1.703199999999998049e-01
2.720249999999999613e-01 -1.703199999999998049e-01
2.720249999999999613e-01 -1.703199999999998049e-01
2.720249999999999613e-01 -1.703199999999998049e-01
2.720239999999999880e-01 -1.703199999999998049e-01
2.720199999999999840e-01 -1.703199999999998049e-01
2.720199999999999840e-01 -1.703199999999998049e-01
2.720199999999999840e-01 -1.703199999999998049e-01
2.720199999999999840e-01 -1.703199999999998049e-01
2.720190000000000108e-01 -1.703199999999998049e-01
2.720150000000000068e-01 -1.703299999999998704e-01
2.720150000000000068e-01 -1.703299999999998704e-01
2.720150000000000068e-01 -1.703299999999998704e-01
2.720139999999999780e-01 -1.703299999999998704e-01
2.720139999999999780e-01 -1.703299999999998704e-01
2.720099999999999740e-01 -1.703299999999998704e-01
2.720090000000000008e-01 -1.703299999999998704e-01
2.720090000000000008e-01 -1.703299999999998704e-01
2.720090000000000008e-01 -1.703299999999998704e-01
2.720090000000000008e-01 -1.703299999999998704e-01
2.720049999999999968e-01 -1.703399999999999359e-01
2.720049999999999968e-01 -1.703399999999999359e-01
2.720040000000000235e-01 -1.703399999999999359e-01
2.720040000000000235e-01 -1.703399999999999359e-01
2.720040000000000235e-01 -1.703399999999999359e-01
2.720000000000000195e-01 -1.703500000000000014e-01
2.719989999999999908e-01 -1.703500000000000014e-01
2.719989999999999908e-01 -1.703500000000000014e-01
2.719989999999999908e-01 -1.703500000000000014e-01
2.719989999999999908e-01 -1.703500000000000014e-01
2.719949999999999868e-01 -1.703500000000000014e-01
2.719939999999999580e-01 -1.703500000000000014e-01
2.719939999999999580e-01 -1.703500000000000014e-01
2.719939999999999580e-01 -1.703500000000000014e-01
2.719939999999999580e-01 -1.703500000000000014e-01
2.719890000000000363e-01 -1.703600000000000669e-01
2.719890000000000363e-01 -1.703600000000000669e-01
2.719890000000000363e-01 -1.703600000000000669e-01
2.719890000000000363e-01 -1.703600000000000669e-01
2.719890000000000363e-01 -1.703600000000000669e-01
2.719840000000000035e-01 -1.703600000000000669e-01
2.719840000000000035e-01 -1.703600000000000669e-01
2.719840000000000035e-01 -1.703600000000000669e-01
2.719840000000000035e-01 -1.703600000000000669e-01
2.719840000000000035e-01 -1.703600000000000669e-01
2.719789999999999708e-01 -1.703700000000001324e-01
2.719789999999999708e-01 -1.703700000000001324e-01
2.719789999999999708e-01 -1.703700000000001324e-01
2.719789999999999708e-01 -1.703700000000001324e-01
2.719789999999999708e-01 -1.703700000000001324e-01
2.719739999999999935e-01 -1.703700000000001324e-01
2.719739999999999935e-01 -1.703700000000001324e-01
2.719739999999999935e-01 -1.703700000000001324e-01
2.719739999999999935e-01 -1.703700000000001324e-01
2.719730000000000203e-01 -1.703700000000001324e-01
2.719690000000000163e-01 -1.703799999999997539e-01
2.719690000000000163e-01 -1.703799999999997539e-01
2.719690000000000163e-01 -1.703799999999997539e-01
2.719690000000000163e-01 -1.703799999999997539e-01
2.719679999999999875e-01 -1.703799999999997539e-01
2.719639999999999835e-01 -1.703899999999998194e-01
2.719639999999999835e-01 -1.703899999999998194e-01
2.719639999999999835e-01 -1.703899999999998194e-01
2.719639999999999835e-01 -1.703899999999998194e-01
2.719629999999999548e-01 -1.703899999999998194e-01
2.719590000000000063e-01 -1.703899999999998194e-01
2.719590000000000063e-01 -1.703899999999998194e-01
2.719590000000000063e-01 -1.703899999999998194e-01
2.719580000000000330e-01 -1.703899999999998194e-01
2.719580000000000330e-01 -1.703899999999998194e-01
2.719540000000000290e-01 -1.703999999999998849e-01
2.719530000000000003e-01 -1.703999999999998849e-01
2.719530000000000003e-01 -1.703999999999998849e-01
2.719530000000000003e-01 -1.703999999999998849e-01
2.719530000000000003e-01 -1.703999999999998849e-01
2.719479999999999675e-01 -1.703999999999998849e-01
2.719479999999999675e-01 -1.703999999999998849e-01
2.719479999999999675e-01 -1.703999999999998849e-01
2.719479999999999675e-01 -1.703999999999998849e-01
2.719479999999999675e-01 -1.703999999999998849e-01
2.719429999999999903e-01 -1.704099999999999504e-01
2.719429999999999903e-01 -1.704099999999999504e-01
2.719429999999999903e-01 -1.704099999999999504e-01
2.719429999999999903e-01 -1.704099999999999504e-01
2.719420000000000170e-01 -1.704099999999999504e-01
2.719380000000000130e-01 -1.704200000000000159e-01
2.719380000000000130e-01 -1.704200000000000159e-01
2.719380000000000130e-01 -1.704200000000000159e-01
2.719369999999999843e-01 -1.704200000000000159e-01
2.719369999999999843e-01 -1.704200000000000159e-01
2.719329999999999803e-01 -1.704200000000000159e-01
2.719329999999999803e-01 -1.704200000000000159e-01
2.719320000000000070e-01 -1.704200000000000159e-01
2.719320000000000070e-01 -1.704200000000000159e-01
2.719320000000000070e-01 -1.704200000000000159e-01
2.719280000000000030e-01 -1.704300000000000814e-01
2.719270000000000298e-01 -1.704300000000000814e-01
2.719270000000000298e-01 -1.704300000000000814e-01
2.719270000000000298e-01 -1.704300000000000814e-01
2.719270000000000298e-01 -1.704300000000000814e-01
2.719230000000000258e-01 -1.704300000000000814e-01
2.719230000000000258e-01 -1.704300000000000814e-01
2.719230000000000258e-01 -1.704300000000000814e-01
2.719219999999999970e-01 -1.704300000000000814e-01
2.719219999999999970e-01 -1.704300000000000814e-01
2.719179999999999930e-01 -1.704400000000001469e-01
2.719169999999999643e-01 -1.704400000000001469e-01
2.719169999999999643e-01 -1.704400000000001469e-01
2.719169999999999643e-01 -1.704400000000001469e-01
2.719169999999999643e-01 -1.704400000000001469e-01
2.719119999999999870e-01 -1.704499999999997684e-01
2.719119999999999870e-01 -1.704499999999997684e-01
2.719119999999999870e-01 -1.704499999999997684e-01
2.719119999999999870e-01 -1.704499999999997684e-01
2.719119999999999870e-01 -1.704499999999997684e-01
2.719079999999999830e-01 -1.704499999999997684e-01
2.719079999999999830e-01 -1.704499999999997684e-01
2.719070000000000098e-01 -1.704499999999997684e-01
2.719070000000000098e-01 -1.704499999999997684e-01
2.719070000000000098e-01 -1.704499999999997684e-01
2.719019999999999770e-01 -1.704599999999998339e-01
2.719019999999999770e-01 -1.704599999999998339e-01
2.719019999999999770e-01 -1.704599999999998339e-01
2.719019999999999770e-01 -1.704599999999998339e-01
2.719019999999999770e-01 -1.704599999999998339e-01
2.718969999999999998e-01 -1.704599999999998339e-01
2.718969999999999998e-01 -1.704599999999998339e-01
2.718969999999999998e-01 -1.704699999999998994e-01
2.718969999999999998e-01 -1.704699999999998994e-01
2.718969999999999998e-01 -1.704699999999998994e-01
2.718920000000000226e-01 -1.704699999999998994e-01
2.718920000000000226e-01 -1.704699999999998994e-01
2.718920000000000226e-01 -1.704699999999998994e-01
2.718920000000000226e-01 -1.704699999999998994e-01
2.718920000000000226e-01 -1.704699999999998994e-01
2.718869999999999898e-01 -1.704799999999999649e-01
2.718869999999999898e-01 -1.704799999999999649e-01
2.718869999999999898e-01 -1.704799999999999649e-01
2.718869999999999898e-01 -1.704799999999999649e-01
2.718859999999999610e-01 -1.704799999999999649e-01
2.718819999999999570e-01 -1.704799999999999649e-01
2.718819999999999570e-01 -1.704799999999999649e-01
2.718819999999999570e-01 -1.704799999999999649e-01
2.718809999999999838e-01 -1.704799999999999649e-01
2.718809999999999838e-01 -1.704799999999999649e-01
2.718770000000000353e-01 -1.704900000000000304e-01
2.718770000000000353e-01 -1.704900000000000304e-01
2.718770000000000353e-01 -1.704900000000000304e-01
2.718770000000000353e-01 -1.704900000000000304e-01
2.718770000000000353e-01 -1.704900000000000304e-01
2.718720000000000026e-01 -1.705000000000000959e-01
2.718720000000000026e-01 -1.705000000000000959e-01
2.718720000000000026e-01 -1.705000000000000959e-01
2.718720000000000026e-01 -1.705000000000000959e-01
2.718720000000000026e-01 -1.705000000000000959e-01
2.718669999999999698e-01 -1.705000000000000959e-01
2.718669999999999698e-01 -1.705000000000000959e-01
2.718669999999999698e-01 -1.705000000000000959e-01
2.718669999999999698e-01 -1.705000000000000959e-01
2.718669999999999698e-01 -1.705000000000000959e-01
2.718629999999999658e-01 -1.705100000000001614e-01
2.718629999999999658e-01 -1.705100000000001614e-01
2.718619999999999925e-01 -1.705100000000001614e-01
2.718619999999999925e-01 -1.705100000000001614e-01
2.718619999999999925e-01 -1.705100000000001614e-01
2.718579999999999885e-01 -1.705199999999997829e-01
2.718570000000000153e-01 -1.705199999999997829e-01
2.718570000000000153e-01 -1.705199999999997829e-01
2.718570000000000153e-01 -1.705199999999997829e-01
2.718570000000000153e-01 -1.705199999999997829e-01
2.718530000000000113e-01 -1.705199999999997829e-01
2.718530000000000113e-01 -1.705199999999997829e-01
2.718519999999999825e-01 -1.705199999999997829e-01
2.718519999999999825e-01 -1.705199999999997829e-01
2.718519999999999825e-01 -1.705199999999997829e-01
2.718479999999999785e-01 -1.705299999999998484e-01
2.718479999999999785e-01 -1.705299999999998484e-01
2.718479999999999785e-01 -1.705299999999998484e-01
2.718470000000000053e-01 -1.705299999999998484e-01
2.718470000000000053e-01 -1.705299999999998484e-01
2.718420000000000281e-01 -1.705299999999998484e-01
2.718420000000000281e-01 -1.705299999999998484e-01
2.718420000000000281e-01 -1.705399999999999139e-01
2.718420000000000281e-01 -1.705399999999999139e-01
2.718420000000000281e-01 -1.705399999999999139e-01
2.718369999999999953e-01 -1.705399999999999139e-01
2.718369999999999953e-01 -1.705399999999999139e-01
2.718369999999999953e-01 -1.705399999999999139e-01
2.718369999999999953e-01 -1.705399999999999139e-01
2.718369999999999953e-01 -1.705399999999999139e-01
2.718319999999999625e-01 -1.705499999999999794e-01
2.718319999999999625e-01 -1.705499999999999794e-01
2.718319999999999625e-01 -1.705499999999999794e-01
2.718319999999999625e-01 -1.705499999999999794e-01
2.718319999999999625e-01 -1.705499999999999794e-01
2.718269999999999853e-01 -1.705499999999999794e-01
2.718269999999999853e-01 -1.705499999999999794e-01
2.718269999999999853e-01 -1.705499999999999794e-01
2.718269999999999853e-01 -1.705499999999999794e-01
2.718269999999999853e-01 -1.705499999999999794e-01
2.718209999999999793e-01 -1.705600000000000449e-01
2.718209999999999793e-01 -1.705600000000000449e-01
2.718209999999999793e-01 -1.705600000000000449e-01
2.718209999999999793e-01 -1.705600000000000449e-01
2.718209999999999793e-01 -1.705600000000000449e-01
2.718160000000000021e-01 -1.705700000000001104e-01
2.718160000000000021e-01 -1.705700000000001104e-01
2.718160000000000021e-01 -1.705700000000001104e-01
2.718160000000000021e-01 -1.705700000000001104e-01
2.718160000000000021e-01 -1.705700000000001104e-01
2.718110000000000248e-01 -1.705700000000001104e-01
2.718110000000000248e-01 -1.705800000000001759e-01
2.718110000000000248e-01 -1.705800000000001759e-01
2.718110000000000248e-01 -1.705800000000001759e-01
2.718110000000000248e-01 -1.705800000000001759e-01
2.718059999999999921e-01 -1.705800000000001759e-01
2.718059999999999921e-01 -1.705800000000001759e-01
2.718059999999999921e-01 -1.705800000000001759e-01
2.718059999999999921e-01 -1.705800000000001759e-01
2.718059999999999921e-01 -1.705800000000001759e-01
2.718009999999999593e-01 -1.705899999999997974e-01
2.718009999999999593e-01 -1.705899999999997974e-01
2.718009999999999593e-01 -1.705899999999997974e-01
2.718009999999999593e-01 -1.705899999999997974e-01
2.718009999999999593e-01 -1.705899999999997974e-01
2.717959999999999821e-01 -1.705899999999997974e-01
2.717959999999999821e-01 -1.705899999999997974e-01
2.717959999999999821e-01 -1.705999999999998629e-01
2.717959999999999821e-01 -1.705999999999998629e-01
2.717959999999999821e-01 -1.705999999999998629e-01
2.717920000000000336e-01 -1.705999999999998629e-01
2.717910000000000048e-01 -1.705999999999998629e-01
2.717910000000000048e-01 -1.705999999999998629e-01
2.717910000000000048e-01 -1.705999999999998629e-01
2.717910000000000048e-01 -1.705999999999998629e-01
2.717870000000000008e-01 -1.706099999999999284e-01
2.717859999999999721e-01 -1.706099999999999284e-01
2.717859999999999721e-01 -1.706099999999999284e-01
2.717859999999999721e-01 -1.706099999999999284e-01
2.717859999999999721e-01 -1.706099999999999284e-01
2.717819999999999681e-01 -1.706099999999999284e-01
2.717819999999999681e-01 -1.706099999999999284e-01
2.717809999999999948e-01 -1.706199999999999939e-01
2.717809999999999948e-01 -1.706199999999999939e-01
2.717809999999999948e-01 -1.706199999999999939e-01
2.717769999999999908e-01 -1.706199999999999939e-01
2.717760000000000176e-01 -1.706199999999999939e-01
2.717760000000000176e-01 -1.706199999999999939e-01
2.717760000000000176e-01 -1.706199999999999939e-01
2.717760000000000176e-01 -1.706199999999999939e-01
2.717720000000000136e-01 -1.706300000000000594e-01
2.717720000000000136e-01 -1.706300000000000594e-01
2.717709999999999848e-01 -1.706300000000000594e-01
2.717709999999999848e-01 -1.706300000000000594e-01
2.717709999999999848e-01 -1.706300000000000594e-01
2.717669999999999808e-01 -1.706300000000000594e-01
2.717669999999999808e-01 -1.706300000000000594e-01
2.717660000000000076e-01 -1.706300000000000594e-01
2.717660000000000076e-01 -1.706300000000000594e-01
2.717660000000000076e-01 -1.706300000000000594e-01
2.717620000000000036e-01 -1.706400000000001249e-01
2.717620000000000036e-01 -1.706400000000001249e-01
2.717610000000000303e-01 -1.706400000000001249e-01
2.717610000000000303e-01 -1.706400000000001249e-01
2.717610000000000303e-01 -1.706400000000001249e-01
2.717570000000000263e-01 -1.706499999999997463e-01
2.717559999999999976e-01 -1.706499999999997463e-01
2.717559999999999976e-01 -1.706499999999997463e-01
2.717559999999999976e-01 -1.706499999999997463e-01
2.717559999999999976e-01 -1.706499999999997463e-01
2.717519999999999936e-01 -1.706499999999997463e-01
2.717519999999999936e-01 -1.706499999999997463e-01
2.717509999999999648e-01 -1.706499999999997463e-01
2.717509999999999648e-01 -1.706499999999997463e-01
2.717509999999999648e-01 -1.706499999999997463e-01
2.717469999999999608e-01 -1.706599999999998118e-01
2.717469999999999608e-01 -1.706599999999998118e-01
2.717469999999999608e-01 -1.706599999999998118e-01
2.717459999999999876e-01 -1.706599999999998118e-01
2.717459999999999876e-01 -1.706599999999998118e-01
2.717419999999999836e-01 -1.706699999999998774e-01
2.717419999999999836e-01 -1.706699999999998774e-01
2.717419999999999836e-01 -1.706699999999998774e-01
2.717410000000000103e-01 -1.706699999999998774e-01
2.717410000000000103e-01 -1.706699999999998774e-01
2.717370000000000063e-01 -1.706699999999998774e-01
2.717359999999999776e-01 -1.706699999999998774e-01
2.717359999999999776e-01 -1.706699999999998774e-01
2.717359999999999776e-01 -1.706699999999998774e-01
2.717359999999999776e-01 -1.706699999999998774e-01
2.717319999999999736e-01 -1.706799999999999429e-01
2.717319999999999736e-01 -1.706799999999999429e-01
2.717310000000000003e-01 -1.706799999999999429e-01
2.717310000000000003e-01 -1.706799999999999429e-01
2.717310000000000003e-01 -1.706799999999999429e-01
2.717269999999999963e-01 -1.706900000000000084e-01
2.717269999999999963e-01 -1.706900000000000084e-01
2.717269999999999963e-01 -1.706900000000000084e-01
2.717260000000000231e-01 -1.706900000000000084e-01
2.717260000000000231e-01 -1.706900000000000084e-01
2.717220000000000191e-01 -1.706900000000000084e-01
2.717220000000000191e-01 -1.706900000000000084e-01
2.717220000000000191e-01 -1.706900000000000084e-01
2.717209999999999903e-01 -1.706900000000000084e-01
2.717209999999999903e-01 -1.706900000000000084e-01
2.717169999999999863e-01 -1.707000000000000739e-01
2.717169999999999863e-01 -1.707000000000000739e-01
2.717169999999999863e-01 -1.707000000000000739e-01
2.717169999999999863e-01 -1.707000000000000739e-01
2.717169999999999863e-01 -1.707000000000000739e-01
2.717120000000000091e-01 -1.707100000000001394e-01
2.717120000000000091e-01 -1.707100000000001394e-01
2.717120000000000091e-01 -1.707100000000001394e-01
2.717120000000000091e-01 -1.707100000000001394e-01
2.717110000000000358e-01 -1.707100000000001394e-01
2.717070000000000318e-01 -1.707100000000001394e-01
2.717060000000000031e-01 -1.707100000000001394e-01
2.717060000000000031e-01 -1.707100000000001394e-01
2.717060000000000031e-01 -1.707100000000001394e-01
2.717060000000000031e-01 -1.707100000000001394e-01
2.717019999999999991e-01 -1.707199999999997608e-01
2.717019999999999991e-01 -1.707199999999997608e-01
2.717009999999999703e-01 -1.707199999999997608e-01
2.717009999999999703e-01 -1.707199999999997608e-01
2.717009999999999703e-01 -1.707199999999997608e-01
2.716969999999999663e-01 -1.707199999999997608e-01
2.716959999999999931e-01 -1.707299999999998263e-01
2.716959999999999931e-01 -1.707299999999998263e-01
2.716959999999999931e-01 -1.707299999999998263e-01
2.716959999999999931e-01 -1.707299999999998263e-01
2.716910000000000158e-01 -1.707299999999998263e-01
2.716910000000000158e-01 -1.707299999999998263e-01
2.716910000000000158e-01 -1.707299999999998263e-01
2.716910000000000158e-01 -1.707299999999998263e-01
2.716910000000000158e-01 -1.707299999999998263e-01
2.716859999999999831e-01 -1.707399999999998919e-01
2.716859999999999831e-01 -1.707399999999998919e-01
2.716859999999999831e-01 -1.707399999999998919e-01
2.716859999999999831e-01 -1.707399999999998919e-01
2.716859999999999831e-01 -1.707399999999998919e-01
2.716810000000000058e-01 -1.707499999999999574e-01
2.716810000000000058e-01 -1.707499999999999574e-01
2.716810000000000058e-01 -1.707499999999999574e-01
2.716810000000000058e-01 -1.707499999999999574e-01
2.716810000000000058e-01 -1.707499999999999574e-01
2.716760000000000286e-01 -1.707499999999999574e-01
2.716760000000000286e-01 -1.707499999999999574e-01
2.716760000000000286e-01 -1.707499999999999574e-01
2.716760000000000286e-01 -1.707499999999999574e-01
2.716749999999999998e-01 -1.707499999999999574e-01
2.716709999999999958e-01 -1.707600000000000229e-01
2.716709999999999958e-01 -1.707600000000000229e-01
2.716709999999999958e-01 -1.707600000000000229e-01
2.716709999999999958e-01 -1.707600000000000229e-01
2.716709999999999958e-01 -1.707600000000000229e-01
2.716659999999999631e-01 -1.707700000000000884e-01
2.716659999999999631e-01 -1.707700000000000884e-01
2.716659999999999631e-01 -1.707700000000000884e-01
2.716659999999999631e-01 -1.707700000000000884e-01
2.716649999999999898e-01 -1.707700000000000884e-01
2.716609999999999858e-01 -1.707700000000000884e-01
2.716600000000000126e-01 -1.707700000000000884e-01
2.716600000000000126e-01 -1.707700000000000884e-01
2.716600000000000126e-01 -1.707700000000000884e-01
2.716600000000000126e-01 -1.707700000000000884e-01
2.716560000000000086e-01 -1.707800000000001539e-01
2.716549999999999798e-01 -1.707800000000001539e-01
2.716549999999999798e-01 -1.707800000000001539e-01
2.716549999999999798e-01 -1.707800000000001539e-01
2.716549999999999798e-01 -1.707800000000001539e-01
2.716500000000000026e-01 -1.707899999999997753e-01
2.716500000000000026e-01 -1.707899999999997753e-01
2.716500000000000026e-01 -1.707899999999997753e-01
2.716500000000000026e-01 -1.707899999999997753e-01
2.716500000000000026e-01 -1.707899999999997753e-01
2.716450000000000253e-01 -1.707899999999997753e-01
2.716450000000000253e-01 -1.707899999999997753e-01
2.716450000000000253e-01 -1.707899999999997753e-01
2.716450000000000253e-01 -1.707899999999997753e-01
2.716450000000000253e-01 -1.707899999999997753e-01
2.716399999999999926e-01 -1.707999999999998408e-01
2.716399999999999926e-01 -1.707999999999998408e-01
2.716399999999999926e-01 -1.707999999999998408e-01
2.716399999999999926e-01 -1.707999999999998408e-01
2.716389999999999638e-01 -1.707999999999998408e-01
2.716349999999999598e-01 -1.708099999999999064e-01
2.716349999999999598e-01 -1.708099999999999064e-01
2.716349999999999598e-01 -1.708099999999999064e-01
2.716349999999999598e-01 -1.708099999999999064e-01
2.716349999999999598e-01 -1.708099999999999064e-01
2.716299999999999826e-01 -1.708099999999999064e-01
2.716299999999999826e-01 -1.708099999999999064e-01
2.716299999999999826e-01 -1.708099999999999064e-01
2.716299999999999826e-01 -1.708099999999999064e-01
2.716290000000000093e-01 -1.708099999999999064e-01
2.716250000000000053e-01 -1.708199999999999719e-01
2.716250000000000053e-01 -1.708199999999999719e-01
2.716250000000000053e-01 -1.708199999999999719e-01
2.716250000000000053e-01 -1.708199999999999719e-01
2.716239999999999766e-01 -1.708199999999999719e-01
2.716199999999999726e-01 -1.708300000000000374e-01
2.716199999999999726e-01 -1.708300000000000374e-01
2.716199999999999726e-01 -1.708300000000000374e-01
2.716199999999999726e-01 -1.708300000000000374e-01
2.716199999999999726e-01 -1.708300000000000374e-01
2.716149999999999953e-01 -1.708300000000000374e-01
2.716149999999999953e-01 -1.708400000000001029e-01
2.716149999999999953e-01 -1.708400000000001029e-01
2.716149999999999953e-01 -1.708400000000001029e-01
2.716149999999999953e-01 -1.708400000000001029e-01
2.716100000000000181e-01 -1.708400000000001029e-01
2.716100000000000181e-01 -1.708400000000001029e-01
2.716100000000000181e-01 -1.708400000000001029e-01
2.716100000000000181e-01 -1.708400000000001029e-01
2.716089999999999893e-01 -1.708400000000001029e-01
2.716049999999999853e-01 -1.708500000000001684e-01
2.716049999999999853e-01 -1.708500000000001684e-01
2.716049999999999853e-01 -1.708500000000001684e-01
2.716049999999999853e-01 -1.708500000000001684e-01
2.716049999999999853e-01 -1.708500000000001684e-01
2.716009999999999813e-01 -1.708599999999997898e-01
2.716000000000000081e-01 -1.708599999999997898e-01
2.716000000000000081e-01 -1.708599999999997898e-01
2.716000000000000081e-01 -1.708599999999997898e-01
2.716000000000000081e-01 -1.708599999999997898e-01
2.715950000000000308e-01 -1.708599999999997898e-01
2.715950000000000308e-01 -1.708599999999997898e-01
2.715950000000000308e-01 -1.708599999999997898e-01
2.715950000000000308e-01 -1.708599999999997898e-01
2.715940000000000021e-01 -1.708599999999997898e-01
2.715899999999999981e-01 -1.708699999999998553e-01
2.715899999999999981e-01 -1.708699999999998553e-01
2.715899999999999981e-01 -1.708699999999998553e-01
2.715899999999999981e-01 -1.708699999999998553e-01
2.715899999999999981e-01 -1.708699999999998553e-01
2.715859999999999941e-01 -1.708799999999999208e-01
2.715859999999999941e-01 -1.708799999999999208e-01
2.715859999999999941e-01 -1.708799999999999208e-01
2.715859999999999941e-01 -1.708799999999999208e-01
2.715859999999999941e-01 -1.708799999999999208e-01
2.715809999999999613e-01 -1.708799999999999208e-01
2.715809999999999613e-01 -1.708799999999999208e-01
2.715809999999999613e-01 -1.708799999999999208e-01
2.715809999999999613e-01 -1.708799999999999208e-01
2.715809999999999613e-01 -1.708799999999999208e-01
2.715759999999999841e-01 -1.708899999999999864e-01
2.715759999999999841e-01 -1.708899999999999864e-01
2.715759999999999841e-01 -1.708899999999999864e-01
2.715759999999999841e-01 -1.708899999999999864e-01
2.715759999999999841e-01 -1.708899999999999864e-01
2.715720000000000356e-01 -1.709000000000000519e-01
2.715720000000000356e-01 -1.709000000000000519e-01
2.715720000000000356e-01 -1.709000000000000519e-01
2.715720000000000356e-01 -1.709000000000000519e-01
2.715720000000000356e-01 -1.709000000000000519e-01
2.715670000000000028e-01 -1.709000000000000519e-01
2.715670000000000028e-01 -1.709000000000000519e-01
2.715659999999999741e-01 -1.709000000000000519e-01
2.715659999999999741e-01 -1.709000000000000519e-01
2.715659999999999741e-01 -1.709000000000000519e-01
2.715619999999999701e-01 -1.709100000000001174e-01
2.715619999999999701e-01 -1.709100000000001174e-01
2.715619999999999701e-01 -1.709100000000001174e-01
2.715619999999999701e-01 -1.709100000000001174e-01
2.715619999999999701e-01 -1.709100000000001174e-01
2.715579999999999661e-01 -1.709200000000001829e-01
2.715579999999999661e-01 -1.709200000000001829e-01
2.715579999999999661e-01 -1.709200000000001829e-01
2.715569999999999928e-01 -1.709200000000001829e-01
2.715569999999999928e-01 -1.709200000000001829e-01
2.715520000000000156e-01 -1.709200000000001829e-01
2.715520000000000156e-01 -1.709200000000001829e-01
2.715520000000000156e-01 -1.709200000000001829e-01
2.715520000000000156e-01 -1.709200000000001829e-01
2.715520000000000156e-01 -1.709200000000001829e-01
2.715480000000000116e-01 -1.709299999999998043e-01
2.715469999999999828e-01 -1.709299999999998043e-01
2.715469999999999828e-01 -1.709299999999998043e-01
2.715469999999999828e-01 -1.709299999999998043e-01
2.715469999999999828e-01 -1.709299999999998043e-01
2.715429999999999788e-01 -1.709399999999998698e-01
2.715429999999999788e-01 -1.709399999999998698e-01
2.715420000000000056e-01 -1.709399999999998698e-01
2.715420000000000056e-01 -1.709399999999998698e-01
2.715420000000000056e-01 -1.709399999999998698e-01
2.715370000000000283e-01 -1.709399999999998698e-01
2.715370000000000283e-01 -1.709399999999998698e-01
2.715370000000000283e-01 -1.709399999999998698e-01
2.715370000000000283e-01 -1.709399999999998698e-01
2.715370000000000283e-01 -1.709399999999998698e-01
2.715330000000000243e-01 -1.709499999999999353e-01
2.715319999999999956e-01 -1.709499999999999353e-01
2.715319999999999956e-01 -1.709499999999999353e-01
2.715319999999999956e-01 -1.709499999999999353e-01
2.715319999999999956e-01 -1.709499999999999353e-01
2.715279999999999916e-01 -1.709600000000000009e-01
2.715279999999999916e-01 -1.709600000000000009e-01
2.715279999999999916e-01 -1.709600000000000009e-01
2.715269999999999628e-01 -1.709600000000000009e-01
2.715269999999999628e-01 -1.709600000000000009e-01
2.715229999999999588e-01 -1.709600000000000009e-01
2.715229999999999588e-01 -1.709600000000000009e-01
2.715219999999999856e-01 -1.709600000000000009e-01
2.715219999999999856e-01 -1.709600000000000009e-01
2.715219999999999856e-01 -1.709600000000000009e-01
2.715170000000000083e-01 -1.709700000000000664e-01
2.715170000000000083e-01 -1.709700000000000664e-01
2.715170000000000083e-01 -1.709700000000000664e-01
2.715170000000000083e-01 -1.709700000000000664e-01
2.715170000000000083e-01 -1.709700000000000664e-01
2.715130000000000043e-01 -1.709800000000001319e-01
2.715130000000000043e-01 -1.709800000000001319e-01
2.715119999999999756e-01 -1.709800000000001319e-01
2.715119999999999756e-01 -1.709800000000001319e-01
2.715119999999999756e-01 -1.709800000000001319e-01
2.715069999999999983e-01 -1.709800000000001319e-01
2.715069999999999983e-01 -1.709800000000001319e-01
2.715069999999999983e-01 -1.709800000000001319e-01
2.715069999999999983e-01 -1.709800000000001319e-01
2.715069999999999983e-01 -1.709800000000001319e-01
2.715020000000000211e-01 -1.709899999999997533e-01
2.715020000000000211e-01 -1.709899999999997533e-01
2.715020000000000211e-01 -1.709899999999997533e-01
2.715020000000000211e-01 -1.709899999999997533e-01
2.715020000000000211e-01 -1.709899999999997533e-01
2.714969999999999883e-01 -1.709999999999998188e-01
2.714969999999999883e-01 -1.709999999999998188e-01
2.714969999999999883e-01 -1.709999999999998188e-01
2.714969999999999883e-01 -1.709999999999998188e-01
2.714969999999999883e-01 -1.709999999999998188e-01
2.714919999999999556e-01 -1.709999999999998188e-01
2.714919999999999556e-01 -1.709999999999998188e-01
2.714919999999999556e-01 -1.709999999999998188e-01
2.714919999999999556e-01 -1.709999999999998188e-01
2.714909999999999823e-01 -1.709999999999998188e-01
2.714870000000000339e-01 -1.710099999999998843e-01
2.714870000000000339e-01 -1.710099999999998843e-01
2.714870000000000339e-01 -1.710099999999998843e-01
2.714860000000000051e-01 -1.710099999999998843e-01
2.714860000000000051e-01 -1.710099999999998843e-01
2.714820000000000011e-01 -1.710199999999999498e-01
2.714820000000000011e-01 -1.710199999999999498e-01
2.714820000000000011e-01 -1.710199999999999498e-01
2.714820000000000011e-01 -1.710199999999999498e-01
2.714809999999999723e-01 -1.710199999999999498e-01
2.714769999999999683e-01 -1.710199999999999498e-01
2.714759999999999951e-01 -1.710199999999999498e-01
2.714759999999999951e-01 -1.710199999999999498e-01
2.714759999999999951e-01 -1.710199999999999498e-01
2.714759999999999951e-01 -1.710199999999999498e-01
2.714710000000000178e-01 -1.710300000000000153e-01
2.714710000000000178e-01 -1.710300000000000153e-01
2.714710000000000178e-01 -1.710300000000000153e-01
2.714710000000000178e-01 -1.710300000000000153e-01
2.714710000000000178e-01 -1.710300000000000153e-01
2.714670000000000138e-01 -1.710400000000000809e-01
2.714659999999999851e-01 -1.710400000000000809e-01
2.714659999999999851e-01 -1.710400000000000809e-01
2.714659999999999851e-01 -1.710400000000000809e-01
2.714659999999999851e-01 -1.710400000000000809e-01
2.714610000000000078e-01 -1.710400000000000809e-01
2.714610000000000078e-01 -1.710400000000000809e-01
2.714610000000000078e-01 -1.710400000000000809e-01
2.714610000000000078e-01 -1.710400000000000809e-01
2.714610000000000078e-01 -1.710400000000000809e-01
2.714560000000000306e-01 -1.710500000000001464e-01
2.714560000000000306e-01 -1.710500000000001464e-01
2.714560000000000306e-01 -1.710500000000001464e-01
2.714560000000000306e-01 -1.710500000000001464e-01
2.714560000000000306e-01 -1.710500000000001464e-01
2.714509999999999978e-01 -1.710599999999997678e-01
2.714509999999999978e-01 -1.710599999999997678e-01
2.714509999999999978e-01 -1.710599999999997678e-01
2.714509999999999978e-01 -1.710599999999997678e-01
2.714509999999999978e-01 -1.710599999999997678e-01
2.714459999999999651e-01 -1.710599999999997678e-01
2.714459999999999651e-01 -1.710699999999998333e-01
2.714459999999999651e-01 -1.710699999999998333e-01
2.714459999999999651e-01 -1.710699999999998333e-01
2.714459999999999651e-01 -1.710699999999998333e-01
2.714409999999999878e-01 -1.710699999999998333e-01
2.714409999999999878e-01 -1.710699999999998333e-01
2.714409999999999878e-01 -1.710699999999998333e-01
2.714409999999999878e-01 -1.710699999999998333e-01
2.714400000000000146e-01 -1.710699999999998333e-01
2.714360000000000106e-01 -1.710799999999998988e-01
2.714360000000000106e-01 -1.710799999999998988e-01
2.714360000000000106e-01 -1.710799999999998988e-01
2.714360000000000106e-01 -1.710799999999998988e-01
2.714349999999999818e-01 -1.710799999999998988e-01
2.714309999999999778e-01 -1.710899999999999643e-01
2.714309999999999778e-01 -1.710899999999999643e-01
2.714309999999999778e-01 -1.710899999999999643e-01
2.714300000000000046e-01 -1.710899999999999643e-01
2.714300000000000046e-01 -1.710899999999999643e-01
2.714250000000000274e-01 -1.710899999999999643e-01
2.714250000000000274e-01 -1.710899999999999643e-01
2.714250000000000274e-01 -1.710899999999999643e-01
2.714250000000000274e-01 -1.710899999999999643e-01
2.714250000000000274e-01 -1.710899999999999643e-01
2.714199999999999946e-01 -1.711000000000000298e-01
2.714199999999999946e-01 -1.711000000000000298e-01
2.714199999999999946e-01 -1.711000000000000298e-01
2.714199999999999946e-01 -1.711000000000000298e-01
2.714199999999999946e-01 -1.711000000000000298e-01
2.714159999999999906e-01 -1.711100000000000954e-01
2.714149999999999618e-01 -1.711100000000000954e-01
2.714149999999999618e-01 -1.711100000000000954e-01
2.714149999999999618e-01 -1.711100000000000954e-01
2.714149999999999618e-01 -1.711100000000000954e-01
2.714109999999999578e-01 -1.711100000000000954e-01
2.714099999999999846e-01 -1.711100000000000954e-01
2.714099999999999846e-01 -1.711100000000000954e-01
2.714099999999999846e-01 -1.711100000000000954e-01
2.714099999999999846e-01 -1.711100000000000954e-01
2.714050000000000074e-01 -1.711200000000001609e-01
2.714050000000000074e-01 -1.711200000000001609e-01
2.714050000000000074e-01 -1.711200000000001609e-01
2.714050000000000074e-01 -1.711200000000001609e-01
2.714050000000000074e-01 -1.711200000000001609e-01
2.713999999999999746e-01 -1.711299999999997823e-01
2.713999999999999746e-01 -1.711299999999997823e-01
2.713999999999999746e-01 -1.711299999999997823e-01
2.713999999999999746e-01 -1.711299999999997823e-01
2.713999999999999746e-01 -1.711299999999997823e-01
2.713949999999999974e-01 -1.711299999999997823e-01
2.713949999999999974e-01 -1.711399999999998478e-01
2.713949999999999974e-01 -1.711399999999998478e-01
2.713949999999999974e-01 -1.711399999999998478e-01
2.713949999999999974e-01 -1.711399999999998478e-01
2.713900000000000201e-01 -1.711399999999998478e-01
2.713900000000000201e-01 -1.711399999999998478e-01
2.713900000000000201e-01 -1.711399999999998478e-01
2.713900000000000201e-01 -1.711399999999998478e-01
2.713889999999999914e-01 -1.711399999999998478e-01
2.713849999999999874e-01 -1.711499999999999133e-01
2.713849999999999874e-01 -1.711499999999999133e-01
2.713849999999999874e-01 -1.711499999999999133e-01
2.713849999999999874e-01 -1.711499999999999133e-01
2.713839999999999586e-01 -1.711499999999999133e-01
2.713799999999999546e-01 -1.711599999999999788e-01
2.713799999999999546e-01 -1.711599999999999788e-01
2.713790000000000369e-01 -1.711599999999999788e-01
2.713790000000000369e-01 -1.711599999999999788e-01
2.713790000000000369e-01 -1.711599999999999788e-01
2.713740000000000041e-01 -1.711599999999999788e-01
2.713740000000000041e-01 -1.711599999999999788e-01
2.713740000000000041e-01 -1.711599999999999788e-01
2.713740000000000041e-01 -1.711599999999999788e-01
2.713740000000000041e-01 -1.711599999999999788e-01
2.713700000000000001e-01 -1.711700000000000443e-01
2.713689999999999714e-01 -1.711700000000000443e-01
2.713689999999999714e-01 -1.711700000000000443e-01
2.713689999999999714e-01 -1.711700000000000443e-01
2.713689999999999714e-01 -1.711700000000000443e-01
2.713639999999999941e-01 -1.711800000000001098e-01
2.713639999999999941e-01 -1.711800000000001098e-01
2.713639999999999941e-01 -1.711800000000001098e-01
2.713639999999999941e-01 -1.711800000000001098e-01
2.713639999999999941e-01 -1.711800000000001098e-01
2.713590000000000169e-01 -1.711800000000001098e-01
2.713590000000000169e-01 -1.711800000000001098e-01
2.713590000000000169e-01 -1.711800000000001098e-01
2.713579999999999881e-01 -1.711800000000001098e-01
2.713579999999999881e-01 -1.711800000000001098e-01
2.713539999999999841e-01 -1.711900000000001754e-01
2.713539999999999841e-01 -1.711900000000001754e-01
2.713529999999999553e-01 -1.711900000000001754e-01
2.713529999999999553e-01 -1.711900000000001754e-01
2.713529999999999553e-01 -1.711900000000001754e-01
2.713480000000000336e-01 -1.711999999999997968e-01
2.713480000000000336e-01 -1.711999999999997968e-01
2.713480000000000336e-01 -1.711999999999997968e-01
2.713480000000000336e-01 -1.711999999999997968e-01
2.713480000000000336e-01 -1.711999999999997968e-01
2.713430000000000009e-01 -1.712099999999998623e-01
2.713430000000000009e-01 -1.712099999999998623e-01
2.713430000000000009e-01 -1.712099999999998623e-01
2.713419999999999721e-01 -1.712099999999998623e-01
2.713419999999999721e-01 -1.712099999999998623e-01
2.713379999999999681e-01 -1.712099999999998623e-01
2.713379999999999681e-01 -1.712099999999998623e-01
2.713379999999999681e-01 -1.712099999999998623e-01
2.713379999999999681e-01 -1.712099999999998623e-01
2.713369999999999949e-01 -1.712099999999998623e-01
2.713329999999999909e-01 -1.712199999999999278e-01
2.713320000000000176e-01 -1.712199999999999278e-01
2.713320000000000176e-01 -1.712199999999999278e-01
2.713320000000000176e-01 -1.712199999999999278e-01
2.713320000000000176e-01 -1.712199999999999278e-01
2.713269999999999849e-01 -1.712299999999999933e-01
2.713269999999999849e-01 -1.712299999999999933e-01
2.713269999999999849e-01 -1.712299999999999933e-01
2.713259999999999561e-01 -1.712299999999999933e-01
2.713259999999999561e-01 -1.712299999999999933e-01
2.713220000000000076e-01 -1.712299999999999933e-01
2.713220000000000076e-01 -1.712299999999999933e-01
2.713220000000000076e-01 -1.712299999999999933e-01
2.713220000000000076e-01 -1.712299999999999933e-01
2.713220000000000076e-01 -1.712299999999999933e-01
2.713170000000000304e-01 -1.712400000000000588e-01
2.713170000000000304e-01 -1.712400000000000588e-01
2.713170000000000304e-01 -1.712400000000000588e-01
2.713160000000000016e-01 -1.712400000000000588e-01
2.713160000000000016e-01 -1.712400000000000588e-01
2.713109999999999689e-01 -1.712400000000000588e-01
2.713109999999999689e-01 -1.712500000000001243e-01
2.713109999999999689e-01 -1.712500000000001243e-01
2.713109999999999689e-01 -1.712500000000001243e-01
2.713109999999999689e-01 -1.712500000000001243e-01
2.713059999999999916e-01 -1.712500000000001243e-01
2.713059999999999916e-01 -1.712500000000001243e-01
2.713059999999999916e-01 -1.712500000000001243e-01
2.713059999999999916e-01 -1.712500000000001243e-01
2.713059999999999916e-01 -1.712500000000001243e-01
2.713019999999999876e-01 -1.712599999999997458e-01
2.713010000000000144e-01 -1.712599999999997458e-01
2.713010000000000144e-01 -1.712599999999997458e-01
2.713010000000000144e-01 -1.712599999999997458e-01
2.713010000000000144e-01 -1.712599999999997458e-01
2.712959999999999816e-01 -1.712599999999997458e-01
2.712959999999999816e-01 -1.712599999999997458e-01
2.712959999999999816e-01 -1.712599999999997458e-01
2.712959999999999816e-01 -1.712599999999997458e-01
2.712959999999999816e-01 -1.712599999999997458e-01
2.712919999999999776e-01 -1.712699999999998113e-01
2.712910000000000044e-01 -1.712699999999998113e-01
2.712910000000000044e-01 -1.712699999999998113e-01
2.712910000000000044e-01 -1.712699999999998113e-01
2.712910000000000044e-01 -1.712699999999998113e-01
2.712870000000000004e-01 -1.712799999999998768e-01
2.712870000000000004e-01 -1.712799999999998768e-01
2.712870000000000004e-01 -1.712799999999998768e-01
2.712870000000000004e-01 -1.712799999999998768e-01
2.712870000000000004e-01 -1.712799999999998768e-01
2.712820000000000231e-01 -1.712799999999998768e-01
2.712820000000000231e-01 -1.712799999999998768e-01
2.712820000000000231e-01 -1.712799999999998768e-01
2.712809999999999944e-01 -1.712799999999998768e-01
2.712809999999999944e-01 -1.712799999999998768e-01
2.712769999999999904e-01 -1.712899999999999423e-01
2.712769999999999904e-01 -1.712899999999999423e-01
2.712769999999999904e-01 -1.712899999999999423e-01
2.712769999999999904e-01 -1.712899999999999423e-01
2.712769999999999904e-01 -1.712899999999999423e-01
2.712719999999999576e-01 -1.713000000000000078e-01
2.712719999999999576e-01 -1.713000000000000078e-01
2.712719999999999576e-01 -1.713000000000000078e-01
2.712719999999999576e-01 -1.713000000000000078e-01
2.712719999999999576e-01 -1.713000000000000078e-01
2.712670000000000359e-01 -1.713000000000000078e-01
2.712670000000000359e-01 -1.713000000000000078e-01
2.712670000000000359e-01 -1.713000000000000078e-01
2.712670000000000359e-01 -1.713000000000000078e-01
2.712670000000000359e-01 -1.713000000000000078e-01
2.712630000000000319e-01 -1.713100000000000733e-01
2.712630000000000319e-01 -1.713100000000000733e-01
2.712630000000000319e-01 -1.713100000000000733e-01
2.712620000000000031e-01 -1.713100000000000733e-01
2.712620000000000031e-01 -1.713100000000000733e-01
2.712579999999999991e-01 -1.713100000000000733e-01
2.712579999999999991e-01 -1.713100000000000733e-01
2.712579999999999991e-01 -1.713100000000000733e-01
2.712579999999999991e-01 -1.713100000000000733e-01
2.712579999999999991e-01 -1.713200000000001388e-01
2.712529999999999664e-01 -1.713200000000001388e-01
2.712529999999999664e-01 -1.713200000000001388e-01
2.712529999999999664e-01 -1.713200000000001388e-01
2.712529999999999664e-01 -1.713200000000001388e-01
2.712529999999999664e-01 -1.713200000000001388e-01
2.712479999999999891e-01 -1.713299999999997603e-01
2.712479999999999891e-01 -1.713299999999997603e-01
2.712479999999999891e-01 -1.713299999999997603e-01
2.712479999999999891e-01 -1.713299999999997603e-01
2.712479999999999891e-01 -1.713299999999997603e-01
2.712439999999999851e-01 -1.713299999999997603e-01
2.712430000000000119e-01 -1.713299999999997603e-01
2.712430000000000119e-01 -1.713299999999997603e-01
2.712430000000000119e-01 -1.713299999999997603e-01
2.712430000000000119e-01 -1.713299999999997603e-01
2.712390000000000079e-01 -1.713399999999998258e-01
2.712379999999999791e-01 -1.713399999999998258e-01
2.712379999999999791e-01 -1.713399999999998258e-01
2.712379999999999791e-01 -1.713399999999998258e-01
2.712379999999999791e-01 -1.713399999999998258e-01
2.712339999999999751e-01 -1.713399999999998258e-01
2.712339999999999751e-01 -1.713399999999998258e-01
2.712339999999999751e-01 -1.713399999999998258e-01
2.712339999999999751e-01 -1.713399999999998258e-01
2.712330000000000019e-01 -1.713399999999998258e-01
2.712289999999999979e-01 -1.713499999999998913e-01
2.712289999999999979e-01 -1.713499999999998913e-01
2.712289999999999979e-01 -1.713499999999998913e-01
2.712289999999999979e-01 -1.713499999999998913e-01
2.712289999999999979e-01 -1.713499999999998913e-01
2.712240000000000206e-01 -1.713599999999999568e-01
2.712240000000000206e-01 -1.713599999999999568e-01
2.712240000000000206e-01 -1.713599999999999568e-01
2.712240000000000206e-01 -1.713599999999999568e-01
2.712240000000000206e-01 -1.713599999999999568e-01
2.712189999999999879e-01 -1.713599999999999568e-01
2.712189999999999879e-01 -1.713599999999999568e-01
2.712189999999999879e-01 -1.713599999999999568e-01
2.712189999999999879e-01 -1.713599999999999568e-01
2.712189999999999879e-01 -1.713599999999999568e-01
2.712139999999999551e-01 -1.713700000000000223e-01
2.712139999999999551e-01 -1.713700000000000223e-01
2.712139999999999551e-01 -1.713700000000000223e-01
2.712139999999999551e-01 -1.713700000000000223e-01
2.712139999999999551e-01 -1.713700000000000223e-01
2.712090000000000334e-01 -1.713700000000000223e-01
2.712090000000000334e-01 -1.713700000000000223e-01
2.712090000000000334e-01 -1.713700000000000223e-01
2.712090000000000334e-01 -1.713700000000000223e-01
2.712090000000000334e-01 -1.713700000000000223e-01
2.712040000000000006e-01 -1.713800000000000878e-01
2.712040000000000006e-01 -1.713800000000000878e-01
2.712040000000000006e-01 -1.713800000000000878e-01
2.712040000000000006e-01 -1.713800000000000878e-01
2.712040000000000006e-01 -1.713800000000000878e-01
2.711999999999999966e-01 -1.713800000000000878e-01
2.711999999999999966e-01 -1.713900000000001533e-01
2.711999999999999966e-01 -1.713900000000001533e-01
2.711999999999999966e-01 -1.713900000000001533e-01
2.711999999999999966e-01 -1.713900000000001533e-01
2.711959999999999926e-01 -1.713900000000001533e-01
2.711959999999999926e-01 -1.713900000000001533e-01
2.711959999999999926e-01 -1.713900000000001533e-01
2.711949999999999639e-01 -1.713900000000001533e-01
2.711949999999999639e-01 -1.713900000000001533e-01
2.711909999999999599e-01 -1.713999999999997748e-01
2.711909999999999599e-01 -1.713999999999997748e-01
2.711909999999999599e-01 -1.713999999999997748e-01
2.711909999999999599e-01 -1.713999999999997748e-01
2.711909999999999599e-01 -1.713999999999997748e-01
2.711869999999999559e-01 -1.713999999999997748e-01
2.711869999999999559e-01 -1.713999999999997748e-01
2.711859999999999826e-01 -1.713999999999997748e-01
2.711859999999999826e-01 -1.713999999999997748e-01
2.711859999999999826e-01 -1.713999999999997748e-01
2.711820000000000341e-01 -1.714099999999998403e-01
2.711820000000000341e-01 -1.714099999999998403e-01
2.711820000000000341e-01 -1.714099999999998403e-01
2.711820000000000341e-01 -1.714099999999998403e-01
2.711820000000000341e-01 -1.714099999999998403e-01
2.711780000000000301e-01 -1.714099999999998403e-01
2.711780000000000301e-01 -1.714099999999998403e-01
2.711780000000000301e-01 -1.714099999999998403e-01
2.711780000000000301e-01 -1.714099999999998403e-01
2.711770000000000014e-01 -1.714099999999998403e-01
2.711729999999999974e-01 -1.714199999999999058e-01
2.711729999999999974e-01 -1.714199999999999058e-01
2.711729999999999974e-01 -1.714199999999999058e-01
2.711729999999999974e-01 -1.714199999999999058e-01
2.711729999999999974e-01 -1.714199999999999058e-01
2.711689999999999934e-01 -1.714299999999999713e-01
2.711689999999999934e-01 -1.714299999999999713e-01
2.711689999999999934e-01 -1.714299999999999713e-01
2.711689999999999934e-01 -1.714299999999999713e-01
2.711689999999999934e-01 -1.714299999999999713e-01
2.711649999999999894e-01 -1.714299999999999713e-01
2.711649999999999894e-01 -1.714299999999999713e-01
2.711649999999999894e-01 -1.714299999999999713e-01
2.711649999999999894e-01 -1.714299999999999713e-01
2.711649999999999894e-01 -1.714299999999999713e-01
2.711609999999999854e-01 -1.714400000000000368e-01
2.711609999999999854e-01 -1.714400000000000368e-01
2.711609999999999854e-01 -1.714400000000000368e-01
2.711609999999999854e-01 -1.714400000000000368e-01
2.711609999999999854e-01 -1.714400000000000368e-01
2.711569999999999814e-01 -1.714400000000000368e-01
2.711569999999999814e-01 -1.714400000000000368e-01
2.711569999999999814e-01 -1.714400000000000368e-01
2.711569999999999814e-01 -1.714400000000000368e-01
2.711569999999999814e-01 -1.714400000000000368e-01
2.711529999999999774e-01 -1.714500000000001023e-01
2.711529999999999774e-01 -1.714500000000001023e-01
2.711529999999999774e-01 -1.714500000000001023e-01
2.711529999999999774e-01 -1.714500000000001023e-01
2.711529999999999774e-01 -1.714500000000001023e-01
2.711489999999999734e-01 -1.714500000000001023e-01
2.711489999999999734e-01 -1.714500000000001023e-01
2.711489999999999734e-01 -1.714500000000001023e-01
2.711489999999999734e-01 -1.714500000000001023e-01
2.711489999999999734e-01 -1.714500000000001023e-01
2.711459999999999981e-01 -1.714600000000001678e-01
2.711459999999999981e-01 -1.714600000000001678e-01
2.711459999999999981e-01 -1.714600000000001678e-01
2.711449999999999694e-01 -1.714600000000001678e-01
2.711449999999999694e-01 -1.714600000000001678e-01
2.711419999999999941e-01 -1.714600000000001678e-01
2.711419999999999941e-01 -1.714699999999997893e-01
2.711419999999999941e-01 -1.714699999999997893e-01
2.711419999999999941e-01 -1.714699999999997893e-01
2.711419999999999941e-01 -1.714699999999997893e-01
2.711390000000000189e-01 -1.714699999999997893e-01
2.711390000000000189e-01 -1.714699999999997893e-01
2.711379999999999901e-01 -1.714699999999997893e-01
2.711379999999999901e-01 -1.714699999999997893e-01
2.711379999999999901e-01 -1.714699999999997893e-01
2.711350000000000149e-01 -1.714799999999998548e-01
2.711350000000000149e-01 -1.714799999999998548e-01
2.711350000000000149e-01 -1.714799999999998548e-01
2.711350000000000149e-01 -1.714799999999998548e-01
2.711339999999999861e-01 -1.714799999999998548e-01
2.711310000000000109e-01 -1.714799999999998548e-01
2.711310000000000109e-01 -1.714799999999998548e-01
2.711310000000000109e-01 -1.714799999999998548e-01
2.711310000000000109e-01 -1.714799999999998548e-01
2.711310000000000109e-01 -1.714799999999998548e-01
2.711280000000000356e-01 -1.714899999999999203e-01
2.711280000000000356e-01 -1.714899999999999203e-01
2.711270000000000069e-01 -1.714899999999999203e-01
2.711270000000000069e-01 -1.714899999999999203e-01
2.711270000000000069e-01 -1.714899999999999203e-01
2.711240000000000316e-01 -1.714899999999999203e-01
2.711240000000000316e-01 -1.714899999999999203e-01
2.711240000000000316e-01 -1.714899999999999203e-01
2.711240000000000316e-01 -1.714899999999999203e-01
2.711240000000000316e-01 -1.714899999999999203e-01
2.711210000000000009e-01 -1.714999999999999858e-01
2.711210000000000009e-01 -1.714999999999999858e-01
2.711210000000000009e-01 -1.714999999999999858e-01
2.711210000000000009e-01 -1.714999999999999858e-01
2.711200000000000276e-01 -1.714999999999999858e-01
2.711169999999999969e-01 -1.715100000000000513e-01
2.711169999999999969e-01 -1.715100000000000513e-01
2.711169999999999969e-01 -1.715100000000000513e-01
2.711169999999999969e-01 -1.715100000000000513e-01
2.711169999999999969e-01 -1.715100000000000513e-01
2.711139999999999661e-01 -1.715100000000000513e-01
2.711139999999999661e-01 -1.715100000000000513e-01
2.711139999999999661e-01 -1.715100000000000513e-01
2.711139999999999661e-01 -1.715100000000000513e-01
2.711129999999999929e-01 -1.715100000000000513e-01
2.711109999999999909e-01 -1.715200000000001168e-01
2.711109999999999909e-01 -1.715200000000001168e-01
2.711109999999999909e-01 -1.715200000000001168e-01
2.711109999999999909e-01 -1.715200000000001168e-01
2.711109999999999909e-01 -1.715200000000001168e-01
2.711080000000000156e-01 -1.715200000000001168e-01
2.711080000000000156e-01 -1.715200000000001168e-01
2.711069999999999869e-01 -1.715200000000001168e-01
2.711069999999999869e-01 -1.715200000000001168e-01
2.711069999999999869e-01 -1.715200000000001168e-01
2.711040000000000116e-01 -1.715300000000001823e-01
2.711040000000000116e-01 -1.715300000000001823e-01
2.711040000000000116e-01 -1.715300000000001823e-01
2.711040000000000116e-01 -1.715300000000001823e-01
2.711040000000000116e-01 -1.715300000000001823e-01
2.711010000000000364e-01 -1.715399999999998037e-01
2.711010000000000364e-01 -1.715399999999998037e-01
2.711010000000000364e-01 -1.715399999999998037e-01
2.711010000000000364e-01 -1.715399999999998037e-01
2.711010000000000364e-01 -1.715399999999998037e-01
2.710980000000000056e-01 -1.715399999999998037e-01
2.710980000000000056e-01 -1.715399999999998037e-01
2.710980000000000056e-01 -1.715399999999998037e-01
2.710980000000000056e-01 -1.715399999999998037e-01
2.710970000000000324e-01 -1.715399999999998037e-01
2.710940000000000016e-01 -1.715499999999998693e-01
2.710940000000000016e-01 -1.715499999999998693e-01
2.710940000000000016e-01 -1.715499999999998693e-01
2.710940000000000016e-01 -1.715499999999998693e-01
2.710940000000000016e-01 -1.715499999999998693e-01
2.710919999999999996e-01 -1.715499999999998693e-01
2.710919999999999996e-01 -1.715499999999998693e-01
2.710909999999999709e-01 -1.715499999999998693e-01
2.710909999999999709e-01 -1.715499999999998693e-01
2.710909999999999709e-01 -1.715499999999998693e-01
2.710890000000000244e-01 -1.715599999999999348e-01
2.710879999999999956e-01 -1.715599999999999348e-01
2.710879999999999956e-01 -1.715599999999999348e-01
2.710879999999999956e-01 -1.715599999999999348e-01
2.710879999999999956e-01 -1.715599999999999348e-01
2.710850000000000204e-01 -1.715599999999999348e-01
2.710850000000000204e-01 -1.715599999999999348e-01
2.710850000000000204e-01 -1.715599999999999348e-01
2.710850000000000204e-01 -1.715599999999999348e-01
2.710850000000000204e-01 -1.715599999999999348e-01
2.710819999999999896e-01 -1.715700000000000003e-01
2.710819999999999896e-01 -1.715700000000000003e-01
2.710819999999999896e-01 -1.715700000000000003e-01
2.710819999999999896e-01 -1.715700000000000003e-01
2.710819999999999896e-01 -1.715700000000000003e-01
2.710789999999999589e-01 -1.715700000000000003e-01
2.710789999999999589e-01 -1.715700000000000003e-01
2.710789999999999589e-01 -1.715800000000000658e-01
2.710789999999999589e-01 -1.715800000000000658e-01
2.710789999999999589e-01 -1.715800000000000658e-01
2.710759999999999836e-01 -1.715800000000000658e-01
2.710759999999999836e-01 -1.715800000000000658e-01
2.710759999999999836e-01 -1.715800000000000658e-01
2.710749999999999549e-01 -1.715800000000000658e-01
2.710749999999999549e-01 -1.715800000000000658e-01
2.710719999999999796e-01 -1.715900000000001313e-01
2.710719999999999796e-01 -1.715900000000001313e-01
2.710719999999999796e-01 -1.715900000000001313e-01
2.710719999999999796e-01 -1.715900000000001313e-01
2.710719999999999796e-01 -1.715900000000001313e-01
2.710690000000000044e-01 -1.715900000000001313e-01
2.710690000000000044e-01 -1.715900000000001313e-01
2.710690000000000044e-01 -1.715900000000001313e-01
2.710679999999999756e-01 -1.715900000000001313e-01
2.710679999999999756e-01 -1.715900000000001313e-01
2.710660000000000291e-01 -1.715999999999997527e-01
2.710650000000000004e-01 -1.715999999999997527e-01
2.710650000000000004e-01 -1.715999999999997527e-01
2.710650000000000004e-01 -1.715999999999997527e-01
2.710650000000000004e-01 -1.715999999999997527e-01
2.710620000000000251e-01 -1.715999999999997527e-01
2.710620000000000251e-01 -1.715999999999997527e-01
2.710620000000000251e-01 -1.715999999999997527e-01
2.710620000000000251e-01 -1.715999999999997527e-01
2.710609999999999964e-01 -1.715999999999997527e-01
2.710580000000000211e-01 -1.716099999999998182e-01
2.710580000000000211e-01 -1.716099999999998182e-01
2.710580000000000211e-01 -1.716099999999998182e-01
2.710580000000000211e-01 -1.716099999999998182e-01
2.710580000000000211e-01 -1.716099999999998182e-01
2.710549999999999904e-01 -1.716199999999998838e-01
2.710549999999999904e-01 -1.716199999999998838e-01
2.710540000000000171e-01 -1.716199999999998838e-01
2.710540000000000171e-01 -1.716199999999998838e-01
2.710540000000000171e-01 -1.716199999999998838e-01
2.710509999999999864e-01 -1.716199999999998838e-01
2.710509999999999864e-01 -1.716199999999998838e-01
2.710509999999999864e-01 -1.716199999999998838e-01
2.710509999999999864e-01 -1.716199999999998838e-01
2.710509999999999864e-01 -1.716199999999998838e-01
2.710469999999999824e-01 -1.716299999999999493e-01
2.710469999999999824e-01 -1.716299999999999493e-01
2.710469999999999824e-01 -1.716299999999999493e-01
2.710469999999999824e-01 -1.716299999999999493e-01
2.710469999999999824e-01 -1.716299999999999493e-01
2.710440000000000071e-01 -1.716299999999999493e-01
2.710430000000000339e-01 -1.716299999999999493e-01
2.710430000000000339e-01 -1.716299999999999493e-01
2.710430000000000339e-01 -1.716299999999999493e-01
2.710430000000000339e-01 -1.716299999999999493e-01
2.710400000000000031e-01 -1.716400000000000148e-01
2.710400000000000031e-01 -1.716400000000000148e-01
2.710400000000000031e-01 -1.716400000000000148e-01
2.710400000000000031e-01 -1.716400000000000148e-01
2.710390000000000299e-01 -1.716400000000000148e-01
2.710359999999999991e-01 -1.716400000000000148e-01
2.710359999999999991e-01 -1.716400000000000148e-01
2.710359999999999991e-01 -1.716400000000000148e-01
2.710359999999999991e-01 -1.716400000000000148e-01
2.710359999999999991e-01 -1.716400000000000148e-01
2.710319999999999951e-01 -1.716500000000000803e-01
2.710319999999999951e-01 -1.716500000000000803e-01
2.710319999999999951e-01 -1.716500000000000803e-01
2.710319999999999951e-01 -1.716500000000000803e-01
2.710319999999999951e-01 -1.716500000000000803e-01
2.710289999999999644e-01 -1.716500000000000803e-01
2.710289999999999644e-01 -1.716500000000000803e-01
2.710289999999999644e-01 -1.716600000000001458e-01
2.710279999999999911e-01 -1.716600000000001458e-01
2.710279999999999911e-01 -1.716600000000001458e-01
2.710249999999999604e-01 -1.716600000000001458e-01
2.710249999999999604e-01 -1.716600000000001458e-01
2.710249999999999604e-01 -1.716600000000001458e-01
2.710249999999999604e-01 -1.716600000000001458e-01
2.710249999999999604e-01 -1.716600000000001458e-01
2.710219999999999851e-01 -1.716699999999997672e-01
2.710219999999999851e-01 -1.716699999999997672e-01
2.710209999999999564e-01 -1.716699999999997672e-01
2.710209999999999564e-01 -1.716699999999997672e-01
2.710209999999999564e-01 -1.716699999999997672e-01
2.710179999999999811e-01 -1.716699999999997672e-01
2.710179999999999811e-01 -1.716699999999997672e-01
2.710179999999999811e-01 -1.716699999999997672e-01
2.710179999999999811e-01 -1.716699999999997672e-01
2.710179999999999811e-01 -1.716699999999997672e-01
2.710150000000000059e-01 -1.716799999999998327e-01
2.710150000000000059e-01 -1.716799999999998327e-01
2.710139999999999771e-01 -1.716799999999998327e-01
2.710139999999999771e-01 -1.716799999999998327e-01
2.710139999999999771e-01 -1.716799999999998327e-01
2.710110000000000019e-01 -1.716799999999998327e-01
2.710110000000000019e-01 -1.716799999999998327e-01
2.710110000000000019e-01 -1.716799999999998327e-01
2.710110000000000019e-01 -1.716799999999998327e-01
2.710110000000000019e-01 -1.716799999999998327e-01
2.710080000000000267e-01 -1.716899999999998983e-01
2.710080000000000267e-01 -1.716899999999998983e-01
2.710080000000000267e-01 -1.716899999999998983e-01
2.710069999999999979e-01 -1.716899999999998983e-01
2.710069999999999979e-01 -1.716899999999998983e-01
2.710040000000000227e-01 -1.716999999999999638e-01
2.710040000000000227e-01 -1.716999999999999638e-01
2.710040000000000227e-01 -1.716999999999999638e-01
2.710040000000000227e-01 -1.716999999999999638e-01
2.710040000000000227e-01 -1.716999999999999638e-01
2.710009999999999919e-01 -1.716999999999999638e-01
2.710009999999999919e-01 -1.716999999999999638e-01
2.710009999999999919e-01 -1.716999999999999638e-01
2.710009999999999919e-01 -1.716999999999999638e-01
2.710009999999999919e-01 -1.716999999999999638e-01
2.709969999999999879e-01 -1.717100000000000293e-01
2.709969999999999879e-01 -1.717100000000000293e-01
2.709969999999999879e-01 -1.717100000000000293e-01
2.709969999999999879e-01 -1.717100000000000293e-01
2.709969999999999879e-01 -1.717100000000000293e-01
2.709939999999999571e-01 -1.717100000000000293e-01
2.709939999999999571e-01 -1.717100000000000293e-01
2.709929999999999839e-01 -1.717100000000000293e-01
2.709929999999999839e-01 -1.717100000000000293e-01
2.709929999999999839e-01 -1.717100000000000293e-01
2.709900000000000087e-01 -1.717200000000000948e-01
2.709900000000000087e-01 -1.717200000000000948e-01
2.709900000000000087e-01 -1.717200000000000948e-01
2.709900000000000087e-01 -1.717200000000000948e-01
2.709900000000000087e-01 -1.717200000000000948e-01
2.709869999999999779e-01 -1.717200000000000948e-01
2.709869999999999779e-01 -1.717200000000000948e-01
2.709869999999999779e-01 -1.717200000000000948e-01
2.709869999999999779e-01 -1.717200000000000948e-01
2.709869999999999779e-01 -1.717200000000000948e-01
2.709840000000000027e-01 -1.717300000000001603e-01
2.709840000000000027e-01 -1.717300000000001603e-01
2.709840000000000027e-01 -1.717300000000001603e-01
2.709829999999999739e-01 -1.717300000000001603e-01
2.709829999999999739e-01 -1.717300000000001603e-01
2.709799999999999986e-01 -1.717300000000001603e-01
2.709799999999999986e-01 -1.717399999999997817e-01
2.709799999999999986e-01 -1.717399999999997817e-01
2.709799999999999986e-01 -1.717399999999997817e-01
2.709799999999999986e-01 -1.717399999999997817e-01
2.709779999999999966e-01 -1.717399999999997817e-01
2.709770000000000234e-01 -1.717399999999997817e-01
2.709770000000000234e-01 -1.717399999999997817e-01
2.709770000000000234e-01 -1.717399999999997817e-01
2.709770000000000234e-01 -1.717399999999997817e-01
2.709749999999999659e-01 -1.717499999999998472e-01
2.709749999999999659e-01 -1.717499999999998472e-01
2.709749999999999659e-01 -1.717499999999998472e-01
2.709739999999999926e-01 -1.717499999999998472e-01
2.709739999999999926e-01 -1.717499999999998472e-01
2.709719999999999906e-01 -1.717499999999998472e-01
2.709719999999999906e-01 -1.717499999999998472e-01
2.709709999999999619e-01 -1.717499999999998472e-01
2.709709999999999619e-01 -1.717499999999998472e-01
2.709709999999999619e-01 -1.717499999999998472e-01
2.709690000000000154e-01 -1.717599999999999127e-01
2.709690000000000154e-01 -1.717599999999999127e-01
2.709690000000000154e-01 -1.717599999999999127e-01
2.709679999999999866e-01 -1.717599999999999127e-01
2.709679999999999866e-01 -1.717599999999999127e-01
2.709659999999999846e-01 -1.717599999999999127e-01
2.709659999999999846e-01 -1.717599999999999127e-01
2.709659999999999846e-01 -1.717599999999999127e-01
2.709659999999999846e-01 -1.717599999999999127e-01
2.709650000000000114e-01 -1.717599999999999127e-01
2.709630000000000094e-01 -1.717699999999999783e-01
2.709630000000000094e-01 -1.717699999999999783e-01
2.709630000000000094e-01 -1.717699999999999783e-01
2.709630000000000094e-01 -1.717699999999999783e-01
2.709630000000000094e-01 -1.717699999999999783e-01
2.709599999999999786e-01 -1.717699999999999783e-01
2.709599999999999786e-01 -1.717699999999999783e-01
2.709599999999999786e-01 -1.717699999999999783e-01
2.709599999999999786e-01 -1.717699999999999783e-01
2.709599999999999786e-01 -1.717800000000000438e-01
2.709580000000000322e-01 -1.717800000000000438e-01
2.709570000000000034e-01 -1.717800000000000438e-01
2.709570000000000034e-01 -1.717800000000000438e-01
2.709570000000000034e-01 -1.717800000000000438e-01
2.709570000000000034e-01 -1.717800000000000438e-01
2.709550000000000014e-01 -1.717800000000000438e-01
2.709550000000000014e-01 -1.717900000000001093e-01
2.709550000000000014e-01 -1.717900000000001093e-01
2.709550000000000014e-01 -1.717900000000001093e-01
2.709540000000000282e-01 -1.717900000000001093e-01
2.709519999999999706e-01 -1.717900000000001093e-01
2.709519999999999706e-01 -1.717900000000001093e-01
2.709519999999999706e-01 -1.717900000000001093e-01
2.709519999999999706e-01 -1.717900000000001093e-01
2.709509999999999974e-01 -1.717900000000001093e-01
2.709489999999999954e-01 -1.718000000000001748e-01
2.709489999999999954e-01 -1.718000000000001748e-01
2.709489999999999954e-01 -1.718000000000001748e-01
2.709489999999999954e-01 -1.718000000000001748e-01
2.709489999999999954e-01 -1.718000000000001748e-01
2.709469999999999934e-01 -1.718000000000001748e-01
2.709460000000000202e-01 -1.718000000000001748e-01
2.709460000000000202e-01 -1.718000000000001748e-01
2.709460000000000202e-01 -1.718000000000001748e-01
2.709460000000000202e-01 -1.718000000000001748e-01
2.709429999999999894e-01 -1.718099999999997962e-01
2.709429999999999894e-01 -1.718099999999997962e-01
2.709429999999999894e-01 -1.718099999999997962e-01
2.709429999999999894e-01 -1.718099999999997962e-01
2.709429999999999894e-01 -1.718099999999997962e-01
2.709409999999999874e-01 -1.718099999999997962e-01
2.709409999999999874e-01 -1.718099999999997962e-01
2.709399999999999586e-01 -1.718099999999997962e-01
2.709399999999999586e-01 -1.718099999999997962e-01
2.709399999999999586e-01 -1.718099999999997962e-01
2.709380000000000122e-01 -1.718199999999998617e-01
2.709380000000000122e-01 -1.718199999999998617e-01
2.709380000000000122e-01 -1.718199999999998617e-01
2.709380000000000122e-01 -1.718199999999998617e-01
2.709369999999999834e-01 -1.718199999999998617e-01
2.709350000000000369e-01 -1.718199999999998617e-01
2.709350000000000369e-01 -1.718199999999998617e-01
2.709350000000000369e-01 -1.718199999999998617e-01
2.709350000000000369e-01 -1.718199999999998617e-01
2.709350000000000369e-01 -1.718199999999998617e-01
2.709320000000000062e-01 -1.718299999999999272e-01
2.709320000000000062e-01 -1.718299999999999272e-01
2.709320000000000062e-01 -1.718299999999999272e-01
2.709320000000000062e-01 -1.718299999999999272e-01
2.709320000000000062e-01 -1.718299999999999272e-01
2.709289999999999754e-01 -1.718299999999999272e-01
2.709289999999999754e-01 -1.718299999999999272e-01
2.709289999999999754e-01 -1.718299999999999272e-01
2.709289999999999754e-01 -1.718299999999999272e-01
2.709289999999999754e-01 -1.718299999999999272e-01
2.709270000000000289e-01 -1.718399999999999928e-01
2.709260000000000002e-01 -1.718399999999999928e-01
2.709260000000000002e-01 -1.718399999999999928e-01
2.709260000000000002e-01 -1.718399999999999928e-01
2.709260000000000002e-01 -1.718399999999999928e-01
2.709239999999999982e-01 -1.718399999999999928e-01
2.709230000000000249e-01 -1.718399999999999928e-01
2.709230000000000249e-01 -1.718399999999999928e-01
2.709230000000000249e-01 -1.718399999999999928e-01
2.709230000000000249e-01 -1.718399999999999928e-01
2.709209999999999674e-01 -1.718500000000000583e-01
2.709209999999999674e-01 -1.718500000000000583e-01
2.709209999999999674e-01 -1.718500000000000583e-01
2.709209999999999674e-01 -1.718500000000000583e-01
2.709199999999999942e-01 -1.718500000000000583e-01
2.709179999999999922e-01 -1.718500000000000583e-01
2.709179999999999922e-01 -1.718500000000000583e-01
2.709179999999999922e-01 -1.718500000000000583e-01
2.709179999999999922e-01 -1.718500000000000583e-01
2.709179999999999922e-01 -1.718500000000000583e-01
2.709150000000000169e-01 -1.718600000000001238e-01
2.709150000000000169e-01 -1.718600000000001238e-01
2.709150000000000169e-01 -1.718600000000001238e-01
2.709150000000000169e-01 -1.718600000000001238e-01
2.709150000000000169e-01 -1.718600000000001238e-01
2.709129999999999594e-01 -1.718600000000001238e-01
2.709129999999999594e-01 -1.718600000000001238e-01
2.709119999999999862e-01 -1.718600000000001238e-01
2.709119999999999862e-01 -1.718600000000001238e-01
2.709119999999999862e-01 -1.718600000000001238e-01
2.709099999999999842e-01 -1.718699999999997452e-01
2.709099999999999842e-01 -1.718699999999997452e-01
2.709099999999999842e-01 -1.718699999999997452e-01
2.709099999999999842e-01 -1.718699999999997452e-01
2.709089999999999554e-01 -1.718699999999997452e-01
2.709070000000000089e-01 -1.718699999999997452e-01
2.709070000000000089e-01 -1.718699999999997452e-01
2.709059999999999802e-01 -1.718699999999997452e-01
2.709059999999999802e-01 -1.718699999999997452e-01
2.709059999999999802e-01 -1.718699999999997452e-01
2.709040000000000337e-01 -1.718799999999998107e-01
2.709040000000000337e-01 -1.718799999999998107e-01
2.709040000000000337e-01 -1.718799999999998107e-01
2.709040000000000337e-01 -1.718799999999998107e-01
2.709040000000000337e-01 -1.718799999999998107e-01
2.709019999999999762e-01 -1.718799999999998107e-01
2.709019999999999762e-01 -1.718799999999998107e-01
2.709010000000000029e-01 -1.718799999999998107e-01
2.709010000000000029e-01 -1.718799999999998107e-01
2.709010000000000029e-01 -1.718799999999998107e-01
2.708979999999999722e-01 -1.718899999999998762e-01
2.708979999999999722e-01 -1.718899999999998762e-01
2.708979999999999722e-01 -1.718899999999998762e-01
2.708979999999999722e-01 -1.718899999999998762e-01
2.708979999999999722e-01 -1.718899999999998762e-01
2.708960000000000257e-01 -1.718899999999998762e-01
2.708949999999999969e-01 -1.718899999999998762e-01
2.708949999999999969e-01 -1.718899999999998762e-01
2.708949999999999969e-01 -1.718899999999998762e-01
2.708949999999999969e-01 -1.718899999999998762e-01
2.708929999999999949e-01 -1.718999999999999417e-01
2.708929999999999949e-01 -1.718999999999999417e-01
2.708929999999999949e-01 -1.718999999999999417e-01
2.708929999999999949e-01 -1.718999999999999417e-01
2.708920000000000217e-01 -1.718999999999999417e-01
2.708889999999999909e-01 -1.718999999999999417e-01
2.708889999999999909e-01 -1.718999999999999417e-01
2.708889999999999909e-01 -1.718999999999999417e-01
2.708889999999999909e-01 -1.718999999999999417e-01
2.708889999999999909e-01 -1.718999999999999417e-01
2.708869999999999889e-01 -1.718999999999999417e-01
2.708869999999999889e-01 -1.718999999999999417e-01
2.708859999999999602e-01 -1.718999999999999417e-01
2.708859999999999602e-01 -1.718999999999999417e-01
2.708859999999999602e-01 -1.719100000000000072e-01
2.708840000000000137e-01 -1.719100000000000072e-01
2.708840000000000137e-01 -1.719100000000000072e-01
2.708840000000000137e-01 -1.719100000000000072e-01
2.708840000000000137e-01 -1.719100000000000072e-01
2.708840000000000137e-01 -1.719100000000000072e-01
2.708809999999999829e-01 -1.719100000000000072e-01
2.708809999999999829e-01 -1.719100000000000072e-01
2.708809999999999829e-01 -1.719100000000000072e-01
2.708809999999999829e-01 -1.719100000000000072e-01
2.708809999999999829e-01 -1.719100000000000072e-01
2.708780000000000077e-01 -1.719200000000000728e-01
2.708780000000000077e-01 -1.719200000000000728e-01
2.708780000000000077e-01 -1.719200000000000728e-01
2.708780000000000077e-01 -1.719200000000000728e-01
2.708780000000000077e-01 -1.719200000000000728e-01
2.708760000000000057e-01 -1.719200000000000728e-01
2.708760000000000057e-01 -1.719200000000000728e-01
2.708760000000000057e-01 -1.719200000000000728e-01
2.708760000000000057e-01 -1.719200000000000728e-01
2.708760000000000057e-01 -1.719200000000000728e-01
2.708730000000000304e-01 -1.719300000000001383e-01
2.708730000000000304e-01 -1.719300000000001383e-01
2.708730000000000304e-01 -1.719300000000001383e-01
2.708730000000000304e-01 -1.719300000000001383e-01
2.708730000000000304e-01 -1.719300000000001383e-01
2.708709999999999729e-01 -1.719300000000001383e-01
2.708709999999999729e-01 -1.719300000000001383e-01
2.708709999999999729e-01 -1.719300000000001383e-01
2.708709999999999729e-01 -1.719300000000001383e-01
2.708709999999999729e-01 -1.719300000000001383e-01
2.708690000000000264e-01 -1.719399999999997597e-01
2.708690000000000264e-01 -1.719399999999997597e-01
2.708679999999999977e-01 -1.719399999999997597e-01
2.708679999999999977e-01 -1.719399999999997597e-01
2.708679999999999977e-01 -1.719399999999997597e-01
2.708659999999999957e-01 -1.719399999999997597e-01
2.708659999999999957e-01 -1.719399999999997597e-01
2.708659999999999957e-01 -1.719399999999997597e-01
2.708659999999999957e-01 -1.719399999999997597e-01
2.708659999999999957e-01 -1.719399999999997597e-01
2.708639999999999937e-01 -1.719399999999997597e-01
2.708639999999999937e-01 -1.719399999999997597e-01
2.708639999999999937e-01 -1.719399999999997597e-01
2.708639999999999937e-01 -1.719399999999997597e-01
2.708639999999999937e-01 -1.719499999999998252e-01
2.708610000000000184e-01 -1.719499999999998252e-01
2.708610000000000184e-01 -1.719499999999998252e-01
2.708610000000000184e-01 -1.719499999999998252e-01
2.708610000000000184e-01 -1.719499999999998252e-01
2.708610000000000184e-01 -1.719499999999998252e-01
2.708599999999999897e-01 -1.719499999999998252e-01
2.708599999999999897e-01 -1.719499999999998252e-01
2.708589999999999609e-01 -1.719499999999998252e-01
2.708589999999999609e-01 -1.719499999999998252e-01
2.708589999999999609e-01 -1.719499999999998252e-01
2.708570000000000144e-01 -1.719599999999998907e-01
2.708570000000000144e-01 -1.719599999999998907e-01
2.708570000000000144e-01 -1.719599999999998907e-01
2.708570000000000144e-01 -1.719599999999998907e-01
2.708570000000000144e-01 -1.719599999999998907e-01
2.708549999999999569e-01 -1.719599999999998907e-01
2.708549999999999569e-01 -1.719599999999998907e-01
2.708549999999999569e-01 -1.719599999999998907e-01
2.708549999999999569e-01 -1.719599999999998907e-01
2.708549999999999569e-01 -1.719599999999998907e-01
2.708539999999999837e-01 -1.719699999999999562e-01
2.708539999999999837e-01 -1.719699999999999562e-01
2.708539999999999837e-01 -1.719699999999999562e-01
2.708539999999999837e-01 -1.719699999999999562e-01
2.708530000000000104e-01 -1.719699999999999562e-01
2.708519999999999817e-01 -1.719699999999999562e-01
2.708510000000000084e-01 -1.719699999999999562e-01
2.708510000000000084e-01 -1.719699999999999562e-01
2.708510000000000084e-01 -1.719699999999999562e-01
2.708510000000000084e-01 -1.719699999999999562e-01
2.708500000000000352e-01 -1.719699999999999562e-01
2.708500000000000352e-01 -1.719699999999999562e-01
2.708490000000000064e-01 -1.719699999999999562e-01
2.708490000000000064e-01 -1.719800000000000217e-01
2.708490000000000064e-01 -1.719800000000000217e-01
2.708479999999999777e-01 -1.719800000000000217e-01
2.708479999999999777e-01 -1.719800000000000217e-01
2.708479999999999777e-01 -1.719800000000000217e-01
2.708479999999999777e-01 -1.719800000000000217e-01
2.708479999999999777e-01 -1.719800000000000217e-01
2.708460000000000312e-01 -1.719800000000000217e-01
2.708460000000000312e-01 -1.719800000000000217e-01
2.708460000000000312e-01 -1.719800000000000217e-01
2.708460000000000312e-01 -1.719800000000000217e-01
2.708460000000000312e-01 -1.719800000000000217e-01
2.708439999999999737e-01 -1.719900000000000873e-01
2.708439999999999737e-01 -1.719900000000000873e-01
2.708439999999999737e-01 -1.719900000000000873e-01
2.708439999999999737e-01 -1.719900000000000873e-01
2.708439999999999737e-01 -1.719900000000000873e-01
2.708430000000000004e-01 -1.719900000000000873e-01
2.708420000000000272e-01 -1.719900000000000873e-01
2.708420000000000272e-01 -1.719900000000000873e-01
2.708420000000000272e-01 -1.719900000000000873e-01
2.708420000000000272e-01 -1.719900000000000873e-01
2.708409999999999984e-01 -1.719900000000000873e-01
2.708399999999999697e-01 -1.720000000000001528e-01
2.708399999999999697e-01 -1.720000000000001528e-01
2.708399999999999697e-01 -1.720000000000001528e-01
2.708399999999999697e-01 -1.720000000000001528e-01
2.708389999999999964e-01 -1.720000000000001528e-01
2.708380000000000232e-01 -1.720000000000001528e-01
2.708380000000000232e-01 -1.720000000000001528e-01
2.708380000000000232e-01 -1.720000000000001528e-01
2.708380000000000232e-01 -1.720000000000001528e-01
2.708369999999999944e-01 -1.720000000000001528e-01
2.708369999999999944e-01 -1.720000000000001528e-01
2.708359999999999657e-01 -1.720000000000001528e-01
2.708359999999999657e-01 -1.720000000000001528e-01
2.708359999999999657e-01 -1.720000000000001528e-01
2.708349999999999924e-01 -1.720099999999997742e-01
2.708349999999999924e-01 -1.720099999999997742e-01
2.708349999999999924e-01 -1.720099999999997742e-01
2.708340000000000192e-01 -1.720099999999997742e-01
2.708340000000000192e-01 -1.720099999999997742e-01
2.708329999999999904e-01 -1.720099999999997742e-01
2.708329999999999904e-01 -1.720099999999997742e-01
2.708329999999999904e-01 -1.720099999999997742e-01
2.708329999999999904e-01 -1.720099999999997742e-01
2.708329999999999904e-01 -1.720099999999997742e-01
2.708309999999999884e-01 -1.720099999999997742e-01
2.708309999999999884e-01 -1.720099999999997742e-01
2.708309999999999884e-01 -1.720199999999998397e-01
2.708309999999999884e-01 -1.720199999999998397e-01
2.708309999999999884e-01 -1.720199999999998397e-01
2.708300000000000152e-01 -1.720199999999998397e-01
2.708300000000000152e-01 -1.720199999999998397e-01
2.708300000000000152e-01 -1.720199999999998397e-01
2.708300000000000152e-01 -1.720199999999998397e-01
2.708289999999999864e-01 -1.720199999999998397e-01
2.708279999999999577e-01 -1.720199999999998397e-01
2.708279999999999577e-01 -1.720199999999998397e-01
2.708279999999999577e-01 -1.720199999999998397e-01
2.708279999999999577e-01 -1.720199999999998397e-01
2.708279999999999577e-01 -1.720199999999998397e-01
2.708260000000000112e-01 -1.720299999999999052e-01
2.708260000000000112e-01 -1.720299999999999052e-01
2.708260000000000112e-01 -1.720299999999999052e-01
2.708260000000000112e-01 -1.720299999999999052e-01
2.708249999999999824e-01 -1.720299999999999052e-01
2.708249999999999824e-01 -1.720299999999999052e-01
2.708240000000000092e-01 -1.720299999999999052e-01
2.708240000000000092e-01 -1.720299999999999052e-01
2.708240000000000092e-01 -1.720299999999999052e-01
2.708240000000000092e-01 -1.720299999999999052e-01
2.708230000000000359e-01 -1.720299999999999052e-01
2.708230000000000359e-01 -1.720299999999999052e-01
2.708230000000000359e-01 -1.720299999999999052e-01
2.708220000000000072e-01 -1.720299999999999052e-01
2.708220000000000072e-01 -1.720299999999999052e-01
2.708209999999999784e-01 -1.720399999999999707e-01
2.708209999999999784e-01 -1.720399999999999707e-01
2.708200000000000052e-01 -1.720399999999999707e-01
2.708200000000000052e-01 -1.720399999999999707e-01
2.708200000000000052e-01 -1.720399999999999707e-01
2.708190000000000319e-01 -1.720399999999999707e-01
2.708190000000000319e-01 -1.720399999999999707e-01
2.708190000000000319e-01 -1.720399999999999707e-01
2.708190000000000319e-01 -1.720399999999999707e-01
2.708190000000000319e-01 -1.720399999999999707e-01
2.708180000000000032e-01 -1.720500000000000362e-01
2.708180000000000032e-01 -1.720500000000000362e-01
2.708169999999999744e-01 -1.720500000000000362e-01
2.708169999999999744e-01 -1.720500000000000362e-01
2.708169999999999744e-01 -1.720500000000000362e-01
2.708160000000000012e-01 -1.720500000000000362e-01
2.708160000000000012e-01 -1.720500000000000362e-01
2.708160000000000012e-01 -1.720500000000000362e-01
2.708160000000000012e-01 -1.720500000000000362e-01
2.708160000000000012e-01 -1.720500000000000362e-01
2.708150000000000279e-01 -1.720500000000000362e-01
2.708150000000000279e-01 -1.720500000000000362e-01
2.708150000000000279e-01 -1.720500000000000362e-01
2.708150000000000279e-01 -1.720500000000000362e-01
2.708150000000000279e-01 -1.720500000000000362e-01
2.708139999999999992e-01 -1.720600000000001017e-01
2.708129999999999704e-01 -1.720600000000001017e-01
2.708129999999999704e-01 -1.720600000000001017e-01
2.708129999999999704e-01 -1.720600000000001017e-01
2.708129999999999704e-01 -1.720600000000001017e-01
2.708119999999999972e-01 -1.720600000000001017e-01
2.708119999999999972e-01 -1.720600000000001017e-01
2.708119999999999972e-01 -1.720600000000001017e-01
2.708119999999999972e-01 -1.720600000000001017e-01
2.708119999999999972e-01 -1.720600000000001017e-01
2.708110000000000239e-01 -1.720600000000001017e-01
2.708110000000000239e-01 -1.720600000000001017e-01
2.708110000000000239e-01 -1.720600000000001017e-01
2.708110000000000239e-01 -1.720600000000001017e-01
2.708110000000000239e-01 -1.720600000000001017e-01
2.708099999999999952e-01 -1.720700000000001673e-01
2.708099999999999952e-01 -1.720700000000001673e-01
2.708099999999999952e-01 -1.720700000000001673e-01
2.708099999999999952e-01 -1.720700000000001673e-01
2.708099999999999952e-01 -1.720700000000001673e-01
2.708089999999999664e-01 -1.720700000000001673e-01
2.708089999999999664e-01 -1.720700000000001673e-01
2.708089999999999664e-01 -1.720700000000001673e-01
2.708089999999999664e-01 -1.720700000000001673e-01
2.708089999999999664e-01 -1.720700000000001673e-01
2.708079999999999932e-01 -1.720700000000001673e-01
2.708079999999999932e-01 -1.720700000000001673e-01
2.708079999999999932e-01 -1.720700000000001673e-01
2.708079999999999932e-01 -1.720799999999997887e-01
2.708079999999999932e-01 -1.720799999999997887e-01
2.708070000000000199e-01 -1.720799999999997887e-01
2.708070000000000199e-01 -1.720799999999997887e-01
2.708070000000000199e-01 -1.720799999999997887e-01
2.708070000000000199e-01 -1.720799999999997887e-01
2.708070000000000199e-01 -1.720799999999997887e-01
2.708059999999999912e-01 -1.720799999999997887e-01
2.708059999999999912e-01 -1.720799999999997887e-01
2.708059999999999912e-01 -1.720799999999997887e-01
2.708059999999999912e-01 -1.720799999999997887e-01
2.708059999999999912e-01 -1.720799999999997887e-01
2.708049999999999624e-01 -1.720899999999998542e-01
2.708049999999999624e-01 -1.720899999999998542e-01
2.708049999999999624e-01 -1.720899999999998542e-01
2.708049999999999624e-01 -1.720899999999998542e-01
2.708049999999999624e-01 -1.720899999999998542e-01
2.708039999999999892e-01 -1.720899999999998542e-01
2.708039999999999892e-01 -1.720899999999998542e-01
2.708039999999999892e-01 -1.720899999999998542e-01
2.708039999999999892e-01 -1.720899999999998542e-01
2.708039999999999892e-01 -1.720899999999998542e-01
2.708030000000000159e-01 -1.720899999999998542e-01
2.708030000000000159e-01 -1.720899999999998542e-01
2.708030000000000159e-01 -1.720899999999998542e-01
2.708030000000000159e-01 -1.720899999999998542e-01
2.708030000000000159e-01 -1.720899999999998542e-01
2.708030000000000159e-01 -1.720999999999999197e-01
2.708030000000000159e-01 -1.720999999999999197e-01
2.708019999999999872e-01 -1.720999999999999197e-01
2.708019999999999872e-01 -1.720999999999999197e-01
2.708019999999999872e-01 -1.720999999999999197e-01
2.708019999999999872e-01 -1.720999999999999197e-01
2.708019999999999872e-01 -1.720999999999999197e-01
2.708019999999999872e-01 -1.720999999999999197e-01
2.708019999999999872e-01 -1.720999999999999197e-01
2.708019999999999872e-01 -1.720999999999999197e-01
2.708019999999999872e-01 -1.720999999999999197e-01
2.708009999999999584e-01 -1.720999999999999197e-01
2.708009999999999584e-01 -1.720999999999999197e-01
2.708009999999999584e-01 -1.720999999999999197e-01
2.708009999999999584e-01 -1.720999999999999197e-01
2.707999999999999852e-01 -1.721099999999999852e-01
2.707999999999999852e-01 -1.721099999999999852e-01
2.707999999999999852e-01 -1.721099999999999852e-01
2.707999999999999852e-01 -1.721099999999999852e-01
2.707999999999999852e-01 -1.721099999999999852e-01
2.707990000000000119e-01 -1.721099999999999852e-01
2.707990000000000119e-01 -1.721099999999999852e-01
2.707990000000000119e-01 -1.721099999999999852e-01
2.707990000000000119e-01 -1.721099999999999852e-01
2.707990000000000119e-01 -1.721099999999999852e-01
2.707990000000000119e-01 -1.721099999999999852e-01
2.707990000000000119e-01 -1.721099999999999852e-01
2.707990000000000119e-01 -1.721099999999999852e-01
2.707990000000000119e-01 -1.721099999999999852e-01
2.707990000000000119e-01 -1.721099999999999852e-01
2.707979999999999832e-01 -1.721200000000000507e-01
2.707979999999999832e-01 -1.721200000000000507e-01
2.707979999999999832e-01 -1.721200000000000507e-01
2.707979999999999832e-01 -1.721200000000000507e-01
2.707979999999999832e-01 -1.721200000000000507e-01
2.707969999999999544e-01 -1.721200000000000507e-01
2.707969999999999544e-01 -1.721200000000000507e-01
2.707969999999999544e-01 -1.721200000000000507e-01
2.707969999999999544e-01 -1.721200000000000507e-01
2.707969999999999544e-01 -1.721200000000000507e-01
2.707969999999999544e-01 -1.721200000000000507e-01
2.707969999999999544e-01 -1.721200000000000507e-01
2.707960000000000367e-01 -1.721200000000000507e-01
2.707960000000000367e-01 -1.721200000000000507e-01
2.707960000000000367e-01 -1.721200000000000507e-01
2.707960000000000367e-01 -1.721300000000001162e-01
2.707960000000000367e-01 -1.721300000000001162e-01
2.707950000000000079e-01 -1.721300000000001162e-01
2.707950000000000079e-01 -1.721300000000001162e-01
2.707950000000000079e-01 -1.721300000000001162e-01
2.707939999999999792e-01 -1.721300000000001162e-01
2.707939999999999792e-01 -1.721300000000001162e-01
2.707939999999999792e-01 -1.721300000000001162e-01
2.707939999999999792e-01 -1.721300000000001162e-01
2.707939999999999792e-01 -1.721300000000001162e-01
2.707939999999999792e-01 -1.721300000000001162e-01
2.707939999999999792e-01 -1.721300000000001162e-01
2.707930000000000059e-01 -1.721300000000001162e-01
2.707930000000000059e-01 -1.721300000000001162e-01
2.707930000000000059e-01 -1.721300000000001162e-01
2.707920000000000327e-01 -1.721400000000001818e-01
2.707920000000000327e-01 -1.721400000000001818e-01
2.707920000000000327e-01 -1.721400000000001818e-01
2.707920000000000327e-01 -1.721400000000001818e-01
2.707920000000000327e-01 -1.721400000000001818e-01
2.707910000000000039e-01 -1.721400000000001818e-01
2.707910000000000039e-01 -1.721400000000001818e-01
2.707910000000000039e-01 -1.721400000000001818e-01
2.707910000000000039e-01 -1.721400000000001818e-01
2.707910000000000039e-01 -1.721400000000001818e-01
2.707899999999999752e-01 -1.721400000000001818e-01
2.707899999999999752e-01 -1.721400000000001818e-01
2.707899999999999752e-01 -1.721400000000001818e-01
2.707899999999999752e-01 -1.721400000000001818e-01
2.707899999999999752e-01 -1.721400000000001818e-01
2.707890000000000019e-01 -1.721499999999998032e-01
2.707890000000000019e-01 -1.721499999999998032e-01
2.707890000000000019e-01 -1.721499999999998032e-01
2.707890000000000019e-01 -1.721499999999998032e-01
2.707890000000000019e-01 -1.721499999999998032e-01
2.707880000000000287e-01 -1.721499999999998032e-01
2.707880000000000287e-01 -1.721499999999998032e-01
2.707880000000000287e-01 -1.721499999999998032e-01
2.707880000000000287e-01 -1.721499999999998032e-01
2.707880000000000287e-01 -1.721499999999998032e-01
2.707869999999999999e-01 -1.721499999999998032e-01
2.707869999999999999e-01 -1.721499999999998032e-01
2.707869999999999999e-01 -1.721499999999998032e-01
2.707869999999999999e-01 -1.721499999999998032e-01
2.707859999999999712e-01 -1.721499999999998032e-01
2.707859999999999712e-01 -1.721599999999998687e-01
2.707859999999999712e-01 -1.721599999999998687e-01
2.707849999999999979e-01 -1.721599999999998687e-01
2.707849999999999979e-01 -1.721599999999998687e-01
2.707849999999999979e-01 -1.721599999999998687e-01
2.707849999999999979e-01 -1.721599999999998687e-01
2.707849999999999979e-01 -1.721599999999998687e-01
2.707849999999999979e-01 -1.721599999999998687e-01
2.707849999999999979e-01 -1.721599999999998687e-01
2.707849999999999979e-01 -1.721599999999998687e-01
2.707840000000000247e-01 -1.721599999999998687e-01
2.707840000000000247e-01 -1.721599999999998687e-01
2.707840000000000247e-01 -1.721599999999998687e-01
2.707840000000000247e-01 -1.721599999999998687e-01
2.707840000000000247e-01 -1.721599999999998687e-01
2.707829999999999959e-01 -1.721699999999999342e-01
2.707829999999999959e-01 -1.721699999999999342e-01
2.707829999999999959e-01 -1.721699999999999342e-01
2.707829999999999959e-01 -1.721699999999999342e-01
2.707829999999999959e-01 -1.721699999999999342e-01
2.707829999999999959e-01 -1.721699999999999342e-01
2.707819999999999672e-01 -1.721699999999999342e-01
2.707819999999999672e-01 -1.721699999999999342e-01
2.707819999999999672e-01 -1.721699999999999342e-01
2.707819999999999672e-01 -1.721699999999999342e-01
2.707819999999999672e-01 -1.721699999999999342e-01
2.707809999999999939e-01 -1.721699999999999342e-01
2.707809999999999939e-01 -1.721699999999999342e-01
2.707809999999999939e-01 -1.721699999999999342e-01
2.707809999999999939e-01 -1.721699999999999342e-01
2.707809999999999939e-01 -1.721699999999999342e-01
2.707809999999999939e-01 -1.721699999999999342e-01
2.707809999999999939e-01 -1.721699999999999342e-01
2.707800000000000207e-01 -1.721699999999999342e-01
2.707800000000000207e-01 -1.721699999999999342e-01
2.707800000000000207e-01 -1.721799999999999997e-01
2.707800000000000207e-01 -1.721799999999999997e-01
2.707800000000000207e-01 -1.721799999999999997e-01
2.707800000000000207e-01 -1.721799999999999997e-01
2.707800000000000207e-01 -1.721799999999999997e-01
2.707800000000000207e-01 -1.721799999999999997e-01
2.707800000000000207e-01 -1.721799999999999997e-01
2.707800000000000207e-01 -1.721799999999999997e-01
2.707800000000000207e-01 -1.721799999999999997e-01
2.707789999999999919e-01 -1.721799999999999997e-01
2.707800000000000207e-01 -1.721799999999999997e-01
2.707800000000000207e-01 -1.721799999999999997e-01
2.707800000000000207e-01 -1.721799999999999997e-01
2.707800000000000207e-01 -1.721799999999999997e-01
2.707789999999999919e-01 -1.721799999999999997e-01
2.707789999999999919e-01 -1.721799999999999997e-01
2.707789999999999919e-01 -1.721799999999999997e-01
2.707789999999999919e-01 -1.721799999999999997e-01
2.707789999999999919e-01 -1.721799999999999997e-01
2.707789999999999919e-01 -1.721799999999999997e-01
2.707789999999999919e-01 -1.721900000000000652e-01
2.707789999999999919e-01 -1.721900000000000652e-01
2.707789999999999919e-01 -1.721900000000000652e-01
2.707789999999999919e-01 -1.721900000000000652e-01
2.707789999999999919e-01 -1.721900000000000652e-01
2.707800000000000207e-01 -1.721900000000000652e-01
2.707789999999999919e-01 -1.721900000000000652e-01
2.707789999999999919e-01 -1.721900000000000652e-01
2.707789999999999919e-01 -1.721900000000000652e-01
2.707789999999999919e-01 -1.721900000000000652e-01
2.707789999999999919e-01 -1.721900000000000652e-01
2.707789999999999919e-01 -1.721900000000000652e-01
2.707789999999999919e-01 -1.721900000000000652e-01
2.707789999999999919e-01 -1.721900000000000652e-01
2.707789999999999919e-01 -1.721900000000000652e-01
2.707789999999999919e-01 -1.721900000000000652e-01
2.707789999999999919e-01 -1.721900000000000652e-01
2.707789999999999919e-01 -1.721900000000000652e-01
2.707789999999999919e-01 -1.721900000000000652e-01
2.707789999999999919e-01 -1.721900000000000652e-01
2.707800000000000207e-01 -1.721900000000000652e-01
2.707800000000000207e-01 -1.721900000000000652e-01
2.707800000000000207e-01 -1.722000000000001307e-01
2.707789999999999919e-01 -1.722000000000001307e-01
2.707789999999999919e-01 -1.722000000000001307e-01
2.707800000000000207e-01 -1.722000000000001307e-01
2.707800000000000207e-01 -1.722000000000001307e-01
2.707800000000000207e-01 -1.722000000000001307e-01
2.707800000000000207e-01 -1.722000000000001307e-01
2.707789999999999919e-01 -1.722000000000001307e-01
2.707800000000000207e-01 -1.722000000000001307e-01
2.707800000000000207e-01 -1.722000000000001307e-01
2.707800000000000207e-01 -1.722000000000001307e-01
2.707800000000000207e-01 -1.722000000000001307e-01
2.707800000000000207e-01 -1.722000000000001307e-01
2.707809999999999939e-01 -1.722000000000001307e-01
2.707800000000000207e-01 -1.722000000000001307e-01
2.707800000000000207e-01 -1.722000000000001307e-01
2.707800000000000207e-01 -1.722000000000001307e-01
2.707800000000000207e-01 -1.722000000000001307e-01
2.707809999999999939e-01 -1.722000000000001307e-01
2.707809999999999939e-01 -1.722000000000001307e-01
2.707800000000000207e-01 -1.722000000000001307e-01
2.707800000000000207e-01 -1.722000000000001307e-01
2.707800000000000207e-01 -1.722000000000001307e-01
2.707809999999999939e-01 -1.722000000000001307e-01
2.707809999999999939e-01 -1.722000000000001307e-01
2.707809999999999939e-01 -1.722099999999997522e-01
2.707809999999999939e-01 -1.722099999999997522e-01
2.707809999999999939e-01 -1.722099999999997522e-01
2.707819999999999672e-01 -1.722099999999997522e-01
2.707809999999999939e-01 -1.722099999999997522e-01
2.707809999999999939e-01 -1.722099999999997522e-01
2.707809999999999939e-01 -1.722099999999997522e-01
2.707809999999999939e-01 -1.722099999999997522e-01
2.707819999999999672e-01 -1.722099999999997522e-01
2.707819999999999672e-01 -1.722099999999997522e-01
2.707819999999999672e-01 -1.722099999999997522e-01
2.707819999999999672e-01 -1.722099999999997522e-01
2.707809999999999939e-01 -1.722099999999997522e-01
2.707819999999999672e-01 -1.722099999999997522e-01
2.707819999999999672e-01 -1.722099999999997522e-01
2.707819999999999672e-01 -1.722099999999997522e-01
2.707819999999999672e-01 -1.722099999999997522e-01
2.707819999999999672e-01 -1.722099999999997522e-01
2.707829999999999959e-01 -1.722099999999997522e-01
2.707829999999999959e-01 -1.722099999999997522e-01
2.707819999999999672e-01 -1.722099999999997522e-01
2.707819999999999672e-01 -1.722099999999997522e-01
2.707819999999999672e-01 -1.722099999999997522e-01
2.707829999999999959e-01 -1.722099999999997522e-01
2.707829999999999959e-01 -1.722099999999997522e-01
2.707829999999999959e-01 -1.722099999999997522e-01
2.707829999999999959e-01 -1.722099999999997522e-01
2.707829999999999959e-01 -1.722099999999997522e-01
2.707829999999999959e-01 -1.722099999999997522e-01
2.707829999999999959e-01 -1.722099999999997522e-01
2.707829999999999959e-01 -1.722099999999997522e-01
2.707829999999999959e-01 -1.722099999999997522e-01
2.707819999999999672e-01 -1.722199999999998177e-01
2.707829999999999959e-01 -1.722199999999998177e-01
2.707829999999999959e-01 -1.722199999999998177e-01
2.707829999999999959e-01 -1.722199999999998177e-01
2.707829999999999959e-01 -1.722199999999998177e-01
2.707829999999999959e-01 -1.722199999999998177e-01
2.707840000000000247e-01 -1.722199999999998177e-01
2.707840000000000247e-01 -1.722199999999998177e-01
2.707840000000000247e-01 -1.722199999999998177e-01
2.707829999999999959e-01 -1.722199999999998177e-01
2.707829999999999959e-01 -1.722199999999998177e-01
2.707840000000000247e-01 -1.722199999999998177e-01
2.707840000000000247e-01 -1.722199999999998177e-01
2.707840000000000247e-01 -1.722199999999998177e-01
2.707829999999999959e-01 -1.722199999999998177e-01
2.707829999999999959e-01 -1.722199999999998177e-01
2.707840000000000247e-01 -1.722199999999998177e-01
2.707840000000000247e-01 -1.722199999999998177e-01
2.707840000000000247e-01 -1.722199999999998177e-01
2.707840000000000247e-01 -1.722199999999998177e-01
2.707829999999999959e-01 -1.722199999999998177e-01
2.707849999999999979e-01 -1.722199999999998177e-01
2.707849999999999979e-01 -1.722199999999998177e-01
2.707840000000000247e-01 -1.722199999999998177e-01
2.707840000000000247e-01 -1.722199999999998177e-01
2.707840000000000247e-01 -1.722199999999998177e-01
2.707849999999999979e-01 -1.722199999999998177e-01
2.707840000000000247e-01 -1.722199999999998177e-01
2.707840000000000247e-01 -1.722199999999998177e-01
2.707840000000000247e-01 -1.722199999999998177e-01
2.707840000000000247e-01 -1.722199999999998177e-01
2.707849999999999979e-01 -1.722199999999998177e-01
2.707849999999999979e-01 -1.722199999999998177e-01
2.707849999999999979e-01 -1.722199999999998177e-01
2.707849999999999979e-01 -1.722199999999998177e-01
2.707840000000000247e-01 -1.722199999999998177e-01
2.707849999999999979e-01 -1.722199999999998177e-01
2.707849999999999979e-01 -1.722199999999998177e-01
2.707849999999999979e-01 -1.722199999999998177e-01
2.707849999999999979e-01 -1.722199999999998177e-01
2.707849999999999979e-01 -1.722199999999998177e-01
2.707859999999999712e-01 -1.722199999999998177e-01
2.707849999999999979e-01 -1.722199999999998177e-01
2.707849999999999979e-01 -1.722199999999998177e-01
2.707849999999999979e-01 -1.722199999999998177e-01
2.707849999999999979e-01 -1.722199999999998177e-01
2.707859999999999712e-01 -1.722199999999998177e-01
2.707859999999999712e-01 -1.722199999999998177e-01
2.707859999999999712e-01 -1.722199999999998177e-01
2.707859999999999712e-01 -1.722199999999998177e-01
2.707849999999999979e-01 -1.722199999999998177e-01
2.707859999999999712e-01 -1.722199999999998177e-01
2.707859999999999712e-01 -1.722199999999998177e-01
2.707859999999999712e-01 -1.722199999999998177e-01
2.707859999999999712e-01 -1.722199999999998177e-01
2.707859999999999712e-01 -1.722199999999998177e-01
2.707869999999999999e-01 -1.722199999999998177e-01
2.707859999999999712e-01 -1.722199999999998177e-01
2.707859999999999712e-01 -1.722199999999998177e-01
2.707859999999999712e-01 -1.722199999999998177e-01
2.707859999999999712e-01 -1.722199999999998177e-01
2.707869999999999999e-01 -1.722199999999998177e-01
2.707869999999999999e-01 -1.722199999999998177e-01
2.707869999999999999e-01 -1.722199999999998177e-01
2.707869999999999999e-01 -1.722199999999998177e-01
2.707869999999999999e-01 -1.722199999999998177e-01
2.707869999999999999e-01 -1.722199999999998177e-01
2.707869999999999999e-01 -1.722199999999998177e-01
2.707869999999999999e-01 -1.722199999999998177e-01
2.707869999999999999e-01 -1.722199999999998177e-01
2.707869999999999999e-01 -1.722299999999998832e-01
2.707880000000000287e-01 -1.722199999999998177e-01
2.707880000000000287e-01 -1.722199999999998177e-01
2.707880000000000287e-01 -1.722199999999998177e-01
2.707880000000000287e-01 -1.722199999999998177e-01
2.707880000000000287e-01 -1.722199999999998177e-01
2.707890000000000019e-01 -1.722199999999998177e-01
2.707890000000000019e-01 -1.722199999999998177e-01
2.707880000000000287e-01 -1.722199999999998177e-01
2.707880000000000287e-01 -1.722199999999998177e-01
2.707880000000000287e-01 -1.722199999999998177e-01
2.707890000000000019e-01 -1.722199999999998177e-01
2.707890000000000019e-01 -1.722199999999998177e-01
2.707890000000000019e-01 -1.722199999999998177e-01
2.707890000000000019e-01 -1.722199999999998177e-01
2.707890000000000019e-01 -1.722299999999998832e-01
2.707899999999999752e-01 -1.722199999999998177e-01
2.707890000000000019e-01 -1.722199999999998177e-01
2.707890000000000019e-01 -1.722199999999998177e-01
2.707890000000000019e-01 -1.722199999999998177e-01
2.707890000000000019e-01 -1.722299999999998832e-01
2.707899999999999752e-01 -1.722199999999998177e-01
2.707899999999999752e-01 -1.722199999999998177e-01
2.707899999999999752e-01 -1.722199999999998177e-01
2.707899999999999752e-01 -1.722299999999998832e-01
2.707899999999999752e-01 -1.722299999999998832e-01
2.707910000000000039e-01 -1.722199999999998177e-01
2.707910000000000039e-01 -1.722199999999998177e-01
2.707910000000000039e-01 -1.722299999999998832e-01
2.707910000000000039e-01 -1.722299999999998832e-01
2.707899999999999752e-01 -1.722299999999998832e-01
2.707910000000000039e-01 -1.722199999999998177e-01
2.707910000000000039e-01 -1.722199999999998177e-01
2.707910000000000039e-01 -1.722199999999998177e-01
2.707910000000000039e-01 -1.722299999999998832e-01
2.707910000000000039e-01 -1.722299999999998832e-01
2.707920000000000327e-01 -1.722199999999998177e-01
2.707920000000000327e-01 -1.722299999999998832e-01
2.707910000000000039e-01 -1.722299999999998832e-01
2.707910000000000039e-01 -1.722299999999998832e-01
2.707910000000000039e-01 -1.722299999999998832e-01
2.707920000000000327e-01 -1.722199999999998177e-01
2.707920000000000327e-01 -1.722199999999998177e-01
2.707920000000000327e-01 -1.722299999999998832e-01
2.707920000000000327e-01 -1.722299999999998832e-01
2.707920000000000327e-01 -1.722299999999998832e-01
2.707930000000000059e-01 -1.722199999999998177e-01
2.707930000000000059e-01 -1.722199999999998177e-01
2.707930000000000059e-01 -1.722199999999998177e-01
2.707920000000000327e-01 -1.722199999999998177e-01
2.707920000000000327e-01 -1.722299999999998832e-01
2.707930000000000059e-01 -1.722199999999998177e-01
2.707930000000000059e-01 -1.722199999999998177e-01
2.707930000000000059e-01 -1.722199999999998177e-01
2.707930000000000059e-01 -1.722199999999998177e-01
2.707930000000000059e-01 -1.722299999999998832e-01
2.707939999999999792e-01 -1.722199999999998177e-01
2.707939999999999792e-01 -1.722199999999998177e-01
2.707939999999999792e-01 -1.722199999999998177e-01
2.707939999999999792e-01 -1.722199999999998177e-01
2.707939999999999792e-01 -1.722199999999998177e-01
2.707950000000000079e-01 -1.722199999999998177e-01
2.707950000000000079e-01 -1.722199999999998177e-01
2.707950000000000079e-01 -1.722199999999998177e-01
2.707950000000000079e-01 -1.722199999999998177e-01
2.707939999999999792e-01 -1.722199999999998177e-01
2.707950000000000079e-01 -1.722199999999998177e-01
2.707950000000000079e-01 -1.722199999999998177e-01
2.707950000000000079e-01 -1.722199999999998177e-01
2.707950000000000079e-01 -1.722199999999998177e-01
2.707950000000000079e-01 -1.722199999999998177e-01
2.707960000000000367e-01 -1.722199999999998177e-01
2.707960000000000367e-01 -1.722199999999998177e-01
2.707960000000000367e-01 -1.722199999999998177e-01
2.707960000000000367e-01 -1.722199999999998177e-01
2.707950000000000079e-01 -1.722199999999998177e-01
2.707960000000000367e-01 -1.722199999999998177e-01
2.707960000000000367e-01 -1.722199999999998177e-01
2.707960000000000367e-01 -1.722199999999998177e-01
2.707960000000000367e-01 -1.722199999999998177e-01
2.707960000000000367e-01 -1.722199999999998177e-01
2.707969999999999544e-01 -1.722199999999998177e-01
2.707969999999999544e-01 -1.722199999999998177e-01
2.707969999999999544e-01 -1.722199999999998177e-01
2.707969999999999544e-01 -1.722199999999998177e-01
2.707960000000000367e-01 -1.722199999999998177e-01
2.707969999999999544e-01 -1.722199999999998177e-01
2.707969999999999544e-01 -1.722199999999998177e-01
2.707969999999999544e-01 -1.722199999999998177e-01
2.707969999999999544e-01 -1.722199999999998177e-01
2.707960000000000367e-01 -1.722199999999998177e-01
2.707979999999999832e-01 -1.722199999999998177e-01
2.707979999999999832e-01 -1.722199999999998177e-01
2.707979999999999832e-01 -1.722199999999998177e-01
2.707979999999999832e-01 -1.722199999999998177e-01
2.707969999999999544e-01 -1.722199999999998177e-01
2.707990000000000119e-01 -1.722199999999998177e-01
2.707990000000000119e-01 -1.722199999999998177e-01
2.707990000000000119e-01 -1.722199999999998177e-01
2.707979999999999832e-01 -1.722199999999998177e-01
2.707979999999999832e-01 -1.722199999999998177e-01
2.707990000000000119e-01 -1.722199999999998177e-01
2.707990000000000119e-01 -1.722199999999998177e-01
2.707990000000000119e-01 -1.722199999999998177e-01
2.707990000000000119e-01 -1.722199999999998177e-01
2.707990000000000119e-01 -1.722199999999998177e-01
2.707999999999999852e-01 -1.722199999999998177e-01
2.707999999999999852e-01 -1.722199999999998177e-01
2.707999999999999852e-01 -1.722199999999998177e-01
2.707999999999999852e-01 -1.722199999999998177e-01
2.707990000000000119e-01 -1.722199999999998177e-01
2.708009999999999584e-01 -1.722199999999998177e-01
2.708009999999999584e-01 -1.722199999999998177e-01
2.707999999999999852e-01 -1.722199999999998177e-01
2.707999999999999852e-01 -1.722199999999998177e-01
2.707999999999999852e-01 -1.722199999999998177e-01
2.708019999999999872e-01 -1.722199999999998177e-01
2.708019999999999872e-01 -1.722199999999998177e-01
2.708009999999999584e-01 -1.722199999999998177e-01
2.708009999999999584e-01 -1.722199999999998177e-01
2.708009999999999584e-01 -1.722199999999998177e-01
2.708019999999999872e-01 -1.722199999999998177e-01
2.708019999999999872e-01 -1.722199999999998177e-01
2.708019999999999872e-01 -1.722199999999998177e-01
2.708019999999999872e-01 -1.722199999999998177e-01
2.708019999999999872e-01 -1.722199999999998177e-01
2.708030000000000159e-01 -1.722199999999998177e-01
2.708030000000000159e-01 -1.722199999999998177e-01
2.708030000000000159e-01 -1.722199999999998177e-01
2.708030000000000159e-01 -1.722199999999998177e-01
2.708030000000000159e-01 -1.722199999999998177e-01
2.708039999999999892e-01 -1.722199999999998177e-01
2.708039999999999892e-01 -1.722199999999998177e-01
2.708039999999999892e-01 -1.722199999999998177e-01
2.708039999999999892e-01 -1.722199999999998177e-01
2.708039999999999892e-01 -1.722199999999998177e-01
2.708049999999999624e-01 -1.722199999999998177e-01
2.708049999999999624e-01 -1.722199999999998177e-01
2.708049999999999624e-01 -1.722199999999998177e-01
2.708039999999999892e-01 -1.722199999999998177e-01
2.708039999999999892e-01 -1.722199999999998177e-01
2.708059999999999912e-01 -1.722199999999998177e-01
2.708059999999999912e-01 -1.722199999999998177e-01
2.708059999999999912e-01 -1.722199999999998177e-01
2.708049999999999624e-01 -1.722199999999998177e-01
2.708049999999999624e-01 -1.722199999999998177e-01
2.708070000000000199e-01 -1.722199999999998177e-01
2.708070000000000199e-01 -1.722199999999998177e-01
2.708059999999999912e-01 -1.722199999999998177e-01
2.708059999999999912e-01 -1.722199999999998177e-01
2.708059999999999912e-01 -1.722199999999998177e-01
2.708070000000000199e-01 -1.722199999999998177e-01
2.708070000000000199e-01 -1.722199999999998177e-01
2.708070000000000199e-01 -1.722199999999998177e-01
2.708070000000000199e-01 -1.722199999999998177e-01
2.708070000000000199e-01 -1.722199999999998177e-01
2.708079999999999932e-01 -1.722199999999998177e-01
2.708079999999999932e-01 -1.722199999999998177e-01
2.708079999999999932e-01 -1.722199999999998177e-01
2.708079999999999932e-01 -1.722199999999998177e-01
2.708079999999999932e-01 -1.722199999999998177e-01
2.708089999999999664e-01 -1.722199999999998177e-01
2.708089999999999664e-01 -1.722199999999998177e-01
2.708089999999999664e-01 -1.722199999999998177e-01
2.708089999999999664e-01 -1.722199999999998177e-01
2.708089999999999664e-01 -1.722199999999998177e-01
2.708099999999999952e-01 -1.722099999999997522e-01
2.708099999999999952e-01 -1.722099999999997522e-01
2.708089999999999664e-01 -1.722099999999997522e-01
2.708089999999999664e-01 -1.722199999999998177e-01
2.708089999999999664e-01 -1.722199999999998177e-01
2.708110000000000239e-01 -1.722099999999997522e-01
2.708110000000000239e-01 -1.722099999999997522e-01
2.708099999999999952e-01 -1.722099999999997522e-01
2.708099999999999952e-01 -1.722099999999997522e-01
2.708099999999999952e-01 -1.722199999999998177e-01
2.708119999999999972e-01 -1.722099999999997522e-01
2.708110000000000239e-01 -1.722099999999997522e-01
2.708110000000000239e-01 -1.722099999999997522e-01
2.708110000000000239e-01 -1.722099999999997522e-01
2.708110000000000239e-01 -1.722099999999997522e-01
2.708119999999999972e-01 -1.722099999999997522e-01
2.708119999999999972e-01 -1.722099999999997522e-01
2.708119999999999972e-01 -1.722099999999997522e-01
2.708119999999999972e-01 -1.722099999999997522e-01
2.708119999999999972e-01 -1.722099999999997522e-01
2.708139999999999992e-01 -1.722099999999997522e-01
2.708139999999999992e-01 -1.722099999999997522e-01
2.708139999999999992e-01 -1.722099999999997522e-01
2.708129999999999704e-01 -1.722099999999997522e-01
2.708129999999999704e-01 -1.722099999999997522e-01
2.708139999999999992e-01 -1.722099999999997522e-01
2.708139999999999992e-01 -1.722099999999997522e-01
2.708139999999999992e-01 -1.722099999999997522e-01
2.708139999999999992e-01 -1.722099999999997522e-01
2.708139999999999992e-01 -1.722099999999997522e-01
2.708150000000000279e-01 -1.722099999999997522e-01
2.708150000000000279e-01 -1.722099999999997522e-01
2.708150000000000279e-01 -1.722099999999997522e-01
2.708150000000000279e-01 -1.722099999999997522e-01
2.708150000000000279e-01 -1.722099999999997522e-01
2.708169999999999744e-01 -1.722099999999997522e-01
2.708169999999999744e-01 -1.722099999999997522e-01
2.708169999999999744e-01 -1.722099999999997522e-01
2.708160000000000012e-01 -1.722099999999997522e-01
2.708160000000000012e-01 -1.722099999999997522e-01
2.708180000000000032e-01 -1.722099999999997522e-01
2.708180000000000032e-01 -1.722099999999997522e-01
2.708180000000000032e-01 -1.722099999999997522e-01
2.708169999999999744e-01 -1.722099999999997522e-01
2.708169999999999744e-01 -1.722099999999997522e-01
2.708190000000000319e-01 -1.722099999999997522e-01
2.708190000000000319e-01 -1.722099999999997522e-01
2.708190000000000319e-01 -1.722099999999997522e-01
2.708190000000000319e-01 -1.722099999999997522e-01
2.708190000000000319e-01 -1.722099999999997522e-01
2.708200000000000052e-01 -1.722099999999997522e-01
2.708200000000000052e-01 -1.722099999999997522e-01
2.708200000000000052e-01 -1.722099999999997522e-01
2.708200000000000052e-01 -1.722099999999997522e-01
2.708200000000000052e-01 -1.722099999999997522e-01
2.708220000000000072e-01 -1.722099999999997522e-01
2.708220000000000072e-01 -1.722099999999997522e-01
2.708220000000000072e-01 -1.722099999999997522e-01
2.708220000000000072e-01 -1.722099999999997522e-01
2.708220000000000072e-01 -1.722099999999997522e-01
2.708240000000000092e-01 -1.722099999999997522e-01
2.708230000000000359e-01 -1.722099999999997522e-01
2.708230000000000359e-01 -1.722099999999997522e-01
2.708230000000000359e-01 -1.722099999999997522e-01
2.708230000000000359e-01 -1.722099999999997522e-01
2.708249999999999824e-01 -1.722099999999997522e-01
2.708249999999999824e-01 -1.722099999999997522e-01
2.708249999999999824e-01 -1.722099999999997522e-01
2.708249999999999824e-01 -1.722099999999997522e-01
2.708249999999999824e-01 -1.722099999999997522e-01
2.708269999999999844e-01 -1.722099999999997522e-01
2.708269999999999844e-01 -1.722099999999997522e-01
2.708269999999999844e-01 -1.722099999999997522e-01
2.708269999999999844e-01 -1.722099999999997522e-01
2.708269999999999844e-01 -1.722099999999997522e-01
2.708289999999999864e-01 -1.722000000000001307e-01
2.708289999999999864e-01 -1.722000000000001307e-01
2.708289999999999864e-01 -1.722099999999997522e-01
2.708289999999999864e-01 -1.722099999999997522e-01
2.708289999999999864e-01 -1.722099999999997522e-01
2.708309999999999884e-01 -1.722000000000001307e-01
2.708309999999999884e-01 -1.722000000000001307e-01
2.708309999999999884e-01 -1.722000000000001307e-01
2.708309999999999884e-01 -1.722099999999997522e-01
2.708300000000000152e-01 -1.722099999999997522e-01
2.708329999999999904e-01 -1.722000000000001307e-01
2.708329999999999904e-01 -1.722000000000001307e-01
2.708329999999999904e-01 -1.722000000000001307e-01
2.708329999999999904e-01 -1.722000000000001307e-01
2.708329999999999904e-01 -1.722000000000001307e-01
2.708349999999999924e-01 -1.722000000000001307e-01
2.708349999999999924e-01 -1.722000000000001307e-01
2.708349999999999924e-01 -1.722000000000001307e-01
2.708349999999999924e-01 -1.722000000000001307e-01
2.708349999999999924e-01 -1.722000000000001307e-01
2.708369999999999944e-01 -1.722000000000001307e-01
2.708369999999999944e-01 -1.722000000000001307e-01
2.708369999999999944e-01 -1.722000000000001307e-01
2.708369999999999944e-01 -1.722000000000001307e-01
2.708359999999999657e-01 -1.722000000000001307e-01
2.708399999999999697e-01 -1.722000000000001307e-01
2.708389999999999964e-01 -1.722000000000001307e-01
2.708389999999999964e-01 -1.722000000000001307e-01
2.708389999999999964e-01 -1.722000000000001307e-01
2.708389999999999964e-01 -1.722000000000001307e-01
2.708420000000000272e-01 -1.722000000000001307e-01
2.708409999999999984e-01 -1.722000000000001307e-01
2.708409999999999984e-01 -1.722000000000001307e-01
2.708409999999999984e-01 -1.722000000000001307e-01
2.708409999999999984e-01 -1.722000000000001307e-01
2.708430000000000004e-01 -1.722000000000001307e-01
2.708430000000000004e-01 -1.722000000000001307e-01
2.708430000000000004e-01 -1.722000000000001307e-01
2.708430000000000004e-01 -1.722000000000001307e-01
2.708430000000000004e-01 -1.722000000000001307e-01
2.708460000000000312e-01 -1.722000000000001307e-01
2.708460000000000312e-01 -1.722000000000001307e-01
2.708460000000000312e-01 -1.722000000000001307e-01
2.708460000000000312e-01 -1.722000000000001307e-01
2.708460000000000312e-01 -1.722000000000001307e-01
2.708490000000000064e-01 -1.722000000000001307e-01
2.708479999999999777e-01 -1.722000000000001307e-01
2.708479999999999777e-01 -1.722000000000001307e-01
2.708479999999999777e-01 -1.722000000000001307e-01
2.708479999999999777e-01 -1.722000000000001307e-01
2.708510000000000084e-01 -1.722000000000001307e-01
2.708510000000000084e-01 -1.722000000000001307e-01
2.708510000000000084e-01 -1.722000000000001307e-01
2.708510000000000084e-01 -1.722000000000001307e-01
2.708510000000000084e-01 -1.722000000000001307e-01
2.708539999999999837e-01 -1.722000000000001307e-01
2.708530000000000104e-01 -1.722000000000001307e-01
2.708530000000000104e-01 -1.722000000000001307e-01
2.708530000000000104e-01 -1.722000000000001307e-01
2.708530000000000104e-01 -1.722000000000001307e-01
2.708559999999999857e-01 -1.722000000000001307e-01
2.708559999999999857e-01 -1.722000000000001307e-01
2.708559999999999857e-01 -1.722000000000001307e-01
2.708559999999999857e-01 -1.722000000000001307e-01
2.708559999999999857e-01 -1.722000000000001307e-01
2.708579999999999877e-01 -1.721900000000000652e-01
2.708579999999999877e-01 -1.721900000000000652e-01
2.708579999999999877e-01 -1.721900000000000652e-01
2.708579999999999877e-01 -1.722000000000001307e-01
2.708579999999999877e-01 -1.722000000000001307e-01
2.708610000000000184e-01 -1.721900000000000652e-01
2.708610000000000184e-01 -1.721900000000000652e-01
2.708599999999999897e-01 -1.721900000000000652e-01
2.708599999999999897e-01 -1.721900000000000652e-01
2.708599999999999897e-01 -1.721900000000000652e-01
2.708629999999999649e-01 -1.721900000000000652e-01
2.708629999999999649e-01 -1.721900000000000652e-01
2.708629999999999649e-01 -1.721900000000000652e-01
2.708629999999999649e-01 -1.721900000000000652e-01
2.708629999999999649e-01 -1.721900000000000652e-01
2.708650000000000224e-01 -1.721900000000000652e-01
2.708650000000000224e-01 -1.721900000000000652e-01
2.708650000000000224e-01 -1.721900000000000652e-01
2.708650000000000224e-01 -1.721900000000000652e-01
2.708650000000000224e-01 -1.721900000000000652e-01
2.708679999999999977e-01 -1.721900000000000652e-01
2.708679999999999977e-01 -1.721900000000000652e-01
2.708669999999999689e-01 -1.721900000000000652e-01
2.708669999999999689e-01 -1.721900000000000652e-01
2.708669999999999689e-01 -1.721900000000000652e-01
2.708699999999999997e-01 -1.721900000000000652e-01
2.708699999999999997e-01 -1.721900000000000652e-01
2.708699999999999997e-01 -1.721900000000000652e-01
2.708699999999999997e-01 -1.721900000000000652e-01
2.708699999999999997e-01 -1.721900000000000652e-01
2.708720000000000017e-01 -1.721900000000000652e-01
2.708720000000000017e-01 -1.721900000000000652e-01
2.708720000000000017e-01 -1.721900000000000652e-01
2.708720000000000017e-01 -1.721900000000000652e-01
2.708709999999999729e-01 -1.721900000000000652e-01
2.708749999999999769e-01 -1.721799999999999997e-01
2.708740000000000037e-01 -1.721799999999999997e-01
2.708740000000000037e-01 -1.721799999999999997e-01
2.708740000000000037e-01 -1.721799999999999997e-01
2.708740000000000037e-01 -1.721900000000000652e-01
2.708770000000000344e-01 -1.721799999999999997e-01
2.708770000000000344e-01 -1.721799999999999997e-01
2.708770000000000344e-01 -1.721799999999999997e-01
2.708770000000000344e-01 -1.721799999999999997e-01
2.708770000000000344e-01 -1.721799999999999997e-01
2.708789999999999809e-01 -1.721799999999999997e-01
2.708789999999999809e-01 -1.721799999999999997e-01
2.708780000000000077e-01 -1.721799999999999997e-01
2.708780000000000077e-01 -1.721799999999999997e-01
2.708780000000000077e-01 -1.721799999999999997e-01
2.708809999999999829e-01 -1.721799999999999997e-01
2.708809999999999829e-01 -1.721799999999999997e-01
2.708809999999999829e-01 -1.721799999999999997e-01
2.708809999999999829e-01 -1.721799999999999997e-01
2.708809999999999829e-01 -1.721799999999999997e-01
2.708840000000000137e-01 -1.721799999999999997e-01
2.708840000000000137e-01 -1.721799999999999997e-01
2.708840000000000137e-01 -1.721799999999999997e-01
2.708840000000000137e-01 -1.721799999999999997e-01
2.708840000000000137e-01 -1.721799999999999997e-01
2.708859999999999602e-01 -1.721799999999999997e-01
2.708859999999999602e-01 -1.721799999999999997e-01
2.708859999999999602e-01 -1.721799999999999997e-01
2.708849999999999869e-01 -1.721799999999999997e-01
2.708849999999999869e-01 -1.721799999999999997e-01
2.708889999999999909e-01 -1.721699999999999342e-01
2.708889999999999909e-01 -1.721699999999999342e-01
2.708880000000000177e-01 -1.721799999999999997e-01
2.708880000000000177e-01 -1.721799999999999997e-01
2.708880000000000177e-01 -1.721799999999999997e-01
2.708909999999999929e-01 -1.721699999999999342e-01
2.708909999999999929e-01 -1.721699999999999342e-01
2.708909999999999929e-01 -1.721699999999999342e-01
2.708909999999999929e-01 -1.721699999999999342e-01
2.708909999999999929e-01 -1.721799999999999997e-01
2.708939999999999682e-01 -1.721699999999999342e-01
2.708939999999999682e-01 -1.721699999999999342e-01
2.708939999999999682e-01 -1.721699999999999342e-01
2.708929999999999949e-01 -1.721699999999999342e-01
2.708929999999999949e-01 -1.721699999999999342e-01
2.708969999999999989e-01 -1.721699999999999342e-01
2.708969999999999989e-01 -1.721699999999999342e-01
2.708969999999999989e-01 -1.721699999999999342e-01
2.708969999999999989e-01 -1.721699999999999342e-01
2.708960000000000257e-01 -1.721699999999999342e-01
2.709000000000000297e-01 -1.721699999999999342e-01
2.709000000000000297e-01 -1.721699999999999342e-01
2.709000000000000297e-01 -1.721699999999999342e-01
2.709000000000000297e-01 -1.721699999999999342e-01
2.708990000000000009e-01 -1.721699999999999342e-01
2.709030000000000049e-01 -1.721699999999999342e-01
2.709030000000000049e-01 -1.721699999999999342e-01
2.709030000000000049e-01 -1.721699999999999342e-01
2.709019999999999762e-01 -1.721699999999999342e-01
2.709019999999999762e-01 -1.721699999999999342e-01
2.709059999999999802e-01 -1.721599999999998687e-01
2.709059999999999802e-01 -1.721599999999998687e-01
2.709059999999999802e-01 -1.721599999999998687e-01
2.709059999999999802e-01 -1.721599999999998687e-01
2.709059999999999802e-01 -1.721599999999998687e-01
2.709089999999999554e-01 -1.721599999999998687e-01
2.709089999999999554e-01 -1.721599999999998687e-01
2.709089999999999554e-01 -1.721599999999998687e-01
2.709089999999999554e-01 -1.721599999999998687e-01
2.709089999999999554e-01 -1.721599999999998687e-01
2.709119999999999862e-01 -1.721599999999998687e-01
2.709119999999999862e-01 -1.721599999999998687e-01
2.709119999999999862e-01 -1.721599999999998687e-01
2.709119999999999862e-01 -1.721599999999998687e-01
2.709119999999999862e-01 -1.721599999999998687e-01
2.709150000000000169e-01 -1.721599999999998687e-01
2.709150000000000169e-01 -1.721599999999998687e-01
2.709150000000000169e-01 -1.721599999999998687e-01
2.709150000000000169e-01 -1.721599999999998687e-01
2.709150000000000169e-01 -1.721599999999998687e-01
2.709179999999999922e-01 -1.721599999999998687e-01
2.709179999999999922e-01 -1.721599999999998687e-01
2.709179999999999922e-01 -1.721599999999998687e-01
2.709179999999999922e-01 -1.721599999999998687e-01
2.709179999999999922e-01 -1.721599999999998687e-01
2.709209999999999674e-01 -1.721499999999998032e-01
2.709209999999999674e-01 -1.721499999999998032e-01
2.709209999999999674e-01 -1.721499999999998032e-01
2.709209999999999674e-01 -1.721499999999998032e-01
2.709209999999999674e-01 -1.721499999999998032e-01
2.709249999999999714e-01 -1.721499999999998032e-01
2.709249999999999714e-01 -1.721499999999998032e-01
2.709249999999999714e-01 -1.721499999999998032e-01
2.709239999999999982e-01 -1.721499999999998032e-01
2.709239999999999982e-01 -1.721499999999998032e-01
2.709280000000000022e-01 -1.721499999999998032e-01
2.709280000000000022e-01 -1.721499999999998032e-01
2.709280000000000022e-01 -1.721499999999998032e-01
2.709280000000000022e-01 -1.721499999999998032e-01
2.709270000000000289e-01 -1.721499999999998032e-01
2.709310000000000329e-01 -1.721499999999998032e-01
2.709310000000000329e-01 -1.721499999999998032e-01
2.709310000000000329e-01 -1.721499999999998032e-01
2.709310000000000329e-01 -1.721499999999998032e-01
2.709310000000000329e-01 -1.721499999999998032e-01
2.709350000000000369e-01 -1.721400000000001818e-01
2.709350000000000369e-01 -1.721400000000001818e-01
2.709350000000000369e-01 -1.721400000000001818e-01
2.709350000000000369e-01 -1.721400000000001818e-01
2.709340000000000082e-01 -1.721400000000001818e-01
2.709380000000000122e-01 -1.721400000000001818e-01
2.709380000000000122e-01 -1.721400000000001818e-01
2.709380000000000122e-01 -1.721400000000001818e-01
2.709380000000000122e-01 -1.721400000000001818e-01
2.709380000000000122e-01 -1.721400000000001818e-01
2.709420000000000162e-01 -1.721400000000001818e-01
2.709420000000000162e-01 -1.721400000000001818e-01
2.709420000000000162e-01 -1.721400000000001818e-01
2.709409999999999874e-01 -1.721400000000001818e-01
2.709409999999999874e-01 -1.721400000000001818e-01
2.709449999999999914e-01 -1.721400000000001818e-01
2.709449999999999914e-01 -1.721400000000001818e-01
2.709449999999999914e-01 -1.721400000000001818e-01
2.709449999999999914e-01 -1.721400000000001818e-01
2.709449999999999914e-01 -1.721400000000001818e-01
2.709489999999999954e-01 -1.721300000000001162e-01
2.709489999999999954e-01 -1.721300000000001162e-01
2.709479999999999666e-01 -1.721300000000001162e-01
2.709479999999999666e-01 -1.721300000000001162e-01
2.709479999999999666e-01 -1.721300000000001162e-01
2.709519999999999706e-01 -1.721300000000001162e-01
2.709519999999999706e-01 -1.721300000000001162e-01
2.709519999999999706e-01 -1.721300000000001162e-01
2.709519999999999706e-01 -1.721300000000001162e-01
2.709519999999999706e-01 -1.721300000000001162e-01
2.709550000000000014e-01 -1.721300000000001162e-01
2.709550000000000014e-01 -1.721300000000001162e-01
2.709550000000000014e-01 -1.721300000000001162e-01
2.709550000000000014e-01 -1.721300000000001162e-01
2.709550000000000014e-01 -1.721300000000001162e-01
2.709590000000000054e-01 -1.721300000000001162e-01
2.709590000000000054e-01 -1.721300000000001162e-01
2.709590000000000054e-01 -1.721300000000001162e-01
2.709590000000000054e-01 -1.721300000000001162e-01
2.709590000000000054e-01 -1.721300000000001162e-01
2.709620000000000362e-01 -1.721200000000000507e-01
2.709620000000000362e-01 -1.721200000000000507e-01
2.709620000000000362e-01 -1.721200000000000507e-01
2.709620000000000362e-01 -1.721200000000000507e-01
2.709620000000000362e-01 -1.721200000000000507e-01
2.709659999999999846e-01 -1.721200000000000507e-01
2.709650000000000114e-01 -1.721200000000000507e-01
2.709650000000000114e-01 -1.721200000000000507e-01
2.709650000000000114e-01 -1.721200000000000507e-01
2.709650000000000114e-01 -1.721200000000000507e-01
2.709699999999999886e-01 -1.721200000000000507e-01
2.709690000000000154e-01 -1.721200000000000507e-01
2.709690000000000154e-01 -1.721200000000000507e-01
2.709690000000000154e-01 -1.721200000000000507e-01
2.709690000000000154e-01 -1.721200000000000507e-01
2.709730000000000194e-01 -1.721099999999999852e-01
2.709730000000000194e-01 -1.721099999999999852e-01
2.709730000000000194e-01 -1.721099999999999852e-01
2.709719999999999906e-01 -1.721099999999999852e-01
2.709719999999999906e-01 -1.721099999999999852e-01
2.709759999999999946e-01 -1.721099999999999852e-01
2.709759999999999946e-01 -1.721099999999999852e-01
2.709759999999999946e-01 -1.721099999999999852e-01
2.709759999999999946e-01 -1.721099999999999852e-01
2.709759999999999946e-01 -1.721099999999999852e-01
2.709799999999999986e-01 -1.721099999999999852e-01
2.709799999999999986e-01 -1.721099999999999852e-01
2.709789999999999699e-01 -1.721099999999999852e-01
2.709789999999999699e-01 -1.721099999999999852e-01
2.709789999999999699e-01 -1.721099999999999852e-01
2.709829999999999739e-01 -1.720999999999999197e-01
2.709829999999999739e-01 -1.720999999999999197e-01
2.709829999999999739e-01 -1.720999999999999197e-01
2.709829999999999739e-01 -1.720999999999999197e-01
2.709829999999999739e-01 -1.720999999999999197e-01
2.709869999999999779e-01 -1.720999999999999197e-01
2.709860000000000047e-01 -1.720999999999999197e-01
2.709860000000000047e-01 -1.720999999999999197e-01
2.709860000000000047e-01 -1.720999999999999197e-01
2.709860000000000047e-01 -1.720999999999999197e-01
2.709900000000000087e-01 -1.720999999999999197e-01
2.709890000000000354e-01 -1.720999999999999197e-01
2.709890000000000354e-01 -1.720999999999999197e-01
2.709890000000000354e-01 -1.720999999999999197e-01
2.709890000000000354e-01 -1.720999999999999197e-01
2.709929999999999839e-01 -1.720899999999998542e-01
2.709929999999999839e-01 -1.720899999999998542e-01
2.709920000000000107e-01 -1.720899999999998542e-01
2.709920000000000107e-01 -1.720899999999998542e-01
2.709920000000000107e-01 -1.720899999999998542e-01
2.709960000000000147e-01 -1.720899999999998542e-01
2.709960000000000147e-01 -1.720899999999998542e-01
2.709960000000000147e-01 -1.720899999999998542e-01
2.709960000000000147e-01 -1.720899999999998542e-01
2.709960000000000147e-01 -1.720899999999998542e-01
2.709989999999999899e-01 -1.720899999999998542e-01
2.709989999999999899e-01 -1.720899999999998542e-01
2.709989999999999899e-01 -1.720899999999998542e-01
2.709989999999999899e-01 -1.720899999999998542e-01
2.709989999999999899e-01 -1.720899999999998542e-01
2.710029999999999939e-01 -1.720799999999997887e-01
2.710019999999999651e-01 -1.720799999999997887e-01
2.710019999999999651e-01 -1.720799999999997887e-01
2.710019999999999651e-01 -1.720799999999997887e-01
2.710019999999999651e-01 -1.720799999999997887e-01
2.710059999999999691e-01 -1.720799999999997887e-01
2.710059999999999691e-01 -1.720799999999997887e-01
2.710059999999999691e-01 -1.720799999999997887e-01
2.710059999999999691e-01 -1.720799999999997887e-01
2.710059999999999691e-01 -1.720799999999997887e-01
2.710089999999999999e-01 -1.720799999999997887e-01
2.710089999999999999e-01 -1.720799999999997887e-01
2.710089999999999999e-01 -1.720799999999997887e-01
2.710089999999999999e-01 -1.720799999999997887e-01
2.710089999999999999e-01 -1.720799999999997887e-01
2.710130000000000039e-01 -1.720700000000001673e-01
2.710130000000000039e-01 -1.720700000000001673e-01
2.710130000000000039e-01 -1.720700000000001673e-01
2.710130000000000039e-01 -1.720700000000001673e-01
2.710120000000000307e-01 -1.720700000000001673e-01
2.710160000000000347e-01 -1.720700000000001673e-01
2.710160000000000347e-01 -1.720700000000001673e-01
2.710160000000000347e-01 -1.720700000000001673e-01
2.710160000000000347e-01 -1.720700000000001673e-01
2.710160000000000347e-01 -1.720700000000001673e-01
2.710199999999999831e-01 -1.720700000000001673e-01
2.710199999999999831e-01 -1.720700000000001673e-01
2.710199999999999831e-01 -1.720700000000001673e-01
2.710190000000000099e-01 -1.720700000000001673e-01
2.710190000000000099e-01 -1.720700000000001673e-01
2.710230000000000139e-01 -1.720600000000001017e-01
2.710230000000000139e-01 -1.720600000000001017e-01
2.710230000000000139e-01 -1.720600000000001017e-01
2.710219999999999851e-01 -1.720600000000001017e-01
2.710219999999999851e-01 -1.720600000000001017e-01
2.710259999999999891e-01 -1.720600000000001017e-01
2.710259999999999891e-01 -1.720600000000001017e-01
2.710259999999999891e-01 -1.720600000000001017e-01
2.710259999999999891e-01 -1.720600000000001017e-01
2.710249999999999604e-01 -1.720600000000001017e-01
2.710299999999999931e-01 -1.720600000000001017e-01
2.710299999999999931e-01 -1.720600000000001017e-01
2.710289999999999644e-01 -1.720600000000001017e-01
2.710289999999999644e-01 -1.720600000000001017e-01
2.710289999999999644e-01 -1.720600000000001017e-01
2.710329999999999684e-01 -1.720500000000000362e-01
2.710329999999999684e-01 -1.720500000000000362e-01
2.710329999999999684e-01 -1.720500000000000362e-01
2.710329999999999684e-01 -1.720500000000000362e-01
2.710329999999999684e-01 -1.720500000000000362e-01
2.710359999999999991e-01 -1.720500000000000362e-01
2.710359999999999991e-01 -1.720500000000000362e-01
2.710359999999999991e-01 -1.720500000000000362e-01
2.710359999999999991e-01 -1.720500000000000362e-01
2.710359999999999991e-01 -1.720500000000000362e-01
2.710400000000000031e-01 -1.720500000000000362e-01
2.710400000000000031e-01 -1.720500000000000362e-01
2.710400000000000031e-01 -1.720500000000000362e-01
2.710400000000000031e-01 -1.720500000000000362e-01
2.710400000000000031e-01 -1.720500000000000362e-01
2.710440000000000071e-01 -1.720399999999999707e-01
2.710440000000000071e-01 -1.720399999999999707e-01
2.710440000000000071e-01 -1.720399999999999707e-01
2.710440000000000071e-01 -1.720399999999999707e-01
2.710440000000000071e-01 -1.720399999999999707e-01
2.710479999999999556e-01 -1.720399999999999707e-01
2.710479999999999556e-01 -1.720399999999999707e-01
2.710469999999999824e-01 -1.720399999999999707e-01
2.710469999999999824e-01 -1.720399999999999707e-01
2.710469999999999824e-01 -1.720399999999999707e-01
2.710519999999999596e-01 -1.720299999999999052e-01
2.710519999999999596e-01 -1.720299999999999052e-01
2.710509999999999864e-01 -1.720299999999999052e-01
2.710509999999999864e-01 -1.720299999999999052e-01
2.710509999999999864e-01 -1.720299999999999052e-01
2.710549999999999904e-01 -1.720299999999999052e-01
2.710549999999999904e-01 -1.720299999999999052e-01
2.710549999999999904e-01 -1.720299999999999052e-01
2.710549999999999904e-01 -1.720299999999999052e-01
2.710540000000000171e-01 -1.720299999999999052e-01
2.710589999999999944e-01 -1.720299999999999052e-01
2.710589999999999944e-01 -1.720299999999999052e-01
2.710580000000000211e-01 -1.720299999999999052e-01
2.710580000000000211e-01 -1.720299999999999052e-01
2.710580000000000211e-01 -1.720299999999999052e-01
2.710620000000000251e-01 -1.720199999999998397e-01
2.710620000000000251e-01 -1.720199999999998397e-01
2.710620000000000251e-01 -1.720199999999998397e-01
2.710620000000000251e-01 -1.720199999999998397e-01
2.710620000000000251e-01 -1.720199999999998397e-01
2.710660000000000291e-01 -1.720199999999998397e-01
2.710660000000000291e-01 -1.720199999999998397e-01
2.710660000000000291e-01 -1.720199999999998397e-01
2.710650000000000004e-01 -1.720199999999998397e-01
2.710650000000000004e-01 -1.720199999999998397e-01
2.710700000000000331e-01 -1.720099999999997742e-01
2.710700000000000331e-01 -1.720099999999997742e-01
2.710690000000000044e-01 -1.720099999999997742e-01
2.710690000000000044e-01 -1.720099999999997742e-01
2.710690000000000044e-01 -1.720099999999997742e-01
2.710740000000000371e-01 -1.720099999999997742e-01
2.710740000000000371e-01 -1.720099999999997742e-01
2.710730000000000084e-01 -1.720099999999997742e-01
2.710730000000000084e-01 -1.720099999999997742e-01
2.710730000000000084e-01 -1.720099999999997742e-01
2.710779999999999856e-01 -1.720099999999997742e-01
2.710770000000000124e-01 -1.720099999999997742e-01
2.710770000000000124e-01 -1.720099999999997742e-01
2.710770000000000124e-01 -1.720099999999997742e-01
2.710770000000000124e-01 -1.720099999999997742e-01
2.710810000000000164e-01 -1.720000000000001528e-01
2.710810000000000164e-01 -1.720000000000001528e-01
2.710810000000000164e-01 -1.720000000000001528e-01
2.710810000000000164e-01 -1.720000000000001528e-01
2.710810000000000164e-01 -1.720000000000001528e-01
2.710850000000000204e-01 -1.720000000000001528e-01
2.710850000000000204e-01 -1.720000000000001528e-01
2.710850000000000204e-01 -1.720000000000001528e-01
2.710850000000000204e-01 -1.720000000000001528e-01
2.710850000000000204e-01 -1.720000000000001528e-01
2.710890000000000244e-01 -1.720000000000001528e-01
2.710890000000000244e-01 -1.720000000000001528e-01
2.710890000000000244e-01 -1.720000000000001528e-01
2.710890000000000244e-01 -1.720000000000001528e-01
2.710890000000000244e-01 -1.720000000000001528e-01
2.710930000000000284e-01 -1.719900000000000873e-01
2.710930000000000284e-01 -1.719900000000000873e-01
2.710930000000000284e-01 -1.719900000000000873e-01
2.710930000000000284e-01 -1.719900000000000873e-01
2.710919999999999996e-01 -1.719900000000000873e-01
2.710970000000000324e-01 -1.719900000000000873e-01
2.710970000000000324e-01 -1.719900000000000873e-01
2.710970000000000324e-01 -1.719900000000000873e-01
2.710970000000000324e-01 -1.719900000000000873e-01
2.710970000000000324e-01 -1.719900000000000873e-01
2.711010000000000364e-01 -1.719800000000000217e-01
2.711010000000000364e-01 -1.719800000000000217e-01
2.711010000000000364e-01 -1.719800000000000217e-01
2.711010000000000364e-01 -1.719800000000000217e-01
2.711000000000000076e-01 -1.719800000000000217e-01
2.711040000000000116e-01 -1.719800000000000217e-01
2.711040000000000116e-01 -1.719800000000000217e-01
2.711040000000000116e-01 -1.719800000000000217e-01
2.711040000000000116e-01 -1.719800000000000217e-01
2.711040000000000116e-01 -1.719800000000000217e-01
2.711089999999999889e-01 -1.719699999999999562e-01
2.711080000000000156e-01 -1.719699999999999562e-01
2.711080000000000156e-01 -1.719699999999999562e-01
2.711080000000000156e-01 -1.719800000000000217e-01
2.711080000000000156e-01 -1.719800000000000217e-01
2.711120000000000196e-01 -1.719699999999999562e-01
2.711120000000000196e-01 -1.719699999999999562e-01
2.711120000000000196e-01 -1.719699999999999562e-01
2.711120000000000196e-01 -1.719699999999999562e-01
2.711120000000000196e-01 -1.719699999999999562e-01
2.711160000000000236e-01 -1.719699999999999562e-01
2.711160000000000236e-01 -1.719699999999999562e-01
2.711160000000000236e-01 -1.719699999999999562e-01
2.711160000000000236e-01 -1.719699999999999562e-01
2.711160000000000236e-01 -1.719699999999999562e-01
2.711200000000000276e-01 -1.719599999999998907e-01
2.711200000000000276e-01 -1.719599999999998907e-01
2.711200000000000276e-01 -1.719599999999998907e-01
2.711200000000000276e-01 -1.719599999999998907e-01
2.711200000000000276e-01 -1.719599999999998907e-01
2.711240000000000316e-01 -1.719599999999998907e-01
2.711240000000000316e-01 -1.719599999999998907e-01
2.711240000000000316e-01 -1.719599999999998907e-01
2.711240000000000316e-01 -1.719599999999998907e-01
2.711240000000000316e-01 -1.719599999999998907e-01
2.711280000000000356e-01 -1.719499999999998252e-01
2.711280000000000356e-01 -1.719499999999998252e-01
2.711280000000000356e-01 -1.719499999999998252e-01
2.711280000000000356e-01 -1.719499999999998252e-01
2.711280000000000356e-01 -1.719499999999998252e-01
2.711319999999999841e-01 -1.719499999999998252e-01
2.711319999999999841e-01 -1.719499999999998252e-01
2.711319999999999841e-01 -1.719499999999998252e-01
2.711319999999999841e-01 -1.719499999999998252e-01
2.711319999999999841e-01 -1.719499999999998252e-01
2.711359999999999881e-01 -1.719399999999997597e-01
2.711359999999999881e-01 -1.719399999999997597e-01
2.711350000000000149e-01 -1.719399999999997597e-01
2.711350000000000149e-01 -1.719399999999997597e-01
2.711350000000000149e-01 -1.719399999999997597e-01
2.711399999999999921e-01 -1.719399999999997597e-01
2.711399999999999921e-01 -1.719399999999997597e-01
2.711399999999999921e-01 -1.719399999999997597e-01
2.711399999999999921e-01 -1.719399999999997597e-01
2.711399999999999921e-01 -1.719399999999997597e-01
2.711449999999999694e-01 -1.719300000000001383e-01
2.711439999999999961e-01 -1.719300000000001383e-01
2.711439999999999961e-01 -1.719300000000001383e-01
2.711439999999999961e-01 -1.719300000000001383e-01
2.711439999999999961e-01 -1.719300000000001383e-01
2.711480000000000001e-01 -1.719300000000001383e-01
2.711480000000000001e-01 -1.719300000000001383e-01
2.711480000000000001e-01 -1.719300000000001383e-01
2.711480000000000001e-01 -1.719300000000001383e-01
2.711470000000000269e-01 -1.719300000000001383e-01
2.711529999999999774e-01 -1.719200000000000728e-01
2.711520000000000041e-01 -1.719200000000000728e-01
2.711520000000000041e-01 -1.719200000000000728e-01
2.711520000000000041e-01 -1.719200000000000728e-01
2.711520000000000041e-01 -1.719200000000000728e-01
2.711569999999999814e-01 -1.719200000000000728e-01
2.711569999999999814e-01 -1.719200000000000728e-01
2.711560000000000081e-01 -1.719200000000000728e-01
2.711560000000000081e-01 -1.719200000000000728e-01
2.711560000000000081e-01 -1.719200000000000728e-01
2.711609999999999854e-01 -1.719100000000000072e-01
2.711609999999999854e-01 -1.719100000000000072e-01
2.711609999999999854e-01 -1.719100000000000072e-01
2.711599999999999566e-01 -1.719100000000000072e-01
2.711599999999999566e-01 -1.719200000000000728e-01
2.711649999999999894e-01 -1.719100000000000072e-01
2.711649999999999894e-01 -1.719100000000000072e-01
2.711649999999999894e-01 -1.719100000000000072e-01
2.711639999999999606e-01 -1.719100000000000072e-01
2.711639999999999606e-01 -1.719100000000000072e-01
2.711689999999999934e-01 -1.718999999999999417e-01
2.711689999999999934e-01 -1.718999999999999417e-01
2.711689999999999934e-01 -1.718999999999999417e-01
2.711689999999999934e-01 -1.718999999999999417e-01
2.711689999999999934e-01 -1.718999999999999417e-01
2.711740000000000261e-01 -1.718999999999999417e-01
2.711740000000000261e-01 -1.718999999999999417e-01
2.711740000000000261e-01 -1.718999999999999417e-01
2.711740000000000261e-01 -1.718999999999999417e-01
2.711729999999999974e-01 -1.718999999999999417e-01
2.711780000000000301e-01 -1.718899999999998762e-01
2.711780000000000301e-01 -1.718899999999998762e-01
2.711770000000000014e-01 -1.718899999999998762e-01
2.711770000000000014e-01 -1.718899999999998762e-01
2.711770000000000014e-01 -1.718899999999998762e-01
2.711820000000000341e-01 -1.718899999999998762e-01
2.711820000000000341e-01 -1.718899999999998762e-01
2.711820000000000341e-01 -1.718899999999998762e-01
2.711820000000000341e-01 -1.718899999999998762e-01
2.711820000000000341e-01 -1.718899999999998762e-01
2.711869999999999559e-01 -1.718799999999998107e-01
2.711869999999999559e-01 -1.718799999999998107e-01
2.711869999999999559e-01 -1.718799999999998107e-01
2.711859999999999826e-01 -1.718799999999998107e-01
2.711859999999999826e-01 -1.718799999999998107e-01
2.711909999999999599e-01 -1.718799999999998107e-01
2.711909999999999599e-01 -1.718799999999998107e-01
2.711909999999999599e-01 -1.718799999999998107e-01
2.711909999999999599e-01 -1.718799999999998107e-01
2.711899999999999866e-01 -1.718799999999998107e-01
2.711949999999999639e-01 -1.718699999999997452e-01
2.711949999999999639e-01 -1.718699999999997452e-01
2.711949999999999639e-01 -1.718699999999997452e-01
2.711949999999999639e-01 -1.718699999999997452e-01
2.711949999999999639e-01 -1.718699999999997452e-01
2.711999999999999966e-01 -1.718600000000001238e-01
2.711999999999999966e-01 -1.718600000000001238e-01
2.711999999999999966e-01 -1.718699999999997452e-01
2.711999999999999966e-01 -1.718699999999997452e-01
2.711999999999999966e-01 -1.718699999999997452e-01
2.712040000000000006e-01 -1.718600000000001238e-01
2.712040000000000006e-01 -1.718600000000001238e-01
2.712040000000000006e-01 -1.718600000000001238e-01
2.712029999999999719e-01 -1.718600000000001238e-01
2.712029999999999719e-01 -1.718600000000001238e-01
2.712090000000000334e-01 -1.718500000000000583e-01
2.712090000000000334e-01 -1.718500000000000583e-01
2.712080000000000046e-01 -1.718500000000000583e-01
2.712080000000000046e-01 -1.718500000000000583e-01
2.712080000000000046e-01 -1.718500000000000583e-01
2.712130000000000374e-01 -1.718500000000000583e-01
2.712130000000000374e-01 -1.718500000000000583e-01
2.712130000000000374e-01 -1.718500000000000583e-01
2.712130000000000374e-01 -1.718500000000000583e-01
2.712130000000000374e-01 -1.718500000000000583e-01
2.712179999999999591e-01 -1.718399999999999928e-01
2.712179999999999591e-01 -1.718399999999999928e-01
2.712169999999999859e-01 -1.718399999999999928e-01
2.712169999999999859e-01 -1.718399999999999928e-01
2.712169999999999859e-01 -1.718399999999999928e-01
2.712229999999999919e-01 -1.718299999999999272e-01
2.712229999999999919e-01 -1.718299999999999272e-01
2.712229999999999919e-01 -1.718299999999999272e-01
2.712229999999999919e-01 -1.718299999999999272e-01
2.712219999999999631e-01 -1.718299999999999272e-01
2.712269999999999959e-01 -1.718299999999999272e-01
2.712269999999999959e-01 -1.718299999999999272e-01
2.712269999999999959e-01 -1.718299999999999272e-01
2.712269999999999959e-01 -1.718299999999999272e-01
2.712269999999999959e-01 -1.718299999999999272e-01
2.712320000000000286e-01 -1.718199999999998617e-01
2.712320000000000286e-01 -1.718199999999998617e-01
2.712320000000000286e-01 -1.718199999999998617e-01
2.712320000000000286e-01 -1.718199999999998617e-01
2.712309999999999999e-01 -1.718199999999998617e-01
2.712379999999999791e-01 -1.718199999999998617e-01
2.712370000000000059e-01 -1.718199999999998617e-01
2.712370000000000059e-01 -1.718199999999998617e-01
2.712370000000000059e-01 -1.718199999999998617e-01
2.712370000000000059e-01 -1.718199999999998617e-01
2.712419999999999831e-01 -1.718099999999997962e-01
2.712419999999999831e-01 -1.718099999999997962e-01
2.712419999999999831e-01 -1.718099999999997962e-01
2.712419999999999831e-01 -1.718099999999997962e-01
2.712419999999999831e-01 -1.718099999999997962e-01
2.712459999999999871e-01 -1.718000000000001748e-01
2.712459999999999871e-01 -1.718000000000001748e-01
2.712459999999999871e-01 -1.718000000000001748e-01
2.712459999999999871e-01 -1.718000000000001748e-01
2.712459999999999871e-01 -1.718000000000001748e-01
2.712510000000000199e-01 -1.718000000000001748e-01
2.712510000000000199e-01 -1.718000000000001748e-01
2.712510000000000199e-01 -1.718000000000001748e-01
2.712510000000000199e-01 -1.718000000000001748e-01
2.712510000000000199e-01 -1.718000000000001748e-01
2.712569999999999704e-01 -1.717900000000001093e-01
2.712559999999999971e-01 -1.717900000000001093e-01
2.712559999999999971e-01 -1.717900000000001093e-01
2.712559999999999971e-01 -1.717900000000001093e-01
2.712559999999999971e-01 -1.717900000000001093e-01
2.712609999999999744e-01 -1.717800000000000438e-01
2.712609999999999744e-01 -1.717800000000000438e-01
2.712609999999999744e-01 -1.717800000000000438e-01
2.712600000000000011e-01 -1.717800000000000438e-01
2.712600000000000011e-01 -1.717900000000001093e-01
2.712649999999999784e-01 -1.717800000000000438e-01
2.712649999999999784e-01 -1.717800000000000438e-01
2.712649999999999784e-01 -1.717800000000000438e-01
2.712649999999999784e-01 -1.717800000000000438e-01
2.712649999999999784e-01 -1.717800000000000438e-01
2.712700000000000111e-01 -1.717699999999999783e-01
2.712700000000000111e-01 -1.717699999999999783e-01
2.712700000000000111e-01 -1.717699999999999783e-01
2.712700000000000111e-01 -1.717699999999999783e-01
2.712700000000000111e-01 -1.717699999999999783e-01
2.712749999999999884e-01 -1.717699999999999783e-01
2.712749999999999884e-01 -1.717699999999999783e-01
2.712740000000000151e-01 -1.717699999999999783e-01
2.712740000000000151e-01 -1.717699999999999783e-01
2.712740000000000151e-01 -1.717699999999999783e-01
2.712789999999999924e-01 -1.717599999999999127e-01
2.712789999999999924e-01 -1.717599999999999127e-01
2.712789999999999924e-01 -1.717599999999999127e-01
2.712789999999999924e-01 -1.717599999999999127e-01
2.712780000000000191e-01 -1.717599999999999127e-01
2.712839999999999696e-01 -1.717499999999998472e-01
2.712839999999999696e-01 -1.717499999999998472e-01
2.712839999999999696e-01 -1.717499999999998472e-01
2.712839999999999696e-01 -1.717499999999998472e-01
2.712829999999999964e-01 -1.717499999999998472e-01
2.712890000000000024e-01 -1.717499999999998472e-01
2.712879999999999736e-01 -1.717499999999998472e-01
2.712879999999999736e-01 -1.717499999999998472e-01
2.712879999999999736e-01 -1.717499999999998472e-01
2.712879999999999736e-01 -1.717499999999998472e-01
2.712930000000000064e-01 -1.717399999999997817e-01
2.712930000000000064e-01 -1.717399999999997817e-01
2.712930000000000064e-01 -1.717399999999997817e-01
2.712930000000000064e-01 -1.717399999999997817e-01
2.712930000000000064e-01 -1.717399999999997817e-01
2.712979999999999836e-01 -1.717300000000001603e-01
2.712970000000000104e-01 -1.717300000000001603e-01
2.712970000000000104e-01 -1.717300000000001603e-01
2.712970000000000104e-01 -1.717300000000001603e-01
2.712970000000000104e-01 -1.717300000000001603e-01
2.713029999999999609e-01 -1.717200000000000948e-01
2.713019999999999876e-01 -1.717300000000001603e-01
2.713019999999999876e-01 -1.717300000000001603e-01
2.713019999999999876e-01 -1.717300000000001603e-01
2.713019999999999876e-01 -1.717300000000001603e-01
2.713069999999999649e-01 -1.717200000000000948e-01
2.713069999999999649e-01 -1.717200000000000948e-01
2.713069999999999649e-01 -1.717200000000000948e-01
2.713069999999999649e-01 -1.717200000000000948e-01
2.713069999999999649e-01 -1.717200000000000948e-01
2.713119999999999976e-01 -1.717100000000000293e-01
2.713109999999999689e-01 -1.717100000000000293e-01
2.713109999999999689e-01 -1.717100000000000293e-01
2.713109999999999689e-01 -1.717100000000000293e-01
2.713109999999999689e-01 -1.717100000000000293e-01
2.713160000000000016e-01 -1.717100000000000293e-01
2.713160000000000016e-01 -1.717100000000000293e-01
2.713160000000000016e-01 -1.717100000000000293e-01
2.713160000000000016e-01 -1.717100000000000293e-01
2.713160000000000016e-01 -1.717100000000000293e-01
2.713210000000000344e-01 -1.716999999999999638e-01
2.713210000000000344e-01 -1.716999999999999638e-01
2.713210000000000344e-01 -1.716999999999999638e-01
2.713210000000000344e-01 -1.716999999999999638e-01
2.713200000000000056e-01 -1.716999999999999638e-01
2.713249999999999829e-01 -1.716899999999998983e-01
2.713249999999999829e-01 -1.716899999999998983e-01
2.713249999999999829e-01 -1.716899999999998983e-01
2.713249999999999829e-01 -1.716899999999998983e-01
2.713249999999999829e-01 -1.716899999999998983e-01
2.713299999999999601e-01 -1.716899999999998983e-01
2.713289999999999869e-01 -1.716899999999998983e-01
2.713289999999999869e-01 -1.716899999999998983e-01
2.713289999999999869e-01 -1.716899999999998983e-01
2.713289999999999869e-01 -1.716899999999998983e-01
2.713339999999999641e-01 -1.716799999999998327e-01
2.713339999999999641e-01 -1.716799999999998327e-01
2.713339999999999641e-01 -1.716799999999998327e-01
2.713339999999999641e-01 -1.716799999999998327e-01
2.713339999999999641e-01 -1.716799999999998327e-01
2.713389999999999969e-01 -1.716699999999997672e-01
2.713389999999999969e-01 -1.716699999999997672e-01
2.713389999999999969e-01 -1.716699999999997672e-01
2.713389999999999969e-01 -1.716699999999997672e-01
2.713389999999999969e-01 -1.716699999999997672e-01
2.713430000000000009e-01 -1.716600000000001458e-01
2.713430000000000009e-01 -1.716600000000001458e-01
2.713430000000000009e-01 -1.716600000000001458e-01
2.713430000000000009e-01 -1.716600000000001458e-01
2.713430000000000009e-01 -1.716600000000001458e-01
2.713480000000000336e-01 -1.716600000000001458e-01
2.713480000000000336e-01 -1.716600000000001458e-01
2.713480000000000336e-01 -1.716600000000001458e-01
2.713470000000000049e-01 -1.716600000000001458e-01
2.713470000000000049e-01 -1.716600000000001458e-01
2.713529999999999553e-01 -1.716500000000000803e-01
2.713529999999999553e-01 -1.716500000000000803e-01
2.713529999999999553e-01 -1.716500000000000803e-01
2.713519999999999821e-01 -1.716500000000000803e-01
2.713519999999999821e-01 -1.716500000000000803e-01
2.713579999999999881e-01 -1.716400000000000148e-01
2.713579999999999881e-01 -1.716400000000000148e-01
2.713579999999999881e-01 -1.716400000000000148e-01
2.713569999999999593e-01 -1.716400000000000148e-01
2.713569999999999593e-01 -1.716400000000000148e-01
2.713630000000000209e-01 -1.716299999999999493e-01
2.713630000000000209e-01 -1.716299999999999493e-01
2.713619999999999921e-01 -1.716299999999999493e-01
2.713619999999999921e-01 -1.716299999999999493e-01
2.713619999999999921e-01 -1.716299999999999493e-01
2.713679999999999981e-01 -1.716299999999999493e-01
2.713679999999999981e-01 -1.716299999999999493e-01
2.713679999999999981e-01 -1.716299999999999493e-01
2.713679999999999981e-01 -1.716299999999999493e-01
2.713679999999999981e-01 -1.716299999999999493e-01
2.713729999999999754e-01 -1.716199999999998838e-01
2.713729999999999754e-01 -1.716199999999998838e-01
2.713729999999999754e-01 -1.716199999999998838e-01
2.713729999999999754e-01 -1.716199999999998838e-01
2.713729999999999754e-01 -1.716199999999998838e-01
2.713790000000000369e-01 -1.716099999999998182e-01
2.713780000000000081e-01 -1.716099999999998182e-01
2.713780000000000081e-01 -1.716099999999998182e-01
2.713780000000000081e-01 -1.716099999999998182e-01
2.713780000000000081e-01 -1.716099999999998182e-01
2.713839999999999586e-01 -1.715999999999997527e-01
2.713839999999999586e-01 -1.715999999999997527e-01
2.713839999999999586e-01 -1.715999999999997527e-01
2.713839999999999586e-01 -1.715999999999997527e-01
2.713839999999999586e-01 -1.715999999999997527e-01
2.713889999999999914e-01 -1.715999999999997527e-01
2.713889999999999914e-01 -1.715999999999997527e-01
2.713889999999999914e-01 -1.715999999999997527e-01
2.713889999999999914e-01 -1.715999999999997527e-01
2.713889999999999914e-01 -1.715999999999997527e-01
2.713949999999999974e-01 -1.715900000000001313e-01
2.713949999999999974e-01 -1.715900000000001313e-01
2.713949999999999974e-01 -1.715900000000001313e-01
2.713940000000000241e-01 -1.715900000000001313e-01
2.713940000000000241e-01 -1.715900000000001313e-01
2.713999999999999746e-01 -1.715800000000000658e-01
2.713999999999999746e-01 -1.715800000000000658e-01
2.713999999999999746e-01 -1.715800000000000658e-01
2.713999999999999746e-01 -1.715800000000000658e-01
2.713999999999999746e-01 -1.715800000000000658e-01
2.714060000000000361e-01 -1.715700000000000003e-01
2.714060000000000361e-01 -1.715700000000000003e-01
2.714060000000000361e-01 -1.715700000000000003e-01
2.714050000000000074e-01 -1.715700000000000003e-01
2.714050000000000074e-01 -1.715700000000000003e-01
2.714109999999999578e-01 -1.715700000000000003e-01
2.714109999999999578e-01 -1.715700000000000003e-01
2.714109999999999578e-01 -1.715700000000000003e-01
2.714109999999999578e-01 -1.715700000000000003e-01
2.714099999999999846e-01 -1.715700000000000003e-01
2.714170000000000194e-01 -1.715599999999999348e-01
2.714170000000000194e-01 -1.715599999999999348e-01
2.714170000000000194e-01 -1.715599999999999348e-01
2.714159999999999906e-01 -1.715599999999999348e-01
2.714159999999999906e-01 -1.715599999999999348e-01
2.714229999999999698e-01 -1.715499999999998693e-01
2.714229999999999698e-01 -1.715499999999998693e-01
2.714229999999999698e-01 -1.715499999999998693e-01
2.714219999999999966e-01 -1.715499999999998693e-01
2.714219999999999966e-01 -1.715499999999998693e-01
2.714280000000000026e-01 -1.715399999999998037e-01
2.714280000000000026e-01 -1.715399999999998037e-01
2.714280000000000026e-01 -1.715399999999998037e-01
2.714280000000000026e-01 -1.715399999999998037e-01
2.714269999999999738e-01 -1.715399999999998037e-01
2.714340000000000086e-01 -1.715300000000001823e-01
2.714340000000000086e-01 -1.715399999999998037e-01
2.714340000000000086e-01 -1.715399999999998037e-01
2.714340000000000086e-01 -1.715399999999998037e-01
2.714340000000000086e-01 -1.715399999999998037e-01
2.714409999999999878e-01 -1.715300000000001823e-01
2.714400000000000146e-01 -1.715300000000001823e-01
2.714400000000000146e-01 -1.715300000000001823e-01
2.714400000000000146e-01 -1.715300000000001823e-01
2.714400000000000146e-01 -1.715300000000001823e-01
2.714459999999999651e-01 -1.715200000000001168e-01
2.714459999999999651e-01 -1.715200000000001168e-01
2.714459999999999651e-01 -1.715200000000001168e-01
2.714459999999999651e-01 -1.715200000000001168e-01
2.714459999999999651e-01 -1.715200000000001168e-01
2.714520000000000266e-01 -1.715100000000000513e-01
2.714520000000000266e-01 -1.715100000000000513e-01
2.714520000000000266e-01 -1.715100000000000513e-01
2.714509999999999978e-01 -1.715100000000000513e-01
2.714509999999999978e-01 -1.715100000000000513e-01
2.714579999999999771e-01 -1.714999999999999858e-01
2.714579999999999771e-01 -1.714999999999999858e-01
2.714579999999999771e-01 -1.714999999999999858e-01
2.714579999999999771e-01 -1.714999999999999858e-01
2.714579999999999771e-01 -1.714999999999999858e-01
2.714639999999999831e-01 -1.714899999999999203e-01
2.714639999999999831e-01 -1.714999999999999858e-01
2.714639999999999831e-01 -1.714999999999999858e-01
2.714639999999999831e-01 -1.714999999999999858e-01
2.714630000000000098e-01 -1.714999999999999858e-01
2.714699999999999891e-01 -1.714899999999999203e-01
2.714699999999999891e-01 -1.714899999999999203e-01
2.714689999999999603e-01 -1.714899999999999203e-01
2.714689999999999603e-01 -1.714899999999999203e-01
2.714689999999999603e-01 -1.714899999999999203e-01
2.714759999999999951e-01 -1.714799999999998548e-01
2.714759999999999951e-01 -1.714799999999998548e-01
2.714750000000000218e-01 -1.714799999999998548e-01
2.714750000000000218e-01 -1.714799999999998548e-01
2.714750000000000218e-01 -1.714799999999998548e-01
2.714820000000000011e-01 -1.714699999999997893e-01
2.714809999999999723e-01 -1.714699999999997893e-01
2.714809999999999723e-01 -1.714699999999997893e-01
2.714809999999999723e-01 -1.714699999999997893e-01
2.714809999999999723e-01 -1.714699999999997893e-01
2.714870000000000339e-01 -1.714600000000001678e-01
2.714870000000000339e-01 -1.714600000000001678e-01
2.714870000000000339e-01 -1.714600000000001678e-01
2.714870000000000339e-01 -1.714600000000001678e-01
2.714870000000000339e-01 -1.714600000000001678e-01
2.714929999999999843e-01 -1.714500000000001023e-01
2.714929999999999843e-01 -1.714500000000001023e-01
2.714919999999999556e-01 -1.714500000000001023e-01
2.714919999999999556e-01 -1.714500000000001023e-01
2.714919999999999556e-01 -1.714500000000001023e-01
2.714989999999999903e-01 -1.714500000000001023e-01
2.714989999999999903e-01 -1.714500000000001023e-01
2.714989999999999903e-01 -1.714500000000001023e-01
2.714989999999999903e-01 -1.714500000000001023e-01
2.714989999999999903e-01 -1.714500000000001023e-01
2.715049999999999963e-01 -1.714400000000000368e-01
2.715039999999999676e-01 -1.714400000000000368e-01
2.715039999999999676e-01 -1.714400000000000368e-01
2.715039999999999676e-01 -1.714400000000000368e-01
2.715039999999999676e-01 -1.714400000000000368e-01
2.715100000000000291e-01 -1.714299999999999713e-01
2.715100000000000291e-01 -1.714299999999999713e-01
2.715100000000000291e-01 -1.714299999999999713e-01
2.715090000000000003e-01 -1.714299999999999713e-01
2.715090000000000003e-01 -1.714299999999999713e-01
2.715159999999999796e-01 -1.714199999999999058e-01
2.715159999999999796e-01 -1.714199999999999058e-01
2.715159999999999796e-01 -1.714199999999999058e-01
2.715159999999999796e-01 -1.714199999999999058e-01
2.715150000000000063e-01 -1.714199999999999058e-01
2.715219999999999856e-01 -1.714099999999998403e-01
2.715210000000000123e-01 -1.714099999999998403e-01
2.715210000000000123e-01 -1.714099999999998403e-01
2.715210000000000123e-01 -1.714099999999998403e-01
2.715210000000000123e-01 -1.714099999999998403e-01
2.715269999999999628e-01 -1.713999999999997748e-01
2.715269999999999628e-01 -1.713999999999997748e-01
2.715269999999999628e-01 -1.713999999999997748e-01
2.715269999999999628e-01 -1.713999999999997748e-01
2.715269999999999628e-01 -1.713999999999997748e-01
2.715330000000000243e-01 -1.713900000000001533e-01
2.715330000000000243e-01 -1.713900000000001533e-01
2.715330000000000243e-01 -1.713900000000001533e-01
2.715330000000000243e-01 -1.713900000000001533e-01
2.715330000000000243e-01 -1.713900000000001533e-01
2.715380000000000016e-01 -1.713900000000001533e-01
2.715380000000000016e-01 -1.713900000000001533e-01
2.715380000000000016e-01 -1.713900000000001533e-01
2.715380000000000016e-01 -1.713900000000001533e-01
2.715380000000000016e-01 -1.713900000000001533e-01
2.715440000000000076e-01 -1.713800000000000878e-01
2.715440000000000076e-01 -1.713800000000000878e-01
2.715440000000000076e-01 -1.713800000000000878e-01
2.715440000000000076e-01 -1.713800000000000878e-01
2.715440000000000076e-01 -1.713800000000000878e-01
2.715499999999999581e-01 -1.713700000000000223e-01
2.715499999999999581e-01 -1.713700000000000223e-01
2.715499999999999581e-01 -1.713700000000000223e-01
2.715499999999999581e-01 -1.713700000000000223e-01
2.715499999999999581e-01 -1.713700000000000223e-01
2.715549999999999908e-01 -1.713599999999999568e-01
2.715549999999999908e-01 -1.713599999999999568e-01
2.715549999999999908e-01 -1.713599999999999568e-01
2.715549999999999908e-01 -1.713599999999999568e-01
2.715549999999999908e-01 -1.713599999999999568e-01
2.715609999999999968e-01 -1.713499999999998913e-01
2.715609999999999968e-01 -1.713499999999998913e-01
2.715609999999999968e-01 -1.713499999999998913e-01
2.715609999999999968e-01 -1.713499999999998913e-01
2.715609999999999968e-01 -1.713499999999998913e-01
2.715680000000000316e-01 -1.713399999999998258e-01
2.715670000000000028e-01 -1.713399999999998258e-01
2.715670000000000028e-01 -1.713399999999998258e-01
2.715670000000000028e-01 -1.713399999999998258e-01
2.715670000000000028e-01 -1.713399999999998258e-01
2.715739999999999821e-01 -1.713299999999997603e-01
2.715730000000000088e-01 -1.713299999999997603e-01
2.715730000000000088e-01 -1.713299999999997603e-01
2.715730000000000088e-01 -1.713299999999997603e-01
2.715730000000000088e-01 -1.713299999999997603e-01
2.715790000000000148e-01 -1.713200000000001388e-01
2.715790000000000148e-01 -1.713200000000001388e-01
2.715790000000000148e-01 -1.713299999999997603e-01
2.715790000000000148e-01 -1.713299999999997603e-01
2.715790000000000148e-01 -1.713299999999997603e-01
2.715859999999999941e-01 -1.713200000000001388e-01
2.715849999999999653e-01 -1.713200000000001388e-01
2.715849999999999653e-01 -1.713200000000001388e-01
2.715849999999999653e-01 -1.713200000000001388e-01
2.715849999999999653e-01 -1.713200000000001388e-01
2.715910000000000268e-01 -1.713100000000000733e-01
2.715910000000000268e-01 -1.713100000000000733e-01
2.715910000000000268e-01 -1.713100000000000733e-01
2.715910000000000268e-01 -1.713100000000000733e-01
2.715910000000000268e-01 -1.713100000000000733e-01
2.715969999999999773e-01 -1.713000000000000078e-01
2.715969999999999773e-01 -1.713000000000000078e-01
2.715969999999999773e-01 -1.713000000000000078e-01
2.715969999999999773e-01 -1.713000000000000078e-01
2.715969999999999773e-01 -1.713000000000000078e-01
2.716029999999999833e-01 -1.712899999999999423e-01
2.716029999999999833e-01 -1.712899999999999423e-01
2.716029999999999833e-01 -1.712899999999999423e-01
2.716029999999999833e-01 -1.712899999999999423e-01
2.716029999999999833e-01 -1.712899999999999423e-01
2.716089999999999893e-01 -1.712799999999998768e-01
2.716089999999999893e-01 -1.712799999999998768e-01
2.716089999999999893e-01 -1.712799999999998768e-01
2.716089999999999893e-01 -1.712799999999998768e-01
2.716089999999999893e-01 -1.712799999999998768e-01
2.716149999999999953e-01 -1.712699999999998113e-01
2.716149999999999953e-01 -1.712699999999998113e-01
2.716149999999999953e-01 -1.712699999999998113e-01
2.716149999999999953e-01 -1.712699999999998113e-01
2.716149999999999953e-01 -1.712699999999998113e-01
2.716210000000000013e-01 -1.712599999999997458e-01
2.716210000000000013e-01 -1.712599999999997458e-01
2.716210000000000013e-01 -1.712599999999997458e-01
2.716210000000000013e-01 -1.712599999999997458e-01
2.716210000000000013e-01 -1.712599999999997458e-01
2.716279999999999806e-01 -1.712500000000001243e-01
2.716270000000000073e-01 -1.712500000000001243e-01
2.716270000000000073e-01 -1.712500000000001243e-01
2.716270000000000073e-01 -1.712500000000001243e-01
2.716270000000000073e-01 -1.712500000000001243e-01
2.716330000000000133e-01 -1.712400000000000588e-01
2.716330000000000133e-01 -1.712400000000000588e-01
2.716330000000000133e-01 -1.712400000000000588e-01
2.716330000000000133e-01 -1.712400000000000588e-01
2.716330000000000133e-01 -1.712400000000000588e-01
2.716389999999999638e-01 -1.712299999999999933e-01
2.716389999999999638e-01 -1.712299999999999933e-01
2.716389999999999638e-01 -1.712299999999999933e-01
2.716389999999999638e-01 -1.712299999999999933e-01
2.716389999999999638e-01 -1.712400000000000588e-01
2.716450000000000253e-01 -1.712299999999999933e-01
2.716450000000000253e-01 -1.712299999999999933e-01
2.716450000000000253e-01 -1.712299999999999933e-01
2.716450000000000253e-01 -1.712299999999999933e-01
2.716450000000000253e-01 -1.712299999999999933e-01
2.716509999999999758e-01 -1.712199999999999278e-01
2.716509999999999758e-01 -1.712199999999999278e-01
2.716509999999999758e-01 -1.712199999999999278e-01
2.716509999999999758e-01 -1.712199999999999278e-01
2.716509999999999758e-01 -1.712199999999999278e-01
2.716579999999999551e-01 -1.712099999999998623e-01
2.716579999999999551e-01 -1.712099999999998623e-01
2.716579999999999551e-01 -1.712099999999998623e-01
2.716570000000000373e-01 -1.712099999999998623e-01
2.716570000000000373e-01 -1.712099999999998623e-01
2.716629999999999878e-01 -1.711999999999997968e-01
2.716629999999999878e-01 -1.711999999999997968e-01
2.716629999999999878e-01 -1.711999999999997968e-01
2.716629999999999878e-01 -1.711999999999997968e-01
2.716629999999999878e-01 -1.711999999999997968e-01
2.716699999999999671e-01 -1.711900000000001754e-01
2.716689999999999938e-01 -1.711900000000001754e-01
2.716689999999999938e-01 -1.711900000000001754e-01
2.716689999999999938e-01 -1.711900000000001754e-01
2.716689999999999938e-01 -1.711900000000001754e-01
2.716760000000000286e-01 -1.711800000000001098e-01
2.716760000000000286e-01 -1.711800000000001098e-01
2.716760000000000286e-01 -1.711800000000001098e-01
2.716749999999999998e-01 -1.711800000000001098e-01
2.716749999999999998e-01 -1.711800000000001098e-01
2.716810000000000058e-01 -1.711700000000000443e-01
2.716810000000000058e-01 -1.711700000000000443e-01
2.716810000000000058e-01 -1.711700000000000443e-01
2.716810000000000058e-01 -1.711700000000000443e-01
2.716810000000000058e-01 -1.711700000000000443e-01
2.716870000000000118e-01 -1.711599999999999788e-01
2.716870000000000118e-01 -1.711599999999999788e-01
2.716870000000000118e-01 -1.711599999999999788e-01
2.716870000000000118e-01 -1.711599999999999788e-01
2.716870000000000118e-01 -1.711599999999999788e-01
2.716929999999999623e-01 -1.711499999999999133e-01
2.716929999999999623e-01 -1.711499999999999133e-01
2.716929999999999623e-01 -1.711499999999999133e-01
2.716929999999999623e-01 -1.711499999999999133e-01
2.716929999999999623e-01 -1.711499999999999133e-01
2.716990000000000238e-01 -1.711399999999998478e-01
2.716990000000000238e-01 -1.711399999999998478e-01
2.716990000000000238e-01 -1.711399999999998478e-01
2.716990000000000238e-01 -1.711399999999998478e-01
2.716990000000000238e-01 -1.711399999999998478e-01
2.717049999999999743e-01 -1.711299999999997823e-01
2.717049999999999743e-01 -1.711299999999997823e-01
2.717049999999999743e-01 -1.711399999999998478e-01
2.717049999999999743e-01 -1.711399999999998478e-01
2.717049999999999743e-01 -1.711399999999998478e-01
2.717110000000000358e-01 -1.711299999999997823e-01
2.717110000000000358e-01 -1.711299999999997823e-01
2.717110000000000358e-01 -1.711299999999997823e-01
2.717110000000000358e-01 -1.711299999999997823e-01
2.717110000000000358e-01 -1.711299999999997823e-01
2.717169999999999863e-01 -1.711200000000001609e-01
2.717169999999999863e-01 -1.711200000000001609e-01
2.717169999999999863e-01 -1.711200000000001609e-01
2.717169999999999863e-01 -1.711200000000001609e-01
2.717169999999999863e-01 -1.711200000000001609e-01
2.717239999999999656e-01 -1.711100000000000954e-01
2.717229999999999923e-01 -1.711100000000000954e-01
2.717229999999999923e-01 -1.711100000000000954e-01
2.717229999999999923e-01 -1.711100000000000954e-01
2.717229999999999923e-01 -1.711100000000000954e-01
2.717289999999999983e-01 -1.711000000000000298e-01
2.717289999999999983e-01 -1.711000000000000298e-01
2.717289999999999983e-01 -1.711000000000000298e-01
2.717289999999999983e-01 -1.711000000000000298e-01
2.717289999999999983e-01 -1.711000000000000298e-01
2.717359999999999776e-01 -1.710899999999999643e-01
2.717359999999999776e-01 -1.710899999999999643e-01
2.717359999999999776e-01 -1.710899999999999643e-01
2.717359999999999776e-01 -1.710899999999999643e-01
2.717350000000000043e-01 -1.710899999999999643e-01
2.717419999999999836e-01 -1.710799999999998988e-01
2.717410000000000103e-01 -1.710799999999998988e-01
2.717410000000000103e-01 -1.710799999999998988e-01
2.717410000000000103e-01 -1.710799999999998988e-01
2.717410000000000103e-01 -1.710799999999998988e-01
2.717469999999999608e-01 -1.710699999999998333e-01
2.717469999999999608e-01 -1.710699999999998333e-01
2.717469999999999608e-01 -1.710699999999998333e-01
2.717459999999999876e-01 -1.710699999999998333e-01
2.717459999999999876e-01 -1.710699999999998333e-01
2.717530000000000223e-01 -1.710599999999997678e-01
2.717530000000000223e-01 -1.710599999999997678e-01
2.717530000000000223e-01 -1.710599999999997678e-01
2.717530000000000223e-01 -1.710599999999997678e-01
2.717519999999999936e-01 -1.710599999999997678e-01
2.717589999999999728e-01 -1.710500000000001464e-01
2.717579999999999996e-01 -1.710500000000001464e-01
2.717579999999999996e-01 -1.710500000000001464e-01
2.717579999999999996e-01 -1.710500000000001464e-01
2.717579999999999996e-01 -1.710599999999997678e-01
2.717640000000000056e-01 -1.710400000000000809e-01
2.717640000000000056e-01 -1.710500000000001464e-01
2.717640000000000056e-01 -1.710500000000001464e-01
2.717640000000000056e-01 -1.710500000000001464e-01
2.717629999999999768e-01 -1.710500000000001464e-01
2.717699999999999561e-01 -1.710400000000000809e-01
2.717699999999999561e-01 -1.710400000000000809e-01
2.717689999999999828e-01 -1.710400000000000809e-01
2.717689999999999828e-01 -1.710400000000000809e-01
2.717689999999999828e-01 -1.710400000000000809e-01
2.717749999999999888e-01 -1.710300000000000153e-01
2.717749999999999888e-01 -1.710300000000000153e-01
2.717749999999999888e-01 -1.710300000000000153e-01
2.717749999999999888e-01 -1.710300000000000153e-01
2.717749999999999888e-01 -1.710300000000000153e-01
2.717809999999999948e-01 -1.710199999999999498e-01
2.717809999999999948e-01 -1.710199999999999498e-01
2.717809999999999948e-01 -1.710199999999999498e-01
2.717809999999999948e-01 -1.710199999999999498e-01
2.717800000000000216e-01 -1.710199999999999498e-01
2.717870000000000008e-01 -1.710099999999998843e-01
2.717859999999999721e-01 -1.710099999999998843e-01
2.717859999999999721e-01 -1.710099999999998843e-01
2.717859999999999721e-01 -1.710099999999998843e-01
2.717859999999999721e-01 -1.710099999999998843e-01
2.717920000000000336e-01 -1.709999999999998188e-01
2.717920000000000336e-01 -1.709999999999998188e-01
2.717920000000000336e-01 -1.709999999999998188e-01
2.717920000000000336e-01 -1.709999999999998188e-01
2.717920000000000336e-01 -1.709999999999998188e-01
2.717979999999999841e-01 -1.709899999999997533e-01
2.717979999999999841e-01 -1.709899999999997533e-01
2.717979999999999841e-01 -1.709899999999997533e-01
2.717979999999999841e-01 -1.709899999999997533e-01
2.717979999999999841e-01 -1.709899999999997533e-01
2.718039999999999901e-01 -1.709800000000001319e-01
2.718039999999999901e-01 -1.709800000000001319e-01
2.718030000000000168e-01 -1.709800000000001319e-01
2.718030000000000168e-01 -1.709800000000001319e-01
2.718030000000000168e-01 -1.709800000000001319e-01
2.718089999999999673e-01 -1.709700000000000664e-01
2.718089999999999673e-01 -1.709700000000000664e-01
2.718089999999999673e-01 -1.709700000000000664e-01
2.718089999999999673e-01 -1.709700000000000664e-01
2.718089999999999673e-01 -1.709700000000000664e-01
2.718150000000000288e-01 -1.709600000000000009e-01
2.718150000000000288e-01 -1.709600000000000009e-01
2.718140000000000001e-01 -1.709600000000000009e-01
2.718140000000000001e-01 -1.709600000000000009e-01
2.718140000000000001e-01 -1.709700000000000664e-01
2.718200000000000061e-01 -1.709600000000000009e-01
2.718200000000000061e-01 -1.709600000000000009e-01
2.718200000000000061e-01 -1.709600000000000009e-01
2.718200000000000061e-01 -1.709600000000000009e-01
2.718200000000000061e-01 -1.709600000000000009e-01
2.718260000000000121e-01 -1.709499999999999353e-01
2.718260000000000121e-01 -1.709499999999999353e-01
2.718260000000000121e-01 -1.709499999999999353e-01
2.718260000000000121e-01 -1.709499999999999353e-01
2.718249999999999833e-01 -1.709499999999999353e-01
2.718309999999999893e-01 -1.709399999999998698e-01
2.718309999999999893e-01 -1.709399999999998698e-01
2.718309999999999893e-01 -1.709399999999998698e-01
2.718309999999999893e-01 -1.709399999999998698e-01
2.718309999999999893e-01 -1.709399999999998698e-01
2.718369999999999953e-01 -1.709299999999998043e-01
2.718369999999999953e-01 -1.709299999999998043e-01
2.718369999999999953e-01 -1.709299999999998043e-01
2.718369999999999953e-01 -1.709299999999998043e-01
2.718369999999999953e-01 -1.709299999999998043e-01
2.718430000000000013e-01 -1.709200000000001829e-01
2.718430000000000013e-01 -1.709200000000001829e-01
2.718430000000000013e-01 -1.709200000000001829e-01
2.718420000000000281e-01 -1.709200000000001829e-01
2.718420000000000281e-01 -1.709200000000001829e-01
2.718479999999999785e-01 -1.709100000000001174e-01
2.718479999999999785e-01 -1.709100000000001174e-01
2.718479999999999785e-01 -1.709100000000001174e-01
2.718479999999999785e-01 -1.709100000000001174e-01
2.718479999999999785e-01 -1.709100000000001174e-01
2.718539999999999845e-01 -1.709000000000000519e-01
2.718539999999999845e-01 -1.709000000000000519e-01
2.718539999999999845e-01 -1.709000000000000519e-01
2.718539999999999845e-01 -1.709000000000000519e-01
2.718539999999999845e-01 -1.709000000000000519e-01
2.718599999999999905e-01 -1.708899999999999864e-01
2.718599999999999905e-01 -1.708899999999999864e-01
2.718599999999999905e-01 -1.708899999999999864e-01
2.718599999999999905e-01 -1.708899999999999864e-01
2.718599999999999905e-01 -1.708899999999999864e-01
2.718659999999999966e-01 -1.708799999999999208e-01
2.718650000000000233e-01 -1.708799999999999208e-01
2.718650000000000233e-01 -1.708899999999999864e-01
2.718650000000000233e-01 -1.708899999999999864e-01
2.718650000000000233e-01 -1.708899999999999864e-01
2.718709999999999738e-01 -1.708799999999999208e-01
2.718709999999999738e-01 -1.708799999999999208e-01
2.718709999999999738e-01 -1.708799999999999208e-01
2.718709999999999738e-01 -1.708799999999999208e-01
2.718709999999999738e-01 -1.708799999999999208e-01
2.718770000000000353e-01 -1.708699999999998553e-01
2.718770000000000353e-01 -1.708699999999998553e-01
2.718770000000000353e-01 -1.708699999999998553e-01
2.718760000000000066e-01 -1.708699999999998553e-01
2.718760000000000066e-01 -1.708699999999998553e-01
2.718829999999999858e-01 -1.708599999999997898e-01
2.718829999999999858e-01 -1.708599999999997898e-01
2.718819999999999570e-01 -1.708599999999997898e-01
2.718819999999999570e-01 -1.708599999999997898e-01
2.718819999999999570e-01 -1.708599999999997898e-01
2.718869999999999898e-01 -1.708500000000001684e-01
2.718869999999999898e-01 -1.708500000000001684e-01
2.718869999999999898e-01 -1.708500000000001684e-01
2.718869999999999898e-01 -1.708500000000001684e-01
2.718869999999999898e-01 -1.708500000000001684e-01
2.718929999999999958e-01 -1.708400000000001029e-01
2.718929999999999958e-01 -1.708400000000001029e-01
2.718929999999999958e-01 -1.708400000000001029e-01
2.718920000000000226e-01 -1.708400000000001029e-01
2.718920000000000226e-01 -1.708400000000001029e-01
2.718979999999999730e-01 -1.708300000000000374e-01
2.718979999999999730e-01 -1.708300000000000374e-01
2.718979999999999730e-01 -1.708300000000000374e-01
2.718979999999999730e-01 -1.708300000000000374e-01
2.718979999999999730e-01 -1.708300000000000374e-01
2.719030000000000058e-01 -1.708199999999999719e-01
2.719030000000000058e-01 -1.708199999999999719e-01
2.719030000000000058e-01 -1.708199999999999719e-01
2.719030000000000058e-01 -1.708199999999999719e-01
2.719030000000000058e-01 -1.708199999999999719e-01
2.719089999999999563e-01 -1.708099999999999064e-01
2.719079999999999830e-01 -1.708099999999999064e-01
2.719079999999999830e-01 -1.708099999999999064e-01
2.719079999999999830e-01 -1.708099999999999064e-01
2.719079999999999830e-01 -1.708099999999999064e-01
2.719139999999999890e-01 -1.707999999999998408e-01
2.719139999999999890e-01 -1.707999999999998408e-01
2.719139999999999890e-01 -1.707999999999998408e-01
2.719139999999999890e-01 -1.708099999999999064e-01
2.719139999999999890e-01 -1.708099999999999064e-01
2.719190000000000218e-01 -1.707999999999998408e-01
2.719190000000000218e-01 -1.707999999999998408e-01
2.719190000000000218e-01 -1.707999999999998408e-01
2.719179999999999930e-01 -1.707999999999998408e-01
2.719179999999999930e-01 -1.707999999999998408e-01
2.719239999999999990e-01 -1.707899999999997753e-01
2.719239999999999990e-01 -1.707899999999997753e-01
2.719239999999999990e-01 -1.707899999999997753e-01
2.719239999999999990e-01 -1.707899999999997753e-01
2.719239999999999990e-01 -1.707899999999997753e-01
2.719289999999999763e-01 -1.707800000000001539e-01
2.719289999999999763e-01 -1.707800000000001539e-01
2.719289999999999763e-01 -1.707800000000001539e-01
2.719289999999999763e-01 -1.707800000000001539e-01
2.719289999999999763e-01 -1.707800000000001539e-01
2.719340000000000090e-01 -1.707700000000000884e-01
2.719340000000000090e-01 -1.707700000000000884e-01
2.719340000000000090e-01 -1.707700000000000884e-01
2.719340000000000090e-01 -1.707700000000000884e-01
2.719340000000000090e-01 -1.707700000000000884e-01
2.719389999999999863e-01 -1.707600000000000229e-01
2.719389999999999863e-01 -1.707600000000000229e-01
2.719389999999999863e-01 -1.707600000000000229e-01
2.719389999999999863e-01 -1.707600000000000229e-01
2.719389999999999863e-01 -1.707600000000000229e-01
2.719449999999999923e-01 -1.707499999999999574e-01
2.719439999999999635e-01 -1.707499999999999574e-01
2.719439999999999635e-01 -1.707499999999999574e-01
2.719439999999999635e-01 -1.707499999999999574e-01
2.719439999999999635e-01 -1.707499999999999574e-01
2.719500000000000250e-01 -1.707399999999998919e-01
2.719500000000000250e-01 -1.707399999999998919e-01
2.719489999999999963e-01 -1.707399999999998919e-01
2.719489999999999963e-01 -1.707399999999998919e-01
2.719489999999999963e-01 -1.707399999999998919e-01
2.719550000000000023e-01 -1.707299999999998263e-01
2.719550000000000023e-01 -1.707299999999998263e-01
2.719550000000000023e-01 -1.707299999999998263e-01
2.719550000000000023e-01 -1.707299999999998263e-01
2.719550000000000023e-01 -1.707299999999998263e-01
2.719599999999999795e-01 -1.707199999999997608e-01
2.719599999999999795e-01 -1.707199999999997608e-01
2.719599999999999795e-01 -1.707199999999997608e-01
2.719599999999999795e-01 -1.707199999999997608e-01
2.719599999999999795e-01 -1.707199999999997608e-01
2.719659999999999855e-01 -1.707199999999997608e-01
2.719659999999999855e-01 -1.707199999999997608e-01
2.719650000000000123e-01 -1.707199999999997608e-01
2.719650000000000123e-01 -1.707199999999997608e-01
2.719650000000000123e-01 -1.707199999999997608e-01
2.719709999999999628e-01 -1.707100000000001394e-01
2.719709999999999628e-01 -1.707100000000001394e-01
2.719709999999999628e-01 -1.707100000000001394e-01
2.719709999999999628e-01 -1.707100000000001394e-01
2.719709999999999628e-01 -1.707100000000001394e-01
2.719770000000000243e-01 -1.707000000000000739e-01
2.719759999999999955e-01 -1.707000000000000739e-01
2.719759999999999955e-01 -1.707000000000000739e-01
2.719759999999999955e-01 -1.707000000000000739e-01
2.719759999999999955e-01 -1.707000000000000739e-01
2.719820000000000015e-01 -1.706900000000000084e-01
2.719820000000000015e-01 -1.706900000000000084e-01
2.719820000000000015e-01 -1.706900000000000084e-01
2.719820000000000015e-01 -1.706900000000000084e-01
2.719810000000000283e-01 -1.706900000000000084e-01
2.719869999999999788e-01 -1.706799999999999429e-01
2.719869999999999788e-01 -1.706799999999999429e-01
2.719869999999999788e-01 -1.706799999999999429e-01
2.719869999999999788e-01 -1.706799999999999429e-01
2.719869999999999788e-01 -1.706799999999999429e-01
2.719929999999999848e-01 -1.706699999999998774e-01
2.719929999999999848e-01 -1.706699999999998774e-01
2.719929999999999848e-01 -1.706699999999998774e-01
2.719929999999999848e-01 -1.706699999999998774e-01
2.719920000000000115e-01 -1.706699999999998774e-01
2.719979999999999620e-01 -1.706599999999998118e-01
2.719979999999999620e-01 -1.706599999999998118e-01
2.719979999999999620e-01 -1.706599999999998118e-01
2.719979999999999620e-01 -1.706599999999998118e-01
2.719979999999999620e-01 -1.706599999999998118e-01
2.720029999999999948e-01 -1.706499999999997463e-01
2.720029999999999948e-01 -1.706499999999997463e-01
2.720029999999999948e-01 -1.706499999999997463e-01
2.720029999999999948e-01 -1.706499999999997463e-01
2.720029999999999948e-01 -1.706499999999997463e-01
2.720090000000000008e-01 -1.706400000000001249e-01
2.720080000000000275e-01 -1.706400000000001249e-01
2.720080000000000275e-01 -1.706400000000001249e-01
2.720080000000000275e-01 -1.706400000000001249e-01
2.720080000000000275e-01 -1.706400000000001249e-01
2.720139999999999780e-01 -1.706300000000000594e-01
2.720139999999999780e-01 -1.706300000000000594e-01
2.720139999999999780e-01 -1.706300000000000594e-01
2.720139999999999780e-01 -1.706300000000000594e-01
2.720139999999999780e-01 -1.706300000000000594e-01
2.720190000000000108e-01 -1.706199999999999939e-01
2.720190000000000108e-01 -1.706199999999999939e-01
2.720190000000000108e-01 -1.706199999999999939e-01
2.720190000000000108e-01 -1.706199999999999939e-01
2.720190000000000108e-01 -1.706199999999999939e-01
2.720239999999999880e-01 -1.706099999999999284e-01
2.720239999999999880e-01 -1.706099999999999284e-01
2.720239999999999880e-01 -1.706099999999999284e-01
2.720239999999999880e-01 -1.706099999999999284e-01
2.720239999999999880e-01 -1.706099999999999284e-01
2.720299999999999940e-01 -1.706099999999999284e-01
2.720299999999999940e-01 -1.706099999999999284e-01
2.720299999999999940e-01 -1.706099999999999284e-01
2.720299999999999940e-01 -1.706099999999999284e-01
2.720289999999999653e-01 -1.706099999999999284e-01
2.720350000000000268e-01 -1.705999999999998629e-01
2.720350000000000268e-01 -1.705999999999998629e-01
2.720350000000000268e-01 -1.705999999999998629e-01
2.720350000000000268e-01 -1.705999999999998629e-01
2.720339999999999980e-01 -1.705999999999998629e-01
2.720400000000000040e-01 -1.705899999999997974e-01
2.720400000000000040e-01 -1.705899999999997974e-01
2.720400000000000040e-01 -1.705899999999997974e-01
2.720400000000000040e-01 -1.705899999999997974e-01
2.720400000000000040e-01 -1.705899999999997974e-01
2.720460000000000100e-01 -1.705800000000001759e-01
2.720460000000000100e-01 -1.705800000000001759e-01
2.720449999999999813e-01 -1.705800000000001759e-01
2.720449999999999813e-01 -1.705800000000001759e-01
2.720449999999999813e-01 -1.705800000000001759e-01
2.720509999999999873e-01 -1.705700000000001104e-01
2.720509999999999873e-01 -1.705700000000001104e-01
2.720509999999999873e-01 -1.705700000000001104e-01
2.720509999999999873e-01 -1.705700000000001104e-01
2.720509999999999873e-01 -1.705700000000001104e-01
2.720569999999999933e-01 -1.705600000000000449e-01
2.720559999999999645e-01 -1.705600000000000449e-01
2.720559999999999645e-01 -1.705600000000000449e-01
2.720559999999999645e-01 -1.705600000000000449e-01
2.720559999999999645e-01 -1.705600000000000449e-01
2.720620000000000260e-01 -1.705499999999999794e-01
2.720620000000000260e-01 -1.705499999999999794e-01
2.720609999999999973e-01 -1.705499999999999794e-01
2.720609999999999973e-01 -1.705499999999999794e-01
2.720609999999999973e-01 -1.705499999999999794e-01
2.720670000000000033e-01 -1.705399999999999139e-01
2.720670000000000033e-01 -1.705399999999999139e-01
2.720670000000000033e-01 -1.705399999999999139e-01
2.720670000000000033e-01 -1.705399999999999139e-01
2.720670000000000033e-01 -1.705399999999999139e-01
2.720730000000000093e-01 -1.705299999999998484e-01
2.720730000000000093e-01 -1.705299999999998484e-01
2.720719999999999805e-01 -1.705299999999998484e-01
2.720719999999999805e-01 -1.705299999999998484e-01
2.720719999999999805e-01 -1.705299999999998484e-01
2.720779999999999865e-01 -1.705199999999997829e-01
2.720779999999999865e-01 -1.705199999999997829e-01
2.720770000000000133e-01 -1.705199999999997829e-01
2.720770000000000133e-01 -1.705199999999997829e-01
2.720770000000000133e-01 -1.705199999999997829e-01
2.720829999999999638e-01 -1.705100000000001614e-01
2.720829999999999638e-01 -1.705100000000001614e-01
2.720829999999999638e-01 -1.705100000000001614e-01
2.720829999999999638e-01 -1.705100000000001614e-01
2.720829999999999638e-01 -1.705100000000001614e-01
2.720879999999999965e-01 -1.705000000000000959e-01
2.720879999999999965e-01 -1.705000000000000959e-01
2.720879999999999965e-01 -1.705000000000000959e-01
2.720879999999999965e-01 -1.705000000000000959e-01
2.720879999999999965e-01 -1.705000000000000959e-01
2.720940000000000025e-01 -1.704900000000000304e-01
2.720930000000000293e-01 -1.704900000000000304e-01
2.720930000000000293e-01 -1.704900000000000304e-01
2.720930000000000293e-01 -1.705000000000000959e-01
2.720930000000000293e-01 -1.705000000000000959e-01
2.720989999999999798e-01 -1.704799999999999649e-01
2.720989999999999798e-01 -1.704900000000000304e-01
2.720989999999999798e-01 -1.704900000000000304e-01
2.720989999999999798e-01 -1.704900000000000304e-01
2.720989999999999798e-01 -1.704900000000000304e-01
2.721049999999999858e-01 -1.704799999999999649e-01
2.721049999999999858e-01 -1.704799999999999649e-01
2.721049999999999858e-01 -1.704799999999999649e-01
2.721049999999999858e-01 -1.704799999999999649e-01
2.721049999999999858e-01 -1.704799999999999649e-01
2.721099999999999630e-01 -1.704699999999998994e-01
2.721099999999999630e-01 -1.704699999999998994e-01
2.721099999999999630e-01 -1.704699999999998994e-01
2.721099999999999630e-01 -1.704699999999998994e-01
2.721099999999999630e-01 -1.704699999999998994e-01
2.721160000000000245e-01 -1.704599999999998339e-01
2.721160000000000245e-01 -1.704599999999998339e-01
2.721160000000000245e-01 -1.704599999999998339e-01
2.721160000000000245e-01 -1.704599999999998339e-01
2.721149999999999958e-01 -1.704599999999998339e-01
2.721219999999999750e-01 -1.704499999999997684e-01
2.721219999999999750e-01 -1.704499999999997684e-01
2.721219999999999750e-01 -1.704499999999997684e-01
2.721219999999999750e-01 -1.704499999999997684e-01
2.721219999999999750e-01 -1.704499999999997684e-01
2.721270000000000078e-01 -1.704400000000001469e-01
2.721270000000000078e-01 -1.704400000000001469e-01
2.721270000000000078e-01 -1.704400000000001469e-01
2.721270000000000078e-01 -1.704400000000001469e-01
2.721270000000000078e-01 -1.704400000000001469e-01
2.721329999999999583e-01 -1.704300000000000814e-01
2.721329999999999583e-01 -1.704300000000000814e-01
2.721329999999999583e-01 -1.704300000000000814e-01
2.721329999999999583e-01 -1.704300000000000814e-01
2.721329999999999583e-01 -1.704300000000000814e-01
2.721390000000000198e-01 -1.704200000000000159e-01
2.721390000000000198e-01 -1.704200000000000159e-01
2.721390000000000198e-01 -1.704200000000000159e-01
2.721390000000000198e-01 -1.704200000000000159e-01
2.721390000000000198e-01 -1.704200000000000159e-01
2.721449999999999703e-01 -1.704099999999999504e-01
2.721449999999999703e-01 -1.704099999999999504e-01
2.721449999999999703e-01 -1.704099999999999504e-01
2.721449999999999703e-01 -1.704099999999999504e-01
2.721449999999999703e-01 -1.704099999999999504e-01
2.721510000000000318e-01 -1.703999999999998849e-01
2.721510000000000318e-01 -1.703999999999998849e-01
2.721510000000000318e-01 -1.703999999999998849e-01
2.721510000000000318e-01 -1.703999999999998849e-01
2.721510000000000318e-01 -1.703999999999998849e-01
2.721569999999999823e-01 -1.703899999999998194e-01
2.721569999999999823e-01 -1.703899999999998194e-01
2.721569999999999823e-01 -1.703899999999998194e-01
2.721569999999999823e-01 -1.703899999999998194e-01
2.721569999999999823e-01 -1.703899999999998194e-01
2.721629999999999883e-01 -1.703799999999997539e-01
2.721629999999999883e-01 -1.703799999999997539e-01
2.721629999999999883e-01 -1.703799999999997539e-01
2.721629999999999883e-01 -1.703799999999997539e-01
2.721629999999999883e-01 -1.703799999999997539e-01
2.721700000000000230e-01 -1.703700000000001324e-01
2.721689999999999943e-01 -1.703700000000001324e-01
2.721689999999999943e-01 -1.703700000000001324e-01
2.721689999999999943e-01 -1.703700000000001324e-01
2.721689999999999943e-01 -1.703799999999997539e-01
2.721759999999999735e-01 -1.703600000000000669e-01
2.721759999999999735e-01 -1.703700000000001324e-01
2.721750000000000003e-01 -1.703700000000001324e-01
2.721750000000000003e-01 -1.703700000000001324e-01
2.721750000000000003e-01 -1.703700000000001324e-01
2.721820000000000350e-01 -1.703600000000000669e-01
2.721820000000000350e-01 -1.703600000000000669e-01
2.721820000000000350e-01 -1.703600000000000669e-01
2.721820000000000350e-01 -1.703600000000000669e-01
2.721810000000000063e-01 -1.703600000000000669e-01
2.721879999999999855e-01 -1.703500000000000014e-01
2.721879999999999855e-01 -1.703500000000000014e-01
2.721879999999999855e-01 -1.703500000000000014e-01
2.721879999999999855e-01 -1.703500000000000014e-01
2.721879999999999855e-01 -1.703500000000000014e-01
2.721939999999999915e-01 -1.703399999999999359e-01
2.721939999999999915e-01 -1.703399999999999359e-01
2.721939999999999915e-01 -1.703399999999999359e-01
2.721939999999999915e-01 -1.703399999999999359e-01
2.721939999999999915e-01 -1.703399999999999359e-01
2.721999999999999975e-01 -1.703299999999998704e-01
2.721999999999999975e-01 -1.703299999999998704e-01
2.721999999999999975e-01 -1.703299999999998704e-01
2.721999999999999975e-01 -1.703299999999998704e-01
2.721999999999999975e-01 -1.703299999999998704e-01
2.722069999999999768e-01 -1.703199999999998049e-01
2.722060000000000035e-01 -1.703199999999998049e-01
2.722060000000000035e-01 -1.703199999999998049e-01
2.722060000000000035e-01 -1.703199999999998049e-01
2.722060000000000035e-01 -1.703199999999998049e-01
2.722129999999999828e-01 -1.703100000000001835e-01
2.722129999999999828e-01 -1.703100000000001835e-01
2.722129999999999828e-01 -1.703100000000001835e-01
2.722120000000000095e-01 -1.703100000000001835e-01
2.722120000000000095e-01 -1.703100000000001835e-01
2.722189999999999888e-01 -1.703000000000001180e-01
2.722189999999999888e-01 -1.703000000000001180e-01
2.722189999999999888e-01 -1.703000000000001180e-01
2.722189999999999888e-01 -1.703000000000001180e-01
2.722179999999999600e-01 -1.703000000000001180e-01
2.722249999999999948e-01 -1.702900000000000524e-01
2.722249999999999948e-01 -1.702900000000000524e-01
2.722240000000000215e-01 -1.702900000000000524e-01
2.722240000000000215e-01 -1.702900000000000524e-01
2.722240000000000215e-01 -1.702900000000000524e-01
2.722310000000000008e-01 -1.702799999999999869e-01
2.722310000000000008e-01 -1.702799999999999869e-01
2.722310000000000008e-01 -1.702799999999999869e-01
2.722299999999999720e-01 -1.702799999999999869e-01
2.722299999999999720e-01 -1.702799999999999869e-01
2.722370000000000068e-01 -1.702699999999999214e-01
2.722370000000000068e-01 -1.702699999999999214e-01
2.722370000000000068e-01 -1.702699999999999214e-01
2.722370000000000068e-01 -1.702699999999999214e-01
2.722360000000000335e-01 -1.702699999999999214e-01
2.722430000000000128e-01 -1.702599999999998559e-01
2.722430000000000128e-01 -1.702599999999998559e-01
2.722430000000000128e-01 -1.702599999999998559e-01
2.722419999999999840e-01 -1.702599999999998559e-01
2.722419999999999840e-01 -1.702599999999998559e-01
2.722489999999999633e-01 -1.702499999999997904e-01
2.722489999999999633e-01 -1.702499999999997904e-01
2.722489999999999633e-01 -1.702499999999997904e-01
2.722489999999999633e-01 -1.702499999999997904e-01
2.722479999999999900e-01 -1.702499999999997904e-01
2.722550000000000248e-01 -1.702400000000001690e-01
2.722550000000000248e-01 -1.702400000000001690e-01
2.722550000000000248e-01 -1.702400000000001690e-01
2.722550000000000248e-01 -1.702400000000001690e-01
2.722550000000000248e-01 -1.702400000000001690e-01
2.722609999999999753e-01 -1.702300000000001035e-01
2.722609999999999753e-01 -1.702300000000001035e-01
2.722609999999999753e-01 -1.702300000000001035e-01
2.722609999999999753e-01 -1.702300000000001035e-01
2.722609999999999753e-01 -1.702300000000001035e-01
2.722670000000000368e-01 -1.702200000000000379e-01
2.722670000000000368e-01 -1.702200000000000379e-01
2.722670000000000368e-01 -1.702200000000000379e-01
2.722670000000000368e-01 -1.702200000000000379e-01
2.722670000000000368e-01 -1.702200000000000379e-01
2.722729999999999873e-01 -1.702099999999999724e-01
2.722729999999999873e-01 -1.702099999999999724e-01
2.722729999999999873e-01 -1.702099999999999724e-01
2.722729999999999873e-01 -1.702099999999999724e-01
2.722729999999999873e-01 -1.702099999999999724e-01
2.722799999999999665e-01 -1.701999999999999069e-01
2.722799999999999665e-01 -1.701999999999999069e-01
2.722789999999999933e-01 -1.701999999999999069e-01
2.722789999999999933e-01 -1.701999999999999069e-01
2.722789999999999933e-01 -1.701999999999999069e-01
2.722860000000000280e-01 -1.701899999999998414e-01
2.722860000000000280e-01 -1.701899999999998414e-01
2.722860000000000280e-01 -1.701899999999998414e-01
2.722849999999999993e-01 -1.701899999999998414e-01
2.722849999999999993e-01 -1.701899999999998414e-01
2.722919999999999785e-01 -1.701799999999997759e-01
2.722919999999999785e-01 -1.701799999999997759e-01
2.722919999999999785e-01 -1.701799999999997759e-01
2.722910000000000053e-01 -1.701799999999997759e-01
2.722910000000000053e-01 -1.701799999999997759e-01
2.722979999999999845e-01 -1.701700000000001545e-01
2.722979999999999845e-01 -1.701700000000001545e-01
2.722979999999999845e-01 -1.701700000000001545e-01
2.722979999999999845e-01 -1.701700000000001545e-01
2.722979999999999845e-01 -1.701700000000001545e-01
2.723050000000000193e-01 -1.701600000000000890e-01
2.723039999999999905e-01 -1.701600000000000890e-01
2.723039999999999905e-01 -1.701600000000000890e-01
2.723039999999999905e-01 -1.701600000000000890e-01
2.723039999999999905e-01 -1.701600000000000890e-01
2.723109999999999697e-01 -1.701500000000000234e-01
2.723099999999999965e-01 -1.701500000000000234e-01
2.723099999999999965e-01 -1.701500000000000234e-01
2.723099999999999965e-01 -1.701500000000000234e-01
2.723099999999999965e-01 -1.701500000000000234e-01
2.723170000000000313e-01 -1.701399999999999579e-01
2.723170000000000313e-01 -1.701399999999999579e-01
2.723170000000000313e-01 -1.701399999999999579e-01
2.723170000000000313e-01 -1.701399999999999579e-01
2.723170000000000313e-01 -1.701399999999999579e-01
2.723240000000000105e-01 -1.701299999999998924e-01
2.723240000000000105e-01 -1.701299999999998924e-01
2.723229999999999817e-01 -1.701299999999998924e-01
2.723229999999999817e-01 -1.701299999999998924e-01
2.723229999999999817e-01 -1.701299999999998924e-01
2.723299999999999610e-01 -1.701199999999998269e-01
2.723299999999999610e-01 -1.701199999999998269e-01
2.723299999999999610e-01 -1.701199999999998269e-01
2.723299999999999610e-01 -1.701199999999998269e-01
2.723299999999999610e-01 -1.701199999999998269e-01
2.723369999999999957e-01 -1.701099999999997614e-01
2.723360000000000225e-01 -1.701099999999997614e-01
2.723360000000000225e-01 -1.701099999999997614e-01
2.723360000000000225e-01 -1.701099999999997614e-01
2.723360000000000225e-01 -1.701099999999997614e-01
2.723419999999999730e-01 -1.701000000000001400e-01
2.723419999999999730e-01 -1.701000000000001400e-01
2.723419999999999730e-01 -1.701000000000001400e-01
2.723419999999999730e-01 -1.701000000000001400e-01
2.723419999999999730e-01 -1.701000000000001400e-01
2.723490000000000077e-01 -1.700900000000000745e-01
2.723490000000000077e-01 -1.700900000000000745e-01
2.723490000000000077e-01 -1.700900000000000745e-01
2.723490000000000077e-01 -1.700900000000000745e-01
2.723490000000000077e-01 -1.700900000000000745e-01
2.723559999999999870e-01 -1.700800000000000090e-01
2.723550000000000137e-01 -1.700800000000000090e-01
2.723550000000000137e-01 -1.700800000000000090e-01
2.723550000000000137e-01 -1.700800000000000090e-01
2.723550000000000137e-01 -1.700800000000000090e-01
2.723619999999999930e-01 -1.700699999999999434e-01
2.723619999999999930e-01 -1.700699999999999434e-01
2.723609999999999642e-01 -1.700699999999999434e-01
2.723609999999999642e-01 -1.700699999999999434e-01
2.723609999999999642e-01 -1.700699999999999434e-01
2.723689999999999722e-01 -1.700599999999998779e-01
2.723689999999999722e-01 -1.700599999999998779e-01
2.723679999999999990e-01 -1.700599999999998779e-01
2.723679999999999990e-01 -1.700599999999998779e-01
2.723679999999999990e-01 -1.700599999999998779e-01
2.723750000000000338e-01 -1.700499999999998124e-01
2.723750000000000338e-01 -1.700499999999998124e-01
2.723750000000000338e-01 -1.700499999999998124e-01
2.723750000000000338e-01 -1.700499999999998124e-01
2.723750000000000338e-01 -1.700599999999998779e-01
2.723809999999999842e-01 -1.700499999999998124e-01
2.723809999999999842e-01 -1.700499999999998124e-01
2.723809999999999842e-01 -1.700499999999998124e-01
2.723809999999999842e-01 -1.700499999999998124e-01
2.723809999999999842e-01 -1.700499999999998124e-01
2.723889999999999922e-01 -1.700399999999997469e-01
2.723879999999999635e-01 -1.700399999999997469e-01
2.723879999999999635e-01 -1.700399999999997469e-01
2.723879999999999635e-01 -1.700399999999997469e-01
2.723879999999999635e-01 -1.700399999999997469e-01
2.723949999999999982e-01 -1.700300000000001255e-01
2.723949999999999982e-01 -1.700300000000001255e-01
2.723949999999999982e-01 -1.700300000000001255e-01
2.723949999999999982e-01 -1.700300000000001255e-01
2.723949999999999982e-01 -1.700300000000001255e-01
2.724010000000000042e-01 -1.700200000000000600e-01
2.724010000000000042e-01 -1.700200000000000600e-01
2.724010000000000042e-01 -1.700200000000000600e-01
2.724010000000000042e-01 -1.700200000000000600e-01
2.724010000000000042e-01 -1.700200000000000600e-01
2.724079999999999835e-01 -1.700099999999999945e-01
2.724079999999999835e-01 -1.700099999999999945e-01
2.724079999999999835e-01 -1.700099999999999945e-01
2.724079999999999835e-01 -1.700099999999999945e-01
2.724079999999999835e-01 -1.700099999999999945e-01
2.724139999999999895e-01 -1.699999999999999289e-01
2.724139999999999895e-01 -1.699999999999999289e-01
2.724139999999999895e-01 -1.699999999999999289e-01
2.724139999999999895e-01 -1.699999999999999289e-01
2.724139999999999895e-01 -1.699999999999999289e-01
2.724210000000000242e-01 -1.699899999999998634e-01
2.724199999999999955e-01 -1.699899999999998634e-01
2.724199999999999955e-01 -1.699899999999998634e-01
2.724199999999999955e-01 -1.699899999999998634e-01
2.724199999999999955e-01 -1.699899999999998634e-01
2.724269999999999747e-01 -1.699799999999997979e-01
2.724269999999999747e-01 -1.699799999999997979e-01
2.724260000000000015e-01 -1.699799999999997979e-01
2.724260000000000015e-01 -1.699799999999997979e-01
2.724260000000000015e-01 -1.699799999999997979e-01
2.724330000000000362e-01 -1.699700000000001765e-01
2.724330000000000362e-01 -1.699700000000001765e-01
2.724320000000000075e-01 -1.699700000000001765e-01
2.724320000000000075e-01 -1.699700000000001765e-01
2.724320000000000075e-01 -1.699700000000001765e-01
2.724389999999999867e-01 -1.699600000000001110e-01
2.724389999999999867e-01 -1.699600000000001110e-01
2.724389999999999867e-01 -1.699600000000001110e-01
2.724389999999999867e-01 -1.699600000000001110e-01
2.724389999999999867e-01 -1.699600000000001110e-01
2.724459999999999660e-01 -1.699500000000000455e-01
2.724459999999999660e-01 -1.699500000000000455e-01
2.724459999999999660e-01 -1.699500000000000455e-01
2.724449999999999927e-01 -1.699500000000000455e-01
2.724449999999999927e-01 -1.699500000000000455e-01
2.724520000000000275e-01 -1.699399999999999800e-01
2.724520000000000275e-01 -1.699399999999999800e-01
2.724520000000000275e-01 -1.699399999999999800e-01
2.724520000000000275e-01 -1.699399999999999800e-01
2.724520000000000275e-01 -1.699399999999999800e-01
2.724579999999999780e-01 -1.699299999999999145e-01
2.724579999999999780e-01 -1.699299999999999145e-01
2.724579999999999780e-01 -1.699299999999999145e-01
2.724579999999999780e-01 -1.699299999999999145e-01
2.724579999999999780e-01 -1.699299999999999145e-01
2.724649999999999572e-01 -1.699299999999999145e-01
2.724649999999999572e-01 -1.699299999999999145e-01
2.724639999999999840e-01 -1.699299999999999145e-01
2.724639999999999840e-01 -1.699299999999999145e-01
2.724639999999999840e-01 -1.699299999999999145e-01
2.724710000000000187e-01 -1.699199999999998489e-01
2.724710000000000187e-01 -1.699199999999998489e-01
2.724710000000000187e-01 -1.699199999999998489e-01
2.724710000000000187e-01 -1.699199999999998489e-01
2.724699999999999900e-01 -1.699199999999998489e-01
2.724769999999999692e-01 -1.699099999999997834e-01
2.724769999999999692e-01 -1.699099999999997834e-01
2.724769999999999692e-01 -1.699099999999997834e-01
2.724759999999999960e-01 -1.699099999999997834e-01
2.724759999999999960e-01 -1.699099999999997834e-01
2.724820000000000020e-01 -1.699000000000001620e-01
2.724820000000000020e-01 -1.699000000000001620e-01
2.724820000000000020e-01 -1.699000000000001620e-01
2.724820000000000020e-01 -1.699000000000001620e-01
2.724820000000000020e-01 -1.699000000000001620e-01
2.724889999999999812e-01 -1.698900000000000965e-01
2.724889999999999812e-01 -1.698900000000000965e-01
2.724880000000000080e-01 -1.698900000000000965e-01
2.724880000000000080e-01 -1.698900000000000965e-01
2.724880000000000080e-01 -1.698900000000000965e-01
2.724940000000000140e-01 -1.698800000000000310e-01
2.724940000000000140e-01 -1.698800000000000310e-01
2.724940000000000140e-01 -1.698800000000000310e-01
2.724940000000000140e-01 -1.698800000000000310e-01
2.724940000000000140e-01 -1.698800000000000310e-01
2.724999999999999645e-01 -1.698699999999999655e-01
2.724999999999999645e-01 -1.698699999999999655e-01
2.724989999999999912e-01 -1.698699999999999655e-01
2.724989999999999912e-01 -1.698699999999999655e-01
2.724989999999999912e-01 -1.698800000000000310e-01
2.725060000000000260e-01 -1.698699999999999655e-01
2.725060000000000260e-01 -1.698699999999999655e-01
2.725049999999999972e-01 -1.698699999999999655e-01
2.725049999999999972e-01 -1.698699999999999655e-01
2.725049999999999972e-01 -1.698699999999999655e-01
2.725110000000000032e-01 -1.698599999999999000e-01
2.725110000000000032e-01 -1.698599999999999000e-01
2.725110000000000032e-01 -1.698599999999999000e-01
2.725110000000000032e-01 -1.698599999999999000e-01
2.725110000000000032e-01 -1.698599999999999000e-01
2.725170000000000092e-01 -1.698499999999998344e-01
2.725159999999999805e-01 -1.698499999999998344e-01
2.725159999999999805e-01 -1.698499999999998344e-01
2.725159999999999805e-01 -1.698499999999998344e-01
2.725159999999999805e-01 -1.698499999999998344e-01
2.725219999999999865e-01 -1.698399999999997689e-01
2.725219999999999865e-01 -1.698399999999997689e-01
2.725219999999999865e-01 -1.698399999999997689e-01
2.725219999999999865e-01 -1.698399999999997689e-01
2.725219999999999865e-01 -1.698399999999997689e-01
2.725279999999999925e-01 -1.698300000000001475e-01
2.725279999999999925e-01 -1.698300000000001475e-01
2.725279999999999925e-01 -1.698300000000001475e-01
2.725279999999999925e-01 -1.698300000000001475e-01
2.725279999999999925e-01 -1.698300000000001475e-01
2.725330000000000252e-01 -1.698200000000000820e-01
2.725330000000000252e-01 -1.698200000000000820e-01
2.725330000000000252e-01 -1.698200000000000820e-01
2.725330000000000252e-01 -1.698200000000000820e-01
2.725330000000000252e-01 -1.698200000000000820e-01
2.725389999999999757e-01 -1.698100000000000165e-01
2.725389999999999757e-01 -1.698100000000000165e-01
2.725380000000000025e-01 -1.698100000000000165e-01
2.725380000000000025e-01 -1.698100000000000165e-01
2.725380000000000025e-01 -1.698100000000000165e-01
2.725440000000000085e-01 -1.698100000000000165e-01
2.725440000000000085e-01 -1.698100000000000165e-01
2.725440000000000085e-01 -1.698100000000000165e-01
2.725440000000000085e-01 -1.698100000000000165e-01
2.725440000000000085e-01 -1.698100000000000165e-01
2.725499999999999590e-01 -1.697999999999999510e-01
2.725499999999999590e-01 -1.697999999999999510e-01
2.725499999999999590e-01 -1.697999999999999510e-01
2.725489999999999857e-01 -1.697999999999999510e-01
2.725489999999999857e-01 -1.697999999999999510e-01
2.725549999999999917e-01 -1.697899999999998855e-01
2.725549999999999917e-01 -1.697899999999998855e-01
2.725549999999999917e-01 -1.697899999999998855e-01
2.725549999999999917e-01 -1.697899999999998855e-01
2.725549999999999917e-01 -1.697899999999998855e-01
2.725609999999999977e-01 -1.697799999999998199e-01
2.725600000000000245e-01 -1.697799999999998199e-01
2.725600000000000245e-01 -1.697799999999998199e-01
2.725600000000000245e-01 -1.697799999999998199e-01
2.725600000000000245e-01 -1.697799999999998199e-01
2.725659999999999750e-01 -1.697699999999997544e-01
2.725659999999999750e-01 -1.697699999999997544e-01
2.725659999999999750e-01 -1.697699999999997544e-01
2.725659999999999750e-01 -1.697699999999997544e-01
2.725659999999999750e-01 -1.697699999999997544e-01
2.725710000000000077e-01 -1.697600000000001330e-01
2.725710000000000077e-01 -1.697699999999997544e-01
2.725710000000000077e-01 -1.697699999999997544e-01
2.725710000000000077e-01 -1.697699999999997544e-01
2.725710000000000077e-01 -1.697699999999997544e-01
2.725769999999999582e-01 -1.697600000000001330e-01
2.725769999999999582e-01 -1.697600000000001330e-01
2.725759999999999850e-01 -1.697600000000001330e-01
2.725759999999999850e-01 -1.697600000000001330e-01
2.725759999999999850e-01 -1.697600000000001330e-01
2.725819999999999910e-01 -1.697500000000000675e-01
2.725819999999999910e-01 -1.697500000000000675e-01
2.725819999999999910e-01 -1.697500000000000675e-01
2.725819999999999910e-01 -1.697500000000000675e-01
2.725819999999999910e-01 -1.697500000000000675e-01
2.725879999999999970e-01 -1.697400000000000020e-01
2.725879999999999970e-01 -1.697400000000000020e-01
2.725879999999999970e-01 -1.697400000000000020e-01
2.725879999999999970e-01 -1.697400000000000020e-01
2.725879999999999970e-01 -1.697400000000000020e-01
2.725940000000000030e-01 -1.697299999999999365e-01
2.725940000000000030e-01 -1.697299999999999365e-01
2.725940000000000030e-01 -1.697299999999999365e-01
2.725929999999999742e-01 -1.697299999999999365e-01
2.725929999999999742e-01 -1.697299999999999365e-01
2.726000000000000090e-01 -1.697299999999999365e-01
2.726000000000000090e-01 -1.697299999999999365e-01
2.726000000000000090e-01 -1.697299999999999365e-01
2.725990000000000357e-01 -1.697299999999999365e-01
2.725990000000000357e-01 -1.697299999999999365e-01
2.726060000000000150e-01 -1.697199999999998710e-01
2.726060000000000150e-01 -1.697199999999998710e-01
2.726060000000000150e-01 -1.697199999999998710e-01
2.726060000000000150e-01 -1.697199999999998710e-01
2.726060000000000150e-01 -1.697199999999998710e-01
2.726119999999999655e-01 -1.697099999999998055e-01
2.726119999999999655e-01 -1.697099999999998055e-01
2.726119999999999655e-01 -1.697099999999998055e-01
2.726119999999999655e-01 -1.697099999999998055e-01
2.726119999999999655e-01 -1.697099999999998055e-01
2.726180000000000270e-01 -1.697000000000001840e-01
2.726180000000000270e-01 -1.697000000000001840e-01
2.726180000000000270e-01 -1.697000000000001840e-01
2.726180000000000270e-01 -1.697000000000001840e-01
2.726180000000000270e-01 -1.697000000000001840e-01
2.726239999999999775e-01 -1.696900000000001185e-01
2.726239999999999775e-01 -1.696900000000001185e-01
2.726239999999999775e-01 -1.696900000000001185e-01
2.726239999999999775e-01 -1.696900000000001185e-01
2.726239999999999775e-01 -1.696900000000001185e-01
2.726299999999999835e-01 -1.696900000000001185e-01
2.726299999999999835e-01 -1.696900000000001185e-01
2.726299999999999835e-01 -1.696900000000001185e-01
2.726299999999999835e-01 -1.696900000000001185e-01
2.726299999999999835e-01 -1.696900000000001185e-01
2.726359999999999895e-01 -1.696800000000000530e-01
2.726359999999999895e-01 -1.696800000000000530e-01
2.726359999999999895e-01 -1.696800000000000530e-01
2.726359999999999895e-01 -1.696800000000000530e-01
2.726349999999999607e-01 -1.696800000000000530e-01
2.726419999999999955e-01 -1.696699999999999875e-01
2.726419999999999955e-01 -1.696699999999999875e-01
2.726419999999999955e-01 -1.696699999999999875e-01
2.726410000000000222e-01 -1.696699999999999875e-01
2.726410000000000222e-01 -1.696699999999999875e-01
2.726480000000000015e-01 -1.696599999999999220e-01
2.726469999999999727e-01 -1.696599999999999220e-01
2.726469999999999727e-01 -1.696599999999999220e-01
2.726469999999999727e-01 -1.696599999999999220e-01
2.726469999999999727e-01 -1.696599999999999220e-01
2.726530000000000342e-01 -1.696599999999999220e-01
2.726530000000000342e-01 -1.696599999999999220e-01
2.726530000000000342e-01 -1.696599999999999220e-01
2.726530000000000342e-01 -1.696599999999999220e-01
2.726530000000000342e-01 -1.696599999999999220e-01
2.726589999999999847e-01 -1.696499999999998565e-01
2.726589999999999847e-01 -1.696499999999998565e-01
2.726589999999999847e-01 -1.696499999999998565e-01
2.726589999999999847e-01 -1.696499999999998565e-01
2.726579999999999560e-01 -1.696499999999998565e-01
2.726649999999999907e-01 -1.696399999999997910e-01
2.726649999999999907e-01 -1.696399999999997910e-01
2.726640000000000175e-01 -1.696399999999997910e-01
2.726640000000000175e-01 -1.696399999999997910e-01
2.726640000000000175e-01 -1.696399999999997910e-01
2.726699999999999680e-01 -1.696300000000001695e-01
2.726699999999999680e-01 -1.696300000000001695e-01
2.726699999999999680e-01 -1.696300000000001695e-01
2.726699999999999680e-01 -1.696300000000001695e-01
2.726699999999999680e-01 -1.696300000000001695e-01
2.726760000000000295e-01 -1.696300000000001695e-01
2.726760000000000295e-01 -1.696300000000001695e-01
2.726760000000000295e-01 -1.696300000000001695e-01
2.726750000000000007e-01 -1.696300000000001695e-01
2.726750000000000007e-01 -1.696300000000001695e-01
2.726810000000000067e-01 -1.696200000000001040e-01
2.726810000000000067e-01 -1.696200000000001040e-01
2.726810000000000067e-01 -1.696200000000001040e-01
2.726810000000000067e-01 -1.696200000000001040e-01
2.726810000000000067e-01 -1.696200000000001040e-01
2.726870000000000127e-01 -1.696100000000000385e-01
2.726870000000000127e-01 -1.696100000000000385e-01
2.726870000000000127e-01 -1.696100000000000385e-01
2.726870000000000127e-01 -1.696100000000000385e-01
2.726859999999999840e-01 -1.696100000000000385e-01
2.726919999999999900e-01 -1.695999999999999730e-01
2.726919999999999900e-01 -1.695999999999999730e-01
2.726919999999999900e-01 -1.695999999999999730e-01
2.726919999999999900e-01 -1.695999999999999730e-01
2.726919999999999900e-01 -1.695999999999999730e-01
2.726969999999999672e-01 -1.695999999999999730e-01
2.726969999999999672e-01 -1.695999999999999730e-01
2.726969999999999672e-01 -1.695999999999999730e-01
2.726969999999999672e-01 -1.695999999999999730e-01
2.726969999999999672e-01 -1.695999999999999730e-01
2.727030000000000287e-01 -1.695899999999999075e-01
2.727030000000000287e-01 -1.695899999999999075e-01
2.727030000000000287e-01 -1.695899999999999075e-01
2.727020000000000000e-01 -1.695899999999999075e-01
2.727020000000000000e-01 -1.695899999999999075e-01
2.727080000000000060e-01 -1.695799999999998420e-01
2.727070000000000327e-01 -1.695799999999998420e-01
2.727070000000000327e-01 -1.695799999999998420e-01
2.727070000000000327e-01 -1.695799999999998420e-01
2.727070000000000327e-01 -1.695799999999998420e-01
2.727129999999999832e-01 -1.695699999999997765e-01
2.727129999999999832e-01 -1.695699999999997765e-01
2.727129999999999832e-01 -1.695699999999997765e-01
2.727119999999999544e-01 -1.695799999999998420e-01
2.727119999999999544e-01 -1.695799999999998420e-01
2.727189999999999892e-01 -1.695699999999997765e-01
2.727189999999999892e-01 -1.695699999999997765e-01
2.727189999999999892e-01 -1.695699999999997765e-01
2.727189999999999892e-01 -1.695699999999997765e-01
2.727180000000000160e-01 -1.695699999999997765e-01
2.727239999999999664e-01 -1.695600000000001550e-01
2.727239999999999664e-01 -1.695600000000001550e-01
2.727239999999999664e-01 -1.695600000000001550e-01
2.727239999999999664e-01 -1.695600000000001550e-01
2.727239999999999664e-01 -1.695600000000001550e-01
2.727300000000000280e-01 -1.695500000000000895e-01
2.727300000000000280e-01 -1.695500000000000895e-01
2.727289999999999992e-01 -1.695500000000000895e-01
2.727289999999999992e-01 -1.695500000000000895e-01
2.727289999999999992e-01 -1.695500000000000895e-01
2.727359999999999784e-01 -1.695400000000000240e-01
2.727359999999999784e-01 -1.695500000000000895e-01
2.727350000000000052e-01 -1.695500000000000895e-01
2.727350000000000052e-01 -1.695500000000000895e-01
2.727350000000000052e-01 -1.695500000000000895e-01
2.727410000000000112e-01 -1.695400000000000240e-01
2.727410000000000112e-01 -1.695400000000000240e-01
2.727399999999999824e-01 -1.695400000000000240e-01
2.727399999999999824e-01 -1.695400000000000240e-01
2.727399999999999824e-01 -1.695400000000000240e-01
2.727459999999999885e-01 -1.695299999999999585e-01
2.727459999999999885e-01 -1.695299999999999585e-01
2.727459999999999885e-01 -1.695299999999999585e-01
2.727459999999999885e-01 -1.695299999999999585e-01
2.727459999999999885e-01 -1.695299999999999585e-01
2.727519999999999945e-01 -1.695199999999998930e-01
2.727519999999999945e-01 -1.695199999999998930e-01
2.727519999999999945e-01 -1.695199999999998930e-01
2.727519999999999945e-01 -1.695199999999998930e-01
2.727519999999999945e-01 -1.695199999999998930e-01
2.727570000000000272e-01 -1.695199999999998930e-01
2.727570000000000272e-01 -1.695199999999998930e-01
2.727570000000000272e-01 -1.695199999999998930e-01
2.727570000000000272e-01 -1.695199999999998930e-01
2.727570000000000272e-01 -1.695199999999998930e-01
2.727629999999999777e-01 -1.695099999999998275e-01
2.727629999999999777e-01 -1.695099999999998275e-01
2.727629999999999777e-01 -1.695099999999998275e-01
2.727629999999999777e-01 -1.695099999999998275e-01
2.727629999999999777e-01 -1.695099999999998275e-01
2.727689999999999837e-01 -1.694999999999997620e-01
2.727689999999999837e-01 -1.694999999999997620e-01
2.727689999999999837e-01 -1.694999999999997620e-01
2.727680000000000105e-01 -1.694999999999997620e-01
2.727680000000000105e-01 -1.694999999999997620e-01
2.727739999999999609e-01 -1.694999999999997620e-01
2.727739999999999609e-01 -1.694999999999997620e-01
2.727739999999999609e-01 -1.694999999999997620e-01
2.727739999999999609e-01 -1.694999999999997620e-01
2.727739999999999609e-01 -1.694999999999997620e-01
2.727800000000000225e-01 -1.694900000000001405e-01
2.727800000000000225e-01 -1.694900000000001405e-01
2.727789999999999937e-01 -1.694900000000001405e-01
2.727789999999999937e-01 -1.694900000000001405e-01
2.727789999999999937e-01 -1.694900000000001405e-01
2.727849999999999997e-01 -1.694800000000000750e-01
2.727849999999999997e-01 -1.694800000000000750e-01
2.727849999999999997e-01 -1.694800000000000750e-01
2.727840000000000265e-01 -1.694800000000000750e-01
2.727840000000000265e-01 -1.694800000000000750e-01
2.727899999999999769e-01 -1.694700000000000095e-01
2.727899999999999769e-01 -1.694700000000000095e-01
2.727899999999999769e-01 -1.694700000000000095e-01
2.727899999999999769e-01 -1.694800000000000750e-01
2.727899999999999769e-01 -1.694800000000000750e-01
2.727959999999999829e-01 -1.694700000000000095e-01
2.727950000000000097e-01 -1.694700000000000095e-01
2.727950000000000097e-01 -1.694700000000000095e-01
2.727950000000000097e-01 -1.694700000000000095e-01
2.727950000000000097e-01 -1.694700000000000095e-01
2.728009999999999602e-01 -1.694599999999999440e-01
2.727999999999999869e-01 -1.694599999999999440e-01
2.727999999999999869e-01 -1.694599999999999440e-01
2.727999999999999869e-01 -1.694599999999999440e-01
2.727999999999999869e-01 -1.694599999999999440e-01
2.728059999999999929e-01 -1.694499999999998785e-01
2.728059999999999929e-01 -1.694499999999998785e-01
2.728059999999999929e-01 -1.694499999999998785e-01
2.728059999999999929e-01 -1.694499999999998785e-01
2.728059999999999929e-01 -1.694499999999998785e-01
2.728110000000000257e-01 -1.694499999999998785e-01
2.728110000000000257e-01 -1.694499999999998785e-01
2.728110000000000257e-01 -1.694499999999998785e-01
2.728110000000000257e-01 -1.694499999999998785e-01
2.728110000000000257e-01 -1.694499999999998785e-01
2.728160000000000029e-01 -1.694399999999998130e-01
2.728160000000000029e-01 -1.694399999999998130e-01
2.728160000000000029e-01 -1.694399999999998130e-01
2.728160000000000029e-01 -1.694399999999998130e-01
2.728150000000000297e-01 -1.694399999999998130e-01
2.728220000000000089e-01 -1.694299999999997475e-01
2.728220000000000089e-01 -1.694299999999997475e-01
2.728220000000000089e-01 -1.694299999999997475e-01
2.728209999999999802e-01 -1.694299999999997475e-01
2.728209999999999802e-01 -1.694299999999997475e-01
2.728269999999999862e-01 -1.694299999999997475e-01
2.728269999999999862e-01 -1.694299999999997475e-01
2.728269999999999862e-01 -1.694299999999997475e-01
2.728269999999999862e-01 -1.694299999999997475e-01
2.728260000000000129e-01 -1.694299999999997475e-01
2.728319999999999634e-01 -1.694200000000001261e-01
2.728309999999999902e-01 -1.694200000000001261e-01
2.728309999999999902e-01 -1.694200000000001261e-01
2.728309999999999902e-01 -1.694200000000001261e-01
2.728309999999999902e-01 -1.694200000000001261e-01
2.728369999999999962e-01 -1.694100000000000605e-01
2.728369999999999962e-01 -1.694100000000000605e-01
2.728369999999999962e-01 -1.694100000000000605e-01
2.728369999999999962e-01 -1.694100000000000605e-01
2.728369999999999962e-01 -1.694100000000000605e-01
2.728420000000000289e-01 -1.693999999999999950e-01
2.728420000000000289e-01 -1.693999999999999950e-01
2.728420000000000289e-01 -1.694100000000000605e-01
2.728420000000000289e-01 -1.694100000000000605e-01
2.728420000000000289e-01 -1.694100000000000605e-01
2.728470000000000062e-01 -1.693999999999999950e-01
2.728470000000000062e-01 -1.693999999999999950e-01
2.728460000000000329e-01 -1.693999999999999950e-01
2.728460000000000329e-01 -1.693999999999999950e-01
2.728460000000000329e-01 -1.693999999999999950e-01
2.728519999999999834e-01 -1.693899999999999295e-01
2.728519999999999834e-01 -1.693899999999999295e-01
2.728519999999999834e-01 -1.693899999999999295e-01
2.728509999999999547e-01 -1.693899999999999295e-01
2.728509999999999547e-01 -1.693899999999999295e-01
2.728570000000000162e-01 -1.693799999999998640e-01
2.728570000000000162e-01 -1.693799999999998640e-01
2.728570000000000162e-01 -1.693799999999998640e-01
2.728570000000000162e-01 -1.693799999999998640e-01
2.728570000000000162e-01 -1.693799999999998640e-01
2.728619999999999934e-01 -1.693799999999998640e-01
2.728619999999999934e-01 -1.693799999999998640e-01
2.728610000000000202e-01 -1.693799999999998640e-01
2.728610000000000202e-01 -1.693799999999998640e-01
2.728610000000000202e-01 -1.693799999999998640e-01
2.728659999999999974e-01 -1.693699999999997985e-01
2.728659999999999974e-01 -1.693699999999997985e-01
2.728659999999999974e-01 -1.693699999999997985e-01
2.728659999999999974e-01 -1.693699999999997985e-01
2.728659999999999974e-01 -1.693699999999997985e-01
2.728720000000000034e-01 -1.693600000000001771e-01
2.728720000000000034e-01 -1.693600000000001771e-01
2.728709999999999747e-01 -1.693600000000001771e-01
2.728709999999999747e-01 -1.693699999999997985e-01
2.728709999999999747e-01 -1.693699999999997985e-01
2.728760000000000074e-01 -1.693600000000001771e-01
2.728760000000000074e-01 -1.693600000000001771e-01
2.728760000000000074e-01 -1.693600000000001771e-01
2.728760000000000074e-01 -1.693600000000001771e-01
2.728760000000000074e-01 -1.693600000000001771e-01
2.728809999999999847e-01 -1.693500000000001116e-01
2.728800000000000114e-01 -1.693500000000001116e-01
2.728800000000000114e-01 -1.693500000000001116e-01
2.728800000000000114e-01 -1.693500000000001116e-01
2.728800000000000114e-01 -1.693500000000001116e-01
2.728859999999999619e-01 -1.693400000000000460e-01
2.728859999999999619e-01 -1.693500000000001116e-01
2.728859999999999619e-01 -1.693500000000001116e-01
2.728849999999999887e-01 -1.693500000000001116e-01
2.728849999999999887e-01 -1.693500000000001116e-01
2.728899999999999659e-01 -1.693400000000000460e-01
2.728899999999999659e-01 -1.693400000000000460e-01
2.728899999999999659e-01 -1.693400000000000460e-01
2.728899999999999659e-01 -1.693400000000000460e-01
2.728899999999999659e-01 -1.693400000000000460e-01
2.728949999999999987e-01 -1.693299999999999805e-01
2.728949999999999987e-01 -1.693299999999999805e-01
2.728949999999999987e-01 -1.693299999999999805e-01
2.728949999999999987e-01 -1.693299999999999805e-01
2.728949999999999987e-01 -1.693299999999999805e-01
2.729000000000000314e-01 -1.693299999999999805e-01
2.729000000000000314e-01 -1.693299999999999805e-01
2.729000000000000314e-01 -1.693299999999999805e-01
2.729000000000000314e-01 -1.693299999999999805e-01
2.729000000000000314e-01 -1.693299999999999805e-01
2.729050000000000087e-01 -1.693199999999999150e-01
2.729050000000000087e-01 -1.693199999999999150e-01
2.729040000000000354e-01 -1.693199999999999150e-01
2.729040000000000354e-01 -1.693199999999999150e-01
2.729040000000000354e-01 -1.693199999999999150e-01
2.729089999999999572e-01 -1.693099999999998495e-01
2.729089999999999572e-01 -1.693099999999998495e-01
2.729089999999999572e-01 -1.693199999999999150e-01
2.729089999999999572e-01 -1.693199999999999150e-01
2.729089999999999572e-01 -1.693199999999999150e-01
2.729139999999999899e-01 -1.693099999999998495e-01
2.729139999999999899e-01 -1.693099999999998495e-01
2.729139999999999899e-01 -1.693099999999998495e-01
2.729139999999999899e-01 -1.693099999999998495e-01
2.729139999999999899e-01 -1.693099999999998495e-01
2.729190000000000227e-01 -1.692999999999997840e-01
2.729190000000000227e-01 -1.692999999999997840e-01
2.729190000000000227e-01 -1.692999999999997840e-01
2.729179999999999939e-01 -1.692999999999997840e-01
2.729179999999999939e-01 -1.692999999999997840e-01
2.729239999999999999e-01 -1.692999999999997840e-01
2.729239999999999999e-01 -1.692999999999997840e-01
2.729230000000000267e-01 -1.692999999999997840e-01
2.729230000000000267e-01 -1.692999999999997840e-01
2.729230000000000267e-01 -1.692999999999997840e-01
2.729280000000000039e-01 -1.692900000000001626e-01
2.729280000000000039e-01 -1.692900000000001626e-01
2.729280000000000039e-01 -1.692900000000001626e-01
2.729280000000000039e-01 -1.692900000000001626e-01
2.729280000000000039e-01 -1.692900000000001626e-01
2.729320000000000079e-01 -1.692900000000001626e-01
2.729320000000000079e-01 -1.692900000000001626e-01
2.729320000000000079e-01 -1.692900000000001626e-01
2.729320000000000079e-01 -1.692900000000001626e-01
2.729320000000000079e-01 -1.692900000000001626e-01
2.729369999999999852e-01 -1.692800000000000971e-01
2.729369999999999852e-01 -1.692800000000000971e-01
2.729369999999999852e-01 -1.692800000000000971e-01
2.729369999999999852e-01 -1.692800000000000971e-01
2.729369999999999852e-01 -1.692800000000000971e-01
2.729409999999999892e-01 -1.692700000000000315e-01
2.729409999999999892e-01 -1.692700000000000315e-01
2.729409999999999892e-01 -1.692700000000000315e-01
2.729399999999999604e-01 -1.692700000000000315e-01
2.729399999999999604e-01 -1.692700000000000315e-01
2.729439999999999644e-01 -1.692700000000000315e-01
2.729439999999999644e-01 -1.692700000000000315e-01
2.729439999999999644e-01 -1.692700000000000315e-01
2.729439999999999644e-01 -1.692700000000000315e-01
2.729439999999999644e-01 -1.692700000000000315e-01
2.729479999999999684e-01 -1.692599999999999660e-01
2.729479999999999684e-01 -1.692599999999999660e-01
2.729479999999999684e-01 -1.692599999999999660e-01
2.729479999999999684e-01 -1.692599999999999660e-01
2.729479999999999684e-01 -1.692599999999999660e-01
2.729519999999999724e-01 -1.692599999999999660e-01
2.729519999999999724e-01 -1.692599999999999660e-01
2.729519999999999724e-01 -1.692599999999999660e-01
2.729519999999999724e-01 -1.692599999999999660e-01
2.729519999999999724e-01 -1.692599999999999660e-01
2.729550000000000032e-01 -1.692499999999999005e-01
2.729550000000000032e-01 -1.692499999999999005e-01
2.729550000000000032e-01 -1.692499999999999005e-01
2.729550000000000032e-01 -1.692499999999999005e-01
2.729550000000000032e-01 -1.692499999999999005e-01
2.729590000000000072e-01 -1.692499999999999005e-01
2.729590000000000072e-01 -1.692499999999999005e-01
2.729590000000000072e-01 -1.692499999999999005e-01
2.729590000000000072e-01 -1.692499999999999005e-01
2.729580000000000339e-01 -1.692499999999999005e-01
2.729619999999999824e-01 -1.692399999999998350e-01
2.729619999999999824e-01 -1.692399999999998350e-01
2.729619999999999824e-01 -1.692399999999998350e-01
2.729610000000000092e-01 -1.692399999999998350e-01
2.729610000000000092e-01 -1.692399999999998350e-01
2.729650000000000132e-01 -1.692299999999997695e-01
2.729650000000000132e-01 -1.692299999999997695e-01
2.729650000000000132e-01 -1.692299999999997695e-01
2.729650000000000132e-01 -1.692299999999997695e-01
2.729639999999999844e-01 -1.692399999999998350e-01
2.729679999999999884e-01 -1.692299999999997695e-01
2.729679999999999884e-01 -1.692299999999997695e-01
2.729679999999999884e-01 -1.692299999999997695e-01
2.729679999999999884e-01 -1.692299999999997695e-01
2.729679999999999884e-01 -1.692299999999997695e-01
2.729709999999999637e-01 -1.692200000000001481e-01
2.729709999999999637e-01 -1.692200000000001481e-01
2.729709999999999637e-01 -1.692200000000001481e-01
2.729709999999999637e-01 -1.692200000000001481e-01
2.729709999999999637e-01 -1.692200000000001481e-01
2.729749999999999677e-01 -1.692200000000001481e-01
2.729739999999999944e-01 -1.692200000000001481e-01
2.729739999999999944e-01 -1.692200000000001481e-01
2.729739999999999944e-01 -1.692200000000001481e-01
2.729739999999999944e-01 -1.692200000000001481e-01
2.729779999999999984e-01 -1.692100000000000826e-01
2.729779999999999984e-01 -1.692100000000000826e-01
2.729779999999999984e-01 -1.692100000000000826e-01
2.729779999999999984e-01 -1.692100000000000826e-01
2.729779999999999984e-01 -1.692100000000000826e-01
2.729810000000000292e-01 -1.692100000000000826e-01
2.729810000000000292e-01 -1.692100000000000826e-01
2.729810000000000292e-01 -1.692100000000000826e-01
2.729810000000000292e-01 -1.692100000000000826e-01
2.729800000000000004e-01 -1.692100000000000826e-01
2.729840000000000044e-01 -1.692000000000000171e-01
2.729840000000000044e-01 -1.692000000000000171e-01
2.729829999999999757e-01 -1.692000000000000171e-01
2.729829999999999757e-01 -1.692000000000000171e-01
2.729829999999999757e-01 -1.692000000000000171e-01
2.729869999999999797e-01 -1.692000000000000171e-01
2.729869999999999797e-01 -1.692000000000000171e-01
2.729860000000000064e-01 -1.692000000000000171e-01
2.729860000000000064e-01 -1.692000000000000171e-01
2.729860000000000064e-01 -1.692000000000000171e-01
2.729899999999999549e-01 -1.691899999999999515e-01
2.729890000000000372e-01 -1.691899999999999515e-01
2.729890000000000372e-01 -1.691899999999999515e-01
2.729890000000000372e-01 -1.691899999999999515e-01
2.729890000000000372e-01 -1.691899999999999515e-01
2.729920000000000124e-01 -1.691799999999998860e-01
2.729920000000000124e-01 -1.691899999999999515e-01
2.729920000000000124e-01 -1.691899999999999515e-01
2.729920000000000124e-01 -1.691899999999999515e-01
2.729909999999999837e-01 -1.691899999999999515e-01
2.729949999999999877e-01 -1.691799999999998860e-01
2.729949999999999877e-01 -1.691799999999998860e-01
2.729949999999999877e-01 -1.691799999999998860e-01
2.729949999999999877e-01 -1.691799999999998860e-01
2.729949999999999877e-01 -1.691799999999998860e-01
2.729979999999999629e-01 -1.691699999999998205e-01
2.729979999999999629e-01 -1.691699999999998205e-01
2.729979999999999629e-01 -1.691699999999998205e-01
2.729979999999999629e-01 -1.691799999999998860e-01
2.729979999999999629e-01 -1.691799999999998860e-01
2.730009999999999937e-01 -1.691699999999998205e-01
2.730000000000000204e-01 -1.691699999999998205e-01
2.730000000000000204e-01 -1.691699999999998205e-01
2.730000000000000204e-01 -1.691699999999998205e-01
2.730000000000000204e-01 -1.691699999999998205e-01
2.730029999999999957e-01 -1.691599999999997550e-01
2.730029999999999957e-01 -1.691599999999997550e-01
2.730029999999999957e-01 -1.691599999999997550e-01
2.730029999999999957e-01 -1.691599999999997550e-01
2.730029999999999957e-01 -1.691599999999997550e-01
2.730059999999999709e-01 -1.691599999999997550e-01
2.730059999999999709e-01 -1.691599999999997550e-01
2.730059999999999709e-01 -1.691599999999997550e-01
2.730059999999999709e-01 -1.691599999999997550e-01
2.730059999999999709e-01 -1.691599999999997550e-01
2.730090000000000017e-01 -1.691500000000001336e-01
2.730090000000000017e-01 -1.691500000000001336e-01
2.730080000000000284e-01 -1.691500000000001336e-01
2.730080000000000284e-01 -1.691500000000001336e-01
2.730080000000000284e-01 -1.691599999999997550e-01
2.730110000000000037e-01 -1.691500000000001336e-01
2.730110000000000037e-01 -1.691500000000001336e-01
2.730110000000000037e-01 -1.691500000000001336e-01
2.730110000000000037e-01 -1.691500000000001336e-01
2.730099999999999749e-01 -1.691500000000001336e-01
2.730139999999999789e-01 -1.691400000000000681e-01
2.730139999999999789e-01 -1.691400000000000681e-01
2.730139999999999789e-01 -1.691500000000001336e-01
2.730130000000000057e-01 -1.691500000000001336e-01
2.730130000000000057e-01 -1.691500000000001336e-01
2.730160000000000364e-01 -1.691400000000000681e-01
2.730160000000000364e-01 -1.691400000000000681e-01
2.730150000000000077e-01 -1.691400000000000681e-01
2.730150000000000077e-01 -1.691400000000000681e-01
2.730150000000000077e-01 -1.691400000000000681e-01
2.730179999999999829e-01 -1.691400000000000681e-01
2.730179999999999829e-01 -1.691400000000000681e-01
2.730179999999999829e-01 -1.691400000000000681e-01
2.730179999999999829e-01 -1.691400000000000681e-01
2.730170000000000097e-01 -1.691400000000000681e-01
2.730199999999999849e-01 -1.691300000000000026e-01
2.730199999999999849e-01 -1.691300000000000026e-01
2.730199999999999849e-01 -1.691300000000000026e-01
2.730199999999999849e-01 -1.691300000000000026e-01
2.730199999999999849e-01 -1.691300000000000026e-01
2.730219999999999869e-01 -1.691300000000000026e-01
2.730219999999999869e-01 -1.691300000000000026e-01
2.730219999999999869e-01 -1.691300000000000026e-01
2.730219999999999869e-01 -1.691300000000000026e-01
2.730219999999999869e-01 -1.691300000000000026e-01
2.730239999999999889e-01 -1.691199999999999370e-01
2.730239999999999889e-01 -1.691199999999999370e-01
2.730239999999999889e-01 -1.691199999999999370e-01
2.730239999999999889e-01 -1.691199999999999370e-01
2.730239999999999889e-01 -1.691199999999999370e-01
2.730270000000000197e-01 -1.691199999999999370e-01
2.730270000000000197e-01 -1.691199999999999370e-01
2.730270000000000197e-01 -1.691199999999999370e-01
2.730259999999999909e-01 -1.691199999999999370e-01
2.730259999999999909e-01 -1.691199999999999370e-01
2.730289999999999662e-01 -1.691099999999998715e-01
2.730289999999999662e-01 -1.691099999999998715e-01
2.730279999999999929e-01 -1.691099999999998715e-01
2.730279999999999929e-01 -1.691099999999998715e-01
2.730279999999999929e-01 -1.691099999999998715e-01
2.730310000000000237e-01 -1.691099999999998715e-01
2.730310000000000237e-01 -1.691099999999998715e-01
2.730310000000000237e-01 -1.691099999999998715e-01
2.730299999999999949e-01 -1.691099999999998715e-01
2.730299999999999949e-01 -1.691099999999998715e-01
2.730329999999999702e-01 -1.691099999999998715e-01
2.730329999999999702e-01 -1.691099999999998715e-01
2.730329999999999702e-01 -1.691099999999998715e-01
2.730329999999999702e-01 -1.691099999999998715e-01
2.730329999999999702e-01 -1.691099999999998715e-01
2.730360000000000009e-01 -1.690999999999998060e-01
2.730360000000000009e-01 -1.690999999999998060e-01
2.730350000000000277e-01 -1.690999999999998060e-01
2.730350000000000277e-01 -1.690999999999998060e-01
2.730350000000000277e-01 -1.690999999999998060e-01
2.730380000000000029e-01 -1.690999999999998060e-01
2.730380000000000029e-01 -1.690999999999998060e-01
2.730380000000000029e-01 -1.690999999999998060e-01
2.730369999999999742e-01 -1.690999999999998060e-01
2.730369999999999742e-01 -1.690999999999998060e-01
2.730400000000000049e-01 -1.690900000000001846e-01
2.730400000000000049e-01 -1.690900000000001846e-01
2.730400000000000049e-01 -1.690900000000001846e-01
2.730400000000000049e-01 -1.690900000000001846e-01
2.730400000000000049e-01 -1.690999999999998060e-01
2.730430000000000357e-01 -1.690900000000001846e-01
2.730430000000000357e-01 -1.690900000000001846e-01
2.730430000000000357e-01 -1.690900000000001846e-01
2.730430000000000357e-01 -1.690900000000001846e-01
2.730430000000000357e-01 -1.690900000000001846e-01
2.730449999999999822e-01 -1.690900000000001846e-01
2.730449999999999822e-01 -1.690900000000001846e-01
2.730449999999999822e-01 -1.690900000000001846e-01
2.730449999999999822e-01 -1.690900000000001846e-01
2.730449999999999822e-01 -1.690900000000001846e-01
2.730479999999999574e-01 -1.690800000000001191e-01
2.730469999999999842e-01 -1.690800000000001191e-01
2.730469999999999842e-01 -1.690800000000001191e-01
2.730469999999999842e-01 -1.690800000000001191e-01
2.730469999999999842e-01 -1.690800000000001191e-01
2.730500000000000149e-01 -1.690800000000001191e-01
2.730500000000000149e-01 -1.690800000000001191e-01
2.730500000000000149e-01 -1.690800000000001191e-01
2.730500000000000149e-01 -1.690800000000001191e-01
2.730500000000000149e-01 -1.690800000000001191e-01
2.730519999999999614e-01 -1.690800000000001191e-01
2.730519999999999614e-01 -1.690800000000001191e-01
2.730519999999999614e-01 -1.690800000000001191e-01
2.730519999999999614e-01 -1.690800000000001191e-01
2.730519999999999614e-01 -1.690800000000001191e-01
2.730540000000000189e-01 -1.690700000000000536e-01
2.730540000000000189e-01 -1.690700000000000536e-01
2.730540000000000189e-01 -1.690700000000000536e-01
2.730540000000000189e-01 -1.690700000000000536e-01
2.730540000000000189e-01 -1.690700000000000536e-01
2.730559999999999654e-01 -1.690700000000000536e-01
2.730559999999999654e-01 -1.690700000000000536e-01
2.730559999999999654e-01 -1.690700000000000536e-01
2.730559999999999654e-01 -1.690700000000000536e-01
2.730559999999999654e-01 -1.690700000000000536e-01
2.730589999999999962e-01 -1.690700000000000536e-01
2.730589999999999962e-01 -1.690700000000000536e-01
2.730580000000000229e-01 -1.690700000000000536e-01
2.730580000000000229e-01 -1.690700000000000536e-01
2.730580000000000229e-01 -1.690700000000000536e-01
2.730609999999999982e-01 -1.690599999999999881e-01
2.730609999999999982e-01 -1.690599999999999881e-01
2.730609999999999982e-01 -1.690599999999999881e-01
2.730609999999999982e-01 -1.690599999999999881e-01
2.730609999999999982e-01 -1.690599999999999881e-01
2.730630000000000002e-01 -1.690599999999999881e-01
2.730630000000000002e-01 -1.690599999999999881e-01
2.730630000000000002e-01 -1.690599999999999881e-01
2.730630000000000002e-01 -1.690599999999999881e-01
2.730630000000000002e-01 -1.690599999999999881e-01
2.730660000000000309e-01 -1.690599999999999881e-01
2.730650000000000022e-01 -1.690599999999999881e-01
2.730650000000000022e-01 -1.690599999999999881e-01
2.730650000000000022e-01 -1.690599999999999881e-01
2.730650000000000022e-01 -1.690599999999999881e-01
2.730679999999999774e-01 -1.690599999999999881e-01
2.730679999999999774e-01 -1.690599999999999881e-01
2.730679999999999774e-01 -1.690599999999999881e-01
2.730679999999999774e-01 -1.690599999999999881e-01
2.730670000000000042e-01 -1.690599999999999881e-01
2.730700000000000349e-01 -1.690499999999999226e-01
2.730700000000000349e-01 -1.690499999999999226e-01
2.730700000000000349e-01 -1.690499999999999226e-01
2.730700000000000349e-01 -1.690499999999999226e-01
2.730690000000000062e-01 -1.690499999999999226e-01
2.730719999999999814e-01 -1.690499999999999226e-01
2.730719999999999814e-01 -1.690499999999999226e-01
2.730719999999999814e-01 -1.690499999999999226e-01
2.730710000000000082e-01 -1.690499999999999226e-01
2.730710000000000082e-01 -1.690499999999999226e-01
2.730739999999999834e-01 -1.690499999999999226e-01
2.730739999999999834e-01 -1.690499999999999226e-01
2.730739999999999834e-01 -1.690499999999999226e-01
2.730730000000000102e-01 -1.690499999999999226e-01
2.730730000000000102e-01 -1.690499999999999226e-01
2.730749999999999567e-01 -1.690499999999999226e-01
2.730749999999999567e-01 -1.690499999999999226e-01
2.730749999999999567e-01 -1.690499999999999226e-01
2.730749999999999567e-01 -1.690499999999999226e-01
2.730749999999999567e-01 -1.690499999999999226e-01
2.730770000000000142e-01 -1.690399999999998570e-01
2.730759999999999854e-01 -1.690399999999998570e-01
2.730759999999999854e-01 -1.690399999999998570e-01
2.730759999999999854e-01 -1.690399999999998570e-01
2.730759999999999854e-01 -1.690399999999998570e-01
2.730779999999999874e-01 -1.690399999999998570e-01
2.730779999999999874e-01 -1.690399999999998570e-01
2.730779999999999874e-01 -1.690399999999998570e-01
2.730779999999999874e-01 -1.690399999999998570e-01
2.730779999999999874e-01 -1.690399999999998570e-01
2.730789999999999607e-01 -1.690399999999998570e-01
2.730789999999999607e-01 -1.690399999999998570e-01
2.730789999999999607e-01 -1.690399999999998570e-01
2.730789999999999607e-01 -1.690399999999998570e-01
2.730789999999999607e-01 -1.690399999999998570e-01
2.730799999999999894e-01 -1.690399999999998570e-01
2.730789999999999607e-01 -1.690399999999998570e-01
2.730789999999999607e-01 -1.690399999999998570e-01
2.730789999999999607e-01 -1.690399999999998570e-01
2.730789999999999607e-01 -1.690399999999998570e-01
2.730810000000000182e-01 -1.690399999999998570e-01
2.730799999999999894e-01 -1.690399999999998570e-01
2.730799999999999894e-01 -1.690399999999998570e-01
2.730799999999999894e-01 -1.690399999999998570e-01
2.730799999999999894e-01 -1.690399999999998570e-01
2.730810000000000182e-01 -1.690299999999997915e-01
2.730810000000000182e-01 -1.690299999999997915e-01
2.730810000000000182e-01 -1.690399999999998570e-01
2.730810000000000182e-01 -1.690399999999998570e-01
2.730810000000000182e-01 -1.690399999999998570e-01
2.730829999999999647e-01 -1.690299999999997915e-01
2.730829999999999647e-01 -1.690299999999997915e-01
2.730819999999999914e-01 -1.690299999999997915e-01
2.730819999999999914e-01 -1.690299999999997915e-01
2.730819999999999914e-01 -1.690299999999997915e-01
2.730829999999999647e-01 -1.690299999999997915e-01
2.730829999999999647e-01 -1.690299999999997915e-01
2.730829999999999647e-01 -1.690299999999997915e-01
2.730829999999999647e-01 -1.690299999999997915e-01
2.730829999999999647e-01 -1.690299999999997915e-01
2.730839999999999934e-01 -1.690299999999997915e-01
2.730839999999999934e-01 -1.690299999999997915e-01
2.730839999999999934e-01 -1.690299999999997915e-01
2.730839999999999934e-01 -1.690299999999997915e-01
2.730839999999999934e-01 -1.690299999999997915e-01
2.730850000000000222e-01 -1.690299999999997915e-01
2.730850000000000222e-01 -1.690299999999997915e-01
2.730850000000000222e-01 -1.690299999999997915e-01
2.730839999999999934e-01 -1.690299999999997915e-01
2.730839999999999934e-01 -1.690299999999997915e-01
2.730850000000000222e-01 -1.690200000000001701e-01
2.730850000000000222e-01 -1.690200000000001701e-01
2.730850000000000222e-01 -1.690200000000001701e-01
2.730850000000000222e-01 -1.690200000000001701e-01
2.730850000000000222e-01 -1.690200000000001701e-01
2.730859999999999954e-01 -1.690200000000001701e-01
2.730859999999999954e-01 -1.690200000000001701e-01
2.730859999999999954e-01 -1.690200000000001701e-01
2.730850000000000222e-01 -1.690200000000001701e-01
2.730850000000000222e-01 -1.690200000000001701e-01
2.730859999999999954e-01 -1.690200000000001701e-01
2.730859999999999954e-01 -1.690200000000001701e-01
2.730859999999999954e-01 -1.690200000000001701e-01
2.730859999999999954e-01 -1.690200000000001701e-01
2.730859999999999954e-01 -1.690200000000001701e-01
2.730869999999999687e-01 -1.690200000000001701e-01
2.730859999999999954e-01 -1.690200000000001701e-01
2.730859999999999954e-01 -1.690200000000001701e-01
2.730859999999999954e-01 -1.690200000000001701e-01
2.730859999999999954e-01 -1.690200000000001701e-01
2.730869999999999687e-01 -1.690200000000001701e-01
2.730869999999999687e-01 -1.690200000000001701e-01
2.730869999999999687e-01 -1.690200000000001701e-01
2.730869999999999687e-01 -1.690200000000001701e-01
2.730869999999999687e-01 -1.690200000000001701e-01
2.730869999999999687e-01 -1.690100000000001046e-01
2.730869999999999687e-01 -1.690100000000001046e-01
2.730869999999999687e-01 -1.690100000000001046e-01
2.730869999999999687e-01 -1.690100000000001046e-01
2.730869999999999687e-01 -1.690100000000001046e-01
2.730869999999999687e-01 -1.690100000000001046e-01
2.730869999999999687e-01 -1.690100000000001046e-01
2.730859999999999954e-01 -1.690100000000001046e-01
2.730859999999999954e-01 -1.690100000000001046e-01
2.730859999999999954e-01 -1.690100000000001046e-01
2.730879999999999974e-01 -1.690100000000001046e-01
2.730869999999999687e-01 -1.690100000000001046e-01
2.730869999999999687e-01 -1.690100000000001046e-01
2.730869999999999687e-01 -1.690100000000001046e-01
2.730869999999999687e-01 -1.690100000000001046e-01
2.730869999999999687e-01 -1.690100000000001046e-01
2.730869999999999687e-01 -1.690100000000001046e-01
2.730869999999999687e-01 -1.690100000000001046e-01
2.730869999999999687e-01 -1.690100000000001046e-01
2.730859999999999954e-01 -1.690100000000001046e-01
2.730859999999999954e-01 -1.690100000000001046e-01
2.730859999999999954e-01 -1.690100000000001046e-01
2.730859999999999954e-01 -1.690100000000001046e-01
2.730859999999999954e-01 -1.690100000000001046e-01
2.730859999999999954e-01 -1.690100000000001046e-01
2.730859999999999954e-01 -1.690100000000001046e-01
2.730859999999999954e-01 -1.690100000000001046e-01
2.730859999999999954e-01 -1.690100000000001046e-01
2.730859999999999954e-01 -1.690100000000001046e-01
2.730859999999999954e-01 -1.690100000000001046e-01
2.730859999999999954e-01 -1.690000000000000391e-01
2.730859999999999954e-01 -1.690100000000001046e-01
2.730859999999999954e-01 -1.690100000000001046e-01
2.730859999999999954e-01 -1.690100000000001046e-01
2.730859999999999954e-01 -1.690100000000001046e-01
2.730850000000000222e-01 -1.690000000000000391e-01
2.730850000000000222e-01 -1.690000000000000391e-01
2.730850000000000222e-01 -1.690000000000000391e-01
2.730850000000000222e-01 -1.690000000000000391e-01
2.730839999999999934e-01 -1.690000000000000391e-01
2.730850000000000222e-01 -1.690000000000000391e-01
2.730839999999999934e-01 -1.690000000000000391e-01
2.730839999999999934e-01 -1.690000000000000391e-01
2.730839999999999934e-01 -1.690000000000000391e-01
2.730839999999999934e-01 -1.690000000000000391e-01
2.730839999999999934e-01 -1.690000000000000391e-01
2.730839999999999934e-01 -1.690000000000000391e-01
2.730839999999999934e-01 -1.690000000000000391e-01
2.730839999999999934e-01 -1.690000000000000391e-01
2.730839999999999934e-01 -1.690000000000000391e-01
2.730829999999999647e-01 -1.690000000000000391e-01
2.730829999999999647e-01 -1.690000000000000391e-01
2.730829999999999647e-01 -1.690000000000000391e-01
2.730829999999999647e-01 -1.690000000000000391e-01
2.730829999999999647e-01 -1.690000000000000391e-01
2.730829999999999647e-01 -1.690000000000000391e-01
2.730829999999999647e-01 -1.690000000000000391e-01
2.730829999999999647e-01 -1.690000000000000391e-01
2.730829999999999647e-01 -1.690000000000000391e-01
2.730819999999999914e-01 -1.690000000000000391e-01
2.730829999999999647e-01 -1.690000000000000391e-01
2.730819999999999914e-01 -1.690000000000000391e-01
2.730819999999999914e-01 -1.690000000000000391e-01
2.730819999999999914e-01 -1.690000000000000391e-01
2.730819999999999914e-01 -1.690000000000000391e-01
2.730819999999999914e-01 -1.690000000000000391e-01
2.730819999999999914e-01 -1.690000000000000391e-01
2.730819999999999914e-01 -1.690000000000000391e-01
2.730819999999999914e-01 -1.690000000000000391e-01
2.730810000000000182e-01 -1.690000000000000391e-01
2.730810000000000182e-01 -1.690000000000000391e-01
2.730810000000000182e-01 -1.690000000000000391e-01
2.730810000000000182e-01 -1.690000000000000391e-01
2.730810000000000182e-01 -1.690000000000000391e-01
2.730810000000000182e-01 -1.690000000000000391e-01
2.730810000000000182e-01 -1.690000000000000391e-01
2.730810000000000182e-01 -1.690000000000000391e-01
2.730810000000000182e-01 -1.690000000000000391e-01
2.730810000000000182e-01 -1.690000000000000391e-01
2.730799999999999894e-01 -1.690000000000000391e-01
2.730799999999999894e-01 -1.690000000000000391e-01
2.730799999999999894e-01 -1.690000000000000391e-01
2.730799999999999894e-01 -1.690000000000000391e-01
2.730799999999999894e-01 -1.690000000000000391e-01
2.730799999999999894e-01 -1.690000000000000391e-01
2.730799999999999894e-01 -1.690000000000000391e-01
2.730799999999999894e-01 -1.690000000000000391e-01
2.730799999999999894e-01 -1.690000000000000391e-01
2.730789999999999607e-01 -1.690000000000000391e-01
2.730789999999999607e-01 -1.690000000000000391e-01
2.730789999999999607e-01 -1.690000000000000391e-01
2.730789999999999607e-01 -1.690000000000000391e-01
2.730789999999999607e-01 -1.690000000000000391e-01
2.730789999999999607e-01 -1.690000000000000391e-01
2.730789999999999607e-01 -1.690000000000000391e-01
2.730789999999999607e-01 -1.690000000000000391e-01
2.730789999999999607e-01 -1.690000000000000391e-01
2.730789999999999607e-01 -1.690000000000000391e-01
2.730789999999999607e-01 -1.690000000000000391e-01
2.730789999999999607e-01 -1.690000000000000391e-01
2.730789999999999607e-01 -1.690000000000000391e-01
2.730779999999999874e-01 -1.690000000000000391e-01
2.730779999999999874e-01 -1.690000000000000391e-01
2.730779999999999874e-01 -1.690000000000000391e-01
2.730779999999999874e-01 -1.690000000000000391e-01
2.730779999999999874e-01 -1.690000000000000391e-01
2.730770000000000142e-01 -1.690000000000000391e-01
2.730770000000000142e-01 -1.690000000000000391e-01
2.730770000000000142e-01 -1.690000000000000391e-01
2.730770000000000142e-01 -1.690000000000000391e-01
2.730770000000000142e-01 -1.690000000000000391e-01
2.730770000000000142e-01 -1.690000000000000391e-01
2.730770000000000142e-01 -1.690000000000000391e-01
2.730770000000000142e-01 -1.690000000000000391e-01
2.730770000000000142e-01 -1.690000000000000391e-01
2.730770000000000142e-01 -1.690000000000000391e-01
2.730759999999999854e-01 -1.690000000000000391e-01
2.730759999999999854e-01 -1.690000000000000391e-01
2.730759999999999854e-01 -1.690000000000000391e-01
2.730759999999999854e-01 -1.690000000000000391e-01
2.730759999999999854e-01 -1.690000000000000391e-01
2.730759999999999854e-01 -1.690000000000000391e-01
2.730759999999999854e-01 -1.690000000000000391e-01
2.730749999999999567e-01 -1.690000000000000391e-01
2.730749999999999567e-01 -1.690000000000000391e-01
2.730749999999999567e-01 -1.690000000000000391e-01
2.730749999999999567e-01 -1.690000000000000391e-01
2.730749999999999567e-01 -1.690000000000000391e-01
2.730749999999999567e-01 -1.690000000000000391e-01
2.730749999999999567e-01 -1.690000000000000391e-01
2.730739999999999834e-01 -1.690000000000000391e-01
2.730739999999999834e-01 -1.690000000000000391e-01
2.730739999999999834e-01 -1.690000000000000391e-01
2.730739999999999834e-01 -1.690000000000000391e-01
2.730739999999999834e-01 -1.690000000000000391e-01
2.730730000000000102e-01 -1.690000000000000391e-01
2.730730000000000102e-01 -1.690000000000000391e-01
2.730730000000000102e-01 -1.690000000000000391e-01
2.730730000000000102e-01 -1.690000000000000391e-01
2.730719999999999814e-01 -1.690000000000000391e-01
2.730719999999999814e-01 -1.690000000000000391e-01
2.730719999999999814e-01 -1.690000000000000391e-01
2.730719999999999814e-01 -1.690000000000000391e-01
2.730719999999999814e-01 -1.690000000000000391e-01
2.730719999999999814e-01 -1.690000000000000391e-01
2.730710000000000082e-01 -1.690000000000000391e-01
2.730700000000000349e-01 -1.690000000000000391e-01
2.730700000000000349e-01 -1.690100000000001046e-01
2.730700000000000349e-01 -1.690100000000001046e-01
2.730700000000000349e-01 -1.690100000000001046e-01
2.730690000000000062e-01 -1.690100000000001046e-01
2.730690000000000062e-01 -1.690100000000001046e-01
2.730690000000000062e-01 -1.690100000000001046e-01
2.730690000000000062e-01 -1.690100000000001046e-01
2.730690000000000062e-01 -1.690100000000001046e-01
2.730690000000000062e-01 -1.690100000000001046e-01
2.730690000000000062e-01 -1.690100000000001046e-01
2.730679999999999774e-01 -1.690100000000001046e-01
2.730679999999999774e-01 -1.690100000000001046e-01
2.730679999999999774e-01 -1.690100000000001046e-01
2.730670000000000042e-01 -1.690100000000001046e-01
2.730670000000000042e-01 -1.690100000000001046e-01
2.730670000000000042e-01 -1.690100000000001046e-01
2.730670000000000042e-01 -1.690100000000001046e-01
2.730660000000000309e-01 -1.690100000000001046e-01
2.730660000000000309e-01 -1.690100000000001046e-01
2.730660000000000309e-01 -1.690100000000001046e-01
2.730650000000000022e-01 -1.690100000000001046e-01
2.730650000000000022e-01 -1.690100000000001046e-01
2.730650000000000022e-01 -1.690100000000001046e-01
2.730639999999999734e-01 -1.690100000000001046e-01
2.730639999999999734e-01 -1.690100000000001046e-01
2.730639999999999734e-01 -1.690100000000001046e-01
2.730639999999999734e-01 -1.690100000000001046e-01
2.730639999999999734e-01 -1.690100000000001046e-01
2.730630000000000002e-01 -1.690100000000001046e-01
2.730630000000000002e-01 -1.690200000000001701e-01
2.730620000000000269e-01 -1.690200000000001701e-01
2.730620000000000269e-01 -1.690200000000001701e-01
2.730620000000000269e-01 -1.690200000000001701e-01
2.730609999999999982e-01 -1.690200000000001701e-01
2.730609999999999982e-01 -1.690200000000001701e-01
2.730609999999999982e-01 -1.690200000000001701e-01
2.730609999999999982e-01 -1.690200000000001701e-01
2.730609999999999982e-01 -1.690200000000001701e-01
2.730609999999999982e-01 -1.690200000000001701e-01
2.730599999999999694e-01 -1.690200000000001701e-01
2.730599999999999694e-01 -1.690200000000001701e-01
2.730599999999999694e-01 -1.690200000000001701e-01
2.730599999999999694e-01 -1.690200000000001701e-01
2.730589999999999962e-01 -1.690200000000001701e-01
2.730589999999999962e-01 -1.690200000000001701e-01
2.730589999999999962e-01 -1.690200000000001701e-01
2.730589999999999962e-01 -1.690200000000001701e-01
2.730589999999999962e-01 -1.690200000000001701e-01
2.730580000000000229e-01 -1.690200000000001701e-01
2.730580000000000229e-01 -1.690200000000001701e-01
2.730580000000000229e-01 -1.690200000000001701e-01
2.730580000000000229e-01 -1.690200000000001701e-01
2.730569999999999942e-01 -1.690200000000001701e-01
2.730569999999999942e-01 -1.690200000000001701e-01
2.730569999999999942e-01 -1.690299999999997915e-01
2.730569999999999942e-01 -1.690299999999997915e-01
2.730569999999999942e-01 -1.690299999999997915e-01
2.730569999999999942e-01 -1.690299999999997915e-01
2.730559999999999654e-01 -1.690299999999997915e-01
2.730559999999999654e-01 -1.690299999999997915e-01
2.730559999999999654e-01 -1.690299999999997915e-01
2.730559999999999654e-01 -1.690299999999997915e-01
2.730559999999999654e-01 -1.690299999999997915e-01
2.730549999999999922e-01 -1.690299999999997915e-01
2.730549999999999922e-01 -1.690299999999997915e-01
2.730549999999999922e-01 -1.690299999999997915e-01
2.730549999999999922e-01 -1.690299999999997915e-01
2.730549999999999922e-01 -1.690299999999997915e-01
2.730540000000000189e-01 -1.690299999999997915e-01
2.730540000000000189e-01 -1.690299999999997915e-01
2.730540000000000189e-01 -1.690299999999997915e-01
2.730540000000000189e-01 -1.690299999999997915e-01
2.730540000000000189e-01 -1.690299999999997915e-01
2.730529999999999902e-01 -1.690399999999998570e-01
2.730529999999999902e-01 -1.690399999999998570e-01
2.730529999999999902e-01 -1.690399999999998570e-01
2.730529999999999902e-01 -1.690399999999998570e-01
2.730529999999999902e-01 -1.690399999999998570e-01
2.730519999999999614e-01 -1.690399999999998570e-01
2.730519999999999614e-01 -1.690399999999998570e-01
2.730519999999999614e-01 -1.690399999999998570e-01
2.730519999999999614e-01 -1.690399999999998570e-01
2.730519999999999614e-01 -1.690399999999998570e-01
2.730519999999999614e-01 -1.690399999999998570e-01
2.730519999999999614e-01 -1.690399999999998570e-01
2.730519999999999614e-01 -1.690399999999998570e-01
2.730509999999999882e-01 -1.690399999999998570e-01
2.730509999999999882e-01 -1.690399999999998570e-01
2.730509999999999882e-01 -1.690399999999998570e-01
2.730509999999999882e-01 -1.690399999999998570e-01
2.730509999999999882e-01 -1.690399999999998570e-01
2.730509999999999882e-01 -1.690399999999998570e-01
2.730500000000000149e-01 -1.690399999999998570e-01
2.730500000000000149e-01 -1.690499999999999226e-01
2.730500000000000149e-01 -1.690499999999999226e-01
2.730500000000000149e-01 -1.690499999999999226e-01
2.730489999999999862e-01 -1.690499999999999226e-01
2.730489999999999862e-01 -1.690499999999999226e-01
2.730489999999999862e-01 -1.690499999999999226e-01
2.730489999999999862e-01 -1.690499999999999226e-01
2.730489999999999862e-01 -1.690499999999999226e-01
2.730489999999999862e-01 -1.690499999999999226e-01
2.730489999999999862e-01 -1.690499999999999226e-01
2.730479999999999574e-01 -1.690499999999999226e-01
2.730479999999999574e-01 -1.690499999999999226e-01
2.730479999999999574e-01 -1.690499999999999226e-01
2.730479999999999574e-01 -1.690499999999999226e-01
2.730479999999999574e-01 -1.690499999999999226e-01
2.730469999999999842e-01 -1.690599999999999881e-01
2.730469999999999842e-01 -1.690599999999999881e-01
2.730469999999999842e-01 -1.690599999999999881e-01
2.730469999999999842e-01 -1.690599999999999881e-01
2.730460000000000109e-01 -1.690599999999999881e-01
2.730460000000000109e-01 -1.690599999999999881e-01
2.730460000000000109e-01 -1.690599999999999881e-01
2.730460000000000109e-01 -1.690599999999999881e-01
2.730460000000000109e-01 -1.690599999999999881e-01
2.730460000000000109e-01 -1.690599999999999881e-01
2.730449999999999822e-01 -1.690599999999999881e-01
2.730449999999999822e-01 -1.690599999999999881e-01
2.730449999999999822e-01 -1.690599999999999881e-01
2.730449999999999822e-01 -1.690599999999999881e-01
2.730449999999999822e-01 -1.690599999999999881e-01
2.730440000000000089e-01 -1.690599999999999881e-01
2.730440000000000089e-01 -1.690599999999999881e-01
2.730440000000000089e-01 -1.690599999999999881e-01
2.730430000000000357e-01 -1.690700000000000536e-01
2.730430000000000357e-01 -1.690700000000000536e-01
2.730430000000000357e-01 -1.690700000000000536e-01
2.730430000000000357e-01 -1.690700000000000536e-01
2.730430000000000357e-01 -1.690700000000000536e-01
2.730430000000000357e-01 -1.690700000000000536e-01
2.730420000000000069e-01 -1.690700000000000536e-01
2.730409999999999782e-01 -1.690700000000000536e-01
2.730409999999999782e-01 -1.690700000000000536e-01
2.730409999999999782e-01 -1.690700000000000536e-01
2.730409999999999782e-01 -1.690700000000000536e-01
2.730409999999999782e-01 -1.690700000000000536e-01
2.730390000000000317e-01 -1.690700000000000536e-01
2.730390000000000317e-01 -1.690700000000000536e-01
2.730390000000000317e-01 -1.690700000000000536e-01
2.730390000000000317e-01 -1.690700000000000536e-01
2.730390000000000317e-01 -1.690700000000000536e-01
2.730380000000000029e-01 -1.690800000000001191e-01
2.730380000000000029e-01 -1.690800000000001191e-01
2.730380000000000029e-01 -1.690800000000001191e-01
2.730380000000000029e-01 -1.690800000000001191e-01
2.730369999999999742e-01 -1.690800000000001191e-01
2.730360000000000009e-01 -1.690800000000001191e-01
2.730360000000000009e-01 -1.690800000000001191e-01
2.730360000000000009e-01 -1.690800000000001191e-01
2.730360000000000009e-01 -1.690800000000001191e-01
2.730360000000000009e-01 -1.690800000000001191e-01
2.730350000000000277e-01 -1.690800000000001191e-01
2.730339999999999989e-01 -1.690800000000001191e-01
2.730339999999999989e-01 -1.690800000000001191e-01
2.730339999999999989e-01 -1.690800000000001191e-01
2.730339999999999989e-01 -1.690800000000001191e-01
2.730319999999999969e-01 -1.690900000000001846e-01
2.730319999999999969e-01 -1.690900000000001846e-01
2.730319999999999969e-01 -1.690900000000001846e-01
2.730319999999999969e-01 -1.690900000000001846e-01
2.730319999999999969e-01 -1.690900000000001846e-01
2.730299999999999949e-01 -1.690900000000001846e-01
2.730299999999999949e-01 -1.690900000000001846e-01
2.730299999999999949e-01 -1.690900000000001846e-01
2.730299999999999949e-01 -1.690900000000001846e-01
2.730299999999999949e-01 -1.690900000000001846e-01
2.730279999999999929e-01 -1.690900000000001846e-01
2.730279999999999929e-01 -1.690900000000001846e-01
2.730279999999999929e-01 -1.690900000000001846e-01
2.730270000000000197e-01 -1.690900000000001846e-01
2.730270000000000197e-01 -1.690900000000001846e-01
2.730249999999999622e-01 -1.690999999999998060e-01
2.730249999999999622e-01 -1.690999999999998060e-01
2.730249999999999622e-01 -1.690999999999998060e-01
2.730249999999999622e-01 -1.690999999999998060e-01
2.730249999999999622e-01 -1.690999999999998060e-01
2.730219999999999869e-01 -1.690999999999998060e-01
2.730219999999999869e-01 -1.690999999999998060e-01
2.730219999999999869e-01 -1.690999999999998060e-01
2.730219999999999869e-01 -1.690999999999998060e-01
2.730219999999999869e-01 -1.690999999999998060e-01
2.730199999999999849e-01 -1.690999999999998060e-01
2.730199999999999849e-01 -1.690999999999998060e-01
2.730190000000000117e-01 -1.690999999999998060e-01
2.730190000000000117e-01 -1.690999999999998060e-01
2.730190000000000117e-01 -1.690999999999998060e-01
2.730170000000000097e-01 -1.691099999999998715e-01
2.730170000000000097e-01 -1.691099999999998715e-01
2.730170000000000097e-01 -1.691099999999998715e-01
2.730170000000000097e-01 -1.691099999999998715e-01
2.730170000000000097e-01 -1.691099999999998715e-01
2.730150000000000077e-01 -1.691099999999998715e-01
2.730139999999999789e-01 -1.691099999999998715e-01
2.730139999999999789e-01 -1.691099999999998715e-01
2.730139999999999789e-01 -1.691099999999998715e-01
2.730139999999999789e-01 -1.691099999999998715e-01
2.730110000000000037e-01 -1.691099999999998715e-01
2.730110000000000037e-01 -1.691099999999998715e-01
2.730110000000000037e-01 -1.691199999999999370e-01
2.730110000000000037e-01 -1.691199999999999370e-01
2.730110000000000037e-01 -1.691199999999999370e-01
2.730090000000000017e-01 -1.691199999999999370e-01
2.730090000000000017e-01 -1.691199999999999370e-01
2.730090000000000017e-01 -1.691199999999999370e-01
2.730080000000000284e-01 -1.691199999999999370e-01
2.730080000000000284e-01 -1.691199999999999370e-01
2.730059999999999709e-01 -1.691199999999999370e-01
2.730059999999999709e-01 -1.691199999999999370e-01
2.730059999999999709e-01 -1.691199999999999370e-01
2.730059999999999709e-01 -1.691199999999999370e-01
2.730059999999999709e-01 -1.691300000000000026e-01
2.730029999999999957e-01 -1.691300000000000026e-01
2.730029999999999957e-01 -1.691300000000000026e-01
2.730029999999999957e-01 -1.691300000000000026e-01
2.730029999999999957e-01 -1.691300000000000026e-01
2.730029999999999957e-01 -1.691300000000000026e-01
2.730009999999999937e-01 -1.691300000000000026e-01
2.730000000000000204e-01 -1.691300000000000026e-01
2.730000000000000204e-01 -1.691300000000000026e-01
2.730000000000000204e-01 -1.691300000000000026e-01
2.730000000000000204e-01 -1.691300000000000026e-01
2.729979999999999629e-01 -1.691400000000000681e-01
2.729979999999999629e-01 -1.691400000000000681e-01
2.729969999999999897e-01 -1.691400000000000681e-01
2.729969999999999897e-01 -1.691400000000000681e-01
2.729969999999999897e-01 -1.691400000000000681e-01
2.729949999999999877e-01 -1.691400000000000681e-01
2.729949999999999877e-01 -1.691400000000000681e-01
2.729949999999999877e-01 -1.691400000000000681e-01
2.729949999999999877e-01 -1.691400000000000681e-01
2.729939999999999589e-01 -1.691400000000000681e-01
2.729920000000000124e-01 -1.691500000000001336e-01
2.729920000000000124e-01 -1.691500000000001336e-01
2.729909999999999837e-01 -1.691500000000001336e-01
2.729909999999999837e-01 -1.691500000000001336e-01
2.729909999999999837e-01 -1.691500000000001336e-01
2.729890000000000372e-01 -1.691500000000001336e-01
2.729890000000000372e-01 -1.691500000000001336e-01
2.729890000000000372e-01 -1.691500000000001336e-01
2.729880000000000084e-01 -1.691500000000001336e-01
2.729880000000000084e-01 -1.691500000000001336e-01
2.729860000000000064e-01 -1.691500000000001336e-01
2.729860000000000064e-01 -1.691500000000001336e-01
2.729860000000000064e-01 -1.691500000000001336e-01
2.729860000000000064e-01 -1.691599999999997550e-01
2.729850000000000332e-01 -1.691599999999997550e-01
2.729820000000000024e-01 -1.691599999999997550e-01
2.729820000000000024e-01 -1.691599999999997550e-01
2.729820000000000024e-01 -1.691599999999997550e-01
2.729820000000000024e-01 -1.691599999999997550e-01
2.729820000000000024e-01 -1.691599999999997550e-01
2.729789999999999717e-01 -1.691599999999997550e-01
2.729789999999999717e-01 -1.691599999999997550e-01
2.729789999999999717e-01 -1.691599999999997550e-01
2.729789999999999717e-01 -1.691699999999998205e-01
2.729789999999999717e-01 -1.691699999999998205e-01
2.729770000000000252e-01 -1.691699999999998205e-01
2.729759999999999964e-01 -1.691699999999998205e-01
2.729759999999999964e-01 -1.691699999999998205e-01
2.729759999999999964e-01 -1.691699999999998205e-01
2.729759999999999964e-01 -1.691699999999998205e-01
2.729719999999999924e-01 -1.691699999999998205e-01
2.729719999999999924e-01 -1.691699999999998205e-01
2.729719999999999924e-01 -1.691699999999998205e-01
2.729719999999999924e-01 -1.691799999999998860e-01
2.729719999999999924e-01 -1.691799999999998860e-01
2.729699999999999904e-01 -1.691799999999998860e-01
2.729699999999999904e-01 -1.691799999999998860e-01
2.729699999999999904e-01 -1.691799999999998860e-01
2.729690000000000172e-01 -1.691799999999998860e-01
2.729690000000000172e-01 -1.691799999999998860e-01
2.729669999999999597e-01 -1.691799999999998860e-01
2.729669999999999597e-01 -1.691799999999998860e-01
2.729659999999999864e-01 -1.691799999999998860e-01
2.729659999999999864e-01 -1.691799999999998860e-01
2.729659999999999864e-01 -1.691799999999998860e-01
2.729629999999999557e-01 -1.691899999999999515e-01
2.729619999999999824e-01 -1.691899999999999515e-01
2.729619999999999824e-01 -1.691899999999999515e-01
2.729619999999999824e-01 -1.691899999999999515e-01
2.729619999999999824e-01 -1.691899999999999515e-01
2.729610000000000092e-01 -1.692000000000000171e-01
2.729610000000000092e-01 -1.692000000000000171e-01
2.729599999999999804e-01 -1.692000000000000171e-01
2.729599999999999804e-01 -1.692000000000000171e-01
2.729599999999999804e-01 -1.692000000000000171e-01
2.729570000000000052e-01 -1.692000000000000171e-01
2.729570000000000052e-01 -1.692000000000000171e-01
2.729570000000000052e-01 -1.692000000000000171e-01
2.729559999999999764e-01 -1.692000000000000171e-01
2.729559999999999764e-01 -1.692000000000000171e-01
2.729530000000000012e-01 -1.692100000000000826e-01
2.729530000000000012e-01 -1.692100000000000826e-01
2.729530000000000012e-01 -1.692100000000000826e-01
2.729530000000000012e-01 -1.692100000000000826e-01
2.729530000000000012e-01 -1.692100000000000826e-01
2.729500000000000259e-01 -1.692100000000000826e-01
2.729500000000000259e-01 -1.692100000000000826e-01
2.729500000000000259e-01 -1.692100000000000826e-01
2.729500000000000259e-01 -1.692100000000000826e-01
2.729500000000000259e-01 -1.692100000000000826e-01
2.729460000000000219e-01 -1.692100000000000826e-01
2.729460000000000219e-01 -1.692100000000000826e-01
2.729449999999999932e-01 -1.692200000000001481e-01
2.729449999999999932e-01 -1.692200000000001481e-01
2.729449999999999932e-01 -1.692200000000001481e-01
2.729420000000000179e-01 -1.692200000000001481e-01
2.729420000000000179e-01 -1.692200000000001481e-01
2.729420000000000179e-01 -1.692200000000001481e-01
2.729420000000000179e-01 -1.692200000000001481e-01
2.729409999999999892e-01 -1.692200000000001481e-01
2.729380000000000139e-01 -1.692299999999997695e-01
2.729380000000000139e-01 -1.692299999999997695e-01
2.729380000000000139e-01 -1.692299999999997695e-01
2.729380000000000139e-01 -1.692299999999997695e-01
2.729380000000000139e-01 -1.692299999999997695e-01
2.729340000000000099e-01 -1.692299999999997695e-01
2.729340000000000099e-01 -1.692299999999997695e-01
2.729340000000000099e-01 -1.692299999999997695e-01
2.729340000000000099e-01 -1.692299999999997695e-01
2.729340000000000099e-01 -1.692299999999997695e-01
2.729310000000000347e-01 -1.692399999999998350e-01
2.729310000000000347e-01 -1.692399999999998350e-01
2.729310000000000347e-01 -1.692399999999998350e-01
2.729310000000000347e-01 -1.692399999999998350e-01
2.729300000000000059e-01 -1.692399999999998350e-01
2.729270000000000307e-01 -1.692399999999998350e-01
2.729270000000000307e-01 -1.692399999999998350e-01
2.729270000000000307e-01 -1.692399999999998350e-01
2.729270000000000307e-01 -1.692399999999998350e-01
2.729270000000000307e-01 -1.692399999999998350e-01
2.729239999999999999e-01 -1.692499999999999005e-01
2.729230000000000267e-01 -1.692499999999999005e-01
2.729230000000000267e-01 -1.692499999999999005e-01
2.729230000000000267e-01 -1.692499999999999005e-01
2.729230000000000267e-01 -1.692499999999999005e-01
2.729199999999999959e-01 -1.692499999999999005e-01
2.729199999999999959e-01 -1.692499999999999005e-01
2.729190000000000227e-01 -1.692599999999999660e-01
2.729190000000000227e-01 -1.692599999999999660e-01
2.729190000000000227e-01 -1.692599999999999660e-01
2.729159999999999919e-01 -1.692599999999999660e-01
2.729159999999999919e-01 -1.692599999999999660e-01
2.729159999999999919e-01 -1.692599999999999660e-01
2.729159999999999919e-01 -1.692599999999999660e-01
2.729150000000000187e-01 -1.692599999999999660e-01
2.729129999999999612e-01 -1.692599999999999660e-01
2.729119999999999879e-01 -1.692700000000000315e-01
2.729119999999999879e-01 -1.692700000000000315e-01
2.729119999999999879e-01 -1.692700000000000315e-01
2.729119999999999879e-01 -1.692700000000000315e-01
2.729089999999999572e-01 -1.692700000000000315e-01
2.729089999999999572e-01 -1.692700000000000315e-01
2.729079999999999839e-01 -1.692700000000000315e-01
2.729079999999999839e-01 -1.692700000000000315e-01
2.729079999999999839e-01 -1.692700000000000315e-01
2.729050000000000087e-01 -1.692800000000000971e-01
2.729050000000000087e-01 -1.692800000000000971e-01
2.729050000000000087e-01 -1.692800000000000971e-01
2.729050000000000087e-01 -1.692800000000000971e-01
2.729040000000000354e-01 -1.692800000000000971e-01
2.729019999999999779e-01 -1.692800000000000971e-01
2.729019999999999779e-01 -1.692800000000000971e-01
2.729019999999999779e-01 -1.692800000000000971e-01
2.729019999999999779e-01 -1.692800000000000971e-01
2.729010000000000047e-01 -1.692800000000000971e-01
2.728970000000000007e-01 -1.692900000000001626e-01
2.728970000000000007e-01 -1.692900000000001626e-01
2.728970000000000007e-01 -1.692900000000001626e-01
2.728970000000000007e-01 -1.692900000000001626e-01
2.728970000000000007e-01 -1.692900000000001626e-01
2.728939999999999699e-01 -1.692900000000001626e-01
2.728939999999999699e-01 -1.692900000000001626e-01
2.728929999999999967e-01 -1.692900000000001626e-01
2.728929999999999967e-01 -1.692900000000001626e-01
2.728929999999999967e-01 -1.692900000000001626e-01
2.728899999999999659e-01 -1.692999999999997840e-01
2.728899999999999659e-01 -1.692999999999997840e-01
2.728899999999999659e-01 -1.692999999999997840e-01
2.728899999999999659e-01 -1.692999999999997840e-01
2.728899999999999659e-01 -1.692999999999997840e-01
2.728859999999999619e-01 -1.693099999999998495e-01
2.728849999999999887e-01 -1.693099999999998495e-01
2.728849999999999887e-01 -1.693099999999998495e-01
2.728849999999999887e-01 -1.693099999999998495e-01
2.728849999999999887e-01 -1.693099999999998495e-01
2.728819999999999579e-01 -1.693099999999998495e-01
2.728819999999999579e-01 -1.693099999999998495e-01
2.728819999999999579e-01 -1.693099999999998495e-01
2.728819999999999579e-01 -1.693099999999998495e-01
2.728819999999999579e-01 -1.693099999999998495e-01
2.728780000000000094e-01 -1.693199999999999150e-01
2.728780000000000094e-01 -1.693199999999999150e-01
2.728780000000000094e-01 -1.693199999999999150e-01
2.728780000000000094e-01 -1.693199999999999150e-01
2.728780000000000094e-01 -1.693199999999999150e-01
2.728749999999999787e-01 -1.693199999999999150e-01
2.728740000000000054e-01 -1.693199999999999150e-01
2.728740000000000054e-01 -1.693299999999999805e-01
2.728740000000000054e-01 -1.693299999999999805e-01
2.728740000000000054e-01 -1.693299999999999805e-01
2.728709999999999747e-01 -1.693299999999999805e-01
2.728709999999999747e-01 -1.693299999999999805e-01
2.728709999999999747e-01 -1.693299999999999805e-01
2.728709999999999747e-01 -1.693299999999999805e-01
2.728709999999999747e-01 -1.693299999999999805e-01
2.728669999999999707e-01 -1.693400000000000460e-01
2.728669999999999707e-01 -1.693400000000000460e-01
2.728669999999999707e-01 -1.693400000000000460e-01
2.728669999999999707e-01 -1.693400000000000460e-01
2.728669999999999707e-01 -1.693400000000000460e-01
2.728639999999999954e-01 -1.693400000000000460e-01
2.728639999999999954e-01 -1.693400000000000460e-01
2.728639999999999954e-01 -1.693400000000000460e-01
2.728629999999999667e-01 -1.693400000000000460e-01
2.728629999999999667e-01 -1.693500000000001116e-01
2.728599999999999914e-01 -1.693500000000001116e-01
2.728599999999999914e-01 -1.693500000000001116e-01
2.728599999999999914e-01 -1.693500000000001116e-01
2.728599999999999914e-01 -1.693500000000001116e-01
2.728599999999999914e-01 -1.693500000000001116e-01
2.728559999999999874e-01 -1.693600000000001771e-01
2.728549999999999587e-01 -1.693600000000001771e-01
2.728549999999999587e-01 -1.693600000000001771e-01
2.728549999999999587e-01 -1.693600000000001771e-01
2.728549999999999587e-01 -1.693600000000001771e-01
2.728519999999999834e-01 -1.693600000000001771e-01
2.728519999999999834e-01 -1.693600000000001771e-01
2.728519999999999834e-01 -1.693600000000001771e-01
2.728519999999999834e-01 -1.693600000000001771e-01
2.728519999999999834e-01 -1.693600000000001771e-01
2.728479999999999794e-01 -1.693699999999997985e-01
2.728479999999999794e-01 -1.693699999999997985e-01
2.728479999999999794e-01 -1.693699999999997985e-01
2.728479999999999794e-01 -1.693699999999997985e-01
2.728479999999999794e-01 -1.693699999999997985e-01
2.728439999999999754e-01 -1.693699999999997985e-01
2.728439999999999754e-01 -1.693699999999997985e-01
2.728430000000000022e-01 -1.693699999999997985e-01
2.728430000000000022e-01 -1.693699999999997985e-01
2.728430000000000022e-01 -1.693699999999997985e-01
2.728399999999999714e-01 -1.693799999999998640e-01
2.728399999999999714e-01 -1.693799999999998640e-01
2.728399999999999714e-01 -1.693799999999998640e-01
2.728399999999999714e-01 -1.693799999999998640e-01
2.728399999999999714e-01 -1.693799999999998640e-01
2.728359999999999674e-01 -1.693899999999999295e-01
2.728359999999999674e-01 -1.693899999999999295e-01
2.728359999999999674e-01 -1.693899999999999295e-01
2.728349999999999942e-01 -1.693899999999999295e-01
2.728349999999999942e-01 -1.693899999999999295e-01
2.728319999999999634e-01 -1.693899999999999295e-01
2.728319999999999634e-01 -1.693899999999999295e-01
2.728319999999999634e-01 -1.693899999999999295e-01
2.728319999999999634e-01 -1.693899999999999295e-01
2.728319999999999634e-01 -1.693899999999999295e-01
2.728279999999999594e-01 -1.693999999999999950e-01
2.728279999999999594e-01 -1.693999999999999950e-01
2.728279999999999594e-01 -1.693999999999999950e-01
2.728269999999999862e-01 -1.693999999999999950e-01
2.728269999999999862e-01 -1.693999999999999950e-01
2.728229999999999822e-01 -1.693999999999999950e-01
2.728229999999999822e-01 -1.693999999999999950e-01
2.728229999999999822e-01 -1.693999999999999950e-01
2.728229999999999822e-01 -1.693999999999999950e-01
2.728229999999999822e-01 -1.693999999999999950e-01
2.728190000000000337e-01 -1.694100000000000605e-01
2.728190000000000337e-01 -1.694100000000000605e-01
2.728190000000000337e-01 -1.694100000000000605e-01
2.728190000000000337e-01 -1.694100000000000605e-01
2.728190000000000337e-01 -1.694100000000000605e-01
2.728150000000000297e-01 -1.694200000000001261e-01
2.728140000000000009e-01 -1.694200000000001261e-01
2.728140000000000009e-01 -1.694200000000001261e-01
2.728140000000000009e-01 -1.694200000000001261e-01
2.728140000000000009e-01 -1.694200000000001261e-01
2.728099999999999969e-01 -1.694200000000001261e-01
2.728089999999999682e-01 -1.694200000000001261e-01
2.728089999999999682e-01 -1.694200000000001261e-01
2.728089999999999682e-01 -1.694200000000001261e-01
2.728089999999999682e-01 -1.694200000000001261e-01
2.728049999999999642e-01 -1.694299999999997475e-01
2.728049999999999642e-01 -1.694299999999997475e-01
2.728049999999999642e-01 -1.694299999999997475e-01
2.728049999999999642e-01 -1.694299999999997475e-01
2.728049999999999642e-01 -1.694299999999997475e-01
2.727999999999999869e-01 -1.694399999999998130e-01
2.727999999999999869e-01 -1.694399999999998130e-01
2.727999999999999869e-01 -1.694399999999998130e-01
2.727999999999999869e-01 -1.694399999999998130e-01
2.727999999999999869e-01 -1.694399999999998130e-01
2.727950000000000097e-01 -1.694399999999998130e-01
2.727950000000000097e-01 -1.694499999999998785e-01
2.727950000000000097e-01 -1.694499999999998785e-01
2.727950000000000097e-01 -1.694499999999998785e-01
2.727950000000000097e-01 -1.694499999999998785e-01
2.727899999999999769e-01 -1.694499999999998785e-01
2.727899999999999769e-01 -1.694499999999998785e-01
2.727899999999999769e-01 -1.694499999999998785e-01
2.727899999999999769e-01 -1.694499999999998785e-01
2.727899999999999769e-01 -1.694499999999998785e-01
2.727849999999999997e-01 -1.694599999999999440e-01
2.727849999999999997e-01 -1.694599999999999440e-01
2.727849999999999997e-01 -1.694599999999999440e-01
2.727849999999999997e-01 -1.694599999999999440e-01
2.727849999999999997e-01 -1.694599999999999440e-01
2.727800000000000225e-01 -1.694599999999999440e-01
2.727800000000000225e-01 -1.694700000000000095e-01
2.727800000000000225e-01 -1.694700000000000095e-01
2.727800000000000225e-01 -1.694700000000000095e-01
2.727789999999999937e-01 -1.694700000000000095e-01
2.727749999999999897e-01 -1.694700000000000095e-01
2.727739999999999609e-01 -1.694700000000000095e-01
2.727739999999999609e-01 -1.694700000000000095e-01
2.727739999999999609e-01 -1.694700000000000095e-01
2.727739999999999609e-01 -1.694700000000000095e-01
2.727689999999999837e-01 -1.694800000000000750e-01
2.727689999999999837e-01 -1.694800000000000750e-01
2.727689999999999837e-01 -1.694800000000000750e-01
2.727680000000000105e-01 -1.694800000000000750e-01
2.727680000000000105e-01 -1.694800000000000750e-01
2.727640000000000065e-01 -1.694900000000001405e-01
2.727640000000000065e-01 -1.694900000000001405e-01
2.727640000000000065e-01 -1.694900000000001405e-01
2.727640000000000065e-01 -1.694900000000001405e-01
2.727629999999999777e-01 -1.694900000000001405e-01
2.727589999999999737e-01 -1.694900000000001405e-01
2.727580000000000005e-01 -1.694900000000001405e-01
2.727580000000000005e-01 -1.694900000000001405e-01
2.727580000000000005e-01 -1.694900000000001405e-01
2.727580000000000005e-01 -1.694900000000001405e-01
2.727530000000000232e-01 -1.694999999999997620e-01
2.727530000000000232e-01 -1.694999999999997620e-01
2.727530000000000232e-01 -1.694999999999997620e-01
2.727530000000000232e-01 -1.694999999999997620e-01
2.727519999999999945e-01 -1.694999999999997620e-01
2.727479999999999905e-01 -1.695099999999998275e-01
2.727479999999999905e-01 -1.695099999999998275e-01
2.727479999999999905e-01 -1.695099999999998275e-01
2.727479999999999905e-01 -1.695099999999998275e-01
2.727469999999999617e-01 -1.695099999999998275e-01
2.727429999999999577e-01 -1.695099999999998275e-01
2.727429999999999577e-01 -1.695099999999998275e-01
2.727429999999999577e-01 -1.695099999999998275e-01
2.727429999999999577e-01 -1.695099999999998275e-01
2.727419999999999844e-01 -1.695099999999998275e-01
2.727370000000000072e-01 -1.695199999999998930e-01
2.727359999999999784e-01 -1.695199999999998930e-01
2.727359999999999784e-01 -1.695199999999998930e-01
2.727359999999999784e-01 -1.695199999999998930e-01
2.727359999999999784e-01 -1.695199999999998930e-01
2.727319999999999744e-01 -1.695299999999999585e-01
2.727319999999999744e-01 -1.695299999999999585e-01
2.727310000000000012e-01 -1.695299999999999585e-01
2.727310000000000012e-01 -1.695299999999999585e-01
2.727310000000000012e-01 -1.695299999999999585e-01
2.727269999999999972e-01 -1.695400000000000240e-01
2.727269999999999972e-01 -1.695400000000000240e-01
2.727269999999999972e-01 -1.695400000000000240e-01
2.727269999999999972e-01 -1.695400000000000240e-01
2.727269999999999972e-01 -1.695400000000000240e-01
2.727209999999999912e-01 -1.695400000000000240e-01
2.727209999999999912e-01 -1.695500000000000895e-01
2.727209999999999912e-01 -1.695500000000000895e-01
2.727209999999999912e-01 -1.695500000000000895e-01
2.727209999999999912e-01 -1.695500000000000895e-01
2.727159999999999584e-01 -1.695500000000000895e-01
2.727159999999999584e-01 -1.695500000000000895e-01
2.727159999999999584e-01 -1.695500000000000895e-01
2.727159999999999584e-01 -1.695500000000000895e-01
2.727159999999999584e-01 -1.695500000000000895e-01
2.727119999999999544e-01 -1.695600000000001550e-01
2.727119999999999544e-01 -1.695600000000001550e-01
2.727119999999999544e-01 -1.695600000000001550e-01
2.727110000000000367e-01 -1.695600000000001550e-01
2.727110000000000367e-01 -1.695600000000001550e-01
2.727060000000000040e-01 -1.695699999999997765e-01
2.727060000000000040e-01 -1.695699999999997765e-01
2.727060000000000040e-01 -1.695699999999997765e-01
2.727060000000000040e-01 -1.695699999999997765e-01
2.727060000000000040e-01 -1.695699999999997765e-01
2.727009999999999712e-01 -1.695699999999997765e-01
2.726999999999999980e-01 -1.695699999999997765e-01
2.726999999999999980e-01 -1.695699999999997765e-01
2.726999999999999980e-01 -1.695699999999997765e-01
2.726999999999999980e-01 -1.695699999999997765e-01
2.726950000000000207e-01 -1.695799999999998420e-01
2.726950000000000207e-01 -1.695799999999998420e-01
2.726950000000000207e-01 -1.695799999999998420e-01
2.726950000000000207e-01 -1.695799999999998420e-01
2.726950000000000207e-01 -1.695799999999998420e-01
2.726899999999999880e-01 -1.695899999999999075e-01
2.726899999999999880e-01 -1.695899999999999075e-01
2.726899999999999880e-01 -1.695899999999999075e-01
2.726899999999999880e-01 -1.695899999999999075e-01
2.726889999999999592e-01 -1.695899999999999075e-01
2.726840000000000375e-01 -1.695999999999999730e-01
2.726840000000000375e-01 -1.695999999999999730e-01
2.726840000000000375e-01 -1.695999999999999730e-01
2.726840000000000375e-01 -1.695999999999999730e-01
2.726840000000000375e-01 -1.695999999999999730e-01
2.726790000000000047e-01 -1.695999999999999730e-01
2.726790000000000047e-01 -1.695999999999999730e-01
2.726790000000000047e-01 -1.695999999999999730e-01
2.726790000000000047e-01 -1.695999999999999730e-01
2.726779999999999760e-01 -1.695999999999999730e-01
2.726739999999999720e-01 -1.696100000000000385e-01
2.726739999999999720e-01 -1.696100000000000385e-01
2.726739999999999720e-01 -1.696100000000000385e-01
2.726729999999999987e-01 -1.696100000000000385e-01
2.726729999999999987e-01 -1.696100000000000385e-01
2.726680000000000215e-01 -1.696200000000001040e-01
2.726680000000000215e-01 -1.696200000000001040e-01
2.726680000000000215e-01 -1.696200000000001040e-01
2.726680000000000215e-01 -1.696200000000001040e-01
2.726680000000000215e-01 -1.696200000000001040e-01
2.726629999999999887e-01 -1.696300000000001695e-01
2.726629999999999887e-01 -1.696300000000001695e-01
2.726619999999999600e-01 -1.696300000000001695e-01
2.726619999999999600e-01 -1.696300000000001695e-01
2.726619999999999600e-01 -1.696300000000001695e-01
2.726579999999999560e-01 -1.696300000000001695e-01
2.726579999999999560e-01 -1.696300000000001695e-01
2.726569999999999827e-01 -1.696300000000001695e-01
2.726569999999999827e-01 -1.696300000000001695e-01
2.726569999999999827e-01 -1.696300000000001695e-01
2.726520000000000055e-01 -1.696399999999997910e-01
2.726520000000000055e-01 -1.696399999999997910e-01
2.726520000000000055e-01 -1.696399999999997910e-01
2.726520000000000055e-01 -1.696399999999997910e-01
2.726520000000000055e-01 -1.696399999999997910e-01
2.726459999999999995e-01 -1.696499999999998565e-01
2.726459999999999995e-01 -1.696499999999998565e-01
2.726459999999999995e-01 -1.696499999999998565e-01
2.726459999999999995e-01 -1.696499999999998565e-01
2.726459999999999995e-01 -1.696499999999998565e-01
2.726410000000000222e-01 -1.696599999999999220e-01
2.726410000000000222e-01 -1.696599999999999220e-01
2.726410000000000222e-01 -1.696599999999999220e-01
2.726410000000000222e-01 -1.696599999999999220e-01
2.726410000000000222e-01 -1.696599999999999220e-01
2.726349999999999607e-01 -1.696599999999999220e-01
2.726349999999999607e-01 -1.696599999999999220e-01
2.726349999999999607e-01 -1.696599999999999220e-01
2.726339999999999875e-01 -1.696699999999999875e-01
2.726339999999999875e-01 -1.696699999999999875e-01
2.726299999999999835e-01 -1.696699999999999875e-01
2.726299999999999835e-01 -1.696699999999999875e-01
2.726299999999999835e-01 -1.696699999999999875e-01
2.726290000000000102e-01 -1.696699999999999875e-01
2.726290000000000102e-01 -1.696699999999999875e-01
2.726239999999999775e-01 -1.696800000000000530e-01
2.726239999999999775e-01 -1.696800000000000530e-01
2.726239999999999775e-01 -1.696800000000000530e-01
2.726239999999999775e-01 -1.696800000000000530e-01
2.726239999999999775e-01 -1.696800000000000530e-01
2.726180000000000270e-01 -1.696900000000001185e-01
2.726180000000000270e-01 -1.696900000000001185e-01
2.726180000000000270e-01 -1.696900000000001185e-01
2.726180000000000270e-01 -1.696900000000001185e-01
2.726169999999999982e-01 -1.696900000000001185e-01
2.726129999999999942e-01 -1.697000000000001840e-01
2.726129999999999942e-01 -1.697000000000001840e-01
2.726129999999999942e-01 -1.697000000000001840e-01
2.726129999999999942e-01 -1.697000000000001840e-01
2.726119999999999655e-01 -1.697000000000001840e-01
2.726069999999999882e-01 -1.697099999999998055e-01
2.726069999999999882e-01 -1.697099999999998055e-01
2.726069999999999882e-01 -1.697099999999998055e-01
2.726069999999999882e-01 -1.697099999999998055e-01
2.726069999999999882e-01 -1.697099999999998055e-01
2.726009999999999822e-01 -1.697199999999998710e-01
2.726009999999999822e-01 -1.697199999999998710e-01
2.726009999999999822e-01 -1.697199999999998710e-01
2.726009999999999822e-01 -1.697199999999998710e-01
2.726009999999999822e-01 -1.697199999999998710e-01
2.725960000000000050e-01 -1.697199999999998710e-01
2.725960000000000050e-01 -1.697199999999998710e-01
2.725950000000000317e-01 -1.697299999999999365e-01
2.725950000000000317e-01 -1.697299999999999365e-01
2.725950000000000317e-01 -1.697299999999999365e-01
2.725889999999999702e-01 -1.697299999999999365e-01
2.725889999999999702e-01 -1.697299999999999365e-01
2.725889999999999702e-01 -1.697299999999999365e-01
2.725889999999999702e-01 -1.697299999999999365e-01
2.725889999999999702e-01 -1.697299999999999365e-01
2.725830000000000197e-01 -1.697400000000000020e-01
2.725830000000000197e-01 -1.697400000000000020e-01
2.725830000000000197e-01 -1.697400000000000020e-01
2.725830000000000197e-01 -1.697400000000000020e-01
2.725830000000000197e-01 -1.697400000000000020e-01
2.725769999999999582e-01 -1.697500000000000675e-01
2.725769999999999582e-01 -1.697500000000000675e-01
2.725769999999999582e-01 -1.697500000000000675e-01
2.725769999999999582e-01 -1.697500000000000675e-01
2.725769999999999582e-01 -1.697500000000000675e-01
2.725710000000000077e-01 -1.697600000000001330e-01
2.725710000000000077e-01 -1.697600000000001330e-01
2.725710000000000077e-01 -1.697600000000001330e-01
2.725699999999999790e-01 -1.697600000000001330e-01
2.725699999999999790e-01 -1.697600000000001330e-01
2.725659999999999750e-01 -1.697699999999997544e-01
2.725650000000000017e-01 -1.697699999999997544e-01
2.725650000000000017e-01 -1.697699999999997544e-01
2.725650000000000017e-01 -1.697699999999997544e-01
2.725650000000000017e-01 -1.697699999999997544e-01
2.725600000000000245e-01 -1.697799999999998199e-01
2.725589999999999957e-01 -1.697799999999998199e-01
2.725589999999999957e-01 -1.697799999999998199e-01
2.725589999999999957e-01 -1.697799999999998199e-01
2.725589999999999957e-01 -1.697799999999998199e-01
2.725539999999999630e-01 -1.697799999999998199e-01
2.725539999999999630e-01 -1.697799999999998199e-01
2.725529999999999897e-01 -1.697899999999998855e-01
2.725529999999999897e-01 -1.697899999999998855e-01
2.725529999999999897e-01 -1.697899999999998855e-01
2.725480000000000125e-01 -1.697899999999998855e-01
2.725480000000000125e-01 -1.697899999999998855e-01
2.725480000000000125e-01 -1.697899999999998855e-01
2.725480000000000125e-01 -1.697899999999998855e-01
2.725480000000000125e-01 -1.697899999999998855e-01
2.725420000000000065e-01 -1.697999999999999510e-01
2.725420000000000065e-01 -1.697999999999999510e-01
2.725420000000000065e-01 -1.697999999999999510e-01
2.725420000000000065e-01 -1.697999999999999510e-01
2.725420000000000065e-01 -1.697999999999999510e-01
2.725370000000000292e-01 -1.698100000000000165e-01
2.725370000000000292e-01 -1.698100000000000165e-01
2.725370000000000292e-01 -1.698100000000000165e-01
2.725360000000000005e-01 -1.698100000000000165e-01
2.725360000000000005e-01 -1.698100000000000165e-01
2.725309999999999677e-01 -1.698200000000000820e-01
2.725309999999999677e-01 -1.698200000000000820e-01
2.725309999999999677e-01 -1.698200000000000820e-01
2.725309999999999677e-01 -1.698200000000000820e-01
2.725309999999999677e-01 -1.698200000000000820e-01
2.725250000000000172e-01 -1.698300000000001475e-01
2.725250000000000172e-01 -1.698300000000001475e-01
2.725239999999999885e-01 -1.698300000000001475e-01
2.725239999999999885e-01 -1.698300000000001475e-01
2.725239999999999885e-01 -1.698300000000001475e-01
2.725189999999999557e-01 -1.698399999999997689e-01
2.725189999999999557e-01 -1.698399999999997689e-01
2.725189999999999557e-01 -1.698399999999997689e-01
2.725189999999999557e-01 -1.698399999999997689e-01
2.725189999999999557e-01 -1.698399999999997689e-01
2.725140000000000340e-01 -1.698499999999998344e-01
2.725130000000000052e-01 -1.698499999999998344e-01
2.725130000000000052e-01 -1.698499999999998344e-01
2.725130000000000052e-01 -1.698499999999998344e-01
2.725130000000000052e-01 -1.698499999999998344e-01
2.725069999999999992e-01 -1.698599999999999000e-01
2.725069999999999992e-01 -1.698599999999999000e-01
2.725069999999999992e-01 -1.698599999999999000e-01
2.725069999999999992e-01 -1.698599999999999000e-01
2.725069999999999992e-01 -1.698599999999999000e-01
2.725020000000000220e-01 -1.698699999999999655e-01
2.725009999999999932e-01 -1.698699999999999655e-01
2.725009999999999932e-01 -1.698699999999999655e-01
2.725009999999999932e-01 -1.698699999999999655e-01
2.725009999999999932e-01 -1.698699999999999655e-01
2.724959999999999605e-01 -1.698699999999999655e-01
2.724959999999999605e-01 -1.698699999999999655e-01
2.724949999999999872e-01 -1.698699999999999655e-01
2.724949999999999872e-01 -1.698699999999999655e-01
2.724949999999999872e-01 -1.698699999999999655e-01
2.724889999999999812e-01 -1.698800000000000310e-01
2.724889999999999812e-01 -1.698800000000000310e-01
2.724889999999999812e-01 -1.698800000000000310e-01
2.724889999999999812e-01 -1.698800000000000310e-01
2.724889999999999812e-01 -1.698900000000000965e-01
2.724840000000000040e-01 -1.698900000000000965e-01
2.724830000000000307e-01 -1.698900000000000965e-01
2.724830000000000307e-01 -1.698900000000000965e-01
2.724830000000000307e-01 -1.698900000000000965e-01
2.724830000000000307e-01 -1.698900000000000965e-01
2.724779999999999980e-01 -1.699000000000001620e-01
2.724779999999999980e-01 -1.699000000000001620e-01
2.724779999999999980e-01 -1.699000000000001620e-01
2.724779999999999980e-01 -1.699000000000001620e-01
2.724769999999999692e-01 -1.699000000000001620e-01
2.724719999999999920e-01 -1.699099999999997834e-01
2.724719999999999920e-01 -1.699099999999997834e-01
2.724719999999999920e-01 -1.699099999999997834e-01
2.724719999999999920e-01 -1.699099999999997834e-01
2.724710000000000187e-01 -1.699099999999997834e-01
2.724649999999999572e-01 -1.699199999999998489e-01
2.724649999999999572e-01 -1.699199999999998489e-01
2.724649999999999572e-01 -1.699199999999998489e-01
2.724649999999999572e-01 -1.699199999999998489e-01
2.724649999999999572e-01 -1.699199999999998489e-01
2.724600000000000355e-01 -1.699299999999999145e-01
2.724600000000000355e-01 -1.699299999999999145e-01
2.724590000000000067e-01 -1.699299999999999145e-01
2.724590000000000067e-01 -1.699299999999999145e-01
2.724590000000000067e-01 -1.699299999999999145e-01
2.724539999999999740e-01 -1.699399999999999800e-01
2.724539999999999740e-01 -1.699399999999999800e-01
2.724530000000000007e-01 -1.699399999999999800e-01
2.724530000000000007e-01 -1.699399999999999800e-01
2.724530000000000007e-01 -1.699399999999999800e-01
2.724469999999999947e-01 -1.699500000000000455e-01
2.724469999999999947e-01 -1.699500000000000455e-01
2.724469999999999947e-01 -1.699500000000000455e-01
2.724469999999999947e-01 -1.699500000000000455e-01
2.724459999999999660e-01 -1.699500000000000455e-01
2.724409999999999887e-01 -1.699600000000001110e-01
2.724409999999999887e-01 -1.699600000000001110e-01
2.724409999999999887e-01 -1.699600000000001110e-01
2.724409999999999887e-01 -1.699600000000001110e-01
2.724409999999999887e-01 -1.699600000000001110e-01
2.724349999999999827e-01 -1.699700000000001765e-01
2.724349999999999827e-01 -1.699700000000001765e-01
2.724349999999999827e-01 -1.699700000000001765e-01
2.724349999999999827e-01 -1.699700000000001765e-01
2.724340000000000095e-01 -1.699700000000001765e-01
2.724280000000000035e-01 -1.699799999999997979e-01
2.724280000000000035e-01 -1.699799999999997979e-01
2.724280000000000035e-01 -1.699799999999997979e-01
2.724280000000000035e-01 -1.699799999999997979e-01
2.724280000000000035e-01 -1.699799999999997979e-01
2.724219999999999975e-01 -1.699899999999998634e-01
2.724219999999999975e-01 -1.699899999999998634e-01
2.724219999999999975e-01 -1.699899999999998634e-01
2.724219999999999975e-01 -1.699899999999998634e-01
2.724219999999999975e-01 -1.699899999999998634e-01
2.724159999999999915e-01 -1.699999999999999289e-01
2.724159999999999915e-01 -1.699999999999999289e-01
2.724159999999999915e-01 -1.699999999999999289e-01
2.724159999999999915e-01 -1.699999999999999289e-01
2.724159999999999915e-01 -1.699999999999999289e-01
2.724099999999999855e-01 -1.700099999999999945e-01
2.724099999999999855e-01 -1.700099999999999945e-01
2.724099999999999855e-01 -1.700099999999999945e-01
2.724090000000000122e-01 -1.700099999999999945e-01
2.724090000000000122e-01 -1.700099999999999945e-01
2.724030000000000062e-01 -1.700200000000000600e-01
2.724030000000000062e-01 -1.700200000000000600e-01
2.724030000000000062e-01 -1.700200000000000600e-01
2.724030000000000062e-01 -1.700200000000000600e-01
2.724030000000000062e-01 -1.700200000000000600e-01
2.723970000000000002e-01 -1.700300000000001255e-01
2.723959999999999715e-01 -1.700300000000001255e-01
2.723959999999999715e-01 -1.700300000000001255e-01
2.723959999999999715e-01 -1.700300000000001255e-01
2.723959999999999715e-01 -1.700300000000001255e-01
2.723900000000000210e-01 -1.700399999999997469e-01
2.723900000000000210e-01 -1.700399999999997469e-01
2.723900000000000210e-01 -1.700399999999997469e-01
2.723900000000000210e-01 -1.700399999999997469e-01
2.723900000000000210e-01 -1.700399999999997469e-01
2.723829999999999862e-01 -1.700499999999998124e-01
2.723829999999999862e-01 -1.700499999999998124e-01
2.723829999999999862e-01 -1.700499999999998124e-01
2.723829999999999862e-01 -1.700499999999998124e-01
2.723829999999999862e-01 -1.700499999999998124e-01
2.723760000000000070e-01 -1.700599999999998779e-01
2.723760000000000070e-01 -1.700599999999998779e-01
2.723760000000000070e-01 -1.700599999999998779e-01
2.723760000000000070e-01 -1.700599999999998779e-01
2.723760000000000070e-01 -1.700599999999998779e-01
2.723700000000000010e-01 -1.700699999999999434e-01
2.723700000000000010e-01 -1.700699999999999434e-01
2.723689999999999722e-01 -1.700699999999999434e-01
2.723689999999999722e-01 -1.700699999999999434e-01
2.723689999999999722e-01 -1.700699999999999434e-01
2.723630000000000217e-01 -1.700800000000000090e-01
2.723630000000000217e-01 -1.700800000000000090e-01
2.723630000000000217e-01 -1.700800000000000090e-01
2.723619999999999930e-01 -1.700800000000000090e-01
2.723619999999999930e-01 -1.700800000000000090e-01
2.723550000000000137e-01 -1.700900000000000745e-01
2.723550000000000137e-01 -1.700900000000000745e-01
2.723550000000000137e-01 -1.700900000000000745e-01
2.723550000000000137e-01 -1.700900000000000745e-01
2.723550000000000137e-01 -1.700900000000000745e-01
2.723480000000000345e-01 -1.701000000000001400e-01
2.723480000000000345e-01 -1.701000000000001400e-01
2.723480000000000345e-01 -1.701000000000001400e-01
2.723480000000000345e-01 -1.701000000000001400e-01
2.723480000000000345e-01 -1.701000000000001400e-01
2.723409999999999997e-01 -1.701099999999997614e-01
2.723409999999999997e-01 -1.701099999999997614e-01
2.723409999999999997e-01 -1.701099999999997614e-01
2.723409999999999997e-01 -1.701099999999997614e-01
2.723409999999999997e-01 -1.701099999999997614e-01
2.723339999999999650e-01 -1.701199999999998269e-01
2.723339999999999650e-01 -1.701199999999998269e-01
2.723339999999999650e-01 -1.701199999999998269e-01
2.723329999999999917e-01 -1.701199999999998269e-01
2.723329999999999917e-01 -1.701199999999998269e-01
2.723269999999999857e-01 -1.701299999999998924e-01
2.723259999999999570e-01 -1.701299999999998924e-01
2.723259999999999570e-01 -1.701299999999998924e-01
2.723259999999999570e-01 -1.701299999999998924e-01
2.723259999999999570e-01 -1.701299999999998924e-01
2.723200000000000065e-01 -1.701399999999999579e-01
2.723200000000000065e-01 -1.701399999999999579e-01
2.723189999999999777e-01 -1.701399999999999579e-01
2.723189999999999777e-01 -1.701399999999999579e-01
2.723189999999999777e-01 -1.701399999999999579e-01
2.723119999999999985e-01 -1.701500000000000234e-01
2.723119999999999985e-01 -1.701500000000000234e-01
2.723109999999999697e-01 -1.701500000000000234e-01
2.723109999999999697e-01 -1.701500000000000234e-01
2.723109999999999697e-01 -1.701500000000000234e-01
2.723039999999999905e-01 -1.701600000000000890e-01
2.723039999999999905e-01 -1.701600000000000890e-01
2.723039999999999905e-01 -1.701600000000000890e-01
2.723039999999999905e-01 -1.701600000000000890e-01
2.723039999999999905e-01 -1.701600000000000890e-01
2.722970000000000113e-01 -1.701700000000001545e-01
2.722970000000000113e-01 -1.701700000000001545e-01
2.722970000000000113e-01 -1.701700000000001545e-01
2.722970000000000113e-01 -1.701700000000001545e-01
2.722959999999999825e-01 -1.701700000000001545e-01
2.722890000000000033e-01 -1.701799999999997759e-01
2.722890000000000033e-01 -1.701799999999997759e-01
2.722890000000000033e-01 -1.701799999999997759e-01
2.722890000000000033e-01 -1.701799999999997759e-01
2.722879999999999745e-01 -1.701799999999997759e-01
2.722809999999999953e-01 -1.701899999999998414e-01
2.722809999999999953e-01 -1.701899999999998414e-01
2.722809999999999953e-01 -1.701899999999998414e-01
2.722809999999999953e-01 -1.701899999999998414e-01
2.722809999999999953e-01 -1.701899999999998414e-01
2.722740000000000160e-01 -1.701999999999999069e-01
2.722740000000000160e-01 -1.701999999999999069e-01
2.722729999999999873e-01 -1.701999999999999069e-01
2.722729999999999873e-01 -1.701999999999999069e-01
2.722729999999999873e-01 -1.701999999999999069e-01
2.722660000000000080e-01 -1.702099999999999724e-01
2.722660000000000080e-01 -1.702099999999999724e-01
2.722660000000000080e-01 -1.702099999999999724e-01
2.722660000000000080e-01 -1.702099999999999724e-01
2.722660000000000080e-01 -1.702099999999999724e-01
2.722580000000000000e-01 -1.702200000000000379e-01
2.722580000000000000e-01 -1.702200000000000379e-01
2.722580000000000000e-01 -1.702200000000000379e-01
2.722580000000000000e-01 -1.702200000000000379e-01
2.722580000000000000e-01 -1.702200000000000379e-01
2.722510000000000208e-01 -1.702300000000001035e-01
2.722510000000000208e-01 -1.702300000000001035e-01
2.722510000000000208e-01 -1.702300000000001035e-01
2.722510000000000208e-01 -1.702300000000001035e-01
2.722499999999999920e-01 -1.702300000000001035e-01
2.722430000000000128e-01 -1.702400000000001690e-01
2.722430000000000128e-01 -1.702400000000001690e-01
2.722430000000000128e-01 -1.702400000000001690e-01
2.722430000000000128e-01 -1.702400000000001690e-01
2.722430000000000128e-01 -1.702400000000001690e-01
2.722350000000000048e-01 -1.702499999999997904e-01
2.722350000000000048e-01 -1.702499999999997904e-01
2.722350000000000048e-01 -1.702499999999997904e-01
2.722350000000000048e-01 -1.702499999999997904e-01
2.722350000000000048e-01 -1.702499999999997904e-01
2.722280000000000255e-01 -1.702599999999998559e-01
2.722280000000000255e-01 -1.702599999999998559e-01
2.722280000000000255e-01 -1.702599999999998559e-01
2.722280000000000255e-01 -1.702599999999998559e-01
2.722269999999999968e-01 -1.702599999999998559e-01
2.722209999999999908e-01 -1.702799999999999869e-01
2.722200000000000175e-01 -1.702799999999999869e-01
2.722200000000000175e-01 -1.702799999999999869e-01
2.722200000000000175e-01 -1.702799999999999869e-01
2.722200000000000175e-01 -1.702799999999999869e-01
2.722120000000000095e-01 -1.702900000000000524e-01
2.722120000000000095e-01 -1.702900000000000524e-01
2.722120000000000095e-01 -1.702900000000000524e-01
2.722120000000000095e-01 -1.702900000000000524e-01
2.722120000000000095e-01 -1.702900000000000524e-01
2.722050000000000303e-01 -1.703000000000001180e-01
2.722050000000000303e-01 -1.703000000000001180e-01
2.722050000000000303e-01 -1.703000000000001180e-01
2.722040000000000015e-01 -1.703000000000001180e-01
2.722040000000000015e-01 -1.703000000000001180e-01
2.721979999999999955e-01 -1.703100000000001835e-01
2.721979999999999955e-01 -1.703100000000001835e-01
2.721979999999999955e-01 -1.703100000000001835e-01
2.721979999999999955e-01 -1.703100000000001835e-01
2.721970000000000223e-01 -1.703100000000001835e-01
2.721899999999999875e-01 -1.703199999999998049e-01
2.721890000000000143e-01 -1.703199999999998049e-01
2.721890000000000143e-01 -1.703199999999998049e-01
2.721890000000000143e-01 -1.703199999999998049e-01
2.721890000000000143e-01 -1.703199999999998049e-01
2.721820000000000350e-01 -1.703299999999998704e-01
2.721820000000000350e-01 -1.703299999999998704e-01
2.721820000000000350e-01 -1.703299999999998704e-01
2.721820000000000350e-01 -1.703299999999998704e-01
2.721820000000000350e-01 -1.703299999999998704e-01
2.721759999999999735e-01 -1.703399999999999359e-01
2.721759999999999735e-01 -1.703399999999999359e-01
2.721750000000000003e-01 -1.703399999999999359e-01
2.721750000000000003e-01 -1.703399999999999359e-01
2.721750000000000003e-01 -1.703399999999999359e-01
2.721679999999999655e-01 -1.703500000000000014e-01
2.721679999999999655e-01 -1.703500000000000014e-01
2.721669999999999923e-01 -1.703500000000000014e-01
2.721669999999999923e-01 -1.703500000000000014e-01
2.721669999999999923e-01 -1.703500000000000014e-01
2.721599999999999575e-01 -1.703600000000000669e-01
2.721599999999999575e-01 -1.703600000000000669e-01
2.721599999999999575e-01 -1.703600000000000669e-01
2.721599999999999575e-01 -1.703600000000000669e-01
2.721599999999999575e-01 -1.703600000000000669e-01
2.721529999999999783e-01 -1.703700000000001324e-01
2.721529999999999783e-01 -1.703700000000001324e-01
2.721529999999999783e-01 -1.703700000000001324e-01
2.721529999999999783e-01 -1.703700000000001324e-01
2.721529999999999783e-01 -1.703700000000001324e-01
2.721449999999999703e-01 -1.703799999999997539e-01
2.721449999999999703e-01 -1.703799999999997539e-01
2.721449999999999703e-01 -1.703799999999997539e-01
2.721449999999999703e-01 -1.703799999999997539e-01
2.721449999999999703e-01 -1.703799999999997539e-01
2.721379999999999910e-01 -1.703899999999998194e-01
2.721379999999999910e-01 -1.703899999999998194e-01
2.721379999999999910e-01 -1.703899999999998194e-01
2.721379999999999910e-01 -1.703899999999998194e-01
2.721369999999999623e-01 -1.703999999999998849e-01
2.721299999999999830e-01 -1.704099999999999504e-01
2.721299999999999830e-01 -1.704099999999999504e-01
2.721299999999999830e-01 -1.704099999999999504e-01
2.721299999999999830e-01 -1.704099999999999504e-01
2.721290000000000098e-01 -1.704099999999999504e-01
2.721219999999999750e-01 -1.704200000000000159e-01
2.721219999999999750e-01 -1.704200000000000159e-01
2.721219999999999750e-01 -1.704200000000000159e-01
2.721219999999999750e-01 -1.704200000000000159e-01
2.721219999999999750e-01 -1.704200000000000159e-01
2.721139999999999670e-01 -1.704300000000000814e-01
2.721139999999999670e-01 -1.704300000000000814e-01
2.721139999999999670e-01 -1.704300000000000814e-01
2.721139999999999670e-01 -1.704300000000000814e-01
2.721139999999999670e-01 -1.704300000000000814e-01
2.721059999999999590e-01 -1.704400000000001469e-01
2.721059999999999590e-01 -1.704400000000001469e-01
2.721059999999999590e-01 -1.704400000000001469e-01
2.721059999999999590e-01 -1.704400000000001469e-01
2.721059999999999590e-01 -1.704400000000001469e-01
2.720989999999999798e-01 -1.704499999999997684e-01
2.720980000000000065e-01 -1.704499999999997684e-01
2.720980000000000065e-01 -1.704499999999997684e-01
2.720980000000000065e-01 -1.704499999999997684e-01
2.720980000000000065e-01 -1.704499999999997684e-01
2.720909999999999718e-01 -1.704599999999998339e-01
2.720909999999999718e-01 -1.704599999999998339e-01
2.720909999999999718e-01 -1.704599999999998339e-01
2.720909999999999718e-01 -1.704599999999998339e-01
2.720899999999999985e-01 -1.704599999999998339e-01
2.720829999999999638e-01 -1.704799999999999649e-01
2.720829999999999638e-01 -1.704799999999999649e-01
2.720829999999999638e-01 -1.704799999999999649e-01
2.720829999999999638e-01 -1.704799999999999649e-01
2.720819999999999905e-01 -1.704799999999999649e-01
2.720749999999999558e-01 -1.704900000000000304e-01
2.720749999999999558e-01 -1.704900000000000304e-01
2.720749999999999558e-01 -1.704900000000000304e-01
2.720749999999999558e-01 -1.704900000000000304e-01
2.720749999999999558e-01 -1.704900000000000304e-01
2.720679999999999765e-01 -1.705000000000000959e-01
2.720679999999999765e-01 -1.705000000000000959e-01
2.720679999999999765e-01 -1.705000000000000959e-01
2.720670000000000033e-01 -1.705000000000000959e-01
2.720670000000000033e-01 -1.705000000000000959e-01
2.720589999999999953e-01 -1.705100000000001614e-01
2.720589999999999953e-01 -1.705100000000001614e-01
2.720589999999999953e-01 -1.705100000000001614e-01
2.720589999999999953e-01 -1.705100000000001614e-01
2.720589999999999953e-01 -1.705100000000001614e-01
2.720519999999999605e-01 -1.705199999999997829e-01
2.720519999999999605e-01 -1.705199999999997829e-01
2.720509999999999873e-01 -1.705199999999997829e-01
2.720509999999999873e-01 -1.705199999999997829e-01
2.720509999999999873e-01 -1.705199999999997829e-01
2.720440000000000080e-01 -1.705299999999998484e-01
2.720440000000000080e-01 -1.705299999999998484e-01
2.720440000000000080e-01 -1.705299999999998484e-01
2.720430000000000348e-01 -1.705299999999998484e-01
2.720430000000000348e-01 -1.705299999999998484e-01
2.720360000000000000e-01 -1.705399999999999139e-01
2.720360000000000000e-01 -1.705399999999999139e-01
2.720360000000000000e-01 -1.705399999999999139e-01
2.720360000000000000e-01 -1.705499999999999794e-01
2.720360000000000000e-01 -1.705499999999999794e-01
2.720279999999999920e-01 -1.705499999999999794e-01
2.720279999999999920e-01 -1.705499999999999794e-01
2.720279999999999920e-01 -1.705499999999999794e-01
2.720279999999999920e-01 -1.705499999999999794e-01
2.720279999999999920e-01 -1.705600000000000449e-01
2.720209999999999573e-01 -1.705700000000001104e-01
2.720209999999999573e-01 -1.705700000000001104e-01
2.720209999999999573e-01 -1.705700000000001104e-01
2.720209999999999573e-01 -1.705700000000001104e-01
2.720199999999999840e-01 -1.705700000000001104e-01
2.720139999999999780e-01 -1.705800000000001759e-01
2.720139999999999780e-01 -1.705800000000001759e-01
2.720130000000000048e-01 -1.705800000000001759e-01
2.720130000000000048e-01 -1.705800000000001759e-01
2.720130000000000048e-01 -1.705800000000001759e-01
2.720059999999999700e-01 -1.705899999999997974e-01
2.720059999999999700e-01 -1.705899999999997974e-01
2.720059999999999700e-01 -1.705899999999997974e-01
2.720059999999999700e-01 -1.705899999999997974e-01
2.720059999999999700e-01 -1.705899999999997974e-01
2.719989999999999908e-01 -1.705999999999998629e-01
2.719989999999999908e-01 -1.705999999999998629e-01
2.719989999999999908e-01 -1.705999999999998629e-01
2.719989999999999908e-01 -1.705999999999998629e-01
2.719989999999999908e-01 -1.705999999999998629e-01
2.719920000000000115e-01 -1.706099999999999284e-01
2.719920000000000115e-01 -1.706099999999999284e-01
2.719920000000000115e-01 -1.706099999999999284e-01
2.719920000000000115e-01 -1.706099999999999284e-01
2.719909999999999828e-01 -1.706099999999999284e-01
2.719840000000000035e-01 -1.706199999999999939e-01
2.719840000000000035e-01 -1.706199999999999939e-01
2.719840000000000035e-01 -1.706199999999999939e-01
2.719840000000000035e-01 -1.706199999999999939e-01
2.719840000000000035e-01 -1.706199999999999939e-01
2.719770000000000243e-01 -1.706400000000001249e-01
2.719770000000000243e-01 -1.706400000000001249e-01
2.719759999999999955e-01 -1.706400000000001249e-01
2.719759999999999955e-01 -1.706400000000001249e-01
2.719759999999999955e-01 -1.706400000000001249e-01
2.719699999999999895e-01 -1.706499999999997463e-01
2.719699999999999895e-01 -1.706499999999997463e-01
2.719690000000000163e-01 -1.706499999999997463e-01
2.719690000000000163e-01 -1.706499999999997463e-01
2.719690000000000163e-01 -1.706499999999997463e-01
2.719620000000000370e-01 -1.706599999999998118e-01
2.719620000000000370e-01 -1.706599999999998118e-01
2.719620000000000370e-01 -1.706599999999998118e-01
2.719620000000000370e-01 -1.706599999999998118e-01
2.719620000000000370e-01 -1.706599999999998118e-01
2.719550000000000023e-01 -1.706699999999998774e-01
2.719550000000000023e-01 -1.706699999999998774e-01
2.719540000000000290e-01 -1.706699999999998774e-01
2.719540000000000290e-01 -1.706699999999998774e-01
2.719540000000000290e-01 -1.706699999999998774e-01
2.719479999999999675e-01 -1.706799999999999429e-01
2.719469999999999943e-01 -1.706799999999999429e-01
2.719469999999999943e-01 -1.706799999999999429e-01
2.719469999999999943e-01 -1.706799999999999429e-01
2.719469999999999943e-01 -1.706900000000000084e-01
2.719409999999999883e-01 -1.706900000000000084e-01
2.719399999999999595e-01 -1.706900000000000084e-01
2.719399999999999595e-01 -1.707000000000000739e-01
2.719399999999999595e-01 -1.707000000000000739e-01
2.719399999999999595e-01 -1.707000000000000739e-01
2.719329999999999803e-01 -1.707100000000001394e-01
2.719329999999999803e-01 -1.707100000000001394e-01
2.719329999999999803e-01 -1.707100000000001394e-01
2.719329999999999803e-01 -1.707100000000001394e-01
2.719329999999999803e-01 -1.707100000000001394e-01
2.719260000000000010e-01 -1.707199999999997608e-01
2.719260000000000010e-01 -1.707199999999997608e-01
2.719249999999999723e-01 -1.707199999999997608e-01
2.719249999999999723e-01 -1.707199999999997608e-01
2.719249999999999723e-01 -1.707199999999997608e-01
2.719190000000000218e-01 -1.707299999999998263e-01
2.719190000000000218e-01 -1.707299999999998263e-01
2.719179999999999930e-01 -1.707299999999998263e-01
2.719179999999999930e-01 -1.707299999999998263e-01
2.719179999999999930e-01 -1.707299999999998263e-01
2.719119999999999870e-01 -1.707399999999998919e-01
2.719110000000000138e-01 -1.707399999999998919e-01
2.719110000000000138e-01 -1.707399999999998919e-01
2.719110000000000138e-01 -1.707399999999998919e-01
2.719110000000000138e-01 -1.707499999999999574e-01
2.719040000000000346e-01 -1.707600000000000229e-01
2.719040000000000346e-01 -1.707600000000000229e-01
2.719040000000000346e-01 -1.707600000000000229e-01
2.719030000000000058e-01 -1.707600000000000229e-01
2.719030000000000058e-01 -1.707600000000000229e-01
2.718960000000000266e-01 -1.707700000000000884e-01
2.718960000000000266e-01 -1.707700000000000884e-01
2.718960000000000266e-01 -1.707700000000000884e-01
2.718960000000000266e-01 -1.707700000000000884e-01
2.718960000000000266e-01 -1.707700000000000884e-01
2.718889999999999918e-01 -1.707800000000001539e-01
2.718889999999999918e-01 -1.707800000000001539e-01
2.718889999999999918e-01 -1.707800000000001539e-01
2.718889999999999918e-01 -1.707800000000001539e-01
2.718889999999999918e-01 -1.707800000000001539e-01
2.718819999999999570e-01 -1.707899999999997753e-01
2.718819999999999570e-01 -1.707899999999997753e-01
2.718809999999999838e-01 -1.707899999999997753e-01
2.718809999999999838e-01 -1.707899999999997753e-01
2.718809999999999838e-01 -1.707899999999997753e-01
2.718740000000000046e-01 -1.707999999999998408e-01
2.718740000000000046e-01 -1.707999999999998408e-01
2.718740000000000046e-01 -1.707999999999998408e-01
2.718740000000000046e-01 -1.707999999999998408e-01
2.718740000000000046e-01 -1.707999999999998408e-01
2.718669999999999698e-01 -1.708199999999999719e-01
2.718669999999999698e-01 -1.708199999999999719e-01
2.718669999999999698e-01 -1.708199999999999719e-01
2.718669999999999698e-01 -1.708199999999999719e-01
2.718669999999999698e-01 -1.708199999999999719e-01
2.718599999999999905e-01 -1.708300000000000374e-01
2.718599999999999905e-01 -1.708300000000000374e-01
2.718599999999999905e-01 -1.708300000000000374e-01
2.718599999999999905e-01 -1.708300000000000374e-01
2.718589999999999618e-01 -1.708300000000000374e-01
2.718519999999999825e-01 -1.708400000000001029e-01
2.718519999999999825e-01 -1.708400000000001029e-01
2.718519999999999825e-01 -1.708400000000001029e-01
2.718519999999999825e-01 -1.708400000000001029e-01
2.718519999999999825e-01 -1.708400000000001029e-01
2.718450000000000033e-01 -1.708500000000001684e-01
2.718450000000000033e-01 -1.708500000000001684e-01
2.718450000000000033e-01 -1.708500000000001684e-01
2.718450000000000033e-01 -1.708500000000001684e-01
2.718439999999999745e-01 -1.708500000000001684e-01
2.718369999999999953e-01 -1.708599999999997898e-01
2.718369999999999953e-01 -1.708599999999997898e-01
2.718369999999999953e-01 -1.708599999999997898e-01
2.718369999999999953e-01 -1.708599999999997898e-01
2.718369999999999953e-01 -1.708599999999997898e-01
2.718289999999999873e-01 -1.708699999999998553e-01
2.718289999999999873e-01 -1.708699999999998553e-01
2.718289999999999873e-01 -1.708799999999999208e-01
2.718289999999999873e-01 -1.708799999999999208e-01
2.718289999999999873e-01 -1.708799999999999208e-01
2.718209999999999793e-01 -1.708899999999999864e-01
2.718209999999999793e-01 -1.708899999999999864e-01
2.718209999999999793e-01 -1.708899999999999864e-01
2.718209999999999793e-01 -1.708899999999999864e-01
2.718209999999999793e-01 -1.708899999999999864e-01
2.718129999999999713e-01 -1.709000000000000519e-01
2.718129999999999713e-01 -1.709000000000000519e-01
2.718129999999999713e-01 -1.709000000000000519e-01
2.718129999999999713e-01 -1.709000000000000519e-01
2.718129999999999713e-01 -1.709000000000000519e-01
2.718049999999999633e-01 -1.709100000000001174e-01
2.718049999999999633e-01 -1.709100000000001174e-01
2.718049999999999633e-01 -1.709100000000001174e-01
2.718049999999999633e-01 -1.709100000000001174e-01
2.718049999999999633e-01 -1.709100000000001174e-01
2.717979999999999841e-01 -1.709200000000001829e-01
2.717969999999999553e-01 -1.709200000000001829e-01
2.717969999999999553e-01 -1.709200000000001829e-01
2.717969999999999553e-01 -1.709200000000001829e-01
2.717969999999999553e-01 -1.709200000000001829e-01
2.717890000000000028e-01 -1.709299999999998043e-01
2.717890000000000028e-01 -1.709399999999998698e-01
2.717890000000000028e-01 -1.709399999999998698e-01
2.717890000000000028e-01 -1.709399999999998698e-01
2.717890000000000028e-01 -1.709399999999998698e-01
2.717809999999999948e-01 -1.709499999999999353e-01
2.717809999999999948e-01 -1.709499999999999353e-01
2.717809999999999948e-01 -1.709499999999999353e-01
2.717809999999999948e-01 -1.709499999999999353e-01
2.717800000000000216e-01 -1.709499999999999353e-01
2.717729999999999868e-01 -1.709600000000000009e-01
2.717729999999999868e-01 -1.709600000000000009e-01
2.717729999999999868e-01 -1.709600000000000009e-01
2.717720000000000136e-01 -1.709600000000000009e-01
2.717720000000000136e-01 -1.709600000000000009e-01
2.717650000000000343e-01 -1.709700000000000664e-01
2.717640000000000056e-01 -1.709700000000000664e-01
2.717640000000000056e-01 -1.709700000000000664e-01
2.717640000000000056e-01 -1.709700000000000664e-01
2.717640000000000056e-01 -1.709700000000000664e-01
2.717559999999999976e-01 -1.709800000000001319e-01
2.717559999999999976e-01 -1.709800000000001319e-01
2.717559999999999976e-01 -1.709800000000001319e-01
2.717559999999999976e-01 -1.709800000000001319e-01
2.717549999999999688e-01 -1.709800000000001319e-01
2.717479999999999896e-01 -1.709899999999997533e-01
2.717479999999999896e-01 -1.709899999999997533e-01
2.717479999999999896e-01 -1.709899999999997533e-01
2.717479999999999896e-01 -1.709899999999997533e-01
2.717479999999999896e-01 -1.709899999999997533e-01
2.717399999999999816e-01 -1.709999999999998188e-01
2.717399999999999816e-01 -1.709999999999998188e-01
2.717399999999999816e-01 -1.709999999999998188e-01
2.717399999999999816e-01 -1.709999999999998188e-01
2.717399999999999816e-01 -1.709999999999998188e-01
2.717319999999999736e-01 -1.710099999999998843e-01
2.717319999999999736e-01 -1.710099999999998843e-01
2.717319999999999736e-01 -1.710099999999998843e-01
2.717319999999999736e-01 -1.710099999999998843e-01
2.717310000000000003e-01 -1.710199999999999498e-01
2.717239999999999656e-01 -1.710300000000000153e-01
2.717239999999999656e-01 -1.710300000000000153e-01
2.717239999999999656e-01 -1.710300000000000153e-01
2.717239999999999656e-01 -1.710300000000000153e-01
2.717229999999999923e-01 -1.710300000000000153e-01
2.717159999999999576e-01 -1.710400000000000809e-01
2.717159999999999576e-01 -1.710400000000000809e-01
2.717159999999999576e-01 -1.710400000000000809e-01
2.717159999999999576e-01 -1.710400000000000809e-01
2.717159999999999576e-01 -1.710400000000000809e-01
2.717080000000000051e-01 -1.710500000000001464e-01
2.717080000000000051e-01 -1.710500000000001464e-01
2.717080000000000051e-01 -1.710500000000001464e-01
2.717080000000000051e-01 -1.710500000000001464e-01
2.717080000000000051e-01 -1.710500000000001464e-01
2.716999999999999971e-01 -1.710599999999997678e-01
2.716999999999999971e-01 -1.710599999999997678e-01
2.716999999999999971e-01 -1.710599999999997678e-01
2.716999999999999971e-01 -1.710599999999997678e-01
2.716999999999999971e-01 -1.710599999999997678e-01
2.716919999999999891e-01 -1.710699999999998333e-01
2.716919999999999891e-01 -1.710699999999998333e-01
2.716919999999999891e-01 -1.710699999999998333e-01
2.716919999999999891e-01 -1.710699999999998333e-01
2.716919999999999891e-01 -1.710699999999998333e-01
2.716849999999999543e-01 -1.710799999999998988e-01
2.716840000000000366e-01 -1.710799999999998988e-01
2.716840000000000366e-01 -1.710799999999998988e-01
2.716840000000000366e-01 -1.710799999999998988e-01
2.716840000000000366e-01 -1.710799999999998988e-01
2.716770000000000018e-01 -1.710899999999999643e-01
2.716770000000000018e-01 -1.710899999999999643e-01
2.716770000000000018e-01 -1.710899999999999643e-01
2.716770000000000018e-01 -1.710899999999999643e-01
2.716760000000000286e-01 -1.710899999999999643e-01
2.716680000000000206e-01 -1.711000000000000298e-01
2.716680000000000206e-01 -1.711000000000000298e-01
2.716680000000000206e-01 -1.711000000000000298e-01
2.716680000000000206e-01 -1.711000000000000298e-01
2.716680000000000206e-01 -1.711000000000000298e-01
2.716609999999999858e-01 -1.711100000000000954e-01
2.716609999999999858e-01 -1.711100000000000954e-01
2.716609999999999858e-01 -1.711100000000000954e-01
2.716609999999999858e-01 -1.711100000000000954e-01
2.716609999999999858e-01 -1.711100000000000954e-01
2.716530000000000333e-01 -1.711200000000001609e-01
2.716530000000000333e-01 -1.711200000000001609e-01
2.716530000000000333e-01 -1.711299999999997823e-01
2.716530000000000333e-01 -1.711299999999997823e-01
2.716530000000000333e-01 -1.711299999999997823e-01
2.716450000000000253e-01 -1.711399999999998478e-01
2.716450000000000253e-01 -1.711399999999998478e-01
2.716450000000000253e-01 -1.711399999999998478e-01
2.716450000000000253e-01 -1.711399999999998478e-01
2.716450000000000253e-01 -1.711399999999998478e-01
2.716379999999999906e-01 -1.711499999999999133e-01
2.716379999999999906e-01 -1.711499999999999133e-01
2.716379999999999906e-01 -1.711499999999999133e-01
2.716370000000000173e-01 -1.711499999999999133e-01
2.716370000000000173e-01 -1.711499999999999133e-01
2.716299999999999826e-01 -1.711599999999999788e-01
2.716299999999999826e-01 -1.711599999999999788e-01
2.716299999999999826e-01 -1.711599999999999788e-01
2.716299999999999826e-01 -1.711599999999999788e-01
2.716290000000000093e-01 -1.711599999999999788e-01
2.716220000000000301e-01 -1.711700000000000443e-01
2.716210000000000013e-01 -1.711700000000000443e-01
2.716210000000000013e-01 -1.711700000000000443e-01
2.716210000000000013e-01 -1.711700000000000443e-01
2.716210000000000013e-01 -1.711700000000000443e-01
2.716140000000000221e-01 -1.711800000000001098e-01
2.716140000000000221e-01 -1.711800000000001098e-01
2.716140000000000221e-01 -1.711800000000001098e-01
2.716140000000000221e-01 -1.711800000000001098e-01
2.716140000000000221e-01 -1.711800000000001098e-01
2.716060000000000141e-01 -1.711900000000001754e-01
2.716060000000000141e-01 -1.711900000000001754e-01
2.716060000000000141e-01 -1.711900000000001754e-01
2.716060000000000141e-01 -1.711900000000001754e-01
2.716060000000000141e-01 -1.711900000000001754e-01
2.715980000000000061e-01 -1.711999999999997968e-01
2.715980000000000061e-01 -1.711999999999997968e-01
2.715980000000000061e-01 -1.711999999999997968e-01
2.715980000000000061e-01 -1.712099999999998623e-01
2.715980000000000061e-01 -1.712099999999998623e-01
2.715910000000000268e-01 -1.712099999999998623e-01
2.715910000000000268e-01 -1.712199999999999278e-01
2.715910000000000268e-01 -1.712199999999999278e-01
2.715910000000000268e-01 -1.712199999999999278e-01
2.715910000000000268e-01 -1.712199999999999278e-01
2.715830000000000188e-01 -1.712299999999999933e-01
2.715830000000000188e-01 -1.712299999999999933e-01
2.715830000000000188e-01 -1.712299999999999933e-01
2.715830000000000188e-01 -1.712299999999999933e-01
2.715830000000000188e-01 -1.712299999999999933e-01
2.715750000000000108e-01 -1.712400000000000588e-01
2.715750000000000108e-01 -1.712400000000000588e-01
2.715750000000000108e-01 -1.712400000000000588e-01
2.715750000000000108e-01 -1.712400000000000588e-01
2.715739999999999821e-01 -1.712400000000000588e-01
2.715680000000000316e-01 -1.712500000000001243e-01
2.715680000000000316e-01 -1.712500000000001243e-01
2.715670000000000028e-01 -1.712500000000001243e-01
2.715670000000000028e-01 -1.712500000000001243e-01
2.715670000000000028e-01 -1.712500000000001243e-01
2.715589999999999948e-01 -1.712599999999997458e-01
2.715589999999999948e-01 -1.712599999999997458e-01
2.715589999999999948e-01 -1.712599999999997458e-01
2.715589999999999948e-01 -1.712599999999997458e-01
2.715589999999999948e-01 -1.712599999999997458e-01
2.715509999999999868e-01 -1.712699999999998113e-01
2.715499999999999581e-01 -1.712699999999998113e-01
2.715499999999999581e-01 -1.712699999999998113e-01
2.715499999999999581e-01 -1.712699999999998113e-01
2.715499999999999581e-01 -1.712699999999998113e-01
2.715420000000000056e-01 -1.712799999999998768e-01
2.715420000000000056e-01 -1.712799999999998768e-01
2.715420000000000056e-01 -1.712799999999998768e-01
2.715420000000000056e-01 -1.712899999999999423e-01
2.715420000000000056e-01 -1.712899999999999423e-01
2.715339999999999976e-01 -1.713000000000000078e-01
2.715339999999999976e-01 -1.713000000000000078e-01
2.715339999999999976e-01 -1.713000000000000078e-01
2.715339999999999976e-01 -1.713000000000000078e-01
2.715339999999999976e-01 -1.713000000000000078e-01
2.715259999999999896e-01 -1.713100000000000733e-01
2.715259999999999896e-01 -1.713100000000000733e-01
2.715259999999999896e-01 -1.713100000000000733e-01
2.715250000000000163e-01 -1.713100000000000733e-01
2.715250000000000163e-01 -1.713100000000000733e-01
2.715170000000000083e-01 -1.713200000000001388e-01
2.715170000000000083e-01 -1.713200000000001388e-01
2.715170000000000083e-01 -1.713200000000001388e-01
2.715170000000000083e-01 -1.713200000000001388e-01
2.715170000000000083e-01 -1.713200000000001388e-01
2.715090000000000003e-01 -1.713299999999997603e-01
2.715090000000000003e-01 -1.713299999999997603e-01
2.715090000000000003e-01 -1.713399999999998258e-01
2.715090000000000003e-01 -1.713399999999998258e-01
2.715090000000000003e-01 -1.713399999999998258e-01
2.715009999999999923e-01 -1.713499999999998913e-01
2.715009999999999923e-01 -1.713499999999998913e-01
2.714999999999999636e-01 -1.713499999999998913e-01
2.714999999999999636e-01 -1.713499999999998913e-01
2.714999999999999636e-01 -1.713499999999998913e-01
2.714919999999999556e-01 -1.713599999999999568e-01
2.714909999999999823e-01 -1.713599999999999568e-01
2.714909999999999823e-01 -1.713599999999999568e-01
2.714909999999999823e-01 -1.713599999999999568e-01
2.714909999999999823e-01 -1.713599999999999568e-01
2.714840000000000031e-01 -1.713700000000000223e-01
2.714840000000000031e-01 -1.713700000000000223e-01
2.714840000000000031e-01 -1.713700000000000223e-01
2.714840000000000031e-01 -1.713700000000000223e-01
2.714830000000000298e-01 -1.713700000000000223e-01
2.714759999999999951e-01 -1.713800000000000878e-01
2.714759999999999951e-01 -1.713800000000000878e-01
2.714750000000000218e-01 -1.713800000000000878e-01
2.714750000000000218e-01 -1.713800000000000878e-01
2.714750000000000218e-01 -1.713900000000001533e-01
2.714670000000000138e-01 -1.713999999999997748e-01
2.714659999999999851e-01 -1.713999999999997748e-01
2.714659999999999851e-01 -1.713999999999997748e-01
2.714659999999999851e-01 -1.713999999999997748e-01
2.714659999999999851e-01 -1.713999999999997748e-01
2.714579999999999771e-01 -1.714099999999998403e-01
2.714579999999999771e-01 -1.714099999999998403e-01
2.714579999999999771e-01 -1.714099999999998403e-01
2.714579999999999771e-01 -1.714099999999998403e-01
2.714579999999999771e-01 -1.714099999999998403e-01
2.714499999999999691e-01 -1.714199999999999058e-01
2.714499999999999691e-01 -1.714199999999999058e-01
2.714499999999999691e-01 -1.714199999999999058e-01
2.714499999999999691e-01 -1.714199999999999058e-01
2.714499999999999691e-01 -1.714199999999999058e-01
2.714409999999999878e-01 -1.714299999999999713e-01
2.714409999999999878e-01 -1.714299999999999713e-01
2.714409999999999878e-01 -1.714400000000000368e-01
2.714409999999999878e-01 -1.714400000000000368e-01
2.714409999999999878e-01 -1.714400000000000368e-01
2.714330000000000354e-01 -1.714500000000001023e-01
2.714330000000000354e-01 -1.714500000000001023e-01
2.714330000000000354e-01 -1.714500000000001023e-01
2.714320000000000066e-01 -1.714500000000001023e-01
2.714320000000000066e-01 -1.714500000000001023e-01
2.714239999999999986e-01 -1.714600000000001678e-01
2.714239999999999986e-01 -1.714600000000001678e-01
2.714239999999999986e-01 -1.714600000000001678e-01
2.714229999999999698e-01 -1.714600000000001678e-01
2.714229999999999698e-01 -1.714600000000001678e-01
2.714159999999999906e-01 -1.714699999999997893e-01
2.714159999999999906e-01 -1.714699999999997893e-01
2.714159999999999906e-01 -1.714699999999997893e-01
2.714159999999999906e-01 -1.714699999999997893e-01
2.714159999999999906e-01 -1.714699999999997893e-01
2.714070000000000094e-01 -1.714899999999999203e-01
2.714070000000000094e-01 -1.714899999999999203e-01
2.714070000000000094e-01 -1.714899999999999203e-01
2.714070000000000094e-01 -1.714899999999999203e-01
2.714070000000000094e-01 -1.714899999999999203e-01
2.713990000000000014e-01 -1.714999999999999858e-01
2.713990000000000014e-01 -1.714999999999999858e-01
2.713980000000000281e-01 -1.714999999999999858e-01
2.713980000000000281e-01 -1.714999999999999858e-01
2.713980000000000281e-01 -1.714999999999999858e-01
2.713909999999999934e-01 -1.715100000000000513e-01
2.713900000000000201e-01 -1.715100000000000513e-01
2.713900000000000201e-01 -1.715100000000000513e-01
2.713900000000000201e-01 -1.715100000000000513e-01
2.713900000000000201e-01 -1.715100000000000513e-01
2.713820000000000121e-01 -1.715300000000001823e-01
2.713820000000000121e-01 -1.715300000000001823e-01
2.713820000000000121e-01 -1.715300000000001823e-01
2.713820000000000121e-01 -1.715300000000001823e-01
2.713820000000000121e-01 -1.715300000000001823e-01
2.713729999999999754e-01 -1.715399999999998037e-01
2.713729999999999754e-01 -1.715399999999998037e-01
2.713729999999999754e-01 -1.715399999999998037e-01
2.713729999999999754e-01 -1.715399999999998037e-01
2.713729999999999754e-01 -1.715399999999998037e-01
2.713649999999999674e-01 -1.715499999999998693e-01
2.713649999999999674e-01 -1.715499999999998693e-01
2.713649999999999674e-01 -1.715499999999998693e-01
2.713649999999999674e-01 -1.715499999999998693e-01
2.713649999999999674e-01 -1.715499999999998693e-01
2.713569999999999593e-01 -1.715700000000000003e-01
2.713569999999999593e-01 -1.715700000000000003e-01
2.713569999999999593e-01 -1.715700000000000003e-01
2.713569999999999593e-01 -1.715700000000000003e-01
2.713559999999999861e-01 -1.715700000000000003e-01
2.713480000000000336e-01 -1.715800000000000658e-01
2.713480000000000336e-01 -1.715800000000000658e-01
2.713480000000000336e-01 -1.715800000000000658e-01
2.713470000000000049e-01 -1.715800000000000658e-01
2.713470000000000049e-01 -1.715800000000000658e-01
