-1.000000000000000000e+00 0.000000000000000000e+00 0.000000000000000000e+00 1.630000000000000000e+02 2.300000000000000000e+01 -9.930999999999999550e-02 5.800000000000000034e-05
-1.000000000000000000e+00 0.000000000000000000e+00 0.000000000000000000e+00 1.640000000000000000e+02 2.400000000000000000e+01 -9.930999999999999550e-02 5.800000000000000034e-05
-1.000000000000000000e+00 0.000000000000000000e+00 0.000000000000000000e+00 1.630000000000000000e+02 2.700000000000000000e+01 -1.997849999999999904e-01 -1.905799999999999855e-02
-1.000000000000000000e+00 0.000000000000000000e+00 0.000000000000000000e+00 1.640000000000000000e+02 2.800000000000000000e+01 -1.997849999999999904e-01 -1.905799999999999855e-02
-1.000000000000000000e+00 0.000000000000000000e+00 0.000000000000000000e+00 1.750000000000000000e+02 3.500000000000000000e+01 3.465929999999999844e-01 -1.363000000000000062e-03
-1.000000000000000000e+00 0.000000000000000000e+00 0.000000000000000000e+00 1.760000000000000000e+02 3.600000000000000000e+01 3.465929999999999844e-01 -1.363000000000000062e-03
-1.000000000000000000e+00 0.000000000000000000e+00 0.000000000000000000e+00 1.750000000000000000e+02 3.900000000000000000e+01 -2.108089999999999964e-01 -8.637999999999999845e-03
-1.000000000000000000e+00 0.000000000000000000e+00 0.000000000000000000e+00 1.760000000000000000e+02 4.000000000000000000e+01 -2.108089999999999964e-01 -8.637999999999999845e-03
-1.000000000000000000e+00 0.000000000000000000e+00 0.000000000000000000e+00 1.870000000000000000e+02 4.700000000000000000e+01 4.112600000000000283e-02 1.203599999999999982e-02
-1.000000000000000000e+00 0.000000000000000000e+00 0.000000000000000000e+00 1.880000000000000000e+02 4.800000000000000000e+01 4.112600000000000283e-02 1.203599999999999982e-02
-1.000000000000000000e+00 0.000000000000000000e+00 0.000000000000000000e+00 1.870000000000000000e+02 5.100000000000000000e+01 -2.716419999999999946e-01 -9.952000000000000776e-03
-1.000000000000000000e+00 0.000000000000000000e+00 0.000000000000000000e+00 1.880000000000000000e+02 5.200000000000000000e+01 -2.716419999999999946e-01 -9.952000000000000776e-03
-1.000000000000000000e+00 0.000000000000000000e+00 0.000000000000000000e+00 1.990000000000000000e+02 5.900000000000000000e+01 -1.386650000000000105e-01 -2.280000000000000126e-04
-1.000000000000000000e+00 0.000000000000000000e+00 0.000000000000000000e+00 2.000000000000000000e+02 6.000000000000000000e+01 -1.386650000000000105e-01 -2.280000000000000126e-04
-1.000000000000000000e+00 0.000000000000000000e+00 0.000000000000000000e+00 1.990000000000000000e+02 6.300000000000000000e+01 3.562540000000000151e-01 -1.692700000000000107e-02
-1.000000000000000000e+00 0.000000000000000000e+00 0.000000000000000000e+00 2.000000000000000000e+02 6.400000000000000000e+01 3.562540000000000151e-01 -1.692700000000000107e-02
0.000000000000000000e+00 -1.000000000000000000e+00 0.000000000000000000e+00 1.170000000000000000e+02 2.900000000000000000e+01 3.394409999999999927e-01 -5.000000000000000104e-04
0.000000000000000000e+00 -1.000000000000000000e+00 0.000000000000000000e+00 1.180000000000000000e+02 3.000000000000000000e+01 3.394409999999999927e-01 -5.000000000000000104e-04
0.000000000000000000e+00 -1.000000000000000000e+00 0.000000000000000000e+00 1.170000000000000000e+02 3.100000000000000000e+01 6.741600000000000370e-02 -1.801699999999999829e-02
0.000000000000000000e+00 -1.000000000000000000e+00 0.000000000000000000e+00 1.180000000000000000e+02 3.200000000000000000e+01 6.741600000000000370e-02 -1.801699999999999829e-02
0.000000000000000000e+00 -1.000000000000000000e+00 0.000000000000000000e+00 1.230000000000000000e+02 3.500000000000000000e+01 3.179420000000000024e-01 6.679999999999999740e-04
0.000000000000000000e+00 -1.000000000000000000e+00 0.000000000000000000e+00 1.240000000000000000e+02 3.600000000000000000e+01 3.179420000000000024e-01 6.679999999999999740e-04
0.000000000000000000e+00 -1.000000000000000000e+00 0.000000000000000000e+00 1.230000000000000000e+02 3.700000000000000000e+01 3.352700000000000125e-02 8.179999999999999771e-03
0.000000000000000000e+00 -1.000000000000000000e+00 0.000000000000000000e+00 1.240000000000000000e+02 3.800000000000000000e+01 3.352700000000000125e-02 8.179999999999999771e-03
0.000000000000000000e+00 -1.000000000000000000e+00 0.000000000000000000e+00 1.410000000000000000e+02 5.300000000000000000e+01 -2.615029999999999855e-01 -3.566000000000000159e-03
0.000000000000000000e+00 -1.000000000000000000e+00 0.000000000000000000e+00 1.420000000000000000e+02 5.400000000000000000e+01 -2.615029999999999855e-01 -3.566000000000000159e-03
0.000000000000000000e+00 -1.000000000000000000e+00 0.000000000000000000e+00 1.410000000000000000e+02 5.500000000000000000e+01 4.328060000000000240e-01 3.110000000000000243e-04
0.000000000000000000e+00 -1.000000000000000000e+00 0.000000000000000000e+00 1.420000000000000000e+02 5.600000000000000000e+01 4.328060000000000240e-01 3.110000000000000243e-04
0.000000000000000000e+00 -1.000000000000000000e+00 0.000000000000000000e+00 1.470000000000000000e+02 5.900000000000000000e+01 5.259300000000000086e-02 1.835999999999999958e-03
0.000000000000000000e+00 -1.000000000000000000e+00 0.000000000000000000e+00 1.480000000000000000e+02 6.000000000000000000e+01 5.259300000000000086e-02 1.835999999999999958e-03
0.000000000000000000e+00 -1.000000000000000000e+00 0.000000000000000000e+00 1.470000000000000000e+02 6.100000000000000000e+01 -9.442300000000000693e-02 1.820499999999999896e-02
0.000000000000000000e+00 -1.000000000000000000e+00 0.000000000000000000e+00 1.480000000000000000e+02 6.200000000000000000e+01 -9.442300000000000693e-02 1.820499999999999896e-02
0.000000000000000000e+00 0.000000000000000000e+00 -1.000000000000000000e+00 6.500000000000000000e+01 4.300000000000000000e+01 1.697960000000000025e-01 -9.308999999999999567e-03
0.000000000000000000e+00 0.000000000000000000e+00 -1.000000000000000000e+00 6.600000000000000000e+01 4.400000000000000000e+01 1.697960000000000025e-01 -9.308999999999999567e-03
0.000000000000000000e+00 0.000000000000000000e+00 -1.000000000000000000e+00 6.500000000000000000e+01 4.500000000000000000e+01 -5.622800000000000020e-02 1.585000000000000037e-03
0.000000000000000000e+00 0.000000000000000000e+00 -1.000000000000000000e+00 6.600000000000000000e+01 4.600000000000000000e+01 -5.622800000000000020e-02 1.585000000000000037e-03
0.000000000000000000e+00 0.000000000000000000e+00 -1.000000000000000000e+00 7.100000000000000000e+01 4.900000000000000000e+01 -2.348490000000000022e-01 -7.732000000000000157e-03
0.000000000000000000e+00 0.000000000000000000e+00 -1.000000000000000000e+00 7.200000000000000000e+01 5.000000000000000000e+01 -2.348490000000000022e-01 -7.732000000000000157e-03
0.000000000000000000e+00 0.000000000000000000e+00 -1.000000000000000000e+00 7.100000000000000000e+01 5.100000000000000000e+01 -1.953789999999999971e-01 4.190000000000000148e-03
0.000000000000000000e+00 0.000000000000000000e+00 -1.000000000000000000e+00 7.200000000000000000e+01 5.200000000000000000e+01 -1.953789999999999971e-01 4.190000000000000148e-03
0.000000000000000000e+00 0.000000000000000000e+00 -1.000000000000000000e+00 7.700000000000000000e+01 5.500000000000000000e+01 -1.788790000000000102e-01 7.010999999999999871e-03
0.000000000000000000e+00 0.000000000000000000e+00 -1.000000000000000000e+00 7.800000000000000000e+01 5.600000000000000000e+01 -1.788790000000000102e-01 7.010999999999999871e-03
0.000000000000000000e+00 0.000000000000000000e+00 -1.000000000000000000e+00 7.700000000000000000e+01 5.700000000000000000e+01 4.472539999999999849e-01 4.390999999999999938e-03
0.000000000000000000e+00 0.000000000000000000e+00 -1.000000000000000000e+00 7.800000000000000000e+01 5.800000000000000000e+01 4.472539999999999849e-01 4.390999999999999938e-03
0.000000000000000000e+00 0.000000000000000000e+00 -1.000000000000000000e+00 8.300000000000000000e+01 6.100000000000000000e+01 3.911620000000000097e-01 4.185999999999999617e-03
0.000000000000000000e+00 0.000000000000000000e+00 -1.000000000000000000e+00 8.400000000000000000e+01 6.200000000000000000e+01 3.911620000000000097e-01 4.185999999999999617e-03
0.000000000000000000e+00 0.000000000000000000e+00 -1.000000000000000000e+00 8.300000000000000000e+01 6.300000000000000000e+01 3.492500000000000049e-01 -5.769999999999999955e-03
0.000000000000000000e+00 0.000000000000000000e+00 -1.000000000000000000e+00 8.400000000000000000e+01 6.400000000000000000e+01 3.492500000000000049e-01 -5.769999999999999955e-03
0.000000000000000000e+00 0.000000000000000000e+00 0.000000000000000000e+00 1.000000000000000000e+00 1.000000000000000000e+00 -3.403421999999999947e+00 0.000000000000000000e+00
0.000000000000000000e+00 0.000000000000000000e+00 0.000000000000000000e+00 2.000000000000000000e+00 2.000000000000000000e+00 -3.403421999999999947e+00 0.000000000000000000e+00
0.000000000000000000e+00 0.000000000000000000e+00 0.000000000000000000e+00 3.000000000000000000e+00 3.000000000000000000e+00 -3.551153999999999922e+00 0.000000000000000000e+00
0.000000000000000000e+00 0.000000000000000000e+00 0.000000000000000000e+00 4.000000000000000000e+00 4.000000000000000000e+00 -3.551153999999999922e+00 0.000000000000000000e+00
0.000000000000000000e+00 0.000000000000000000e+00 0.000000000000000000e+00 5.000000000000000000e+00 5.000000000000000000e+00 -3.314505000000000035e+00 -0.000000000000000000e+00
0.000000000000000000e+00 0.000000000000000000e+00 0.000000000000000000e+00 6.000000000000000000e+00 6.000000000000000000e+00 -3.314505000000000035e+00 -0.000000000000000000e+00
0.000000000000000000e+00 0.000000000000000000e+00 0.000000000000000000e+00 7.000000000000000000e+00 7.000000000000000000e+00 -3.639921999999999880e+00 0.000000000000000000e+00
0.000000000000000000e+00 0.000000000000000000e+00 0.000000000000000000e+00 8.000000000000000000e+00 8.000000000000000000e+00 -3.639921999999999880e+00 0.000000000000000000e+00
0.000000000000000000e+00 0.000000000000000000e+00 0.000000000000000000e+00 9.000000000000000000e+00 9.000000000000000000e+00 -3.205156999999999812e+00 -0.000000000000000000e+00
0.000000000000000000e+00 0.000000000000000000e+00 0.000000000000000000e+00 1.000000000000000000e+01 1.000000000000000000e+01 -3.205156999999999812e+00 -0.000000000000000000e+00
0.000000000000000000e+00 0.000000000000000000e+00 0.000000000000000000e+00 1.100000000000000000e+01 1.100000000000000000e+01 -3.719068000000000040e+00 -0.000000000000000000e+00
0.000000000000000000e+00 0.000000000000000000e+00 0.000000000000000000e+00 1.200000000000000000e+01 1.200000000000000000e+01 -3.719068000000000040e+00 -0.000000000000000000e+00
0.000000000000000000e+00 0.000000000000000000e+00 0.000000000000000000e+00 1.300000000000000000e+01 1.300000000000000000e+01 -3.457651999999999948e+00 0.000000000000000000e+00
0.000000000000000000e+00 0.000000000000000000e+00 0.000000000000000000e+00 1.400000000000000000e+01 1.400000000000000000e+01 -3.457651999999999948e+00 0.000000000000000000e+00
0.000000000000000000e+00 0.000000000000000000e+00 0.000000000000000000e+00 1.500000000000000000e+01 1.500000000000000000e+01 -3.406938999999999940e+00 0.000000000000000000e+00
0.000000000000000000e+00 0.000000000000000000e+00 0.000000000000000000e+00 1.600000000000000000e+01 1.600000000000000000e+01 -3.406938999999999940e+00 0.000000000000000000e+00
0.000000000000000000e+00 0.000000000000000000e+00 0.000000000000000000e+00 1.700000000000000000e+01 1.700000000000000000e+01 5.034295000000000186e+00 -0.000000000000000000e+00
0.000000000000000000e+00 0.000000000000000000e+00 0.000000000000000000e+00 1.800000000000000000e+01 1.800000000000000000e+01 5.034295000000000186e+00 -0.000000000000000000e+00
0.000000000000000000e+00 0.000000000000000000e+00 0.000000000000000000e+00 2.000000000000000000e+01 1.700000000000000000e+01 -4.957559999999999745e-01 7.250999999999999633e-03
0.000000000000000000e+00 0.000000000000000000e+00 0.000000000000000000e+00 2.200000000000000000e+01 1.700000000000000000e+01 6.647000000000000131e-03 -5.210949999999999749e-01
0.000000000000000000e+00 0.000000000000000000e+00 0.000000000000000000e+00 1.170000000000000000e+02 1.700000000000000000e+01 -3.690209999999999879e-01 -3.680000000000000003e-04
0.000000000000000000e+00 0.000000000000000000e+00 0.000000000000000000e+00 1.180000000000000000e+02 1.800000000000000000e+01 -3.690209999999999879e-01 -3.680000000000000003e-04
0.000000000000000000e+00 0.000000000000000000e+00 0.000000000000000000e+00 1.290000000000000000e+02 1.700000000000000000e+01 2.598010000000000042e-01 1.948000000000000079e-03
0.000000000000000000e+00 0.000000000000000000e+00 0.000000000000000000e+00 1.300000000000000000e+02 1.800000000000000000e+01 2.598010000000000042e-01 1.948000000000000079e-03
0.000000000000000000e+00 0.000000000000000000e+00 0.000000000000000000e+00 1.630000000000000000e+02 1.700000000000000000e+01 -5.182300000000000101e-02 -1.979999999999999989e-03
0.000000000000000000e+00 0.000000000000000000e+00 0.000000000000000000e+00 1.640000000000000000e+02 1.800000000000000000e+01 -5.182300000000000101e-02 -1.979999999999999989e-03
0.000000000000000000e+00 0.000000000000000000e+00 0.000000000000000000e+00 1.690000000000000000e+02 1.700000000000000000e+01 4.487900000000000222e-01 3.291999999999999788e-03
0.000000000000000000e+00 0.000000000000000000e+00 0.000000000000000000e+00 1.700000000000000000e+02 1.800000000000000000e+01 4.487900000000000222e-01 3.291999999999999788e-03
0.000000000000000000e+00 0.000000000000000000e+00 0.000000000000000000e+00 1.900000000000000000e+01 1.800000000000000000e+01 4.957559999999999745e-01 7.250999999999999633e-03
0.000000000000000000e+00 0.000000000000000000e+00 0.000000000000000000e+00 2.100000000000000000e+01 1.800000000000000000e+01 -6.647000000000000131e-03 -5.210949999999999749e-01
0.000000000000000000e+00 0.000000000000000000e+00 0.000000000000000000e+00 1.900000000000000000e+01 1.900000000000000000e+01 5.179738000000000397e+00 -0.000000000000000000e+00
0.000000000000000000e+00 0.000000000000000000e+00 0.000000000000000000e+00 2.000000000000000000e+01 2.000000000000000000e+01 5.179738000000000397e+00 -0.000000000000000000e+00
0.000000000000000000e+00 0.000000000000000000e+00 0.000000000000000000e+00 6.500000000000000000e+01 1.900000000000000000e+01 -2.921420000000000128e-01 6.019999999999999961e-04
0.000000000000000000e+00 0.000000000000000000e+00 0.000000000000000000e+00 6.600000000000000000e+01 2.000000000000000000e+01 -2.921420000000000128e-01 6.019999999999999961e-04
0.000000000000000000e+00 0.000000000000000000e+00 0.000000000000000000e+00 8.900000000000000000e+01 1.900000000000000000e+01 -1.884100000000000011e-02 3.041999999999999999e-03
0.000000000000000000e+00 0.000000000000000000e+00 0.000000000000000000e+00 9.000000000000000000e+01 2.000000000000000000e+01 -1.884100000000000011e-02 3.041999999999999999e-03
0.000000000000000000e+00 0.000000000000000000e+00 0.000000000000000000e+00 1.170000000000000000e+02 1.900000000000000000e+01 -2.177700000000000122e-02 2.060899999999999885e-02
0.000000000000000000e+00 0.000000000000000000e+00 0.000000000000000000e+00 1.180000000000000000e+02 2.000000000000000000e+01 -2.177700000000000122e-02 2.060899999999999885e-02
0.000000000000000000e+00 0.000000000000000000e+00 0.000000000000000000e+00 1.290000000000000000e+02 1.900000000000000000e+01 -1.277000000000000079e-01 -8.620000000000000275e-04
0.000000000000000000e+00 0.000000000000000000e+00 0.000000000000000000e+00 1.300000000000000000e+02 2.000000000000000000e+01 -1.277000000000000079e-01 -8.620000000000000275e-04
0.000000000000000000e+00 0.000000000000000000e+00 0.000000000000000000e+00 1.900000000000000000e+01 2.100000000000000000e+01 7.704400000000000137e-02 -5.661789999999999878e-01
0.000000000000000000e+00 0.000000000000000000e+00 0.000000000000000000e+00 2.100000000000000000e+01 2.100000000000000000e+01 4.922329000000000399e+00 -0.000000000000000000e+00
0.000000000000000000e+00 0.000000000000000000e+00 0.000000000000000000e+00 2.200000000000000000e+01 2.200000000000000000e+01 4.922329000000000399e+00 -0.000000000000000000e+00
0.000000000000000000e+00 0.000000000000000000e+00 0.000000000000000000e+00 6.500000000000000000e+01 2.100000000000000000e+01 1.798819999999999864e-01 1.291000000000000047e-03
0.000000000000000000e+00 0.000000000000000000e+00 0.000000000000000000e+00 6.600000000000000000e+01 2.200000000000000000e+01 1.798819999999999864e-01 1.291000000000000047e-03
0.000000000000000000e+00 0.000000000000000000e+00 0.000000000000000000e+00 8.900000000000000000e+01 2.100000000000000000e+01 -7.870000000000000476e-04 6.723999999999999942e-03
0.000000000000000000e+00 0.000000000000000000e+00 0.000000000000000000e+00 9.000000000000000000e+01 2.200000000000000000e+01 -7.870000000000000476e-04 6.723999999999999942e-03
0.000000000000000000e+00 0.000000000000000000e+00 0.000000000000000000e+00 1.630000000000000000e+02 2.100000000000000000e+01 4.767279999999999851e-01 1.412799999999999993e-02
0.000000000000000000e+00 0.000000000000000000e+00 0.000000000000000000e+00 1.640000000000000000e+02 2.200000000000000000e+01 4.767279999999999851e-01 1.412799999999999993e-02
0.000000000000000000e+00 0.000000000000000000e+00 0.000000000000000000e+00 1.690000000000000000e+02 2.100000000000000000e+01 1.486600000000000074e-02 -2.337000000000000102e-03
0.000000000000000000e+00 0.000000000000000000e+00 0.000000000000000000e+00 1.700000000000000000e+02 2.200000000000000000e+01 1.486600000000000074e-02 -2.337000000000000102e-03
0.000000000000000000e+00 0.000000000000000000e+00 0.000000000000000000e+00 2.000000000000000000e+01 2.200000000000000000e+01 7.704400000000000137e-02 5.661789999999999878e-01
0.000000000000000000e+00 0.000000000000000000e+00 0.000000000000000000e+00 2.300000000000000000e+01 2.300000000000000000e+01 5.283539000000000208e+00 0.000000000000000000e+00
0.000000000000000000e+00 0.000000000000000000e+00 0.000000000000000000e+00 2.400000000000000000e+01 2.400000000000000000e+01 5.283539000000000208e+00 0.000000000000000000e+00
0.000000000000000000e+00 0.000000000000000000e+00 0.000000000000000000e+00 2.600000000000000000e+01 2.300000000000000000e+01 -5.661699999999999511e-01 6.418000000000000094e-03
0.000000000000000000e+00 0.000000000000000000e+00 0.000000000000000000e+00 2.800000000000000000e+01 2.300000000000000000e+01 4.497000000000000129e-03 -5.738130000000000175e-01
0.000000000000000000e+00 0.000000000000000000e+00 0.000000000000000000e+00 1.230000000000000000e+02 2.300000000000000000e+01 -3.585409999999999986e-01 1.628000000000000107e-03
0.000000000000000000e+00 0.000000000000000000e+00 0.000000000000000000e+00 1.240000000000000000e+02 2.400000000000000000e+01 -3.585409999999999986e-01 1.628000000000000107e-03
0.000000000000000000e+00 0.000000000000000000e+00 0.000000000000000000e+00 1.350000000000000000e+02 2.300000000000000000e+01 -3.804359999999999964e-01 2.641000000000000118e-03
0.000000000000000000e+00 0.000000000000000000e+00 0.000000000000000000e+00 1.360000000000000000e+02 2.400000000000000000e+01 -3.804359999999999964e-01 2.641000000000000118e-03
0.000000000000000000e+00 0.000000000000000000e+00 0.000000000000000000e+00 1.690000000000000000e+02 2.300000000000000000e+01 -3.377919999999999812e-01 4.899999999999999842e-05
0.000000000000000000e+00 0.000000000000000000e+00 0.000000000000000000e+00 1.700000000000000000e+02 2.400000000000000000e+01 -3.377919999999999812e-01 4.899999999999999842e-05
0.000000000000000000e+00 0.000000000000000000e+00 0.000000000000000000e+00 2.500000000000000000e+01 2.400000000000000000e+01 5.661699999999999511e-01 6.418000000000000094e-03
0.000000000000000000e+00 0.000000000000000000e+00 0.000000000000000000e+00 2.700000000000000000e+01 2.400000000000000000e+01 -4.497000000000000129e-03 -5.738130000000000175e-01
0.000000000000000000e+00 0.000000000000000000e+00 0.000000000000000000e+00 2.500000000000000000e+01 2.500000000000000000e+01 5.095392000000000365e+00 0.000000000000000000e+00
0.000000000000000000e+00 0.000000000000000000e+00 0.000000000000000000e+00 2.600000000000000000e+01 2.600000000000000000e+01 5.095392000000000365e+00 0.000000000000000000e+00
0.000000000000000000e+00 0.000000000000000000e+00 0.000000000000000000e+00 7.100000000000000000e+01 2.500000000000000000e+01 4.038200000000000123e-01 2.341999999999999898e-03
0.000000000000000000e+00 0.000000000000000000e+00 0.000000000000000000e+00 7.200000000000000000e+01 2.600000000000000000e+01 4.038200000000000123e-01 2.341999999999999898e-03
0.000000000000000000e+00 0.000000000000000000e+00 0.000000000000000000e+00 9.500000000000000000e+01 2.500000000000000000e+01 9.364300000000000401e-02 4.656000000000000416e-03
0.000000000000000000e+00 0.000000000000000000e+00 0.000000000000000000e+00 9.600000000000000000e+01 2.600000000000000000e+01 9.364300000000000401e-02 4.656000000000000416e-03
0.000000000000000000e+00 0.000000000000000000e+00 0.000000000000000000e+00 1.230000000000000000e+02 2.500000000000000000e+01 1.245620000000000061e-01 -2.446999999999999956e-03
0.000000000000000000e+00 0.000000000000000000e+00 0.000000000000000000e+00 1.240000000000000000e+02 2.600000000000000000e+01 1.245620000000000061e-01 -2.446999999999999956e-03
0.000000000000000000e+00 0.000000000000000000e+00 0.000000000000000000e+00 1.350000000000000000e+02 2.500000000000000000e+01 -7.910399999999999376e-02 2.324999999999999810e-03
0.000000000000000000e+00 0.000000000000000000e+00 0.000000000000000000e+00 1.360000000000000000e+02 2.600000000000000000e+01 -7.910399999999999376e-02 2.324999999999999810e-03
0.000000000000000000e+00 0.000000000000000000e+00 0.000000000000000000e+00 2.500000000000000000e+01 2.700000000000000000e+01 -5.633300000000000113e-02 -5.837620000000000031e-01
0.000000000000000000e+00 0.000000000000000000e+00 0.000000000000000000e+00 2.700000000000000000e+01 2.700000000000000000e+01 5.386982999999999855e+00 0.000000000000000000e+00
0.000000000000000000e+00 0.000000000000000000e+00 0.000000000000000000e+00 2.800000000000000000e+01 2.800000000000000000e+01 5.386982999999999855e+00 0.000000000000000000e+00
0.000000000000000000e+00 0.000000000000000000e+00 0.000000000000000000e+00 7.100000000000000000e+01 2.700000000000000000e+01 1.178840000000000027e-01 -5.062999999999999792e-03
0.000000000000000000e+00 0.000000000000000000e+00 0.000000000000000000e+00 7.200000000000000000e+01 2.800000000000000000e+01 1.178840000000000027e-01 -5.062999999999999792e-03
0.000000000000000000e+00 0.000000000000000000e+00 0.000000000000000000e+00 9.500000000000000000e+01 2.700000000000000000e+01 4.389890000000000181e-01 -5.248000000000000061e-03
0.000000000000000000e+00 0.000000000000000000e+00 0.000000000000000000e+00 9.600000000000000000e+01 2.800000000000000000e+01 4.389890000000000181e-01 -5.248000000000000061e-03
0.000000000000000000e+00 0.000000000000000000e+00 0.000000000000000000e+00 1.690000000000000000e+02 2.700000000000000000e+01 -1.373620000000000119e-01 -7.675999999999999664e-03
0.000000000000000000e+00 0.000000000000000000e+00 0.000000000000000000e+00 1.700000000000000000e+02 2.800000000000000000e+01 -1.373620000000000119e-01 -7.675999999999999664e-03
0.000000000000000000e+00 0.000000000000000000e+00 0.000000000000000000e+00 2.600000000000000000e+01 2.800000000000000000e+01 -5.633300000000000113e-02 5.837620000000000031e-01
0.000000000000000000e+00 0.000000000000000000e+00 0.000000000000000000e+00 2.900000000000000000e+01 2.900000000000000000e+01 5.349031000000000091e+00 0.000000000000000000e+00
0.000000000000000000e+00 0.000000000000000000e+00 0.000000000000000000e+00 3.000000000000000000e+01 3.000000000000000000e+01 5.349031000000000091e+00 0.000000000000000000e+00
0.000000000000000000e+00 0.000000000000000000e+00 0.000000000000000000e+00 3.200000000000000000e+01 2.900000000000000000e+01 -5.678010000000000002e-01 -2.014999999999999864e-03
0.000000000000000000e+00 0.000000000000000000e+00 0.000000000000000000e+00 3.400000000000000000e+01 2.900000000000000000e+01 -1.660999999999999933e-03 -5.738820000000000032e-01
0.000000000000000000e+00 0.000000000000000000e+00 0.000000000000000000e+00 1.290000000000000000e+02 2.900000000000000000e+01 2.428480000000000083e-01 -1.660999999999999933e-03
0.000000000000000000e+00 0.000000000000000000e+00 0.000000000000000000e+00 1.300000000000000000e+02 3.000000000000000000e+01 2.428480000000000083e-01 -1.660999999999999933e-03
0.000000000000000000e+00 0.000000000000000000e+00 0.000000000000000000e+00 1.750000000000000000e+02 2.900000000000000000e+01 -3.271999999999999909e-02 2.847999999999999837e-03
0.000000000000000000e+00 0.000000000000000000e+00 0.000000000000000000e+00 1.760000000000000000e+02 3.000000000000000000e+01 -3.271999999999999909e-02 2.847999999999999837e-03
0.000000000000000000e+00 0.000000000000000000e+00 0.000000000000000000e+00 1.810000000000000000e+02 2.900000000000000000e+01 -6.448289999999999855e-01 1.768000000000000040e-03
0.000000000000000000e+00 0.000000000000000000e+00 0.000000000000000000e+00 1.820000000000000000e+02 3.000000000000000000e+01 -6.448289999999999855e-01 1.768000000000000040e-03
0.000000000000000000e+00 0.000000000000000000e+00 0.000000000000000000e+00 3.100000000000000000e+01 3.000000000000000000e+01 5.678010000000000002e-01 -2.014999999999999864e-03
0.000000000000000000e+00 0.000000000000000000e+00 0.000000000000000000e+00 3.300000000000000000e+01 3.000000000000000000e+01 1.660999999999999933e-03 -5.738820000000000032e-01
0.000000000000000000e+00 0.000000000000000000e+00 0.000000000000000000e+00 3.100000000000000000e+01 3.100000000000000000e+01 5.356594000000000300e+00 0.000000000000000000e+00
0.000000000000000000e+00 0.000000000000000000e+00 0.000000000000000000e+00 3.200000000000000000e+01 3.200000000000000000e+01 5.356594000000000300e+00 0.000000000000000000e+00
0.000000000000000000e+00 0.000000000000000000e+00 0.000000000000000000e+00 7.700000000000000000e+01 3.100000000000000000e+01 2.306330000000000047e-01 -1.011699999999999926e-02
0.000000000000000000e+00 0.000000000000000000e+00 0.000000000000000000e+00 7.800000000000000000e+01 3.200000000000000000e+01 2.306330000000000047e-01 -1.011699999999999926e-02
0.000000000000000000e+00 0.000000000000000000e+00 0.000000000000000000e+00 1.010000000000000000e+02 3.100000000000000000e+01 1.670800000000000063e-01 -4.296999999999999605e-03
0.000000000000000000e+00 0.000000000000000000e+00 0.000000000000000000e+00 1.020000000000000000e+02 3.200000000000000000e+01 1.670800000000000063e-01 -4.296999999999999605e-03
0.000000000000000000e+00 0.000000000000000000e+00 0.000000000000000000e+00 1.290000000000000000e+02 3.100000000000000000e+01 4.683899999999999869e-02 7.289000000000000340e-03
0.000000000000000000e+00 0.000000000000000000e+00 0.000000000000000000e+00 1.300000000000000000e+02 3.200000000000000000e+01 4.683899999999999869e-02 7.289000000000000340e-03
0.000000000000000000e+00 0.000000000000000000e+00 0.000000000000000000e+00 3.100000000000000000e+01 3.300000000000000000e+01 4.304000000000000187e-02 -5.799450000000000438e-01
0.000000000000000000e+00 0.000000000000000000e+00 0.000000000000000000e+00 3.300000000000000000e+01 3.300000000000000000e+01 5.576889000000000429e+00 0.000000000000000000e+00
0.000000000000000000e+00 0.000000000000000000e+00 0.000000000000000000e+00 3.400000000000000000e+01 3.400000000000000000e+01 5.576889000000000429e+00 0.000000000000000000e+00
0.000000000000000000e+00 0.000000000000000000e+00 0.000000000000000000e+00 7.700000000000000000e+01 3.300000000000000000e+01 -2.761790000000000078e-01 -4.769999999999999934e-03
0.000000000000000000e+00 0.000000000000000000e+00 0.000000000000000000e+00 7.800000000000000000e+01 3.400000000000000000e+01 -2.761790000000000078e-01 -4.769999999999999934e-03
0.000000000000000000e+00 0.000000000000000000e+00 0.000000000000000000e+00 1.010000000000000000e+02 3.300000000000000000e+01 -5.920800000000000507e-01 -1.744000000000000107e-03
0.000000000000000000e+00 0.000000000000000000e+00 0.000000000000000000e+00 1.020000000000000000e+02 3.400000000000000000e+01 -5.920800000000000507e-01 -1.744000000000000107e-03
0.000000000000000000e+00 0.000000000000000000e+00 0.000000000000000000e+00 1.750000000000000000e+02 3.300000000000000000e+01 2.999100000000000099e-01 -7.258999999999999828e-03
0.000000000000000000e+00 0.000000000000000000e+00 0.000000000000000000e+00 1.760000000000000000e+02 3.400000000000000000e+01 2.999100000000000099e-01 -7.258999999999999828e-03
0.000000000000000000e+00 0.000000000000000000e+00 0.000000000000000000e+00 1.810000000000000000e+02 3.300000000000000000e+01 -1.203059999999999963e-01 4.714000000000000308e-03
0.000000000000000000e+00 0.000000000000000000e+00 0.000000000000000000e+00 1.820000000000000000e+02 3.400000000000000000e+01 -1.203059999999999963e-01 4.714000000000000308e-03
0.000000000000000000e+00 0.000000000000000000e+00 0.000000000000000000e+00 3.200000000000000000e+01 3.400000000000000000e+01 4.304000000000000187e-02 5.799450000000000438e-01
0.000000000000000000e+00 0.000000000000000000e+00 0.000000000000000000e+00 3.500000000000000000e+01 3.500000000000000000e+01 5.270443000000000211e+00 -0.000000000000000000e+00
0.000000000000000000e+00 0.000000000000000000e+00 0.000000000000000000e+00 3.600000000000000000e+01 3.600000000000000000e+01 5.270443000000000211e+00 -0.000000000000000000e+00
0.000000000000000000e+00 0.000000000000000000e+00 0.000000000000000000e+00 3.800000000000000000e+01 3.500000000000000000e+01 -5.848860000000000170e-01 2.577999999999999996e-03
0.000000000000000000e+00 0.000000000000000000e+00 0.000000000000000000e+00 4.000000000000000000e+01 3.500000000000000000e+01 2.546000000000000086e-03 -5.877820000000000267e-01
0.000000000000000000e+00 0.000000000000000000e+00 0.000000000000000000e+00 1.350000000000000000e+02 3.500000000000000000e+01 3.478049999999999753e-01 3.310000000000000225e-04
0.000000000000000000e+00 0.000000000000000000e+00 0.000000000000000000e+00 1.360000000000000000e+02 3.600000000000000000e+01 3.478049999999999753e-01 3.310000000000000225e-04
0.000000000000000000e+00 0.000000000000000000e+00 0.000000000000000000e+00 1.810000000000000000e+02 3.500000000000000000e+01 2.004009999999999958e-01 -1.739000000000000094e-03
0.000000000000000000e+00 0.000000000000000000e+00 0.000000000000000000e+00 1.820000000000000000e+02 3.600000000000000000e+01 2.004009999999999958e-01 -1.739000000000000094e-03
0.000000000000000000e+00 0.000000000000000000e+00 0.000000000000000000e+00 3.700000000000000000e+01 3.600000000000000000e+01 5.848860000000000170e-01 2.577999999999999996e-03
0.000000000000000000e+00 0.000000000000000000e+00 0.000000000000000000e+00 3.900000000000000000e+01 3.600000000000000000e+01 -2.546000000000000086e-03 -5.877820000000000267e-01
0.000000000000000000e+00 0.000000000000000000e+00 0.000000000000000000e+00 3.700000000000000000e+01 3.700000000000000000e+01 5.180792000000000286e+00 -0.000000000000000000e+00
0.000000000000000000e+00 0.000000000000000000e+00 0.000000000000000000e+00 3.800000000000000000e+01 3.800000000000000000e+01 5.180792000000000286e+00 -0.000000000000000000e+00
0.000000000000000000e+00 0.000000000000000000e+00 0.000000000000000000e+00 8.300000000000000000e+01 3.700000000000000000e+01 -2.897810000000000108e-01 -2.194000000000000204e-03
0.000000000000000000e+00 0.000000000000000000e+00 0.000000000000000000e+00 8.400000000000000000e+01 3.800000000000000000e+01 -2.897810000000000108e-01 -2.194000000000000204e-03
0.000000000000000000e+00 0.000000000000000000e+00 0.000000000000000000e+00 1.070000000000000000e+02 3.700000000000000000e+01 -2.568590000000000040e-01 -4.120000000000000398e-03
0.000000000000000000e+00 0.000000000000000000e+00 0.000000000000000000e+00 1.080000000000000000e+02 3.800000000000000000e+01 -2.568590000000000040e-01 -4.120000000000000398e-03
0.000000000000000000e+00 0.000000000000000000e+00 0.000000000000000000e+00 1.350000000000000000e+02 3.700000000000000000e+01 -4.778700000000000309e-02 1.263000000000000060e-02
0.000000000000000000e+00 0.000000000000000000e+00 0.000000000000000000e+00 1.360000000000000000e+02 3.800000000000000000e+01 -4.778700000000000309e-02 1.263000000000000060e-02
0.000000000000000000e+00 0.000000000000000000e+00 0.000000000000000000e+00 3.700000000000000000e+01 3.900000000000000000e+01 -2.776299999999999948e-02 -5.872870000000000035e-01
0.000000000000000000e+00 0.000000000000000000e+00 0.000000000000000000e+00 3.900000000000000000e+01 3.900000000000000000e+01 5.211541000000000423e+00 0.000000000000000000e+00
0.000000000000000000e+00 0.000000000000000000e+00 0.000000000000000000e+00 4.000000000000000000e+01 4.000000000000000000e+01 5.211541000000000423e+00 0.000000000000000000e+00
0.000000000000000000e+00 0.000000000000000000e+00 0.000000000000000000e+00 8.300000000000000000e+01 3.900000000000000000e+01 -3.242450000000000054e-01 4.316999999999999657e-03
0.000000000000000000e+00 0.000000000000000000e+00 0.000000000000000000e+00 8.400000000000000000e+01 4.000000000000000000e+01 -3.242450000000000054e-01 4.316999999999999657e-03
0.000000000000000000e+00 0.000000000000000000e+00 0.000000000000000000e+00 1.070000000000000000e+02 3.900000000000000000e+01 -1.173330000000000067e-01 7.667000000000000204e-03
0.000000000000000000e+00 0.000000000000000000e+00 0.000000000000000000e+00 1.080000000000000000e+02 4.000000000000000000e+01 -1.173330000000000067e-01 7.667000000000000204e-03
0.000000000000000000e+00 0.000000000000000000e+00 0.000000000000000000e+00 1.810000000000000000e+02 3.900000000000000000e+01 2.687999999999999851e-03 -1.194500000000000076e-02
0.000000000000000000e+00 0.000000000000000000e+00 0.000000000000000000e+00 1.820000000000000000e+02 4.000000000000000000e+01 2.687999999999999851e-03 -1.194500000000000076e-02
0.000000000000000000e+00 0.000000000000000000e+00 0.000000000000000000e+00 3.800000000000000000e+01 4.000000000000000000e+01 -2.776299999999999948e-02 5.872870000000000035e-01
0.000000000000000000e+00 0.000000000000000000e+00 0.000000000000000000e+00 4.100000000000000000e+01 4.100000000000000000e+01 5.143449999999999633e+00 0.000000000000000000e+00
0.000000000000000000e+00 0.000000000000000000e+00 0.000000000000000000e+00 4.200000000000000000e+01 4.200000000000000000e+01 5.143449999999999633e+00 0.000000000000000000e+00
0.000000000000000000e+00 0.000000000000000000e+00 0.000000000000000000e+00 4.400000000000000000e+01 4.100000000000000000e+01 -5.147990000000000066e-01 3.938999999999999793e-03
0.000000000000000000e+00 0.000000000000000000e+00 0.000000000000000000e+00 4.600000000000000000e+01 4.100000000000000000e+01 1.237399999999999958e-02 -5.221080000000000165e-01
0.000000000000000000e+00 0.000000000000000000e+00 0.000000000000000000e+00 1.410000000000000000e+02 4.100000000000000000e+01 -4.605900000000000272e-02 -6.128999999999999899e-03
0.000000000000000000e+00 0.000000000000000000e+00 0.000000000000000000e+00 1.420000000000000000e+02 4.200000000000000000e+01 -4.605900000000000272e-02 -6.128999999999999899e-03
0.000000000000000000e+00 0.000000000000000000e+00 0.000000000000000000e+00 1.530000000000000000e+02 4.100000000000000000e+01 2.907770000000000077e-01 -1.241199999999999942e-02
0.000000000000000000e+00 0.000000000000000000e+00 0.000000000000000000e+00 1.540000000000000000e+02 4.200000000000000000e+01 2.907770000000000077e-01 -1.241199999999999942e-02
0.000000000000000000e+00 0.000000000000000000e+00 0.000000000000000000e+00 1.870000000000000000e+02 4.100000000000000000e+01 -1.429900000000000060e-01 1.297899999999999922e-02
0.000000000000000000e+00 0.000000000000000000e+00 0.000000000000000000e+00 1.880000000000000000e+02 4.200000000000000000e+01 -1.429900000000000060e-01 1.297899999999999922e-02
0.000000000000000000e+00 0.000000000000000000e+00 0.000000000000000000e+00 1.930000000000000000e+02 4.100000000000000000e+01 2.020200000000000121e-02 6.522000000000000020e-03
0.000000000000000000e+00 0.000000000000000000e+00 0.000000000000000000e+00 1.940000000000000000e+02 4.200000000000000000e+01 2.020200000000000121e-02 6.522000000000000020e-03
0.000000000000000000e+00 0.000000000000000000e+00 0.000000000000000000e+00 4.300000000000000000e+01 4.200000000000000000e+01 5.147990000000000066e-01 3.938999999999999793e-03
0.000000000000000000e+00 0.000000000000000000e+00 0.000000000000000000e+00 4.500000000000000000e+01 4.200000000000000000e+01 -1.237399999999999958e-02 -5.221080000000000165e-01
0.000000000000000000e+00 0.000000000000000000e+00 0.000000000000000000e+00 4.300000000000000000e+01 4.300000000000000000e+01 5.077144999999999797e+00 0.000000000000000000e+00
0.000000000000000000e+00 0.000000000000000000e+00 0.000000000000000000e+00 4.400000000000000000e+01 4.400000000000000000e+01 5.077144999999999797e+00 0.000000000000000000e+00
0.000000000000000000e+00 0.000000000000000000e+00 0.000000000000000000e+00 8.900000000000000000e+01 4.300000000000000000e+01 -3.416999999999999899e-02 -2.259200000000000097e-02
0.000000000000000000e+00 0.000000000000000000e+00 0.000000000000000000e+00 9.000000000000000000e+01 4.400000000000000000e+01 -3.416999999999999899e-02 -2.259200000000000097e-02
0.000000000000000000e+00 0.000000000000000000e+00 0.000000000000000000e+00 1.410000000000000000e+02 4.300000000000000000e+01 -2.333699999999999941e-01 2.361999999999999950e-03
0.000000000000000000e+00 0.000000000000000000e+00 0.000000000000000000e+00 1.420000000000000000e+02 4.400000000000000000e+01 -2.333699999999999941e-01 2.361999999999999950e-03
0.000000000000000000e+00 0.000000000000000000e+00 0.000000000000000000e+00 1.530000000000000000e+02 4.300000000000000000e+01 -2.170989999999999864e-01 1.851600000000000121e-02
0.000000000000000000e+00 0.000000000000000000e+00 0.000000000000000000e+00 1.540000000000000000e+02 4.400000000000000000e+01 -2.170989999999999864e-01 1.851600000000000121e-02
0.000000000000000000e+00 0.000000000000000000e+00 0.000000000000000000e+00 4.300000000000000000e+01 4.500000000000000000e+01 3.412099999999999855e-02 -5.886630000000000473e-01
0.000000000000000000e+00 0.000000000000000000e+00 0.000000000000000000e+00 4.500000000000000000e+01 4.500000000000000000e+01 5.116328000000000209e+00 0.000000000000000000e+00
0.000000000000000000e+00 0.000000000000000000e+00 0.000000000000000000e+00 4.600000000000000000e+01 4.600000000000000000e+01 5.116328000000000209e+00 0.000000000000000000e+00
0.000000000000000000e+00 0.000000000000000000e+00 0.000000000000000000e+00 8.900000000000000000e+01 4.500000000000000000e+01 -1.111680000000000029e-01 4.806999999999999641e-03
0.000000000000000000e+00 0.000000000000000000e+00 0.000000000000000000e+00 9.000000000000000000e+01 4.600000000000000000e+01 -1.111680000000000029e-01 4.806999999999999641e-03
0.000000000000000000e+00 0.000000000000000000e+00 0.000000000000000000e+00 1.870000000000000000e+02 4.500000000000000000e+01 1.520179999999999865e-01 -1.162000000000000012e-02
0.000000000000000000e+00 0.000000000000000000e+00 0.000000000000000000e+00 1.880000000000000000e+02 4.600000000000000000e+01 1.520179999999999865e-01 -1.162000000000000012e-02
0.000000000000000000e+00 0.000000000000000000e+00 0.000000000000000000e+00 1.930000000000000000e+02 4.500000000000000000e+01 4.707879999999999843e-01 -1.201100000000000084e-02
0.000000000000000000e+00 0.000000000000000000e+00 0.000000000000000000e+00 1.940000000000000000e+02 4.600000000000000000e+01 4.707879999999999843e-01 -1.201100000000000084e-02
0.000000000000000000e+00 0.000000000000000000e+00 0.000000000000000000e+00 4.400000000000000000e+01 4.600000000000000000e+01 3.412099999999999855e-02 5.886630000000000473e-01
0.000000000000000000e+00 0.000000000000000000e+00 0.000000000000000000e+00 4.700000000000000000e+01 4.700000000000000000e+01 5.038091999999999793e+00 0.000000000000000000e+00
0.000000000000000000e+00 0.000000000000000000e+00 0.000000000000000000e+00 4.800000000000000000e+01 4.800000000000000000e+01 5.038091999999999793e+00 0.000000000000000000e+00
0.000000000000000000e+00 0.000000000000000000e+00 0.000000000000000000e+00 5.000000000000000000e+01 4.700000000000000000e+01 -5.589819999999999789e-01 1.162999999999999971e-03
0.000000000000000000e+00 0.000000000000000000e+00 0.000000000000000000e+00 5.200000000000000000e+01 4.700000000000000000e+01 -3.209000000000000047e-03 -5.651629999999999709e-01
0.000000000000000000e+00 0.000000000000000000e+00 0.000000000000000000e+00 1.470000000000000000e+02 4.700000000000000000e+01 -2.154870000000000119e-01 -1.998999999999999909e-03
0.000000000000000000e+00 0.000000000000000000e+00 0.000000000000000000e+00 1.480000000000000000e+02 4.800000000000000000e+01 -2.154870000000000119e-01 -1.998999999999999909e-03
0.000000000000000000e+00 0.000000000000000000e+00 0.000000000000000000e+00 1.590000000000000000e+02 4.700000000000000000e+01 2.060939999999999994e-01 5.099999999999999960e-05
0.000000000000000000e+00 0.000000000000000000e+00 0.000000000000000000e+00 1.600000000000000000e+02 4.800000000000000000e+01 2.060939999999999994e-01 5.099999999999999960e-05
0.000000000000000000e+00 0.000000000000000000e+00 0.000000000000000000e+00 1.930000000000000000e+02 4.700000000000000000e+01 3.990199999999999997e-02 9.051000000000000018e-03
0.000000000000000000e+00 0.000000000000000000e+00 0.000000000000000000e+00 1.940000000000000000e+02 4.800000000000000000e+01 3.990199999999999997e-02 9.051000000000000018e-03
0.000000000000000000e+00 0.000000000000000000e+00 0.000000000000000000e+00 4.900000000000000000e+01 4.800000000000000000e+01 5.589819999999999789e-01 1.162999999999999971e-03
0.000000000000000000e+00 0.000000000000000000e+00 0.000000000000000000e+00 5.100000000000000000e+01 4.800000000000000000e+01 3.209000000000000047e-03 -5.651629999999999709e-01
0.000000000000000000e+00 0.000000000000000000e+00 0.000000000000000000e+00 4.900000000000000000e+01 4.900000000000000000e+01 5.188183000000000433e+00 -0.000000000000000000e+00
0.000000000000000000e+00 0.000000000000000000e+00 0.000000000000000000e+00 5.000000000000000000e+01 5.000000000000000000e+01 5.188183000000000433e+00 -0.000000000000000000e+00
0.000000000000000000e+00 0.000000000000000000e+00 0.000000000000000000e+00 9.500000000000000000e+01 4.900000000000000000e+01 -1.644829999999999903e-01 -1.221799999999999969e-02
0.000000000000000000e+00 0.000000000000000000e+00 0.000000000000000000e+00 9.600000000000000000e+01 5.000000000000000000e+01 -1.644829999999999903e-01 -1.221799999999999969e-02
0.000000000000000000e+00 0.000000000000000000e+00 0.000000000000000000e+00 1.470000000000000000e+02 4.900000000000000000e+01 2.982349999999999723e-01 5.877000000000000279e-03
0.000000000000000000e+00 0.000000000000000000e+00 0.000000000000000000e+00 1.480000000000000000e+02 5.000000000000000000e+01 2.982349999999999723e-01 5.877000000000000279e-03
0.000000000000000000e+00 0.000000000000000000e+00 0.000000000000000000e+00 1.590000000000000000e+02 4.900000000000000000e+01 3.769779999999999798e-01 1.497000000000000067e-02
0.000000000000000000e+00 0.000000000000000000e+00 0.000000000000000000e+00 1.600000000000000000e+02 5.000000000000000000e+01 3.769779999999999798e-01 1.497000000000000067e-02
0.000000000000000000e+00 0.000000000000000000e+00 0.000000000000000000e+00 4.900000000000000000e+01 5.100000000000000000e+01 2.301100000000000020e-02 -5.809269999999999712e-01
0.000000000000000000e+00 0.000000000000000000e+00 0.000000000000000000e+00 5.100000000000000000e+01 5.100000000000000000e+01 4.974840999999999624e+00 0.000000000000000000e+00
0.000000000000000000e+00 0.000000000000000000e+00 0.000000000000000000e+00 5.200000000000000000e+01 5.200000000000000000e+01 4.974840999999999624e+00 0.000000000000000000e+00
0.000000000000000000e+00 0.000000000000000000e+00 0.000000000000000000e+00 9.500000000000000000e+01 5.100000000000000000e+01 -3.359280000000000044e-01 3.748000000000000029e-03
0.000000000000000000e+00 0.000000000000000000e+00 0.000000000000000000e+00 9.600000000000000000e+01 5.200000000000000000e+01 -3.359280000000000044e-01 3.748000000000000029e-03
0.000000000000000000e+00 0.000000000000000000e+00 0.000000000000000000e+00 1.930000000000000000e+02 5.100000000000000000e+01 -4.395540000000000003e-01 -2.138000000000000143e-03
0.000000000000000000e+00 0.000000000000000000e+00 0.000000000000000000e+00 1.940000000000000000e+02 5.200000000000000000e+01 -4.395540000000000003e-01 -2.138000000000000143e-03
0.000000000000000000e+00 0.000000000000000000e+00 0.000000000000000000e+00 5.000000000000000000e+01 5.200000000000000000e+01 2.301100000000000020e-02 5.809269999999999712e-01
0.000000000000000000e+00 0.000000000000000000e+00 0.000000000000000000e+00 5.300000000000000000e+01 5.300000000000000000e+01 5.192165000000000141e+00 0.000000000000000000e+00
0.000000000000000000e+00 0.000000000000000000e+00 0.000000000000000000e+00 5.400000000000000000e+01 5.400000000000000000e+01 5.192165000000000141e+00 0.000000000000000000e+00
0.000000000000000000e+00 0.000000000000000000e+00 0.000000000000000000e+00 5.600000000000000000e+01 5.300000000000000000e+01 -5.625620000000000065e-01 1.699300000000000116e-02
0.000000000000000000e+00 0.000000000000000000e+00 0.000000000000000000e+00 5.800000000000000000e+01 5.300000000000000000e+01 1.570900000000000074e-02 -5.686050000000000271e-01
0.000000000000000000e+00 0.000000000000000000e+00 0.000000000000000000e+00 1.530000000000000000e+02 5.300000000000000000e+01 -4.869199999999999917e-02 -4.584999999999999666e-03
0.000000000000000000e+00 0.000000000000000000e+00 0.000000000000000000e+00 1.540000000000000000e+02 5.400000000000000000e+01 -4.869199999999999917e-02 -4.584999999999999666e-03
0.000000000000000000e+00 0.000000000000000000e+00 0.000000000000000000e+00 1.990000000000000000e+02 5.300000000000000000e+01 3.066260000000000097e-01 -1.884000000000000041e-03
0.000000000000000000e+00 0.000000000000000000e+00 0.000000000000000000e+00 2.000000000000000000e+02 5.400000000000000000e+01 3.066260000000000097e-01 -1.884000000000000041e-03
0.000000000000000000e+00 0.000000000000000000e+00 0.000000000000000000e+00 2.050000000000000000e+02 5.300000000000000000e+01 2.543279999999999985e-01 -1.490999999999999921e-03
0.000000000000000000e+00 0.000000000000000000e+00 0.000000000000000000e+00 2.060000000000000000e+02 5.400000000000000000e+01 2.543279999999999985e-01 -1.490999999999999921e-03
0.000000000000000000e+00 0.000000000000000000e+00 0.000000000000000000e+00 5.500000000000000000e+01 5.400000000000000000e+01 5.625620000000000065e-01 1.699300000000000116e-02
0.000000000000000000e+00 0.000000000000000000e+00 0.000000000000000000e+00 5.700000000000000000e+01 5.400000000000000000e+01 -1.570900000000000074e-02 -5.686050000000000271e-01
0.000000000000000000e+00 0.000000000000000000e+00 0.000000000000000000e+00 5.500000000000000000e+01 5.500000000000000000e+01 5.341515000000000235e+00 -0.000000000000000000e+00
0.000000000000000000e+00 0.000000000000000000e+00 0.000000000000000000e+00 5.600000000000000000e+01 5.600000000000000000e+01 5.341515000000000235e+00 -0.000000000000000000e+00
0.000000000000000000e+00 0.000000000000000000e+00 0.000000000000000000e+00 1.010000000000000000e+02 5.500000000000000000e+01 -2.874260000000000148e-01 5.324999999999999872e-03
0.000000000000000000e+00 0.000000000000000000e+00 0.000000000000000000e+00 1.020000000000000000e+02 5.600000000000000000e+01 -2.874260000000000148e-01 5.324999999999999872e-03
0.000000000000000000e+00 0.000000000000000000e+00 0.000000000000000000e+00 1.530000000000000000e+02 5.500000000000000000e+01 -6.935000000000000192e-03 -3.150000000000000131e-04
0.000000000000000000e+00 0.000000000000000000e+00 0.000000000000000000e+00 1.540000000000000000e+02 5.600000000000000000e+01 -6.935000000000000192e-03 -3.150000000000000131e-04
0.000000000000000000e+00 0.000000000000000000e+00 0.000000000000000000e+00 5.500000000000000000e+01 5.700000000000000000e+01 -1.911559999999999926e-01 -5.670929999999999582e-01
0.000000000000000000e+00 0.000000000000000000e+00 0.000000000000000000e+00 5.700000000000000000e+01 5.700000000000000000e+01 5.369354999999999656e+00 -0.000000000000000000e+00
0.000000000000000000e+00 0.000000000000000000e+00 0.000000000000000000e+00 5.800000000000000000e+01 5.800000000000000000e+01 5.369354999999999656e+00 -0.000000000000000000e+00
0.000000000000000000e+00 0.000000000000000000e+00 0.000000000000000000e+00 1.010000000000000000e+02 5.700000000000000000e+01 3.646179999999999977e-01 2.194999999999999903e-03
0.000000000000000000e+00 0.000000000000000000e+00 0.000000000000000000e+00 1.020000000000000000e+02 5.800000000000000000e+01 3.646179999999999977e-01 2.194999999999999903e-03
0.000000000000000000e+00 0.000000000000000000e+00 0.000000000000000000e+00 1.990000000000000000e+02 5.700000000000000000e+01 -4.819939999999999780e-01 1.206100000000000054e-02
0.000000000000000000e+00 0.000000000000000000e+00 0.000000000000000000e+00 2.000000000000000000e+02 5.800000000000000000e+01 -4.819939999999999780e-01 1.206100000000000054e-02
0.000000000000000000e+00 0.000000000000000000e+00 0.000000000000000000e+00 2.050000000000000000e+02 5.700000000000000000e+01 -3.365630000000000011e-01 -3.125999999999999873e-03
0.000000000000000000e+00 0.000000000000000000e+00 0.000000000000000000e+00 2.060000000000000000e+02 5.800000000000000000e+01 -3.365630000000000011e-01 -3.125999999999999873e-03
0.000000000000000000e+00 0.000000000000000000e+00 0.000000000000000000e+00 5.600000000000000000e+01 5.800000000000000000e+01 -1.911559999999999926e-01 5.670929999999999582e-01
0.000000000000000000e+00 0.000000000000000000e+00 0.000000000000000000e+00 5.900000000000000000e+01 5.900000000000000000e+01 5.450585000000000235e+00 -0.000000000000000000e+00
0.000000000000000000e+00 0.000000000000000000e+00 0.000000000000000000e+00 6.000000000000000000e+01 6.000000000000000000e+01 5.450585000000000235e+00 -0.000000000000000000e+00
0.000000000000000000e+00 0.000000000000000000e+00 0.000000000000000000e+00 6.200000000000000000e+01 5.900000000000000000e+01 -5.851929999999999632e-01 4.883000000000000188e-03
0.000000000000000000e+00 0.000000000000000000e+00 0.000000000000000000e+00 6.400000000000000000e+01 5.900000000000000000e+01 5.589000000000000218e-03 -5.718820000000000014e-01
0.000000000000000000e+00 0.000000000000000000e+00 0.000000000000000000e+00 1.590000000000000000e+02 5.900000000000000000e+01 -2.222159999999999969e-01 2.853000000000000067e-03
0.000000000000000000e+00 0.000000000000000000e+00 0.000000000000000000e+00 1.600000000000000000e+02 6.000000000000000000e+01 -2.222159999999999969e-01 2.853000000000000067e-03
0.000000000000000000e+00 0.000000000000000000e+00 0.000000000000000000e+00 2.050000000000000000e+02 5.900000000000000000e+01 -3.821709999999999829e-01 -1.275000000000000092e-03
0.000000000000000000e+00 0.000000000000000000e+00 0.000000000000000000e+00 2.060000000000000000e+02 6.000000000000000000e+01 -3.821709999999999829e-01 -1.275000000000000092e-03
0.000000000000000000e+00 0.000000000000000000e+00 0.000000000000000000e+00 6.100000000000000000e+01 6.000000000000000000e+01 5.851929999999999632e-01 4.883000000000000188e-03
0.000000000000000000e+00 0.000000000000000000e+00 0.000000000000000000e+00 6.300000000000000000e+01 6.000000000000000000e+01 -5.589000000000000218e-03 -5.718820000000000014e-01
0.000000000000000000e+00 0.000000000000000000e+00 0.000000000000000000e+00 6.100000000000000000e+01 6.100000000000000000e+01 5.327134000000000036e+00 0.000000000000000000e+00
0.000000000000000000e+00 0.000000000000000000e+00 0.000000000000000000e+00 6.200000000000000000e+01 6.200000000000000000e+01 5.327134000000000036e+00 0.000000000000000000e+00
0.000000000000000000e+00 0.000000000000000000e+00 0.000000000000000000e+00 1.070000000000000000e+02 6.100000000000000000e+01 2.138049999999999951e-01 1.918000000000000000e-03
0.000000000000000000e+00 0.000000000000000000e+00 0.000000000000000000e+00 1.080000000000000000e+02 6.200000000000000000e+01 2.138049999999999951e-01 1.918000000000000000e-03
0.000000000000000000e+00 0.000000000000000000e+00 0.000000000000000000e+00 1.590000000000000000e+02 6.100000000000000000e+01 -9.966220000000000079e-01 -2.985900000000000012e-02
0.000000000000000000e+00 0.000000000000000000e+00 0.000000000000000000e+00 1.600000000000000000e+02 6.200000000000000000e+01 -9.966220000000000079e-01 -2.985900000000000012e-02
0.000000000000000000e+00 0.000000000000000000e+00 0.000000000000000000e+00 6.100000000000000000e+01 6.300000000000000000e+01 -1.516939999999999955e-01 -5.718769999999999687e-01
0.000000000000000000e+00 0.000000000000000000e+00 0.000000000000000000e+00 6.300000000000000000e+01 6.300000000000000000e+01 5.300150999999999613e+00 0.000000000000000000e+00
0.000000000000000000e+00 0.000000000000000000e+00 0.000000000000000000e+00 6.400000000000000000e+01 6.400000000000000000e+01 5.300150999999999613e+00 0.000000000000000000e+00
0.000000000000000000e+00 0.000000000000000000e+00 0.000000000000000000e+00 1.070000000000000000e+02 6.300000000000000000e+01 4.238399999999999807e-02 -3.935000000000000130e-03
0.000000000000000000e+00 0.000000000000000000e+00 0.000000000000000000e+00 1.080000000000000000e+02 6.400000000000000000e+01 4.238399999999999807e-02 -3.935000000000000130e-03
0.000000000000000000e+00 0.000000000000000000e+00 0.000000000000000000e+00 2.050000000000000000e+02 6.300000000000000000e+01 2.004319999999999991e-01 4.095999999999999815e-03
0.000000000000000000e+00 0.000000000000000000e+00 0.000000000000000000e+00 2.060000000000000000e+02 6.400000000000000000e+01 2.004319999999999991e-01 4.095999999999999815e-03
0.000000000000000000e+00 0.000000000000000000e+00 0.000000000000000000e+00 6.200000000000000000e+01 6.400000000000000000e+01 -1.516939999999999955e-01 5.718769999999999687e-01
0.000000000000000000e+00 0.000000000000000000e+00 0.000000000000000000e+00 1.000000000000000000e+00 6.500000000000000000e+01 -1.528186999999999962e+00 -5.676999999999999755e-03
0.000000000000000000e+00 0.000000000000000000e+00 0.000000000000000000e+00 2.000000000000000000e+00 6.600000000000000000e+01 -1.528186999999999962e+00 -5.676999999999999755e-03
0.000000000000000000e+00 0.000000000000000000e+00 0.000000000000000000e+00 1.700000000000000000e+01 6.500000000000000000e+01 1.849556999999999896e+00 2.624000000000000030e-03
0.000000000000000000e+00 0.000000000000000000e+00 0.000000000000000000e+00 1.800000000000000000e+01 6.600000000000000000e+01 1.849556999999999896e+00 2.624000000000000030e-03
0.000000000000000000e+00 0.000000000000000000e+00 0.000000000000000000e+00 6.500000000000000000e+01 6.500000000000000000e+01 7.645600000000000174e-01 0.000000000000000000e+00
0.000000000000000000e+00 0.000000000000000000e+00 0.000000000000000000e+00 6.600000000000000000e+01 6.600000000000000000e+01 7.645600000000000174e-01 0.000000000000000000e+00
0.000000000000000000e+00 0.000000000000000000e+00 0.000000000000000000e+00 6.800000000000000000e+01 6.500000000000000000e+01 -1.551619999999999944e-01 -1.936999999999999920e-03
0.000000000000000000e+00 0.000000000000000000e+00 0.000000000000000000e+00 7.000000000000000000e+01 6.500000000000000000e+01 -6.729999999999999871e-04 -1.507030000000000036e-01
0.000000000000000000e+00 0.000000000000000000e+00 0.000000000000000000e+00 6.700000000000000000e+01 6.600000000000000000e+01 1.551619999999999944e-01 -1.936999999999999920e-03
0.000000000000000000e+00 0.000000000000000000e+00 0.000000000000000000e+00 6.900000000000000000e+01 6.600000000000000000e+01 6.729999999999999871e-04 -1.507030000000000036e-01
0.000000000000000000e+00 0.000000000000000000e+00 0.000000000000000000e+00 1.000000000000000000e+00 6.700000000000000000e+01 1.448149999999999993e-01 -1.129999999999999928e-03
0.000000000000000000e+00 0.000000000000000000e+00 0.000000000000000000e+00 2.000000000000000000e+00 6.800000000000000000e+01 1.448149999999999993e-01 -1.129999999999999928e-03
0.000000000000000000e+00 0.000000000000000000e+00 0.000000000000000000e+00 1.700000000000000000e+01 6.700000000000000000e+01 -2.547639999999999905e-01 3.327999999999999795e-03
0.000000000000000000e+00 0.000000000000000000e+00 0.000000000000000000e+00 1.800000000000000000e+01 6.800000000000000000e+01 -2.547639999999999905e-01 3.327999999999999795e-03
0.000000000000000000e+00 0.000000000000000000e+00 0.000000000000000000e+00 1.900000000000000000e+01 6.700000000000000000e+01 -6.079109999999999792e-01 -6.779999999999999569e-03
0.000000000000000000e+00 0.000000000000000000e+00 0.000000000000000000e+00 2.000000000000000000e+01 6.800000000000000000e+01 -6.079109999999999792e-01 -6.779999999999999569e-03
0.000000000000000000e+00 0.000000000000000000e+00 0.000000000000000000e+00 6.700000000000000000e+01 6.700000000000000000e+01 8.271159999999999624e-01 0.000000000000000000e+00
0.000000000000000000e+00 0.000000000000000000e+00 0.000000000000000000e+00 6.800000000000000000e+01 6.800000000000000000e+01 8.271159999999999624e-01 0.000000000000000000e+00
0.000000000000000000e+00 0.000000000000000000e+00 0.000000000000000000e+00 1.000000000000000000e+00 6.900000000000000000e+01 -1.041939999999999950e-01 -2.128000000000000117e-03
0.000000000000000000e+00 0.000000000000000000e+00 0.000000000000000000e+00 2.000000000000000000e+00 7.000000000000000000e+01 -1.041939999999999950e-01 -2.128000000000000117e-03
0.000000000000000000e+00 0.000000000000000000e+00 0.000000000000000000e+00 1.700000000000000000e+01 6.900000000000000000e+01 1.731640000000000124e-01 2.111000000000000029e-03
0.000000000000000000e+00 0.000000000000000000e+00 0.000000000000000000e+00 1.800000000000000000e+01 7.000000000000000000e+01 1.731640000000000124e-01 2.111000000000000029e-03
0.000000000000000000e+00 0.000000000000000000e+00 0.000000000000000000e+00 2.100000000000000000e+01 6.900000000000000000e+01 -6.417779999999999596e-01 2.151000000000000134e-03
0.000000000000000000e+00 0.000000000000000000e+00 0.000000000000000000e+00 2.200000000000000000e+01 7.000000000000000000e+01 -6.417779999999999596e-01 2.151000000000000134e-03
0.000000000000000000e+00 0.000000000000000000e+00 0.000000000000000000e+00 6.700000000000000000e+01 6.900000000000000000e+01 -6.920000000000000153e-04 -1.562360000000000138e-01
0.000000000000000000e+00 0.000000000000000000e+00 0.000000000000000000e+00 6.900000000000000000e+01 6.900000000000000000e+01 7.708239999999999537e-01 -0.000000000000000000e+00
0.000000000000000000e+00 0.000000000000000000e+00 0.000000000000000000e+00 7.000000000000000000e+01 7.000000000000000000e+01 7.708239999999999537e-01 -0.000000000000000000e+00
0.000000000000000000e+00 0.000000000000000000e+00 0.000000000000000000e+00 6.800000000000000000e+01 7.000000000000000000e+01 -6.920000000000000153e-04 1.562360000000000138e-01
0.000000000000000000e+00 0.000000000000000000e+00 0.000000000000000000e+00 3.000000000000000000e+00 7.100000000000000000e+01 -1.128651000000000071e+00 3.119999999999999944e-04
0.000000000000000000e+00 0.000000000000000000e+00 0.000000000000000000e+00 4.000000000000000000e+00 7.200000000000000000e+01 -1.128651000000000071e+00 3.119999999999999944e-04
0.000000000000000000e+00 0.000000000000000000e+00 0.000000000000000000e+00 2.300000000000000000e+01 7.100000000000000000e+01 1.650568999999999953e+00 -1.054000000000000032e-03
0.000000000000000000e+00 0.000000000000000000e+00 0.000000000000000000e+00 2.400000000000000000e+01 7.200000000000000000e+01 1.650568999999999953e+00 -1.054000000000000032e-03
0.000000000000000000e+00 0.000000000000000000e+00 0.000000000000000000e+00 7.100000000000000000e+01 7.100000000000000000e+01 1.306982000000000088e+00 0.000000000000000000e+00
0.000000000000000000e+00 0.000000000000000000e+00 0.000000000000000000e+00 7.200000000000000000e+01 7.200000000000000000e+01 1.306982000000000088e+00 0.000000000000000000e+00
0.000000000000000000e+00 0.000000000000000000e+00 0.000000000000000000e+00 7.400000000000000000e+01 7.100000000000000000e+01 -1.455480000000000107e-01 5.310000000000000050e-04
0.000000000000000000e+00 0.000000000000000000e+00 0.000000000000000000e+00 7.600000000000000000e+01 7.100000000000000000e+01 -1.211999999999999970e-03 -1.473849999999999882e-01
0.000000000000000000e+00 0.000000000000000000e+00 0.000000000000000000e+00 7.300000000000000000e+01 7.200000000000000000e+01 1.455480000000000107e-01 5.310000000000000050e-04
0.000000000000000000e+00 0.000000000000000000e+00 0.000000000000000000e+00 7.500000000000000000e+01 7.200000000000000000e+01 1.211999999999999970e-03 -1.473849999999999882e-01
0.000000000000000000e+00 0.000000000000000000e+00 0.000000000000000000e+00 3.000000000000000000e+00 7.300000000000000000e+01 -2.114320000000000088e-01 5.069999999999999637e-04
0.000000000000000000e+00 0.000000000000000000e+00 0.000000000000000000e+00 4.000000000000000000e+00 7.400000000000000000e+01 -2.114320000000000088e-01 5.069999999999999637e-04
0.000000000000000000e+00 0.000000000000000000e+00 0.000000000000000000e+00 2.300000000000000000e+01 7.300000000000000000e+01 3.987899999999999778e-01 8.930000000000000221e-04
0.000000000000000000e+00 0.000000000000000000e+00 0.000000000000000000e+00 2.400000000000000000e+01 7.400000000000000000e+01 3.987899999999999778e-01 8.930000000000000221e-04
0.000000000000000000e+00 0.000000000000000000e+00 0.000000000000000000e+00 2.500000000000000000e+01 7.300000000000000000e+01 -4.117859999999999854e-01 2.876000000000000084e-03
0.000000000000000000e+00 0.000000000000000000e+00 0.000000000000000000e+00 2.600000000000000000e+01 7.400000000000000000e+01 -4.117859999999999854e-01 2.876000000000000084e-03
0.000000000000000000e+00 0.000000000000000000e+00 0.000000000000000000e+00 7.300000000000000000e+01 7.300000000000000000e+01 1.307550999999999908e+00 0.000000000000000000e+00
0.000000000000000000e+00 0.000000000000000000e+00 0.000000000000000000e+00 7.400000000000000000e+01 7.400000000000000000e+01 1.307550999999999908e+00 0.000000000000000000e+00
0.000000000000000000e+00 0.000000000000000000e+00 0.000000000000000000e+00 3.000000000000000000e+00 7.500000000000000000e+01 -2.605400000000000077e-02 2.030000000000000120e-03
0.000000000000000000e+00 0.000000000000000000e+00 0.000000000000000000e+00 4.000000000000000000e+00 7.600000000000000000e+01 -2.605400000000000077e-02 2.030000000000000120e-03
0.000000000000000000e+00 0.000000000000000000e+00 0.000000000000000000e+00 2.300000000000000000e+01 7.500000000000000000e+01 3.828499999999999959e-02 -3.001999999999999894e-03
0.000000000000000000e+00 0.000000000000000000e+00 0.000000000000000000e+00 2.400000000000000000e+01 7.600000000000000000e+01 3.828499999999999959e-02 -3.001999999999999894e-03
0.000000000000000000e+00 0.000000000000000000e+00 0.000000000000000000e+00 2.700000000000000000e+01 7.500000000000000000e+01 -4.496859999999999746e-01 -1.299999999999999920e-05
0.000000000000000000e+00 0.000000000000000000e+00 0.000000000000000000e+00 2.800000000000000000e+01 7.600000000000000000e+01 -4.496859999999999746e-01 -1.299999999999999920e-05
0.000000000000000000e+00 0.000000000000000000e+00 0.000000000000000000e+00 7.300000000000000000e+01 7.500000000000000000e+01 2.609500000000000014e-02 -1.534909999999999886e-01
0.000000000000000000e+00 0.000000000000000000e+00 0.000000000000000000e+00 7.500000000000000000e+01 7.500000000000000000e+01 1.378355999999999915e+00 0.000000000000000000e+00
0.000000000000000000e+00 0.000000000000000000e+00 0.000000000000000000e+00 7.600000000000000000e+01 7.600000000000000000e+01 1.378355999999999915e+00 0.000000000000000000e+00
0.000000000000000000e+00 0.000000000000000000e+00 0.000000000000000000e+00 7.400000000000000000e+01 7.600000000000000000e+01 2.609500000000000014e-02 1.534909999999999886e-01
0.000000000000000000e+00 0.000000000000000000e+00 0.000000000000000000e+00 5.000000000000000000e+00 7.700000000000000000e+01 -6.298010000000000552e-01 -3.800000000000000209e-05
0.000000000000000000e+00 0.000000000000000000e+00 0.000000000000000000e+00 6.000000000000000000e+00 7.800000000000000000e+01 -6.298010000000000552e-01 -3.800000000000000209e-05
0.000000000000000000e+00 0.000000000000000000e+00 0.000000000000000000e+00 2.900000000000000000e+01 7.700000000000000000e+01 1.155790000000000095e+00 3.260000000000000094e-04
0.000000000000000000e+00 0.000000000000000000e+00 0.000000000000000000e+00 3.000000000000000000e+01 7.800000000000000000e+01 1.155790000000000095e+00 3.260000000000000094e-04
0.000000000000000000e+00 0.000000000000000000e+00 0.000000000000000000e+00 7.700000000000000000e+01 7.700000000000000000e+01 1.354314000000000018e+00 0.000000000000000000e+00
0.000000000000000000e+00 0.000000000000000000e+00 0.000000000000000000e+00 7.800000000000000000e+01 7.800000000000000000e+01 1.354314000000000018e+00 0.000000000000000000e+00
0.000000000000000000e+00 0.000000000000000000e+00 0.000000000000000000e+00 8.000000000000000000e+01 7.700000000000000000e+01 -1.440639999999999976e-01 1.203000000000000076e-03
0.000000000000000000e+00 0.000000000000000000e+00 0.000000000000000000e+00 8.200000000000000000e+01 7.700000000000000000e+01 6.419999999999999925e-04 -1.433959999999999957e-01
0.000000000000000000e+00 0.000000000000000000e+00 0.000000000000000000e+00 7.900000000000000000e+01 7.800000000000000000e+01 1.440639999999999976e-01 1.203000000000000076e-03
0.000000000000000000e+00 0.000000000000000000e+00 0.000000000000000000e+00 8.100000000000000000e+01 7.800000000000000000e+01 -6.419999999999999925e-04 -1.433959999999999957e-01
0.000000000000000000e+00 0.000000000000000000e+00 0.000000000000000000e+00 5.000000000000000000e+00 7.900000000000000000e+01 -1.011579999999999979e-01 1.379000000000000017e-03
0.000000000000000000e+00 0.000000000000000000e+00 0.000000000000000000e+00 6.000000000000000000e+00 8.000000000000000000e+01 -1.011579999999999979e-01 1.379000000000000017e-03
0.000000000000000000e+00 0.000000000000000000e+00 0.000000000000000000e+00 2.900000000000000000e+01 7.900000000000000000e+01 2.239520000000000122e-01 -3.415000000000000067e-03
0.000000000000000000e+00 0.000000000000000000e+00 0.000000000000000000e+00 3.000000000000000000e+01 8.000000000000000000e+01 2.239520000000000122e-01 -3.415000000000000067e-03
0.000000000000000000e+00 0.000000000000000000e+00 0.000000000000000000e+00 3.100000000000000000e+01 7.900000000000000000e+01 -1.999809999999999921e-01 7.609999999999999577e-04
0.000000000000000000e+00 0.000000000000000000e+00 0.000000000000000000e+00 3.200000000000000000e+01 8.000000000000000000e+01 -1.999809999999999921e-01 7.609999999999999577e-04
0.000000000000000000e+00 0.000000000000000000e+00 0.000000000000000000e+00 7.900000000000000000e+01 7.900000000000000000e+01 1.310208999999999957e+00 -0.000000000000000000e+00
0.000000000000000000e+00 0.000000000000000000e+00 0.000000000000000000e+00 8.000000000000000000e+01 8.000000000000000000e+01 1.310208999999999957e+00 -0.000000000000000000e+00
0.000000000000000000e+00 0.000000000000000000e+00 0.000000000000000000e+00 5.000000000000000000e+00 8.100000000000000000e+01 1.088920000000000027e-01 1.335999999999999948e-03
0.000000000000000000e+00 0.000000000000000000e+00 0.000000000000000000e+00 6.000000000000000000e+00 8.200000000000000000e+01 1.088920000000000027e-01 1.335999999999999948e-03
0.000000000000000000e+00 0.000000000000000000e+00 0.000000000000000000e+00 2.900000000000000000e+01 8.100000000000000000e+01 -2.312710000000000043e-01 -3.173000000000000039e-03
0.000000000000000000e+00 0.000000000000000000e+00 0.000000000000000000e+00 3.000000000000000000e+01 8.200000000000000000e+01 -2.312710000000000043e-01 -3.173000000000000039e-03
0.000000000000000000e+00 0.000000000000000000e+00 0.000000000000000000e+00 3.300000000000000000e+01 8.100000000000000000e+01 -2.383480000000000043e-01 1.539000000000000003e-03
0.000000000000000000e+00 0.000000000000000000e+00 0.000000000000000000e+00 3.400000000000000000e+01 8.200000000000000000e+01 -2.383480000000000043e-01 1.539000000000000003e-03
0.000000000000000000e+00 0.000000000000000000e+00 0.000000000000000000e+00 7.900000000000000000e+01 8.100000000000000000e+01 -2.947400000000000020e-02 -1.488929999999999976e-01
0.000000000000000000e+00 0.000000000000000000e+00 0.000000000000000000e+00 8.100000000000000000e+01 8.100000000000000000e+01 1.298602000000000034e+00 0.000000000000000000e+00
0.000000000000000000e+00 0.000000000000000000e+00 0.000000000000000000e+00 8.200000000000000000e+01 8.200000000000000000e+01 1.298602000000000034e+00 0.000000000000000000e+00
0.000000000000000000e+00 0.000000000000000000e+00 0.000000000000000000e+00 8.000000000000000000e+01 8.200000000000000000e+01 -2.947400000000000020e-02 1.488929999999999976e-01
0.000000000000000000e+00 0.000000000000000000e+00 0.000000000000000000e+00 7.000000000000000000e+00 8.300000000000000000e+01 -1.265384999999999982e+00 -2.509999999999999753e-04
0.000000000000000000e+00 0.000000000000000000e+00 0.000000000000000000e+00 8.000000000000000000e+00 8.400000000000000000e+01 -1.265384999999999982e+00 -2.509999999999999753e-04
0.000000000000000000e+00 0.000000000000000000e+00 0.000000000000000000e+00 3.500000000000000000e+01 8.300000000000000000e+01 1.801992999999999956e+00 -3.139999999999999888e-04
0.000000000000000000e+00 0.000000000000000000e+00 0.000000000000000000e+00 3.600000000000000000e+01 8.400000000000000000e+01 1.801992999999999956e+00 -3.139999999999999888e-04
0.000000000000000000e+00 0.000000000000000000e+00 0.000000000000000000e+00 8.300000000000000000e+01 8.300000000000000000e+01 1.064551999999999943e+00 -0.000000000000000000e+00
0.000000000000000000e+00 0.000000000000000000e+00 0.000000000000000000e+00 8.400000000000000000e+01 8.400000000000000000e+01 1.064551999999999943e+00 -0.000000000000000000e+00
0.000000000000000000e+00 0.000000000000000000e+00 0.000000000000000000e+00 8.600000000000000000e+01 8.300000000000000000e+01 -1.455410000000000037e-01 -1.679999999999999907e-04
0.000000000000000000e+00 0.000000000000000000e+00 0.000000000000000000e+00 8.800000000000000000e+01 8.300000000000000000e+01 5.010000000000000347e-04 -1.470599999999999963e-01
0.000000000000000000e+00 0.000000000000000000e+00 0.000000000000000000e+00 8.500000000000000000e+01 8.400000000000000000e+01 1.455410000000000037e-01 -1.679999999999999907e-04
0.000000000000000000e+00 0.000000000000000000e+00 0.000000000000000000e+00 8.700000000000000000e+01 8.400000000000000000e+01 -5.010000000000000347e-04 -1.470599999999999963e-01
0.000000000000000000e+00 0.000000000000000000e+00 0.000000000000000000e+00 7.000000000000000000e+00 8.500000000000000000e+01 1.351060000000000039e-01 1.714000000000000029e-03
0.000000000000000000e+00 0.000000000000000000e+00 0.000000000000000000e+00 8.000000000000000000e+00 8.600000000000000000e+01 1.351060000000000039e-01 1.714000000000000029e-03
0.000000000000000000e+00 0.000000000000000000e+00 0.000000000000000000e+00 3.500000000000000000e+01 8.500000000000000000e+01 -2.384419999999999873e-01 -2.657000000000000074e-03
0.000000000000000000e+00 0.000000000000000000e+00 0.000000000000000000e+00 3.600000000000000000e+01 8.600000000000000000e+01 -2.384419999999999873e-01 -2.657000000000000074e-03
0.000000000000000000e+00 0.000000000000000000e+00 0.000000000000000000e+00 3.700000000000000000e+01 8.500000000000000000e+01 -5.078319999999999501e-01 -2.799999999999999958e-05
0.000000000000000000e+00 0.000000000000000000e+00 0.000000000000000000e+00 3.800000000000000000e+01 8.600000000000000000e+01 -5.078319999999999501e-01 -2.799999999999999958e-05
0.000000000000000000e+00 0.000000000000000000e+00 0.000000000000000000e+00 8.500000000000000000e+01 8.500000000000000000e+01 1.038505000000000011e+00 0.000000000000000000e+00
0.000000000000000000e+00 0.000000000000000000e+00 0.000000000000000000e+00 8.600000000000000000e+01 8.600000000000000000e+01 1.038505000000000011e+00 0.000000000000000000e+00
0.000000000000000000e+00 0.000000000000000000e+00 0.000000000000000000e+00 7.000000000000000000e+00 8.700000000000000000e+01 1.622480000000000033e-01 -1.433000000000000029e-03
0.000000000000000000e+00 0.000000000000000000e+00 0.000000000000000000e+00 8.000000000000000000e+00 8.800000000000000000e+01 1.622480000000000033e-01 -1.433000000000000029e-03
0.000000000000000000e+00 0.000000000000000000e+00 0.000000000000000000e+00 3.500000000000000000e+01 8.700000000000000000e+01 -2.890249999999999764e-01 1.087999999999999991e-03
0.000000000000000000e+00 0.000000000000000000e+00 0.000000000000000000e+00 3.600000000000000000e+01 8.800000000000000000e+01 -2.890249999999999764e-01 1.087999999999999991e-03
0.000000000000000000e+00 0.000000000000000000e+00 0.000000000000000000e+00 3.900000000000000000e+01 8.700000000000000000e+01 -4.697760000000000269e-01 -5.599999999999999916e-05
0.000000000000000000e+00 0.000000000000000000e+00 0.000000000000000000e+00 4.000000000000000000e+01 8.800000000000000000e+01 -4.697760000000000269e-01 -5.599999999999999916e-05
0.000000000000000000e+00 0.000000000000000000e+00 0.000000000000000000e+00 8.500000000000000000e+01 8.700000000000000000e+01 4.789999999999999879e-04 -1.534540000000000071e-01
0.000000000000000000e+00 0.000000000000000000e+00 0.000000000000000000e+00 8.700000000000000000e+01 8.700000000000000000e+01 1.064448000000000061e+00 -0.000000000000000000e+00
0.000000000000000000e+00 0.000000000000000000e+00 0.000000000000000000e+00 8.800000000000000000e+01 8.800000000000000000e+01 1.064448000000000061e+00 -0.000000000000000000e+00
0.000000000000000000e+00 0.000000000000000000e+00 0.000000000000000000e+00 8.600000000000000000e+01 8.800000000000000000e+01 4.789999999999999879e-04 1.534540000000000071e-01
0.000000000000000000e+00 0.000000000000000000e+00 0.000000000000000000e+00 1.000000000000000000e+00 8.900000000000000000e+01 6.454569999999999474e-01 -2.933999999999999976e-03
0.000000000000000000e+00 0.000000000000000000e+00 0.000000000000000000e+00 2.000000000000000000e+00 9.000000000000000000e+01 6.454569999999999474e-01 -2.933999999999999976e-03
0.000000000000000000e+00 0.000000000000000000e+00 0.000000000000000000e+00 9.000000000000000000e+00 8.900000000000000000e+01 -1.574980000000000047e+00 8.415000000000000605e-03
0.000000000000000000e+00 0.000000000000000000e+00 0.000000000000000000e+00 1.000000000000000000e+01 9.000000000000000000e+01 -1.574980000000000047e+00 8.415000000000000605e-03
0.000000000000000000e+00 0.000000000000000000e+00 0.000000000000000000e+00 1.700000000000000000e+01 8.900000000000000000e+01 1.194388000000000005e+00 -3.436999999999999951e-03
0.000000000000000000e+00 0.000000000000000000e+00 0.000000000000000000e+00 1.800000000000000000e+01 9.000000000000000000e+01 1.194388000000000005e+00 -3.436999999999999951e-03
0.000000000000000000e+00 0.000000000000000000e+00 0.000000000000000000e+00 4.100000000000000000e+01 8.900000000000000000e+01 1.850919999999999899e+00 -4.917000000000000363e-03
0.000000000000000000e+00 0.000000000000000000e+00 0.000000000000000000e+00 4.200000000000000000e+01 9.000000000000000000e+01 1.850919999999999899e+00 -4.917000000000000363e-03
0.000000000000000000e+00 0.000000000000000000e+00 0.000000000000000000e+00 8.900000000000000000e+01 8.900000000000000000e+01 8.356449999999999712e-01 -0.000000000000000000e+00
0.000000000000000000e+00 0.000000000000000000e+00 0.000000000000000000e+00 9.000000000000000000e+01 9.000000000000000000e+01 8.356449999999999712e-01 -0.000000000000000000e+00
0.000000000000000000e+00 0.000000000000000000e+00 0.000000000000000000e+00 9.200000000000000000e+01 8.900000000000000000e+01 -1.510720000000000118e-01 2.620000000000000258e-04
0.000000000000000000e+00 0.000000000000000000e+00 0.000000000000000000e+00 9.400000000000000000e+01 8.900000000000000000e+01 -2.115000000000000126e-03 -1.538779999999999870e-01
0.000000000000000000e+00 0.000000000000000000e+00 0.000000000000000000e+00 9.100000000000000000e+01 9.000000000000000000e+01 1.510720000000000118e-01 2.620000000000000258e-04
0.000000000000000000e+00 0.000000000000000000e+00 0.000000000000000000e+00 9.300000000000000000e+01 9.000000000000000000e+01 2.115000000000000126e-03 -1.538779999999999870e-01
0.000000000000000000e+00 0.000000000000000000e+00 0.000000000000000000e+00 1.000000000000000000e+00 9.100000000000000000e+01 7.603000000000000383e-03 5.760000000000000146e-04
0.000000000000000000e+00 0.000000000000000000e+00 0.000000000000000000e+00 2.000000000000000000e+00 9.200000000000000000e+01 7.603000000000000383e-03 5.760000000000000146e-04
0.000000000000000000e+00 0.000000000000000000e+00 0.000000000000000000e+00 9.000000000000000000e+00 9.100000000000000000e+01 1.928300000000000153e-02 4.976000000000000388e-03
0.000000000000000000e+00 0.000000000000000000e+00 0.000000000000000000e+00 1.000000000000000000e+01 9.200000000000000000e+01 1.928300000000000153e-02 4.976000000000000388e-03
0.000000000000000000e+00 0.000000000000000000e+00 0.000000000000000000e+00 1.700000000000000000e+01 9.100000000000000000e+01 -6.297999999999999779e-03 2.242000000000000069e-03
0.000000000000000000e+00 0.000000000000000000e+00 0.000000000000000000e+00 1.800000000000000000e+01 9.200000000000000000e+01 -6.297999999999999779e-03 2.242000000000000069e-03
0.000000000000000000e+00 0.000000000000000000e+00 0.000000000000000000e+00 1.900000000000000000e+01 9.100000000000000000e+01 -2.580089999999999884e-01 -2.367000000000000180e-03
0.000000000000000000e+00 0.000000000000000000e+00 0.000000000000000000e+00 2.000000000000000000e+01 9.200000000000000000e+01 -2.580089999999999884e-01 -2.367000000000000180e-03
0.000000000000000000e+00 0.000000000000000000e+00 0.000000000000000000e+00 4.100000000000000000e+01 9.100000000000000000e+01 -7.030300000000000438e-02 4.838000000000000286e-03
0.000000000000000000e+00 0.000000000000000000e+00 0.000000000000000000e+00 4.200000000000000000e+01 9.200000000000000000e+01 -7.030300000000000438e-02 4.838000000000000286e-03
0.000000000000000000e+00 0.000000000000000000e+00 0.000000000000000000e+00 4.300000000000000000e+01 9.100000000000000000e+01 -6.104870000000000019e-01 8.909999999999999734e-04
0.000000000000000000e+00 0.000000000000000000e+00 0.000000000000000000e+00 4.400000000000000000e+01 9.200000000000000000e+01 -6.104870000000000019e-01 8.909999999999999734e-04
0.000000000000000000e+00 0.000000000000000000e+00 0.000000000000000000e+00 9.100000000000000000e+01 9.100000000000000000e+01 8.931710000000000482e-01 -0.000000000000000000e+00
0.000000000000000000e+00 0.000000000000000000e+00 0.000000000000000000e+00 9.200000000000000000e+01 9.200000000000000000e+01 8.931710000000000482e-01 -0.000000000000000000e+00
0.000000000000000000e+00 0.000000000000000000e+00 0.000000000000000000e+00 1.000000000000000000e+00 9.300000000000000000e+01 -2.152899999999999953e-02 3.999999999999999819e-06
0.000000000000000000e+00 0.000000000000000000e+00 0.000000000000000000e+00 2.000000000000000000e+00 9.400000000000000000e+01 -2.152899999999999953e-02 3.999999999999999819e-06
0.000000000000000000e+00 0.000000000000000000e+00 0.000000000000000000e+00 9.000000000000000000e+00 9.300000000000000000e+01 4.961999999999999744e-02 -9.619999999999999645e-04
0.000000000000000000e+00 0.000000000000000000e+00 0.000000000000000000e+00 1.000000000000000000e+01 9.400000000000000000e+01 4.961999999999999744e-02 -9.619999999999999645e-04
0.000000000000000000e+00 0.000000000000000000e+00 0.000000000000000000e+00 1.700000000000000000e+01 9.300000000000000000e+01 -5.375400000000000317e-02 5.000000000000000104e-04
0.000000000000000000e+00 0.000000000000000000e+00 0.000000000000000000e+00 1.800000000000000000e+01 9.400000000000000000e+01 -5.375400000000000317e-02 5.000000000000000104e-04
0.000000000000000000e+00 0.000000000000000000e+00 0.000000000000000000e+00 2.100000000000000000e+01 9.300000000000000000e+01 -2.387829999999999953e-01 4.110000000000000155e-04
0.000000000000000000e+00 0.000000000000000000e+00 0.000000000000000000e+00 2.200000000000000000e+01 9.400000000000000000e+01 -2.387829999999999953e-01 4.110000000000000155e-04
0.000000000000000000e+00 0.000000000000000000e+00 0.000000000000000000e+00 4.100000000000000000e+01 9.300000000000000000e+01 -3.047800000000000162e-02 -1.302999999999999905e-03
0.000000000000000000e+00 0.000000000000000000e+00 0.000000000000000000e+00 4.200000000000000000e+01 9.400000000000000000e+01 -3.047800000000000162e-02 -1.302999999999999905e-03
0.000000000000000000e+00 0.000000000000000000e+00 0.000000000000000000e+00 4.500000000000000000e+01 9.300000000000000000e+01 -6.227930000000000410e-01 1.716000000000000077e-03
0.000000000000000000e+00 0.000000000000000000e+00 0.000000000000000000e+00 4.600000000000000000e+01 9.400000000000000000e+01 -6.227930000000000410e-01 1.716000000000000077e-03
0.000000000000000000e+00 0.000000000000000000e+00 0.000000000000000000e+00 9.100000000000000000e+01 9.300000000000000000e+01 -1.240000000000000000e-03 -1.537280000000000035e-01
0.000000000000000000e+00 0.000000000000000000e+00 0.000000000000000000e+00 9.300000000000000000e+01 9.300000000000000000e+01 9.347360000000000113e-01 0.000000000000000000e+00
0.000000000000000000e+00 0.000000000000000000e+00 0.000000000000000000e+00 9.400000000000000000e+01 9.400000000000000000e+01 9.347360000000000113e-01 0.000000000000000000e+00
0.000000000000000000e+00 0.000000000000000000e+00 0.000000000000000000e+00 9.200000000000000000e+01 9.400000000000000000e+01 -1.240000000000000000e-03 1.537280000000000035e-01
0.000000000000000000e+00 0.000000000000000000e+00 0.000000000000000000e+00 3.000000000000000000e+00 9.500000000000000000e+01 9.908460000000000045e-01 5.910000000000000539e-04
0.000000000000000000e+00 0.000000000000000000e+00 0.000000000000000000e+00 4.000000000000000000e+00 9.600000000000000000e+01 9.908460000000000045e-01 5.910000000000000539e-04
0.000000000000000000e+00 0.000000000000000000e+00 0.000000000000000000e+00 1.100000000000000000e+01 9.500000000000000000e+01 -1.105415000000000036e+00 -6.870000000000000022e-04
0.000000000000000000e+00 0.000000000000000000e+00 0.000000000000000000e+00 1.200000000000000000e+01 9.600000000000000000e+01 -1.105415000000000036e+00 -6.870000000000000022e-04
0.000000000000000000e+00 0.000000000000000000e+00 0.000000000000000000e+00 2.300000000000000000e+01 9.500000000000000000e+01 1.548632000000000009e+00 -2.739999999999999923e-04
0.000000000000000000e+00 0.000000000000000000e+00 0.000000000000000000e+00 2.400000000000000000e+01 9.600000000000000000e+01 1.548632000000000009e+00 -2.739999999999999923e-04
0.000000000000000000e+00 0.000000000000000000e+00 0.000000000000000000e+00 4.700000000000000000e+01 9.500000000000000000e+01 1.667829999999999924e+00 8.880000000000000089e-04
0.000000000000000000e+00 0.000000000000000000e+00 0.000000000000000000e+00 4.800000000000000000e+01 9.600000000000000000e+01 1.667829999999999924e+00 8.880000000000000089e-04
0.000000000000000000e+00 0.000000000000000000e+00 0.000000000000000000e+00 9.500000000000000000e+01 9.500000000000000000e+01 9.607879999999999754e-01 0.000000000000000000e+00
0.000000000000000000e+00 0.000000000000000000e+00 0.000000000000000000e+00 9.600000000000000000e+01 9.600000000000000000e+01 9.607879999999999754e-01 0.000000000000000000e+00
0.000000000000000000e+00 0.000000000000000000e+00 0.000000000000000000e+00 9.800000000000000000e+01 9.500000000000000000e+01 -1.462680000000000091e-01 -2.010000000000000068e-04
0.000000000000000000e+00 0.000000000000000000e+00 0.000000000000000000e+00 1.000000000000000000e+02 9.500000000000000000e+01 4.809999999999999823e-04 -1.432039999999999980e-01
0.000000000000000000e+00 0.000000000000000000e+00 0.000000000000000000e+00 9.700000000000000000e+01 9.600000000000000000e+01 1.462680000000000091e-01 -2.010000000000000068e-04
0.000000000000000000e+00 0.000000000000000000e+00 0.000000000000000000e+00 9.900000000000000000e+01 9.600000000000000000e+01 -4.809999999999999823e-04 -1.432039999999999980e-01
0.000000000000000000e+00 0.000000000000000000e+00 0.000000000000000000e+00 3.000000000000000000e+00 9.700000000000000000e+01 1.568900000000000156e-02 3.150000000000000022e-03
0.000000000000000000e+00 0.000000000000000000e+00 0.000000000000000000e+00 4.000000000000000000e+00 9.800000000000000000e+01 1.568900000000000156e-02 3.150000000000000022e-03
0.000000000000000000e+00 0.000000000000000000e+00 0.000000000000000000e+00 1.100000000000000000e+01 9.700000000000000000e+01 7.624000000000000221e-02 2.856000000000000032e-03
0.000000000000000000e+00 0.000000000000000000e+00 0.000000000000000000e+00 1.200000000000000000e+01 9.800000000000000000e+01 7.624000000000000221e-02 2.856000000000000032e-03
0.000000000000000000e+00 0.000000000000000000e+00 0.000000000000000000e+00 2.300000000000000000e+01 9.700000000000000000e+01 1.967800000000000105e-02 3.714999999999999986e-03
0.000000000000000000e+00 0.000000000000000000e+00 0.000000000000000000e+00 2.400000000000000000e+01 9.800000000000000000e+01 1.967800000000000105e-02 3.714999999999999986e-03
0.000000000000000000e+00 0.000000000000000000e+00 0.000000000000000000e+00 2.500000000000000000e+01 9.700000000000000000e+01 -3.857320000000000193e-01 2.301000000000000094e-03
0.000000000000000000e+00 0.000000000000000000e+00 0.000000000000000000e+00 2.600000000000000000e+01 9.800000000000000000e+01 -3.857320000000000193e-01 2.301000000000000094e-03
0.000000000000000000e+00 0.000000000000000000e+00 0.000000000000000000e+00 4.700000000000000000e+01 9.700000000000000000e+01 -1.237469999999999959e-01 1.759999999999999954e-04
0.000000000000000000e+00 0.000000000000000000e+00 0.000000000000000000e+00 4.800000000000000000e+01 9.800000000000000000e+01 -1.237469999999999959e-01 1.759999999999999954e-04
0.000000000000000000e+00 0.000000000000000000e+00 0.000000000000000000e+00 4.900000000000000000e+01 9.700000000000000000e+01 -4.499290000000000234e-01 8.799999999999999771e-05
0.000000000000000000e+00 0.000000000000000000e+00 0.000000000000000000e+00 5.000000000000000000e+01 9.800000000000000000e+01 -4.499290000000000234e-01 8.799999999999999771e-05
0.000000000000000000e+00 0.000000000000000000e+00 0.000000000000000000e+00 9.700000000000000000e+01 9.700000000000000000e+01 9.179450000000000109e-01 -0.000000000000000000e+00
0.000000000000000000e+00 0.000000000000000000e+00 0.000000000000000000e+00 9.800000000000000000e+01 9.800000000000000000e+01 9.179450000000000109e-01 -0.000000000000000000e+00
0.000000000000000000e+00 0.000000000000000000e+00 0.000000000000000000e+00 3.000000000000000000e+00 9.900000000000000000e+01 2.204520000000000091e-01 -5.209999999999999788e-04
0.000000000000000000e+00 0.000000000000000000e+00 0.000000000000000000e+00 4.000000000000000000e+00 1.000000000000000000e+02 2.204520000000000091e-01 -5.209999999999999788e-04
0.000000000000000000e+00 0.000000000000000000e+00 0.000000000000000000e+00 1.100000000000000000e+01 9.900000000000000000e+01 1.573859999999999981e-01 -8.930000000000000221e-04
0.000000000000000000e+00 0.000000000000000000e+00 0.000000000000000000e+00 1.200000000000000000e+01 1.000000000000000000e+02 1.573859999999999981e-01 -8.930000000000000221e-04
0.000000000000000000e+00 0.000000000000000000e+00 0.000000000000000000e+00 2.300000000000000000e+01 9.900000000000000000e+01 4.396829999999999905e-01 1.330000000000000073e-04
0.000000000000000000e+00 0.000000000000000000e+00 0.000000000000000000e+00 2.400000000000000000e+01 1.000000000000000000e+02 4.396829999999999905e-01 1.330000000000000073e-04
0.000000000000000000e+00 0.000000000000000000e+00 0.000000000000000000e+00 2.700000000000000000e+01 9.900000000000000000e+01 -3.461000000000000187e-01 5.140000000000000254e-04
0.000000000000000000e+00 0.000000000000000000e+00 0.000000000000000000e+00 2.800000000000000000e+01 1.000000000000000000e+02 -3.461000000000000187e-01 5.140000000000000254e-04
0.000000000000000000e+00 0.000000000000000000e+00 0.000000000000000000e+00 4.700000000000000000e+01 9.900000000000000000e+01 -2.860429999999999917e-01 -4.310000000000000137e-04
0.000000000000000000e+00 0.000000000000000000e+00 0.000000000000000000e+00 4.800000000000000000e+01 1.000000000000000000e+02 -2.860429999999999917e-01 -4.310000000000000137e-04
0.000000000000000000e+00 0.000000000000000000e+00 0.000000000000000000e+00 5.100000000000000000e+01 9.900000000000000000e+01 -4.634679999999999911e-01 2.259999999999999910e-04
0.000000000000000000e+00 0.000000000000000000e+00 0.000000000000000000e+00 5.200000000000000000e+01 1.000000000000000000e+02 -4.634679999999999911e-01 2.259999999999999910e-04
0.000000000000000000e+00 0.000000000000000000e+00 0.000000000000000000e+00 9.700000000000000000e+01 9.900000000000000000e+01 -1.886000000000000090e-03 -1.536679999999999990e-01
0.000000000000000000e+00 0.000000000000000000e+00 0.000000000000000000e+00 9.900000000000000000e+01 9.900000000000000000e+01 9.419269999999999587e-01 -0.000000000000000000e+00
0.000000000000000000e+00 0.000000000000000000e+00 0.000000000000000000e+00 1.000000000000000000e+02 1.000000000000000000e+02 9.419269999999999587e-01 -0.000000000000000000e+00
0.000000000000000000e+00 0.000000000000000000e+00 0.000000000000000000e+00 9.800000000000000000e+01 1.000000000000000000e+02 -1.886000000000000090e-03 1.536679999999999990e-01
0.000000000000000000e+00 0.000000000000000000e+00 0.000000000000000000e+00 5.000000000000000000e+00 1.010000000000000000e+02 1.322052000000000005e+00 -6.299999999999999990e-05
0.000000000000000000e+00 0.000000000000000000e+00 0.000000000000000000e+00 6.000000000000000000e+00 1.020000000000000000e+02 1.322052000000000005e+00 -6.299999999999999990e-05
0.000000000000000000e+00 0.000000000000000000e+00 0.000000000000000000e+00 1.300000000000000000e+01 1.010000000000000000e+02 -9.384500000000000064e-01 -3.950000000000000061e-04
0.000000000000000000e+00 0.000000000000000000e+00 0.000000000000000000e+00 1.400000000000000000e+01 1.020000000000000000e+02 -9.384500000000000064e-01 -3.950000000000000061e-04
0.000000000000000000e+00 0.000000000000000000e+00 0.000000000000000000e+00 2.900000000000000000e+01 1.010000000000000000e+02 1.793830000000000036e+00 -1.314000000000000064e-03
0.000000000000000000e+00 0.000000000000000000e+00 0.000000000000000000e+00 3.000000000000000000e+01 1.020000000000000000e+02 1.793830000000000036e+00 -1.314000000000000064e-03
0.000000000000000000e+00 0.000000000000000000e+00 0.000000000000000000e+00 5.300000000000000000e+01 1.010000000000000000e+02 1.465902000000000038e+00 8.639999999999999677e-04
0.000000000000000000e+00 0.000000000000000000e+00 0.000000000000000000e+00 5.400000000000000000e+01 1.020000000000000000e+02 1.465902000000000038e+00 8.639999999999999677e-04
0.000000000000000000e+00 0.000000000000000000e+00 0.000000000000000000e+00 1.010000000000000000e+02 1.010000000000000000e+02 1.078651000000000026e+00 -0.000000000000000000e+00
0.000000000000000000e+00 0.000000000000000000e+00 0.000000000000000000e+00 1.020000000000000000e+02 1.020000000000000000e+02 1.078651000000000026e+00 -0.000000000000000000e+00
0.000000000000000000e+00 0.000000000000000000e+00 0.000000000000000000e+00 1.040000000000000000e+02 1.010000000000000000e+02 -1.453770000000000062e-01 2.930000000000000204e-04
0.000000000000000000e+00 0.000000000000000000e+00 0.000000000000000000e+00 1.060000000000000000e+02 1.010000000000000000e+02 -1.169999999999999979e-04 -1.473450000000000037e-01
0.000000000000000000e+00 0.000000000000000000e+00 0.000000000000000000e+00 1.030000000000000000e+02 1.020000000000000000e+02 1.453770000000000062e-01 2.930000000000000204e-04
0.000000000000000000e+00 0.000000000000000000e+00 0.000000000000000000e+00 1.050000000000000000e+02 1.020000000000000000e+02 1.169999999999999979e-04 -1.473450000000000037e-01
0.000000000000000000e+00 0.000000000000000000e+00 0.000000000000000000e+00 5.000000000000000000e+00 1.030000000000000000e+02 7.322499999999999842e-02 -3.471999999999999826e-03
0.000000000000000000e+00 0.000000000000000000e+00 0.000000000000000000e+00 6.000000000000000000e+00 1.040000000000000000e+02 7.322499999999999842e-02 -3.471999999999999826e-03
0.000000000000000000e+00 0.000000000000000000e+00 0.000000000000000000e+00 1.300000000000000000e+01 1.030000000000000000e+02 1.545050000000000034e-01 -2.739999999999999814e-03
0.000000000000000000e+00 0.000000000000000000e+00 0.000000000000000000e+00 1.400000000000000000e+01 1.040000000000000000e+02 1.545050000000000034e-01 -2.739999999999999814e-03
0.000000000000000000e+00 0.000000000000000000e+00 0.000000000000000000e+00 2.900000000000000000e+01 1.030000000000000000e+02 1.322309999999999874e-01 -1.170999999999999949e-03
0.000000000000000000e+00 0.000000000000000000e+00 0.000000000000000000e+00 3.000000000000000000e+01 1.040000000000000000e+02 1.322309999999999874e-01 -1.170999999999999949e-03
0.000000000000000000e+00 0.000000000000000000e+00 0.000000000000000000e+00 3.100000000000000000e+01 1.030000000000000000e+02 -5.870480000000000143e-01 -1.902000000000000045e-03
0.000000000000000000e+00 0.000000000000000000e+00 0.000000000000000000e+00 3.200000000000000000e+01 1.040000000000000000e+02 -5.870480000000000143e-01 -1.902000000000000045e-03
0.000000000000000000e+00 0.000000000000000000e+00 0.000000000000000000e+00 5.300000000000000000e+01 1.030000000000000000e+02 -3.020740000000000092e-01 2.160000000000000028e-03
0.000000000000000000e+00 0.000000000000000000e+00 0.000000000000000000e+00 5.400000000000000000e+01 1.040000000000000000e+02 -3.020740000000000092e-01 2.160000000000000028e-03
0.000000000000000000e+00 0.000000000000000000e+00 0.000000000000000000e+00 5.500000000000000000e+01 1.030000000000000000e+02 -3.358300000000000174e-01 2.763999999999999964e-03
0.000000000000000000e+00 0.000000000000000000e+00 0.000000000000000000e+00 5.600000000000000000e+01 1.040000000000000000e+02 -3.358300000000000174e-01 2.763999999999999964e-03
0.000000000000000000e+00 0.000000000000000000e+00 0.000000000000000000e+00 1.030000000000000000e+02 1.030000000000000000e+02 1.064003000000000032e+00 -0.000000000000000000e+00
0.000000000000000000e+00 0.000000000000000000e+00 0.000000000000000000e+00 1.040000000000000000e+02 1.040000000000000000e+02 1.064003000000000032e+00 -0.000000000000000000e+00
0.000000000000000000e+00 0.000000000000000000e+00 0.000000000000000000e+00 5.000000000000000000e+00 1.050000000000000000e+02 -3.254190000000000138e-01 -9.129999999999999661e-04
0.000000000000000000e+00 0.000000000000000000e+00 0.000000000000000000e+00 6.000000000000000000e+00 1.060000000000000000e+02 -3.254190000000000138e-01 -9.129999999999999661e-04
0.000000000000000000e+00 0.000000000000000000e+00 0.000000000000000000e+00 1.300000000000000000e+01 1.050000000000000000e+02 -1.790039999999999965e-01 -2.418000000000000010e-03
0.000000000000000000e+00 0.000000000000000000e+00 0.000000000000000000e+00 1.400000000000000000e+01 1.060000000000000000e+02 -1.790039999999999965e-01 -2.418000000000000010e-03
0.000000000000000000e+00 0.000000000000000000e+00 0.000000000000000000e+00 2.900000000000000000e+01 1.050000000000000000e+02 -5.460350000000000481e-01 -7.600000000000000418e-05
0.000000000000000000e+00 0.000000000000000000e+00 0.000000000000000000e+00 3.000000000000000000e+01 1.060000000000000000e+02 -5.460350000000000481e-01 -7.600000000000000418e-05
0.000000000000000000e+00 0.000000000000000000e+00 0.000000000000000000e+00 3.300000000000000000e+01 1.050000000000000000e+02 -3.981919999999999904e-01 2.088000000000000012e-03
0.000000000000000000e+00 0.000000000000000000e+00 0.000000000000000000e+00 3.400000000000000000e+01 1.060000000000000000e+02 -3.981919999999999904e-01 2.088000000000000012e-03
0.000000000000000000e+00 0.000000000000000000e+00 0.000000000000000000e+00 5.300000000000000000e+01 1.050000000000000000e+02 3.133429999999999827e-01 2.658000000000000206e-03
0.000000000000000000e+00 0.000000000000000000e+00 0.000000000000000000e+00 5.400000000000000000e+01 1.060000000000000000e+02 3.133429999999999827e-01 2.658000000000000206e-03
0.000000000000000000e+00 0.000000000000000000e+00 0.000000000000000000e+00 5.700000000000000000e+01 1.050000000000000000e+02 -2.935300000000000131e-01 4.079999999999999968e-04
0.000000000000000000e+00 0.000000000000000000e+00 0.000000000000000000e+00 5.800000000000000000e+01 1.060000000000000000e+02 -2.935300000000000131e-01 4.079999999999999968e-04
0.000000000000000000e+00 0.000000000000000000e+00 0.000000000000000000e+00 1.030000000000000000e+02 1.050000000000000000e+02 -1.131000000000000061e-03 -1.532580000000000053e-01
0.000000000000000000e+00 0.000000000000000000e+00 0.000000000000000000e+00 1.050000000000000000e+02 1.050000000000000000e+02 1.063085999999999975e+00 0.000000000000000000e+00
0.000000000000000000e+00 0.000000000000000000e+00 0.000000000000000000e+00 1.060000000000000000e+02 1.060000000000000000e+02 1.063085999999999975e+00 0.000000000000000000e+00
0.000000000000000000e+00 0.000000000000000000e+00 0.000000000000000000e+00 1.040000000000000000e+02 1.060000000000000000e+02 -1.131000000000000061e-03 1.532580000000000053e-01
0.000000000000000000e+00 0.000000000000000000e+00 0.000000000000000000e+00 7.000000000000000000e+00 1.070000000000000000e+02 6.888969999999999816e-01 7.100000000000000462e-05
0.000000000000000000e+00 0.000000000000000000e+00 0.000000000000000000e+00 8.000000000000000000e+00 1.080000000000000000e+02 6.888969999999999816e-01 7.100000000000000462e-05
0.000000000000000000e+00 0.000000000000000000e+00 0.000000000000000000e+00 1.500000000000000000e+01 1.070000000000000000e+02 -1.228110999999999953e+00 -2.359999999999999902e-04
0.000000000000000000e+00 0.000000000000000000e+00 0.000000000000000000e+00 1.600000000000000000e+01 1.080000000000000000e+02 -1.228110999999999953e+00 -2.359999999999999902e-04
0.000000000000000000e+00 0.000000000000000000e+00 0.000000000000000000e+00 3.500000000000000000e+01 1.070000000000000000e+02 1.268866000000000049e+00 -6.059999999999999849e-04
0.000000000000000000e+00 0.000000000000000000e+00 0.000000000000000000e+00 3.600000000000000000e+01 1.080000000000000000e+02 1.268866000000000049e+00 -6.059999999999999849e-04
0.000000000000000000e+00 0.000000000000000000e+00 0.000000000000000000e+00 5.900000000000000000e+01 1.070000000000000000e+02 1.805698000000000025e+00 -1.389999999999999905e-04
0.000000000000000000e+00 0.000000000000000000e+00 0.000000000000000000e+00 6.000000000000000000e+01 1.080000000000000000e+02 1.805698000000000025e+00 -1.389999999999999905e-04
0.000000000000000000e+00 0.000000000000000000e+00 0.000000000000000000e+00 1.070000000000000000e+02 1.070000000000000000e+02 1.368201000000000001e+00 0.000000000000000000e+00
0.000000000000000000e+00 0.000000000000000000e+00 0.000000000000000000e+00 1.080000000000000000e+02 1.080000000000000000e+02 1.368201000000000001e+00 0.000000000000000000e+00
0.000000000000000000e+00 0.000000000000000000e+00 0.000000000000000000e+00 1.100000000000000000e+02 1.070000000000000000e+02 -1.467440000000000133e-01 4.530000000000000064e-04
0.000000000000000000e+00 0.000000000000000000e+00 0.000000000000000000e+00 1.120000000000000000e+02 1.070000000000000000e+02 7.690000000000000438e-04 -1.449270000000000003e-01
0.000000000000000000e+00 0.000000000000000000e+00 0.000000000000000000e+00 1.090000000000000000e+02 1.080000000000000000e+02 1.467440000000000133e-01 4.530000000000000064e-04
0.000000000000000000e+00 0.000000000000000000e+00 0.000000000000000000e+00 1.110000000000000000e+02 1.080000000000000000e+02 -7.690000000000000438e-04 -1.449270000000000003e-01
0.000000000000000000e+00 0.000000000000000000e+00 0.000000000000000000e+00 7.000000000000000000e+00 1.090000000000000000e+02 -1.081680000000000003e-01 -3.249999999999999851e-04
0.000000000000000000e+00 0.000000000000000000e+00 0.000000000000000000e+00 8.000000000000000000e+00 1.100000000000000000e+02 -1.081680000000000003e-01 -3.249999999999999851e-04
0.000000000000000000e+00 0.000000000000000000e+00 0.000000000000000000e+00 1.500000000000000000e+01 1.090000000000000000e+02 -9.628599999999999659e-02 8.899999999999999491e-04
0.000000000000000000e+00 0.000000000000000000e+00 0.000000000000000000e+00 1.600000000000000000e+01 1.100000000000000000e+02 -9.628599999999999659e-02 8.899999999999999491e-04
0.000000000000000000e+00 0.000000000000000000e+00 0.000000000000000000e+00 3.500000000000000000e+01 1.090000000000000000e+02 -2.216529999999999889e-01 -7.330000000000000361e-04
0.000000000000000000e+00 0.000000000000000000e+00 0.000000000000000000e+00 3.600000000000000000e+01 1.100000000000000000e+02 -2.216529999999999889e-01 -7.330000000000000361e-04
0.000000000000000000e+00 0.000000000000000000e+00 0.000000000000000000e+00 3.700000000000000000e+01 1.090000000000000000e+02 -2.443929999999999991e-01 1.450000000000000009e-04
0.000000000000000000e+00 0.000000000000000000e+00 0.000000000000000000e+00 3.800000000000000000e+01 1.100000000000000000e+02 -2.443929999999999991e-01 1.450000000000000009e-04
0.000000000000000000e+00 0.000000000000000000e+00 0.000000000000000000e+00 5.900000000000000000e+01 1.090000000000000000e+02 1.600890000000000091e-01 6.199999999999999999e-04
0.000000000000000000e+00 0.000000000000000000e+00 0.000000000000000000e+00 6.000000000000000000e+01 1.100000000000000000e+02 1.600890000000000091e-01 6.199999999999999999e-04
0.000000000000000000e+00 0.000000000000000000e+00 0.000000000000000000e+00 6.100000000000000000e+01 1.090000000000000000e+02 -5.064819999999999878e-01 -2.480000000000000108e-04
0.000000000000000000e+00 0.000000000000000000e+00 0.000000000000000000e+00 6.200000000000000000e+01 1.100000000000000000e+02 -5.064819999999999878e-01 -2.480000000000000108e-04
0.000000000000000000e+00 0.000000000000000000e+00 0.000000000000000000e+00 1.090000000000000000e+02 1.090000000000000000e+02 1.418863999999999903e+00 0.000000000000000000e+00
0.000000000000000000e+00 0.000000000000000000e+00 0.000000000000000000e+00 1.100000000000000000e+02 1.100000000000000000e+02 1.418863999999999903e+00 0.000000000000000000e+00
0.000000000000000000e+00 0.000000000000000000e+00 0.000000000000000000e+00 7.000000000000000000e+00 1.110000000000000000e+02 -3.745300000000000018e-02 1.389999999999999960e-03
0.000000000000000000e+00 0.000000000000000000e+00 0.000000000000000000e+00 8.000000000000000000e+00 1.120000000000000000e+02 -3.745300000000000018e-02 1.389999999999999960e-03
0.000000000000000000e+00 0.000000000000000000e+00 0.000000000000000000e+00 1.500000000000000000e+01 1.110000000000000000e+02 -1.606899999999999995e-02 8.279999999999999600e-04
0.000000000000000000e+00 0.000000000000000000e+00 0.000000000000000000e+00 1.600000000000000000e+01 1.120000000000000000e+02 -1.606899999999999995e-02 8.279999999999999600e-04
0.000000000000000000e+00 0.000000000000000000e+00 0.000000000000000000e+00 3.500000000000000000e+01 1.110000000000000000e+02 -8.664900000000000380e-02 2.164000000000000125e-03
0.000000000000000000e+00 0.000000000000000000e+00 0.000000000000000000e+00 3.600000000000000000e+01 1.120000000000000000e+02 -8.664900000000000380e-02 2.164000000000000125e-03
0.000000000000000000e+00 0.000000000000000000e+00 0.000000000000000000e+00 3.900000000000000000e+01 1.110000000000000000e+02 -2.880770000000000275e-01 -1.482000000000000027e-03
0.000000000000000000e+00 0.000000000000000000e+00 0.000000000000000000e+00 4.000000000000000000e+01 1.120000000000000000e+02 -2.880770000000000275e-01 -1.482000000000000027e-03
0.000000000000000000e+00 0.000000000000000000e+00 0.000000000000000000e+00 5.900000000000000000e+01 1.110000000000000000e+02 1.609599999999999920e-02 -1.492999999999999969e-03
0.000000000000000000e+00 0.000000000000000000e+00 0.000000000000000000e+00 6.000000000000000000e+01 1.120000000000000000e+02 1.609599999999999920e-02 -1.492999999999999969e-03
0.000000000000000000e+00 0.000000000000000000e+00 0.000000000000000000e+00 6.300000000000000000e+01 1.110000000000000000e+02 -5.273799999999999599e-01 -2.230000000000000211e-03
0.000000000000000000e+00 0.000000000000000000e+00 0.000000000000000000e+00 6.400000000000000000e+01 1.120000000000000000e+02 -5.273799999999999599e-01 -2.230000000000000211e-03
0.000000000000000000e+00 0.000000000000000000e+00 0.000000000000000000e+00 1.090000000000000000e+02 1.110000000000000000e+02 -8.184999999999999568e-03 -1.537989999999999913e-01
0.000000000000000000e+00 0.000000000000000000e+00 0.000000000000000000e+00 1.110000000000000000e+02 1.110000000000000000e+02 1.370020999999999933e+00 -0.000000000000000000e+00
0.000000000000000000e+00 0.000000000000000000e+00 0.000000000000000000e+00 1.120000000000000000e+02 1.120000000000000000e+02 1.370020999999999933e+00 -0.000000000000000000e+00
0.000000000000000000e+00 0.000000000000000000e+00 0.000000000000000000e+00 1.100000000000000000e+02 1.120000000000000000e+02 -8.184999999999999568e-03 1.537989999999999913e-01
0.000000000000000000e+00 0.000000000000000000e+00 0.000000000000000000e+00 1.000000000000000000e+00 1.130000000000000000e+02 2.086870000000000114e-01 3.490000000000000263e-04
0.000000000000000000e+00 0.000000000000000000e+00 0.000000000000000000e+00 2.000000000000000000e+00 1.140000000000000000e+02 2.086870000000000114e-01 3.490000000000000263e-04
0.000000000000000000e+00 0.000000000000000000e+00 0.000000000000000000e+00 1.700000000000000000e+01 1.130000000000000000e+02 -9.998200000000000143e-02 9.100000000000000287e-05
0.000000000000000000e+00 0.000000000000000000e+00 0.000000000000000000e+00 1.800000000000000000e+01 1.140000000000000000e+02 -9.998200000000000143e-02 9.100000000000000287e-05
0.000000000000000000e+00 0.000000000000000000e+00 0.000000000000000000e+00 2.100000000000000000e+01 1.130000000000000000e+02 -4.475089999999999901e-01 3.106999999999999953e-03
0.000000000000000000e+00 0.000000000000000000e+00 0.000000000000000000e+00 2.200000000000000000e+01 1.140000000000000000e+02 -4.475089999999999901e-01 3.106999999999999953e-03
0.000000000000000000e+00 0.000000000000000000e+00 0.000000000000000000e+00 1.130000000000000000e+02 1.130000000000000000e+02 1.168403000000000080e+00 0.000000000000000000e+00
0.000000000000000000e+00 0.000000000000000000e+00 0.000000000000000000e+00 1.140000000000000000e+02 1.140000000000000000e+02 1.168403000000000080e+00 0.000000000000000000e+00
0.000000000000000000e+00 0.000000000000000000e+00 0.000000000000000000e+00 1.160000000000000000e+02 1.130000000000000000e+02 -1.519369999999999887e-01 1.779999999999999898e-04
0.000000000000000000e+00 0.000000000000000000e+00 0.000000000000000000e+00 1.180000000000000000e+02 1.130000000000000000e+02 8.159999999999999936e-04 -1.471689999999999943e-01
0.000000000000000000e+00 0.000000000000000000e+00 0.000000000000000000e+00 1.150000000000000000e+02 1.140000000000000000e+02 1.519369999999999887e-01 1.779999999999999898e-04
0.000000000000000000e+00 0.000000000000000000e+00 0.000000000000000000e+00 1.170000000000000000e+02 1.140000000000000000e+02 -8.159999999999999936e-04 -1.471689999999999943e-01
0.000000000000000000e+00 0.000000000000000000e+00 0.000000000000000000e+00 1.000000000000000000e+00 1.150000000000000000e+02 -2.193799999999999917e-02 -6.627000000000000078e-03
0.000000000000000000e+00 0.000000000000000000e+00 0.000000000000000000e+00 2.000000000000000000e+00 1.160000000000000000e+02 -2.193799999999999917e-02 -6.627000000000000078e-03
0.000000000000000000e+00 0.000000000000000000e+00 0.000000000000000000e+00 1.900000000000000000e+01 1.150000000000000000e+02 -2.302980000000000027e-01 -9.943999999999999714e-03
0.000000000000000000e+00 0.000000000000000000e+00 0.000000000000000000e+00 2.000000000000000000e+01 1.160000000000000000e+02 -2.302980000000000027e-01 -9.943999999999999714e-03
0.000000000000000000e+00 0.000000000000000000e+00 0.000000000000000000e+00 2.100000000000000000e+01 1.150000000000000000e+02 5.909799999999999776e-02 -9.072999999999999468e-03
0.000000000000000000e+00 0.000000000000000000e+00 0.000000000000000000e+00 2.200000000000000000e+01 1.160000000000000000e+02 5.909799999999999776e-02 -9.072999999999999468e-03
0.000000000000000000e+00 0.000000000000000000e+00 0.000000000000000000e+00 1.150000000000000000e+02 1.150000000000000000e+02 1.119874000000000036e+00 0.000000000000000000e+00
0.000000000000000000e+00 0.000000000000000000e+00 0.000000000000000000e+00 1.160000000000000000e+02 1.160000000000000000e+02 1.119874000000000036e+00 0.000000000000000000e+00
0.000000000000000000e+00 0.000000000000000000e+00 0.000000000000000000e+00 1.000000000000000000e+00 1.170000000000000000e+02 -5.734310000000000240e-01 5.569999999999999864e-04
0.000000000000000000e+00 0.000000000000000000e+00 0.000000000000000000e+00 2.000000000000000000e+00 1.180000000000000000e+02 -5.734310000000000240e-01 5.569999999999999864e-04
0.000000000000000000e+00 0.000000000000000000e+00 0.000000000000000000e+00 2.100000000000000000e+01 1.170000000000000000e+02 1.049242999999999926e+00 -3.674999999999999881e-03
0.000000000000000000e+00 0.000000000000000000e+00 0.000000000000000000e+00 2.200000000000000000e+01 1.180000000000000000e+02 1.049242999999999926e+00 -3.674999999999999881e-03
0.000000000000000000e+00 0.000000000000000000e+00 0.000000000000000000e+00 1.150000000000000000e+02 1.170000000000000000e+02 -8.377000000000000765e-03 -1.434290000000000009e-01
0.000000000000000000e+00 0.000000000000000000e+00 0.000000000000000000e+00 1.170000000000000000e+02 1.170000000000000000e+02 1.155731000000000064e+00 -0.000000000000000000e+00
0.000000000000000000e+00 0.000000000000000000e+00 0.000000000000000000e+00 1.180000000000000000e+02 1.180000000000000000e+02 1.155731000000000064e+00 -0.000000000000000000e+00
0.000000000000000000e+00 0.000000000000000000e+00 0.000000000000000000e+00 1.160000000000000000e+02 1.180000000000000000e+02 -8.377000000000000765e-03 1.434290000000000009e-01
0.000000000000000000e+00 0.000000000000000000e+00 0.000000000000000000e+00 3.000000000000000000e+00 1.190000000000000000e+02 1.658590000000000064e-01 -4.899999999999999842e-05
0.000000000000000000e+00 0.000000000000000000e+00 0.000000000000000000e+00 4.000000000000000000e+00 1.200000000000000000e+02 1.658590000000000064e-01 -4.899999999999999842e-05
0.000000000000000000e+00 0.000000000000000000e+00 0.000000000000000000e+00 2.300000000000000000e+01 1.190000000000000000e+02 -4.968500000000000139e-01 1.041999999999999958e-03
0.000000000000000000e+00 0.000000000000000000e+00 0.000000000000000000e+00 2.400000000000000000e+01 1.200000000000000000e+02 -4.968500000000000139e-01 1.041999999999999958e-03
0.000000000000000000e+00 0.000000000000000000e+00 0.000000000000000000e+00 2.700000000000000000e+01 1.190000000000000000e+02 -2.791000000000000147e-01 -1.016999999999999892e-03
0.000000000000000000e+00 0.000000000000000000e+00 0.000000000000000000e+00 2.800000000000000000e+01 1.200000000000000000e+02 -2.791000000000000147e-01 -1.016999999999999892e-03
0.000000000000000000e+00 0.000000000000000000e+00 0.000000000000000000e+00 1.190000000000000000e+02 1.190000000000000000e+02 1.002089000000000008e+00 -0.000000000000000000e+00
0.000000000000000000e+00 0.000000000000000000e+00 0.000000000000000000e+00 1.200000000000000000e+02 1.200000000000000000e+02 1.002089000000000008e+00 -0.000000000000000000e+00
0.000000000000000000e+00 0.000000000000000000e+00 0.000000000000000000e+00 1.220000000000000000e+02 1.190000000000000000e+02 -1.542900000000000105e-01 5.389999999999999826e-04
0.000000000000000000e+00 0.000000000000000000e+00 0.000000000000000000e+00 1.240000000000000000e+02 1.190000000000000000e+02 4.400000000000000157e-04 -1.444489999999999941e-01
0.000000000000000000e+00 0.000000000000000000e+00 0.000000000000000000e+00 1.210000000000000000e+02 1.200000000000000000e+02 1.542900000000000105e-01 5.389999999999999826e-04
0.000000000000000000e+00 0.000000000000000000e+00 0.000000000000000000e+00 1.230000000000000000e+02 1.200000000000000000e+02 -4.400000000000000157e-04 -1.444489999999999941e-01
0.000000000000000000e+00 0.000000000000000000e+00 0.000000000000000000e+00 3.000000000000000000e+00 1.210000000000000000e+02 -7.029100000000000625e-02 -9.006999999999999382e-03
0.000000000000000000e+00 0.000000000000000000e+00 0.000000000000000000e+00 4.000000000000000000e+00 1.220000000000000000e+02 -7.029100000000000625e-02 -9.006999999999999382e-03
0.000000000000000000e+00 0.000000000000000000e+00 0.000000000000000000e+00 2.500000000000000000e+01 1.210000000000000000e+02 -4.796739999999999893e-01 9.389999999999999476e-04
0.000000000000000000e+00 0.000000000000000000e+00 0.000000000000000000e+00 2.600000000000000000e+01 1.220000000000000000e+02 -4.796739999999999893e-01 9.389999999999999476e-04
0.000000000000000000e+00 0.000000000000000000e+00 0.000000000000000000e+00 2.700000000000000000e+01 1.210000000000000000e+02 1.339770000000000127e-01 -1.083300000000000061e-02
0.000000000000000000e+00 0.000000000000000000e+00 0.000000000000000000e+00 2.800000000000000000e+01 1.220000000000000000e+02 1.339770000000000127e-01 -1.083300000000000061e-02
0.000000000000000000e+00 0.000000000000000000e+00 0.000000000000000000e+00 1.210000000000000000e+02 1.210000000000000000e+02 9.942889999999999784e-01 -0.000000000000000000e+00
0.000000000000000000e+00 0.000000000000000000e+00 0.000000000000000000e+00 1.220000000000000000e+02 1.220000000000000000e+02 9.942889999999999784e-01 -0.000000000000000000e+00
0.000000000000000000e+00 0.000000000000000000e+00 0.000000000000000000e+00 3.000000000000000000e+00 1.230000000000000000e+02 -1.219224000000000085e+00 1.124999999999999915e-03
0.000000000000000000e+00 0.000000000000000000e+00 0.000000000000000000e+00 4.000000000000000000e+00 1.240000000000000000e+02 -1.219224000000000085e+00 1.124999999999999915e-03
0.000000000000000000e+00 0.000000000000000000e+00 0.000000000000000000e+00 2.700000000000000000e+01 1.230000000000000000e+02 1.815147000000000066e+00 7.910000000000000364e-04
0.000000000000000000e+00 0.000000000000000000e+00 0.000000000000000000e+00 2.800000000000000000e+01 1.240000000000000000e+02 1.815147000000000066e+00 7.910000000000000364e-04
0.000000000000000000e+00 0.000000000000000000e+00 0.000000000000000000e+00 1.210000000000000000e+02 1.230000000000000000e+02 -2.540999999999999856e-03 -1.459119999999999862e-01
0.000000000000000000e+00 0.000000000000000000e+00 0.000000000000000000e+00 1.230000000000000000e+02 1.230000000000000000e+02 1.019246000000000096e+00 0.000000000000000000e+00
0.000000000000000000e+00 0.000000000000000000e+00 0.000000000000000000e+00 1.240000000000000000e+02 1.240000000000000000e+02 1.019246000000000096e+00 0.000000000000000000e+00
0.000000000000000000e+00 0.000000000000000000e+00 0.000000000000000000e+00 1.220000000000000000e+02 1.240000000000000000e+02 -2.540999999999999856e-03 1.459119999999999862e-01
0.000000000000000000e+00 0.000000000000000000e+00 0.000000000000000000e+00 1.000000000000000000e+00 1.250000000000000000e+02 1.552969999999999906e-01 3.000000000000000076e-05
0.000000000000000000e+00 0.000000000000000000e+00 0.000000000000000000e+00 2.000000000000000000e+00 1.260000000000000000e+02 1.552969999999999906e-01 3.000000000000000076e-05
0.000000000000000000e+00 0.000000000000000000e+00 0.000000000000000000e+00 5.000000000000000000e+00 1.250000000000000000e+02 -9.643999999999999795e-02 5.199999999999999680e-05
0.000000000000000000e+00 0.000000000000000000e+00 0.000000000000000000e+00 6.000000000000000000e+00 1.260000000000000000e+02 -9.643999999999999795e-02 5.199999999999999680e-05
0.000000000000000000e+00 0.000000000000000000e+00 0.000000000000000000e+00 1.700000000000000000e+01 1.250000000000000000e+02 -4.748720000000000163e-01 -3.409999999999999945e-04
0.000000000000000000e+00 0.000000000000000000e+00 0.000000000000000000e+00 1.800000000000000000e+01 1.260000000000000000e+02 -4.748720000000000163e-01 -3.409999999999999945e-04
0.000000000000000000e+00 0.000000000000000000e+00 0.000000000000000000e+00 2.100000000000000000e+01 1.250000000000000000e+02 2.812850000000000072e-01 1.659999999999999963e-04
0.000000000000000000e+00 0.000000000000000000e+00 0.000000000000000000e+00 2.200000000000000000e+01 1.260000000000000000e+02 2.812850000000000072e-01 1.659999999999999963e-04
0.000000000000000000e+00 0.000000000000000000e+00 0.000000000000000000e+00 2.900000000000000000e+01 1.250000000000000000e+02 -3.577310000000000212e-01 3.240000000000000150e-04
0.000000000000000000e+00 0.000000000000000000e+00 0.000000000000000000e+00 3.000000000000000000e+01 1.260000000000000000e+02 -3.577310000000000212e-01 3.240000000000000150e-04
0.000000000000000000e+00 0.000000000000000000e+00 0.000000000000000000e+00 3.300000000000000000e+01 1.250000000000000000e+02 2.071070000000000133e-01 1.270000000000000078e-03
0.000000000000000000e+00 0.000000000000000000e+00 0.000000000000000000e+00 3.400000000000000000e+01 1.260000000000000000e+02 2.071070000000000133e-01 1.270000000000000078e-03
0.000000000000000000e+00 0.000000000000000000e+00 0.000000000000000000e+00 1.250000000000000000e+02 1.250000000000000000e+02 9.370309999999999473e-01 0.000000000000000000e+00
0.000000000000000000e+00 0.000000000000000000e+00 0.000000000000000000e+00 1.260000000000000000e+02 1.260000000000000000e+02 9.370309999999999473e-01 0.000000000000000000e+00
0.000000000000000000e+00 0.000000000000000000e+00 0.000000000000000000e+00 1.280000000000000000e+02 1.250000000000000000e+02 -1.527229999999999976e-01 -7.810000000000000102e-04
0.000000000000000000e+00 0.000000000000000000e+00 0.000000000000000000e+00 1.300000000000000000e+02 1.250000000000000000e+02 8.639999999999999677e-04 -1.434620000000000062e-01
0.000000000000000000e+00 0.000000000000000000e+00 0.000000000000000000e+00 1.270000000000000000e+02 1.260000000000000000e+02 1.527229999999999976e-01 -7.810000000000000102e-04
0.000000000000000000e+00 0.000000000000000000e+00 0.000000000000000000e+00 1.290000000000000000e+02 1.260000000000000000e+02 -8.639999999999999677e-04 -1.434620000000000062e-01
0.000000000000000000e+00 0.000000000000000000e+00 0.000000000000000000e+00 1.000000000000000000e+00 1.270000000000000000e+02 -6.176899999999999752e-02 1.012700000000000058e-02
0.000000000000000000e+00 0.000000000000000000e+00 0.000000000000000000e+00 2.000000000000000000e+00 1.280000000000000000e+02 -6.176899999999999752e-02 1.012700000000000058e-02
0.000000000000000000e+00 0.000000000000000000e+00 0.000000000000000000e+00 5.000000000000000000e+00 1.270000000000000000e+02 -2.600299999999999834e-02 -8.859000000000000555e-03
0.000000000000000000e+00 0.000000000000000000e+00 0.000000000000000000e+00 6.000000000000000000e+00 1.280000000000000000e+02 -2.600299999999999834e-02 -8.859000000000000555e-03
0.000000000000000000e+00 0.000000000000000000e+00 0.000000000000000000e+00 1.900000000000000000e+01 1.270000000000000000e+02 -5.129869999999999708e-01 1.711999999999999980e-03
0.000000000000000000e+00 0.000000000000000000e+00 0.000000000000000000e+00 2.000000000000000000e+01 1.280000000000000000e+02 -5.129869999999999708e-01 1.711999999999999980e-03
0.000000000000000000e+00 0.000000000000000000e+00 0.000000000000000000e+00 2.100000000000000000e+01 1.270000000000000000e+02 -1.521180000000000032e-01 -1.987999999999999837e-02
0.000000000000000000e+00 0.000000000000000000e+00 0.000000000000000000e+00 2.200000000000000000e+01 1.280000000000000000e+02 -1.521180000000000032e-01 -1.987999999999999837e-02
0.000000000000000000e+00 0.000000000000000000e+00 0.000000000000000000e+00 3.100000000000000000e+01 1.270000000000000000e+02 -3.519979999999999776e-01 -3.059000000000000087e-03
0.000000000000000000e+00 0.000000000000000000e+00 0.000000000000000000e+00 3.200000000000000000e+01 1.280000000000000000e+02 -3.519979999999999776e-01 -3.059000000000000087e-03
0.000000000000000000e+00 0.000000000000000000e+00 0.000000000000000000e+00 3.300000000000000000e+01 1.270000000000000000e+02 5.893700000000000327e-02 -7.562000000000000145e-03
0.000000000000000000e+00 0.000000000000000000e+00 0.000000000000000000e+00 3.400000000000000000e+01 1.280000000000000000e+02 5.893700000000000327e-02 -7.562000000000000145e-03
0.000000000000000000e+00 0.000000000000000000e+00 0.000000000000000000e+00 1.270000000000000000e+02 1.270000000000000000e+02 9.658050000000000246e-01 0.000000000000000000e+00
0.000000000000000000e+00 0.000000000000000000e+00 0.000000000000000000e+00 1.280000000000000000e+02 1.280000000000000000e+02 9.658050000000000246e-01 0.000000000000000000e+00
0.000000000000000000e+00 0.000000000000000000e+00 0.000000000000000000e+00 1.000000000000000000e+00 1.290000000000000000e+02 1.131226999999999983e+00 -3.399999999999999973e-05
0.000000000000000000e+00 0.000000000000000000e+00 0.000000000000000000e+00 2.000000000000000000e+00 1.300000000000000000e+02 1.131226999999999983e+00 -3.399999999999999973e-05
0.000000000000000000e+00 0.000000000000000000e+00 0.000000000000000000e+00 5.000000000000000000e+00 1.290000000000000000e+02 -9.906639999999999890e-01 -7.299999999999999903e-05
0.000000000000000000e+00 0.000000000000000000e+00 0.000000000000000000e+00 6.000000000000000000e+00 1.300000000000000000e+02 -9.906639999999999890e-01 -7.299999999999999903e-05
0.000000000000000000e+00 0.000000000000000000e+00 0.000000000000000000e+00 2.100000000000000000e+01 1.290000000000000000e+02 1.709699999999999998e+00 -3.008999999999999956e-03
0.000000000000000000e+00 0.000000000000000000e+00 0.000000000000000000e+00 2.200000000000000000e+01 1.300000000000000000e+02 1.709699999999999998e+00 -3.008999999999999956e-03
0.000000000000000000e+00 0.000000000000000000e+00 0.000000000000000000e+00 3.300000000000000000e+01 1.290000000000000000e+02 1.629091000000000067e+00 -2.011999999999999900e-03
0.000000000000000000e+00 0.000000000000000000e+00 0.000000000000000000e+00 3.400000000000000000e+01 1.300000000000000000e+02 1.629091000000000067e+00 -2.011999999999999900e-03
0.000000000000000000e+00 0.000000000000000000e+00 0.000000000000000000e+00 1.270000000000000000e+02 1.290000000000000000e+02 2.149999999999999947e-04 -1.440450000000000064e-01
0.000000000000000000e+00 0.000000000000000000e+00 0.000000000000000000e+00 1.290000000000000000e+02 1.290000000000000000e+02 1.007813999999999988e+00 -0.000000000000000000e+00
0.000000000000000000e+00 0.000000000000000000e+00 0.000000000000000000e+00 1.300000000000000000e+02 1.300000000000000000e+02 1.007813999999999988e+00 -0.000000000000000000e+00
0.000000000000000000e+00 0.000000000000000000e+00 0.000000000000000000e+00 1.280000000000000000e+02 1.300000000000000000e+02 2.149999999999999947e-04 1.440450000000000064e-01
0.000000000000000000e+00 0.000000000000000000e+00 0.000000000000000000e+00 3.000000000000000000e+00 1.310000000000000000e+02 -1.998759999999999981e-01 -2.599999999999999840e-05
0.000000000000000000e+00 0.000000000000000000e+00 0.000000000000000000e+00 4.000000000000000000e+00 1.320000000000000000e+02 -1.998759999999999981e-01 -2.599999999999999840e-05
0.000000000000000000e+00 0.000000000000000000e+00 0.000000000000000000e+00 7.000000000000000000e+00 1.310000000000000000e+02 -1.600459999999999938e-01 -5.000000000000000240e-05
0.000000000000000000e+00 0.000000000000000000e+00 0.000000000000000000e+00 8.000000000000000000e+00 1.320000000000000000e+02 -1.600459999999999938e-01 -5.000000000000000240e-05
0.000000000000000000e+00 0.000000000000000000e+00 0.000000000000000000e+00 2.300000000000000000e+01 1.310000000000000000e+02 -3.093690000000000051e-01 3.379999999999999758e-04
0.000000000000000000e+00 0.000000000000000000e+00 0.000000000000000000e+00 2.400000000000000000e+01 1.320000000000000000e+02 -3.093690000000000051e-01 3.379999999999999758e-04
0.000000000000000000e+00 0.000000000000000000e+00 0.000000000000000000e+00 2.700000000000000000e+01 1.310000000000000000e+02 -3.698870000000000213e-01 -4.000000000000000327e-05
0.000000000000000000e+00 0.000000000000000000e+00 0.000000000000000000e+00 2.800000000000000000e+01 1.320000000000000000e+02 -3.698870000000000213e-01 -4.000000000000000327e-05
0.000000000000000000e+00 0.000000000000000000e+00 0.000000000000000000e+00 3.500000000000000000e+01 1.310000000000000000e+02 -3.298189999999999733e-01 3.199999999999999855e-05
0.000000000000000000e+00 0.000000000000000000e+00 0.000000000000000000e+00 3.600000000000000000e+01 1.320000000000000000e+02 -3.298189999999999733e-01 3.199999999999999855e-05
0.000000000000000000e+00 0.000000000000000000e+00 0.000000000000000000e+00 3.900000000000000000e+01 1.310000000000000000e+02 3.045530000000000181e-01 9.920000000000000432e-04
0.000000000000000000e+00 0.000000000000000000e+00 0.000000000000000000e+00 4.000000000000000000e+01 1.320000000000000000e+02 3.045530000000000181e-01 9.920000000000000432e-04
0.000000000000000000e+00 0.000000000000000000e+00 0.000000000000000000e+00 1.310000000000000000e+02 1.310000000000000000e+02 1.309852999999999934e+00 0.000000000000000000e+00
0.000000000000000000e+00 0.000000000000000000e+00 0.000000000000000000e+00 1.320000000000000000e+02 1.320000000000000000e+02 1.309852999999999934e+00 0.000000000000000000e+00
0.000000000000000000e+00 0.000000000000000000e+00 0.000000000000000000e+00 1.340000000000000000e+02 1.310000000000000000e+02 -1.517249999999999988e-01 -4.020000000000000136e-04
0.000000000000000000e+00 0.000000000000000000e+00 0.000000000000000000e+00 1.360000000000000000e+02 1.310000000000000000e+02 -4.199999999999999768e-05 -1.470380000000000020e-01
0.000000000000000000e+00 0.000000000000000000e+00 0.000000000000000000e+00 1.330000000000000000e+02 1.320000000000000000e+02 1.517249999999999988e-01 -4.020000000000000136e-04
0.000000000000000000e+00 0.000000000000000000e+00 0.000000000000000000e+00 1.350000000000000000e+02 1.320000000000000000e+02 4.199999999999999768e-05 -1.470380000000000020e-01
0.000000000000000000e+00 0.000000000000000000e+00 0.000000000000000000e+00 3.000000000000000000e+00 1.330000000000000000e+02 -6.108000000000000235e-02 8.850000000000000228e-03
0.000000000000000000e+00 0.000000000000000000e+00 0.000000000000000000e+00 4.000000000000000000e+00 1.340000000000000000e+02 -6.108000000000000235e-02 8.850000000000000228e-03
0.000000000000000000e+00 0.000000000000000000e+00 0.000000000000000000e+00 7.000000000000000000e+00 1.330000000000000000e+02 3.223700000000000176e-02 -8.226000000000000673e-03
0.000000000000000000e+00 0.000000000000000000e+00 0.000000000000000000e+00 8.000000000000000000e+00 1.340000000000000000e+02 3.223700000000000176e-02 -8.226000000000000673e-03
0.000000000000000000e+00 0.000000000000000000e+00 0.000000000000000000e+00 2.500000000000000000e+01 1.330000000000000000e+02 -4.134320000000000217e-01 4.485000000000000271e-03
0.000000000000000000e+00 0.000000000000000000e+00 0.000000000000000000e+00 2.600000000000000000e+01 1.340000000000000000e+02 -4.134320000000000217e-01 4.485000000000000271e-03
0.000000000000000000e+00 0.000000000000000000e+00 0.000000000000000000e+00 2.700000000000000000e+01 1.330000000000000000e+02 -1.157409999999999967e-01 -1.106299999999999992e-02
0.000000000000000000e+00 0.000000000000000000e+00 0.000000000000000000e+00 2.800000000000000000e+01 1.340000000000000000e+02 -1.157409999999999967e-01 -1.106299999999999992e-02
0.000000000000000000e+00 0.000000000000000000e+00 0.000000000000000000e+00 3.700000000000000000e+01 1.330000000000000000e+02 -3.585180000000000033e-01 3.802999999999999957e-03
0.000000000000000000e+00 0.000000000000000000e+00 0.000000000000000000e+00 3.800000000000000000e+01 1.340000000000000000e+02 -3.585180000000000033e-01 3.802999999999999957e-03
0.000000000000000000e+00 0.000000000000000000e+00 0.000000000000000000e+00 3.900000000000000000e+01 1.330000000000000000e+02 -8.069500000000000284e-02 -9.523999999999999480e-03
0.000000000000000000e+00 0.000000000000000000e+00 0.000000000000000000e+00 4.000000000000000000e+01 1.340000000000000000e+02 -8.069500000000000284e-02 -9.523999999999999480e-03
0.000000000000000000e+00 0.000000000000000000e+00 0.000000000000000000e+00 1.330000000000000000e+02 1.330000000000000000e+02 1.222251999999999894e+00 -0.000000000000000000e+00
0.000000000000000000e+00 0.000000000000000000e+00 0.000000000000000000e+00 1.340000000000000000e+02 1.340000000000000000e+02 1.222251999999999894e+00 -0.000000000000000000e+00
0.000000000000000000e+00 0.000000000000000000e+00 0.000000000000000000e+00 3.000000000000000000e+00 1.350000000000000000e+02 1.005112000000000005e+00 1.400999999999999902e-03
0.000000000000000000e+00 0.000000000000000000e+00 0.000000000000000000e+00 4.000000000000000000e+00 1.360000000000000000e+02 1.005112000000000005e+00 1.400999999999999902e-03
0.000000000000000000e+00 0.000000000000000000e+00 0.000000000000000000e+00 7.000000000000000000e+00 1.350000000000000000e+02 -9.010930000000000328e-01 -2.039999999999999984e-04
0.000000000000000000e+00 0.000000000000000000e+00 0.000000000000000000e+00 8.000000000000000000e+00 1.360000000000000000e+02 -9.010930000000000328e-01 -2.039999999999999984e-04
0.000000000000000000e+00 0.000000000000000000e+00 0.000000000000000000e+00 2.700000000000000000e+01 1.350000000000000000e+02 1.575082000000000093e+00 2.360000000000000119e-03
0.000000000000000000e+00 0.000000000000000000e+00 0.000000000000000000e+00 2.800000000000000000e+01 1.360000000000000000e+02 1.575082000000000093e+00 2.360000000000000119e-03
0.000000000000000000e+00 0.000000000000000000e+00 0.000000000000000000e+00 3.900000000000000000e+01 1.350000000000000000e+02 1.474742999999999915e+00 9.150000000000000147e-04
0.000000000000000000e+00 0.000000000000000000e+00 0.000000000000000000e+00 4.000000000000000000e+01 1.360000000000000000e+02 1.474742999999999915e+00 9.150000000000000147e-04
0.000000000000000000e+00 0.000000000000000000e+00 0.000000000000000000e+00 1.330000000000000000e+02 1.350000000000000000e+02 2.060999999999999898e-03 -1.447710000000000108e-01
0.000000000000000000e+00 0.000000000000000000e+00 0.000000000000000000e+00 1.350000000000000000e+02 1.350000000000000000e+02 1.262812000000000046e+00 -0.000000000000000000e+00
0.000000000000000000e+00 0.000000000000000000e+00 0.000000000000000000e+00 1.360000000000000000e+02 1.360000000000000000e+02 1.262812000000000046e+00 -0.000000000000000000e+00
0.000000000000000000e+00 0.000000000000000000e+00 0.000000000000000000e+00 1.340000000000000000e+02 1.360000000000000000e+02 2.060999999999999898e-03 1.447710000000000108e-01
0.000000000000000000e+00 0.000000000000000000e+00 0.000000000000000000e+00 9.000000000000000000e+00 1.370000000000000000e+02 2.067099999999999840e-02 -1.420000000000000038e-03
0.000000000000000000e+00 0.000000000000000000e+00 0.000000000000000000e+00 1.000000000000000000e+01 1.380000000000000000e+02 2.067099999999999840e-02 -1.420000000000000038e-03
0.000000000000000000e+00 0.000000000000000000e+00 0.000000000000000000e+00 4.100000000000000000e+01 1.370000000000000000e+02 -4.170150000000000245e-01 -1.626000000000000058e-03
0.000000000000000000e+00 0.000000000000000000e+00 0.000000000000000000e+00 4.200000000000000000e+01 1.380000000000000000e+02 -4.170150000000000245e-01 -1.626000000000000058e-03
0.000000000000000000e+00 0.000000000000000000e+00 0.000000000000000000e+00 4.500000000000000000e+01 1.370000000000000000e+02 -1.719800000000000148e-02 2.601000000000000013e-03
0.000000000000000000e+00 0.000000000000000000e+00 0.000000000000000000e+00 4.600000000000000000e+01 1.380000000000000000e+02 -1.719800000000000148e-02 2.601000000000000013e-03
0.000000000000000000e+00 0.000000000000000000e+00 0.000000000000000000e+00 1.370000000000000000e+02 1.370000000000000000e+02 1.094287999999999927e+00 -0.000000000000000000e+00
0.000000000000000000e+00 0.000000000000000000e+00 0.000000000000000000e+00 1.380000000000000000e+02 1.380000000000000000e+02 1.094287999999999927e+00 -0.000000000000000000e+00
0.000000000000000000e+00 0.000000000000000000e+00 0.000000000000000000e+00 1.400000000000000000e+02 1.370000000000000000e+02 -1.528819999999999901e-01 6.740000000000000114e-04
0.000000000000000000e+00 0.000000000000000000e+00 0.000000000000000000e+00 1.420000000000000000e+02 1.370000000000000000e+02 -1.149000000000000065e-03 -1.446580000000000088e-01
0.000000000000000000e+00 0.000000000000000000e+00 0.000000000000000000e+00 1.390000000000000000e+02 1.380000000000000000e+02 1.528819999999999901e-01 6.740000000000000114e-04
0.000000000000000000e+00 0.000000000000000000e+00 0.000000000000000000e+00 1.410000000000000000e+02 1.380000000000000000e+02 1.149000000000000065e-03 -1.446580000000000088e-01
0.000000000000000000e+00 0.000000000000000000e+00 0.000000000000000000e+00 9.000000000000000000e+00 1.390000000000000000e+02 9.543699999999999406e-02 -6.035999999999999699e-03
0.000000000000000000e+00 0.000000000000000000e+00 0.000000000000000000e+00 1.000000000000000000e+01 1.400000000000000000e+02 9.543699999999999406e-02 -6.035999999999999699e-03
0.000000000000000000e+00 0.000000000000000000e+00 0.000000000000000000e+00 4.300000000000000000e+01 1.390000000000000000e+02 -4.310080000000000022e-01 -1.833999999999999910e-03
0.000000000000000000e+00 0.000000000000000000e+00 0.000000000000000000e+00 4.400000000000000000e+01 1.400000000000000000e+02 -4.310080000000000022e-01 -1.833999999999999910e-03
0.000000000000000000e+00 0.000000000000000000e+00 0.000000000000000000e+00 4.500000000000000000e+01 1.390000000000000000e+02 -1.864190000000000014e-01 -2.051100000000000145e-02
0.000000000000000000e+00 0.000000000000000000e+00 0.000000000000000000e+00 4.600000000000000000e+01 1.400000000000000000e+02 -1.864190000000000014e-01 -2.051100000000000145e-02
0.000000000000000000e+00 0.000000000000000000e+00 0.000000000000000000e+00 1.390000000000000000e+02 1.390000000000000000e+02 1.087423999999999946e+00 0.000000000000000000e+00
0.000000000000000000e+00 0.000000000000000000e+00 0.000000000000000000e+00 1.400000000000000000e+02 1.400000000000000000e+02 1.087423999999999946e+00 0.000000000000000000e+00
0.000000000000000000e+00 0.000000000000000000e+00 0.000000000000000000e+00 9.000000000000000000e+00 1.410000000000000000e+02 -9.762880000000000447e-01 5.348000000000000323e-03
0.000000000000000000e+00 0.000000000000000000e+00 0.000000000000000000e+00 1.000000000000000000e+01 1.420000000000000000e+02 -9.762880000000000447e-01 5.348000000000000323e-03
0.000000000000000000e+00 0.000000000000000000e+00 0.000000000000000000e+00 4.500000000000000000e+01 1.410000000000000000e+02 1.590716000000000019e+00 -1.819000000000000087e-03
0.000000000000000000e+00 0.000000000000000000e+00 0.000000000000000000e+00 4.600000000000000000e+01 1.420000000000000000e+02 1.590716000000000019e+00 -1.819000000000000087e-03
0.000000000000000000e+00 0.000000000000000000e+00 0.000000000000000000e+00 1.390000000000000000e+02 1.410000000000000000e+02 -3.256999999999999913e-03 -1.438119999999999954e-01
0.000000000000000000e+00 0.000000000000000000e+00 0.000000000000000000e+00 1.410000000000000000e+02 1.410000000000000000e+02 1.102994999999999948e+00 -0.000000000000000000e+00
0.000000000000000000e+00 0.000000000000000000e+00 0.000000000000000000e+00 1.420000000000000000e+02 1.420000000000000000e+02 1.102994999999999948e+00 -0.000000000000000000e+00
0.000000000000000000e+00 0.000000000000000000e+00 0.000000000000000000e+00 1.400000000000000000e+02 1.420000000000000000e+02 -3.256999999999999913e-03 1.438119999999999954e-01
0.000000000000000000e+00 0.000000000000000000e+00 0.000000000000000000e+00 1.100000000000000000e+01 1.430000000000000000e+02 1.354559999999999931e-01 -1.779999999999999898e-04
0.000000000000000000e+00 0.000000000000000000e+00 0.000000000000000000e+00 1.200000000000000000e+01 1.440000000000000000e+02 1.354559999999999931e-01 -1.779999999999999898e-04
0.000000000000000000e+00 0.000000000000000000e+00 0.000000000000000000e+00 4.700000000000000000e+01 1.430000000000000000e+02 -3.766399999999999748e-01 -9.840000000000000656e-04
0.000000000000000000e+00 0.000000000000000000e+00 0.000000000000000000e+00 4.800000000000000000e+01 1.440000000000000000e+02 -3.766399999999999748e-01 -9.840000000000000656e-04
0.000000000000000000e+00 0.000000000000000000e+00 0.000000000000000000e+00 5.100000000000000000e+01 1.430000000000000000e+02 -2.674520000000000231e-01 -2.007999999999999802e-03
0.000000000000000000e+00 0.000000000000000000e+00 0.000000000000000000e+00 5.200000000000000000e+01 1.440000000000000000e+02 -2.674520000000000231e-01 -2.007999999999999802e-03
0.000000000000000000e+00 0.000000000000000000e+00 0.000000000000000000e+00 1.430000000000000000e+02 1.430000000000000000e+02 1.412260999999999989e+00 -0.000000000000000000e+00
0.000000000000000000e+00 0.000000000000000000e+00 0.000000000000000000e+00 1.440000000000000000e+02 1.440000000000000000e+02 1.412260999999999989e+00 -0.000000000000000000e+00
0.000000000000000000e+00 0.000000000000000000e+00 0.000000000000000000e+00 1.460000000000000000e+02 1.430000000000000000e+02 -1.509999999999999953e-01 1.010000000000000047e-03
0.000000000000000000e+00 0.000000000000000000e+00 0.000000000000000000e+00 1.480000000000000000e+02 1.430000000000000000e+02 1.046000000000000055e-03 -1.454439999999999900e-01
0.000000000000000000e+00 0.000000000000000000e+00 0.000000000000000000e+00 1.450000000000000000e+02 1.440000000000000000e+02 1.509999999999999953e-01 1.010000000000000047e-03
0.000000000000000000e+00 0.000000000000000000e+00 0.000000000000000000e+00 1.470000000000000000e+02 1.440000000000000000e+02 -1.046000000000000055e-03 -1.454439999999999900e-01
0.000000000000000000e+00 0.000000000000000000e+00 0.000000000000000000e+00 1.100000000000000000e+01 1.450000000000000000e+02 -1.532119999999999871e-01 -8.115000000000000685e-03
0.000000000000000000e+00 0.000000000000000000e+00 0.000000000000000000e+00 1.200000000000000000e+01 1.460000000000000000e+02 -1.532119999999999871e-01 -8.115000000000000685e-03
0.000000000000000000e+00 0.000000000000000000e+00 0.000000000000000000e+00 4.900000000000000000e+01 1.450000000000000000e+02 -3.646809999999999774e-01 -3.429999999999999889e-03
0.000000000000000000e+00 0.000000000000000000e+00 0.000000000000000000e+00 5.000000000000000000e+01 1.460000000000000000e+02 -3.646809999999999774e-01 -3.429999999999999889e-03
0.000000000000000000e+00 0.000000000000000000e+00 0.000000000000000000e+00 5.100000000000000000e+01 1.450000000000000000e+02 3.072509999999999963e-01 -1.061499999999999944e-02
0.000000000000000000e+00 0.000000000000000000e+00 0.000000000000000000e+00 5.200000000000000000e+01 1.460000000000000000e+02 3.072509999999999963e-01 -1.061499999999999944e-02
0.000000000000000000e+00 0.000000000000000000e+00 0.000000000000000000e+00 1.450000000000000000e+02 1.450000000000000000e+02 1.374027000000000109e+00 0.000000000000000000e+00
0.000000000000000000e+00 0.000000000000000000e+00 0.000000000000000000e+00 1.460000000000000000e+02 1.460000000000000000e+02 1.374027000000000109e+00 0.000000000000000000e+00
0.000000000000000000e+00 0.000000000000000000e+00 0.000000000000000000e+00 1.100000000000000000e+01 1.470000000000000000e+02 -9.441420000000000368e-01 1.701000000000000038e-03
0.000000000000000000e+00 0.000000000000000000e+00 0.000000000000000000e+00 1.200000000000000000e+01 1.480000000000000000e+02 -9.441420000000000368e-01 1.701000000000000038e-03
0.000000000000000000e+00 0.000000000000000000e+00 0.000000000000000000e+00 5.100000000000000000e+01 1.470000000000000000e+02 1.459162999999999988e+00 7.519999999999999558e-04
0.000000000000000000e+00 0.000000000000000000e+00 0.000000000000000000e+00 5.200000000000000000e+01 1.480000000000000000e+02 1.459162999999999988e+00 7.519999999999999558e-04
0.000000000000000000e+00 0.000000000000000000e+00 0.000000000000000000e+00 1.450000000000000000e+02 1.470000000000000000e+02 -2.538500000000000131e-02 -1.455470000000000097e-01
0.000000000000000000e+00 0.000000000000000000e+00 0.000000000000000000e+00 1.470000000000000000e+02 1.470000000000000000e+02 1.391651999999999889e+00 0.000000000000000000e+00
0.000000000000000000e+00 0.000000000000000000e+00 0.000000000000000000e+00 1.480000000000000000e+02 1.480000000000000000e+02 1.391651999999999889e+00 0.000000000000000000e+00
0.000000000000000000e+00 0.000000000000000000e+00 0.000000000000000000e+00 1.460000000000000000e+02 1.480000000000000000e+02 -2.538500000000000131e-02 1.455470000000000097e-01
0.000000000000000000e+00 0.000000000000000000e+00 0.000000000000000000e+00 9.000000000000000000e+00 1.490000000000000000e+02 1.519959999999999922e-01 -1.048000000000000103e-03
0.000000000000000000e+00 0.000000000000000000e+00 0.000000000000000000e+00 1.000000000000000000e+01 1.500000000000000000e+02 1.519959999999999922e-01 -1.048000000000000103e-03
0.000000000000000000e+00 0.000000000000000000e+00 0.000000000000000000e+00 1.300000000000000000e+01 1.490000000000000000e+02 -3.772000000000000179e-03 5.069999999999999637e-04
0.000000000000000000e+00 0.000000000000000000e+00 0.000000000000000000e+00 1.400000000000000000e+01 1.500000000000000000e+02 -3.772000000000000179e-03 5.069999999999999637e-04
0.000000000000000000e+00 0.000000000000000000e+00 0.000000000000000000e+00 4.100000000000000000e+01 1.490000000000000000e+02 -3.439400000000000235e-01 1.010999999999999963e-03
0.000000000000000000e+00 0.000000000000000000e+00 0.000000000000000000e+00 4.200000000000000000e+01 1.500000000000000000e+02 -3.439400000000000235e-01 1.010999999999999963e-03
0.000000000000000000e+00 0.000000000000000000e+00 0.000000000000000000e+00 4.500000000000000000e+01 1.490000000000000000e+02 2.795529999999999959e-01 2.000000000000000164e-05
0.000000000000000000e+00 0.000000000000000000e+00 0.000000000000000000e+00 4.600000000000000000e+01 1.500000000000000000e+02 2.795529999999999959e-01 2.000000000000000164e-05
0.000000000000000000e+00 0.000000000000000000e+00 0.000000000000000000e+00 5.300000000000000000e+01 1.490000000000000000e+02 -4.339859999999999829e-01 1.665000000000000030e-03
0.000000000000000000e+00 0.000000000000000000e+00 0.000000000000000000e+00 5.400000000000000000e+01 1.500000000000000000e+02 -4.339859999999999829e-01 1.665000000000000030e-03
0.000000000000000000e+00 0.000000000000000000e+00 0.000000000000000000e+00 5.700000000000000000e+01 1.490000000000000000e+02 3.112099999999999936e-02 2.142999999999999940e-03
0.000000000000000000e+00 0.000000000000000000e+00 0.000000000000000000e+00 5.800000000000000000e+01 1.500000000000000000e+02 3.112099999999999936e-02 2.142999999999999940e-03
0.000000000000000000e+00 0.000000000000000000e+00 0.000000000000000000e+00 1.490000000000000000e+02 1.490000000000000000e+02 1.063663000000000025e+00 0.000000000000000000e+00
0.000000000000000000e+00 0.000000000000000000e+00 0.000000000000000000e+00 1.500000000000000000e+02 1.500000000000000000e+02 1.063663000000000025e+00 0.000000000000000000e+00
0.000000000000000000e+00 0.000000000000000000e+00 0.000000000000000000e+00 1.520000000000000000e+02 1.490000000000000000e+02 -1.518710000000000060e-01 -1.324000000000000090e-03
0.000000000000000000e+00 0.000000000000000000e+00 0.000000000000000000e+00 1.540000000000000000e+02 1.490000000000000000e+02 5.039999999999999992e-04 -1.451649999999999885e-01
0.000000000000000000e+00 0.000000000000000000e+00 0.000000000000000000e+00 1.510000000000000000e+02 1.500000000000000000e+02 1.518710000000000060e-01 -1.324000000000000090e-03
0.000000000000000000e+00 0.000000000000000000e+00 0.000000000000000000e+00 1.530000000000000000e+02 1.500000000000000000e+02 -5.039999999999999992e-04 -1.451649999999999885e-01
0.000000000000000000e+00 0.000000000000000000e+00 0.000000000000000000e+00 9.000000000000000000e+00 1.510000000000000000e+02 -7.771300000000000430e-02 9.964999999999999900e-03
0.000000000000000000e+00 0.000000000000000000e+00 0.000000000000000000e+00 1.000000000000000000e+01 1.520000000000000000e+02 -7.771300000000000430e-02 9.964999999999999900e-03
0.000000000000000000e+00 0.000000000000000000e+00 0.000000000000000000e+00 1.300000000000000000e+01 1.510000000000000000e+02 5.155499999999999666e-02 -1.011199999999999946e-02
0.000000000000000000e+00 0.000000000000000000e+00 0.000000000000000000e+00 1.400000000000000000e+01 1.520000000000000000e+02 5.155499999999999666e-02 -1.011199999999999946e-02
0.000000000000000000e+00 0.000000000000000000e+00 0.000000000000000000e+00 4.300000000000000000e+01 1.510000000000000000e+02 -3.523839999999999750e-01 -2.383000000000000135e-03
0.000000000000000000e+00 0.000000000000000000e+00 0.000000000000000000e+00 4.400000000000000000e+01 1.520000000000000000e+02 -3.523839999999999750e-01 -2.383000000000000135e-03
0.000000000000000000e+00 0.000000000000000000e+00 0.000000000000000000e+00 4.500000000000000000e+01 1.510000000000000000e+02 -1.843589999999999951e-01 -9.582999999999999505e-03
0.000000000000000000e+00 0.000000000000000000e+00 0.000000000000000000e+00 4.600000000000000000e+01 1.520000000000000000e+02 -1.843589999999999951e-01 -9.582999999999999505e-03
0.000000000000000000e+00 0.000000000000000000e+00 0.000000000000000000e+00 5.500000000000000000e+01 1.510000000000000000e+02 -4.380839999999999734e-01 1.360800000000000030e-02
0.000000000000000000e+00 0.000000000000000000e+00 0.000000000000000000e+00 5.600000000000000000e+01 1.520000000000000000e+02 -4.380839999999999734e-01 1.360800000000000030e-02
0.000000000000000000e+00 0.000000000000000000e+00 0.000000000000000000e+00 5.700000000000000000e+01 1.510000000000000000e+02 -1.124870000000000037e-01 -1.557599999999999957e-02
0.000000000000000000e+00 0.000000000000000000e+00 0.000000000000000000e+00 5.800000000000000000e+01 1.520000000000000000e+02 -1.124870000000000037e-01 -1.557599999999999957e-02
0.000000000000000000e+00 0.000000000000000000e+00 0.000000000000000000e+00 1.510000000000000000e+02 1.510000000000000000e+02 1.128163000000000027e+00 -0.000000000000000000e+00
0.000000000000000000e+00 0.000000000000000000e+00 0.000000000000000000e+00 1.520000000000000000e+02 1.520000000000000000e+02 1.128163000000000027e+00 -0.000000000000000000e+00
0.000000000000000000e+00 0.000000000000000000e+00 0.000000000000000000e+00 9.000000000000000000e+00 1.530000000000000000e+02 8.925570000000000448e-01 5.597999999999999678e-03
0.000000000000000000e+00 0.000000000000000000e+00 0.000000000000000000e+00 1.000000000000000000e+01 1.540000000000000000e+02 8.925570000000000448e-01 5.597999999999999678e-03
0.000000000000000000e+00 0.000000000000000000e+00 0.000000000000000000e+00 1.300000000000000000e+01 1.530000000000000000e+02 -1.077053000000000038e+00 -1.445000000000000104e-03
0.000000000000000000e+00 0.000000000000000000e+00 0.000000000000000000e+00 1.400000000000000000e+01 1.540000000000000000e+02 -1.077053000000000038e+00 -1.445000000000000104e-03
0.000000000000000000e+00 0.000000000000000000e+00 0.000000000000000000e+00 4.500000000000000000e+01 1.530000000000000000e+02 1.576543999999999945e+00 -8.293000000000000024e-03
0.000000000000000000e+00 0.000000000000000000e+00 0.000000000000000000e+00 4.600000000000000000e+01 1.540000000000000000e+02 1.576543999999999945e+00 -8.293000000000000024e-03
0.000000000000000000e+00 0.000000000000000000e+00 0.000000000000000000e+00 5.700000000000000000e+01 1.530000000000000000e+02 1.690998000000000001e+00 1.085900000000000060e-02
0.000000000000000000e+00 0.000000000000000000e+00 0.000000000000000000e+00 5.800000000000000000e+01 1.540000000000000000e+02 1.690998000000000001e+00 1.085900000000000060e-02
0.000000000000000000e+00 0.000000000000000000e+00 0.000000000000000000e+00 1.510000000000000000e+02 1.530000000000000000e+02 1.599499999999999880e-02 -1.446139999999999926e-01
0.000000000000000000e+00 0.000000000000000000e+00 0.000000000000000000e+00 1.530000000000000000e+02 1.530000000000000000e+02 1.131348000000000020e+00 0.000000000000000000e+00
0.000000000000000000e+00 0.000000000000000000e+00 0.000000000000000000e+00 1.540000000000000000e+02 1.540000000000000000e+02 1.131348000000000020e+00 0.000000000000000000e+00
0.000000000000000000e+00 0.000000000000000000e+00 0.000000000000000000e+00 1.520000000000000000e+02 1.540000000000000000e+02 1.599499999999999880e-02 1.446139999999999926e-01
0.000000000000000000e+00 0.000000000000000000e+00 0.000000000000000000e+00 1.100000000000000000e+01 1.550000000000000000e+02 1.054080000000000017e-01 -2.979999999999999793e-04
0.000000000000000000e+00 0.000000000000000000e+00 0.000000000000000000e+00 1.200000000000000000e+01 1.560000000000000000e+02 1.054080000000000017e-01 -2.979999999999999793e-04
0.000000000000000000e+00 0.000000000000000000e+00 0.000000000000000000e+00 1.500000000000000000e+01 1.550000000000000000e+02 1.336670000000000080e-01 -1.299999999999999920e-05
0.000000000000000000e+00 0.000000000000000000e+00 0.000000000000000000e+00 1.600000000000000000e+01 1.560000000000000000e+02 1.336670000000000080e-01 -1.299999999999999920e-05
0.000000000000000000e+00 0.000000000000000000e+00 0.000000000000000000e+00 4.700000000000000000e+01 1.550000000000000000e+02 -2.977279999999999927e-01 3.660000000000000059e-04
0.000000000000000000e+00 0.000000000000000000e+00 0.000000000000000000e+00 4.800000000000000000e+01 1.560000000000000000e+02 -2.977279999999999927e-01 3.660000000000000059e-04
0.000000000000000000e+00 0.000000000000000000e+00 0.000000000000000000e+00 5.100000000000000000e+01 1.550000000000000000e+02 2.235570000000000057e-01 1.083999999999999894e-03
0.000000000000000000e+00 0.000000000000000000e+00 0.000000000000000000e+00 5.200000000000000000e+01 1.560000000000000000e+02 2.235570000000000057e-01 1.083999999999999894e-03
0.000000000000000000e+00 0.000000000000000000e+00 0.000000000000000000e+00 5.900000000000000000e+01 1.550000000000000000e+02 -6.102349999999999719e-01 -1.917000000000000084e-03
0.000000000000000000e+00 0.000000000000000000e+00 0.000000000000000000e+00 6.000000000000000000e+01 1.560000000000000000e+02 -6.102349999999999719e-01 -1.917000000000000084e-03
0.000000000000000000e+00 0.000000000000000000e+00 0.000000000000000000e+00 6.300000000000000000e+01 1.550000000000000000e+02 -2.000879999999999881e-01 1.450000000000000009e-04
0.000000000000000000e+00 0.000000000000000000e+00 0.000000000000000000e+00 6.400000000000000000e+01 1.560000000000000000e+02 -2.000879999999999881e-01 1.450000000000000009e-04
0.000000000000000000e+00 0.000000000000000000e+00 0.000000000000000000e+00 1.550000000000000000e+02 1.550000000000000000e+02 8.988450000000000051e-01 0.000000000000000000e+00
0.000000000000000000e+00 0.000000000000000000e+00 0.000000000000000000e+00 1.560000000000000000e+02 1.560000000000000000e+02 8.988450000000000051e-01 0.000000000000000000e+00
0.000000000000000000e+00 0.000000000000000000e+00 0.000000000000000000e+00 1.580000000000000000e+02 1.550000000000000000e+02 -1.528670000000000029e-01 -1.909000000000000107e-03
0.000000000000000000e+00 0.000000000000000000e+00 0.000000000000000000e+00 1.600000000000000000e+02 1.550000000000000000e+02 -2.750999999999999973e-03 -1.474060000000000092e-01
0.000000000000000000e+00 0.000000000000000000e+00 0.000000000000000000e+00 1.570000000000000000e+02 1.560000000000000000e+02 1.528670000000000029e-01 -1.909000000000000107e-03
0.000000000000000000e+00 0.000000000000000000e+00 0.000000000000000000e+00 1.590000000000000000e+02 1.560000000000000000e+02 2.750999999999999973e-03 -1.474060000000000092e-01
0.000000000000000000e+00 0.000000000000000000e+00 0.000000000000000000e+00 1.100000000000000000e+01 1.570000000000000000e+02 1.662029999999999896e-01 7.485000000000000334e-03
0.000000000000000000e+00 0.000000000000000000e+00 0.000000000000000000e+00 1.200000000000000000e+01 1.580000000000000000e+02 1.662029999999999896e-01 7.485000000000000334e-03
0.000000000000000000e+00 0.000000000000000000e+00 0.000000000000000000e+00 1.500000000000000000e+01 1.570000000000000000e+02 6.096620000000000372e-01 -8.975999999999999604e-03
0.000000000000000000e+00 0.000000000000000000e+00 0.000000000000000000e+00 1.600000000000000000e+01 1.580000000000000000e+02 6.096620000000000372e-01 -8.975999999999999604e-03
0.000000000000000000e+00 0.000000000000000000e+00 0.000000000000000000e+00 4.900000000000000000e+01 1.570000000000000000e+02 -2.433329999999999937e-01 2.092999999999999809e-03
0.000000000000000000e+00 0.000000000000000000e+00 0.000000000000000000e+00 5.000000000000000000e+01 1.580000000000000000e+02 -2.433329999999999937e-01 2.092999999999999809e-03
0.000000000000000000e+00 0.000000000000000000e+00 0.000000000000000000e+00 5.100000000000000000e+01 1.570000000000000000e+02 3.062719999999999887e-01 -6.977999999999999828e-03
0.000000000000000000e+00 0.000000000000000000e+00 0.000000000000000000e+00 5.200000000000000000e+01 1.580000000000000000e+02 3.062719999999999887e-01 -6.977999999999999828e-03
0.000000000000000000e+00 0.000000000000000000e+00 0.000000000000000000e+00 6.100000000000000000e+01 1.570000000000000000e+02 -2.109449999999999936e-01 -8.255999999999999450e-03
0.000000000000000000e+00 0.000000000000000000e+00 0.000000000000000000e+00 6.200000000000000000e+01 1.580000000000000000e+02 -2.109449999999999936e-01 -8.255999999999999450e-03
0.000000000000000000e+00 0.000000000000000000e+00 0.000000000000000000e+00 6.300000000000000000e+01 1.570000000000000000e+02 -9.416440000000000365e-01 -2.145100000000000132e-02
0.000000000000000000e+00 0.000000000000000000e+00 0.000000000000000000e+00 6.400000000000000000e+01 1.580000000000000000e+02 -9.416440000000000365e-01 -2.145100000000000132e-02
0.000000000000000000e+00 0.000000000000000000e+00 0.000000000000000000e+00 1.570000000000000000e+02 1.570000000000000000e+02 8.816829999999999945e-01 0.000000000000000000e+00
0.000000000000000000e+00 0.000000000000000000e+00 0.000000000000000000e+00 1.580000000000000000e+02 1.580000000000000000e+02 8.816829999999999945e-01 0.000000000000000000e+00
0.000000000000000000e+00 0.000000000000000000e+00 0.000000000000000000e+00 1.100000000000000000e+01 1.590000000000000000e+02 7.754680000000000462e-01 -8.469999999999999881e-04
0.000000000000000000e+00 0.000000000000000000e+00 0.000000000000000000e+00 1.200000000000000000e+01 1.600000000000000000e+02 7.754680000000000462e-01 -8.469999999999999881e-04
0.000000000000000000e+00 0.000000000000000000e+00 0.000000000000000000e+00 1.500000000000000000e+01 1.590000000000000000e+02 -1.379807000000000006e+00 -3.655999999999999962e-03
0.000000000000000000e+00 0.000000000000000000e+00 0.000000000000000000e+00 1.600000000000000000e+01 1.600000000000000000e+02 -1.379807000000000006e+00 -3.655999999999999962e-03
0.000000000000000000e+00 0.000000000000000000e+00 0.000000000000000000e+00 5.100000000000000000e+01 1.590000000000000000e+02 1.285382999999999942e+00 3.579999999999999849e-03
0.000000000000000000e+00 0.000000000000000000e+00 0.000000000000000000e+00 5.200000000000000000e+01 1.600000000000000000e+02 1.285382999999999942e+00 3.579999999999999849e-03
0.000000000000000000e+00 0.000000000000000000e+00 0.000000000000000000e+00 6.300000000000000000e+01 1.590000000000000000e+02 1.594419999999999948e+00 5.151000000000000197e-03
0.000000000000000000e+00 0.000000000000000000e+00 0.000000000000000000e+00 6.400000000000000000e+01 1.600000000000000000e+02 1.594419999999999948e+00 5.151000000000000197e-03
0.000000000000000000e+00 0.000000000000000000e+00 0.000000000000000000e+00 1.570000000000000000e+02 1.590000000000000000e+02 2.380699999999999830e-02 -1.459000000000000019e-01
0.000000000000000000e+00 0.000000000000000000e+00 0.000000000000000000e+00 1.590000000000000000e+02 1.590000000000000000e+02 8.987340000000000328e-01 -0.000000000000000000e+00
0.000000000000000000e+00 0.000000000000000000e+00 0.000000000000000000e+00 1.600000000000000000e+02 1.600000000000000000e+02 8.987340000000000328e-01 -0.000000000000000000e+00
0.000000000000000000e+00 0.000000000000000000e+00 0.000000000000000000e+00 1.580000000000000000e+02 1.600000000000000000e+02 2.380699999999999830e-02 1.459000000000000019e-01
0.000000000000000000e+00 0.000000000000000000e+00 0.000000000000000000e+00 1.000000000000000000e+00 1.610000000000000000e+02 3.322800000000000059e-02 1.072999999999999952e-03
0.000000000000000000e+00 0.000000000000000000e+00 0.000000000000000000e+00 2.000000000000000000e+00 1.620000000000000000e+02 3.322800000000000059e-02 1.072999999999999952e-03
0.000000000000000000e+00 0.000000000000000000e+00 0.000000000000000000e+00 1.700000000000000000e+01 1.610000000000000000e+02 -5.572319999999999496e-01 -1.556000000000000091e-03
0.000000000000000000e+00 0.000000000000000000e+00 0.000000000000000000e+00 1.800000000000000000e+01 1.620000000000000000e+02 -5.572319999999999496e-01 -1.556000000000000091e-03
0.000000000000000000e+00 0.000000000000000000e+00 0.000000000000000000e+00 1.900000000000000000e+01 1.610000000000000000e+02 -3.785299999999999776e-02 -1.067999999999999939e-03
0.000000000000000000e+00 0.000000000000000000e+00 0.000000000000000000e+00 2.000000000000000000e+01 1.620000000000000000e+02 -3.785299999999999776e-02 -1.067999999999999939e-03
0.000000000000000000e+00 0.000000000000000000e+00 0.000000000000000000e+00 1.610000000000000000e+02 1.610000000000000000e+02 1.041053000000000006e+00 -0.000000000000000000e+00
0.000000000000000000e+00 0.000000000000000000e+00 0.000000000000000000e+00 1.620000000000000000e+02 1.620000000000000000e+02 1.041053000000000006e+00 -0.000000000000000000e+00
0.000000000000000000e+00 0.000000000000000000e+00 0.000000000000000000e+00 1.640000000000000000e+02 1.610000000000000000e+02 -1.431850000000000067e-01 1.430000000000000064e-03
0.000000000000000000e+00 0.000000000000000000e+00 0.000000000000000000e+00 1.660000000000000000e+02 1.610000000000000000e+02 8.499999999999999526e-04 -1.552409999999999901e-01
0.000000000000000000e+00 0.000000000000000000e+00 0.000000000000000000e+00 1.630000000000000000e+02 1.620000000000000000e+02 1.431850000000000067e-01 1.430000000000000064e-03
0.000000000000000000e+00 0.000000000000000000e+00 0.000000000000000000e+00 1.650000000000000000e+02 1.620000000000000000e+02 -8.499999999999999526e-04 -1.552409999999999901e-01
0.000000000000000000e+00 0.000000000000000000e+00 0.000000000000000000e+00 1.000000000000000000e+00 1.630000000000000000e+02 -1.327013999999999916e+00 -7.110000000000000434e-04
0.000000000000000000e+00 0.000000000000000000e+00 0.000000000000000000e+00 2.000000000000000000e+00 1.640000000000000000e+02 -1.327013999999999916e+00 -7.110000000000000434e-04
0.000000000000000000e+00 0.000000000000000000e+00 0.000000000000000000e+00 1.900000000000000000e+01 1.630000000000000000e+02 1.830669000000000102e+00 4.407999999999999592e-03
0.000000000000000000e+00 0.000000000000000000e+00 0.000000000000000000e+00 2.000000000000000000e+01 1.640000000000000000e+02 1.830669000000000102e+00 4.407999999999999592e-03
0.000000000000000000e+00 0.000000000000000000e+00 0.000000000000000000e+00 1.630000000000000000e+02 1.630000000000000000e+02 1.054226000000000107e+00 0.000000000000000000e+00
0.000000000000000000e+00 0.000000000000000000e+00 0.000000000000000000e+00 1.640000000000000000e+02 1.640000000000000000e+02 1.054226000000000107e+00 0.000000000000000000e+00
0.000000000000000000e+00 0.000000000000000000e+00 0.000000000000000000e+00 1.000000000000000000e+00 1.650000000000000000e+02 -2.751799999999999802e-01 1.190699999999999918e-02
0.000000000000000000e+00 0.000000000000000000e+00 0.000000000000000000e+00 2.000000000000000000e+00 1.660000000000000000e+02 -2.751799999999999802e-01 1.190699999999999918e-02
0.000000000000000000e+00 0.000000000000000000e+00 0.000000000000000000e+00 1.900000000000000000e+01 1.650000000000000000e+02 4.950620000000000021e-01 1.984500000000000153e-02
0.000000000000000000e+00 0.000000000000000000e+00 0.000000000000000000e+00 2.000000000000000000e+01 1.660000000000000000e+02 4.950620000000000021e-01 1.984500000000000153e-02
0.000000000000000000e+00 0.000000000000000000e+00 0.000000000000000000e+00 2.100000000000000000e+01 1.650000000000000000e+02 -4.516350000000000087e-01 3.801000000000000125e-03
0.000000000000000000e+00 0.000000000000000000e+00 0.000000000000000000e+00 2.200000000000000000e+01 1.660000000000000000e+02 -4.516350000000000087e-01 3.801000000000000125e-03
0.000000000000000000e+00 0.000000000000000000e+00 0.000000000000000000e+00 1.630000000000000000e+02 1.650000000000000000e+02 -1.763400000000000037e-02 -1.424189999999999900e-01
0.000000000000000000e+00 0.000000000000000000e+00 0.000000000000000000e+00 1.650000000000000000e+02 1.650000000000000000e+02 1.095577000000000023e+00 0.000000000000000000e+00
0.000000000000000000e+00 0.000000000000000000e+00 0.000000000000000000e+00 1.660000000000000000e+02 1.660000000000000000e+02 1.095577000000000023e+00 0.000000000000000000e+00
0.000000000000000000e+00 0.000000000000000000e+00 0.000000000000000000e+00 1.640000000000000000e+02 1.660000000000000000e+02 -1.763400000000000037e-02 1.424189999999999900e-01
0.000000000000000000e+00 0.000000000000000000e+00 0.000000000000000000e+00 1.000000000000000000e+00 1.670000000000000000e+02 2.251680000000000070e-01 4.260000000000000006e-04
0.000000000000000000e+00 0.000000000000000000e+00 0.000000000000000000e+00 2.000000000000000000e+00 1.680000000000000000e+02 2.251680000000000070e-01 4.260000000000000006e-04
0.000000000000000000e+00 0.000000000000000000e+00 0.000000000000000000e+00 3.000000000000000000e+00 1.670000000000000000e+02 1.695820000000000105e-01 -5.899999999999999754e-05
0.000000000000000000e+00 0.000000000000000000e+00 0.000000000000000000e+00 4.000000000000000000e+00 1.680000000000000000e+02 1.695820000000000105e-01 -5.899999999999999754e-05
0.000000000000000000e+00 0.000000000000000000e+00 0.000000000000000000e+00 1.700000000000000000e+01 1.670000000000000000e+02 -2.648179999999999978e-01 -9.560000000000000355e-04
0.000000000000000000e+00 0.000000000000000000e+00 0.000000000000000000e+00 1.800000000000000000e+01 1.680000000000000000e+02 -2.648179999999999978e-01 -9.560000000000000355e-04
0.000000000000000000e+00 0.000000000000000000e+00 0.000000000000000000e+00 1.900000000000000000e+01 1.670000000000000000e+02 4.584770000000000234e-01 -1.284999999999999901e-03
0.000000000000000000e+00 0.000000000000000000e+00 0.000000000000000000e+00 2.000000000000000000e+01 1.680000000000000000e+02 4.584770000000000234e-01 -1.284999999999999901e-03
0.000000000000000000e+00 0.000000000000000000e+00 0.000000000000000000e+00 2.300000000000000000e+01 1.670000000000000000e+02 -2.945550000000000113e-01 6.070000000000000092e-04
0.000000000000000000e+00 0.000000000000000000e+00 0.000000000000000000e+00 2.400000000000000000e+01 1.680000000000000000e+02 -2.945550000000000113e-01 6.070000000000000092e-04
0.000000000000000000e+00 0.000000000000000000e+00 0.000000000000000000e+00 2.500000000000000000e+01 1.670000000000000000e+02 -3.143699999999999828e-01 -1.038999999999999993e-03
0.000000000000000000e+00 0.000000000000000000e+00 0.000000000000000000e+00 2.600000000000000000e+01 1.680000000000000000e+02 -3.143699999999999828e-01 -1.038999999999999993e-03
0.000000000000000000e+00 0.000000000000000000e+00 0.000000000000000000e+00 1.670000000000000000e+02 1.670000000000000000e+02 9.943499999999999561e-01 -0.000000000000000000e+00
0.000000000000000000e+00 0.000000000000000000e+00 0.000000000000000000e+00 1.680000000000000000e+02 1.680000000000000000e+02 9.943499999999999561e-01 -0.000000000000000000e+00
0.000000000000000000e+00 0.000000000000000000e+00 0.000000000000000000e+00 1.700000000000000000e+02 1.670000000000000000e+02 -1.439300000000000024e-01 -3.269999999999999795e-04
0.000000000000000000e+00 0.000000000000000000e+00 0.000000000000000000e+00 1.720000000000000000e+02 1.670000000000000000e+02 -8.450000000000000479e-04 -1.462400000000000089e-01
0.000000000000000000e+00 0.000000000000000000e+00 0.000000000000000000e+00 1.690000000000000000e+02 1.680000000000000000e+02 1.439300000000000024e-01 -3.269999999999999795e-04
0.000000000000000000e+00 0.000000000000000000e+00 0.000000000000000000e+00 1.710000000000000000e+02 1.680000000000000000e+02 8.450000000000000479e-04 -1.462400000000000089e-01
0.000000000000000000e+00 0.000000000000000000e+00 0.000000000000000000e+00 1.000000000000000000e+00 1.690000000000000000e+02 8.869850000000000234e-01 4.400000000000000157e-04
0.000000000000000000e+00 0.000000000000000000e+00 0.000000000000000000e+00 2.000000000000000000e+00 1.700000000000000000e+02 8.869850000000000234e-01 4.400000000000000157e-04
0.000000000000000000e+00 0.000000000000000000e+00 0.000000000000000000e+00 3.000000000000000000e+00 1.690000000000000000e+02 -9.395369999999999555e-01 -4.560000000000000251e-04
0.000000000000000000e+00 0.000000000000000000e+00 0.000000000000000000e+00 4.000000000000000000e+00 1.700000000000000000e+02 -9.395369999999999555e-01 -4.560000000000000251e-04
0.000000000000000000e+00 0.000000000000000000e+00 0.000000000000000000e+00 1.900000000000000000e+01 1.690000000000000000e+02 1.466528000000000054e+00 -1.966999999999999998e-03
0.000000000000000000e+00 0.000000000000000000e+00 0.000000000000000000e+00 2.000000000000000000e+01 1.700000000000000000e+02 1.466528000000000054e+00 -1.966999999999999998e-03
0.000000000000000000e+00 0.000000000000000000e+00 0.000000000000000000e+00 2.500000000000000000e+01 1.690000000000000000e+02 1.474607999999999919e+00 -5.389999999999999826e-04
0.000000000000000000e+00 0.000000000000000000e+00 0.000000000000000000e+00 2.600000000000000000e+01 1.700000000000000000e+02 1.474607999999999919e+00 -5.389999999999999826e-04
0.000000000000000000e+00 0.000000000000000000e+00 0.000000000000000000e+00 1.690000000000000000e+02 1.690000000000000000e+02 1.004042000000000101e+00 -0.000000000000000000e+00
0.000000000000000000e+00 0.000000000000000000e+00 0.000000000000000000e+00 1.700000000000000000e+02 1.700000000000000000e+02 1.004042000000000101e+00 -0.000000000000000000e+00
0.000000000000000000e+00 0.000000000000000000e+00 0.000000000000000000e+00 1.000000000000000000e+00 1.710000000000000000e+02 -3.481000000000000153e-03 -7.636000000000000426e-03
0.000000000000000000e+00 0.000000000000000000e+00 0.000000000000000000e+00 2.000000000000000000e+00 1.720000000000000000e+02 -3.481000000000000153e-03 -7.636000000000000426e-03
0.000000000000000000e+00 0.000000000000000000e+00 0.000000000000000000e+00 3.000000000000000000e+00 1.710000000000000000e+02 7.581000000000000238e-02 8.999999999999999320e-03
0.000000000000000000e+00 0.000000000000000000e+00 0.000000000000000000e+00 4.000000000000000000e+00 1.720000000000000000e+02 7.581000000000000238e-02 8.999999999999999320e-03
0.000000000000000000e+00 0.000000000000000000e+00 0.000000000000000000e+00 1.900000000000000000e+01 1.710000000000000000e+02 -2.905999999999999903e-02 1.670900000000000163e-02
0.000000000000000000e+00 0.000000000000000000e+00 0.000000000000000000e+00 2.000000000000000000e+01 1.720000000000000000e+02 -2.905999999999999903e-02 1.670900000000000163e-02
0.000000000000000000e+00 0.000000000000000000e+00 0.000000000000000000e+00 2.100000000000000000e+01 1.710000000000000000e+02 -4.098439999999999861e-01 -3.073999999999999910e-03
0.000000000000000000e+00 0.000000000000000000e+00 0.000000000000000000e+00 2.200000000000000000e+01 1.720000000000000000e+02 -4.098439999999999861e-01 -3.073999999999999910e-03
0.000000000000000000e+00 0.000000000000000000e+00 0.000000000000000000e+00 2.500000000000000000e+01 1.710000000000000000e+02 -1.434489999999999932e-01 1.116499999999999958e-02
0.000000000000000000e+00 0.000000000000000000e+00 0.000000000000000000e+00 2.600000000000000000e+01 1.720000000000000000e+02 -1.434489999999999932e-01 1.116499999999999958e-02
0.000000000000000000e+00 0.000000000000000000e+00 0.000000000000000000e+00 2.700000000000000000e+01 1.710000000000000000e+02 -3.593669999999999920e-01 -1.768000000000000040e-03
0.000000000000000000e+00 0.000000000000000000e+00 0.000000000000000000e+00 2.800000000000000000e+01 1.720000000000000000e+02 -3.593669999999999920e-01 -1.768000000000000040e-03
0.000000000000000000e+00 0.000000000000000000e+00 0.000000000000000000e+00 1.690000000000000000e+02 1.710000000000000000e+02 1.810200000000000004e-02 -1.412529999999999897e-01
0.000000000000000000e+00 0.000000000000000000e+00 0.000000000000000000e+00 1.710000000000000000e+02 1.710000000000000000e+02 9.650450000000000417e-01 0.000000000000000000e+00
0.000000000000000000e+00 0.000000000000000000e+00 0.000000000000000000e+00 1.720000000000000000e+02 1.720000000000000000e+02 9.650450000000000417e-01 0.000000000000000000e+00
0.000000000000000000e+00 0.000000000000000000e+00 0.000000000000000000e+00 1.700000000000000000e+02 1.720000000000000000e+02 1.810200000000000004e-02 1.412529999999999897e-01
0.000000000000000000e+00 0.000000000000000000e+00 0.000000000000000000e+00 5.000000000000000000e+00 1.730000000000000000e+02 -1.807999999999999928e-03 9.399999999999999448e-05
0.000000000000000000e+00 0.000000000000000000e+00 0.000000000000000000e+00 6.000000000000000000e+00 1.740000000000000000e+02 -1.807999999999999928e-03 9.399999999999999448e-05
0.000000000000000000e+00 0.000000000000000000e+00 0.000000000000000000e+00 2.900000000000000000e+01 1.730000000000000000e+02 -3.882539999999999880e-01 -5.980000000000000072e-04
0.000000000000000000e+00 0.000000000000000000e+00 0.000000000000000000e+00 3.000000000000000000e+01 1.740000000000000000e+02 -3.882539999999999880e-01 -5.980000000000000072e-04
0.000000000000000000e+00 0.000000000000000000e+00 0.000000000000000000e+00 3.100000000000000000e+01 1.730000000000000000e+02 4.022300000000000181e-02 3.144999999999999792e-03
0.000000000000000000e+00 0.000000000000000000e+00 0.000000000000000000e+00 3.200000000000000000e+01 1.740000000000000000e+02 4.022300000000000181e-02 3.144999999999999792e-03
0.000000000000000000e+00 0.000000000000000000e+00 0.000000000000000000e+00 1.730000000000000000e+02 1.730000000000000000e+02 1.353715999999999919e+00 -0.000000000000000000e+00
0.000000000000000000e+00 0.000000000000000000e+00 0.000000000000000000e+00 1.740000000000000000e+02 1.740000000000000000e+02 1.353715999999999919e+00 -0.000000000000000000e+00
0.000000000000000000e+00 0.000000000000000000e+00 0.000000000000000000e+00 1.760000000000000000e+02 1.730000000000000000e+02 -1.450780000000000125e-01 -2.460000000000000164e-04
0.000000000000000000e+00 0.000000000000000000e+00 0.000000000000000000e+00 1.780000000000000000e+02 1.730000000000000000e+02 9.200000000000000007e-05 -1.516659999999999953e-01
0.000000000000000000e+00 0.000000000000000000e+00 0.000000000000000000e+00 1.750000000000000000e+02 1.740000000000000000e+02 1.450780000000000125e-01 -2.460000000000000164e-04
0.000000000000000000e+00 0.000000000000000000e+00 0.000000000000000000e+00 1.770000000000000000e+02 1.740000000000000000e+02 -9.200000000000000007e-05 -1.516659999999999953e-01
0.000000000000000000e+00 0.000000000000000000e+00 0.000000000000000000e+00 5.000000000000000000e+00 1.750000000000000000e+02 -9.321329999999999893e-01 -1.603999999999999957e-03
0.000000000000000000e+00 0.000000000000000000e+00 0.000000000000000000e+00 6.000000000000000000e+00 1.760000000000000000e+02 -9.321329999999999893e-01 -1.603999999999999957e-03
0.000000000000000000e+00 0.000000000000000000e+00 0.000000000000000000e+00 3.100000000000000000e+01 1.750000000000000000e+02 1.503163000000000027e+00 1.165000000000000020e-03
0.000000000000000000e+00 0.000000000000000000e+00 0.000000000000000000e+00 3.200000000000000000e+01 1.760000000000000000e+02 1.503163000000000027e+00 1.165000000000000020e-03
0.000000000000000000e+00 0.000000000000000000e+00 0.000000000000000000e+00 1.750000000000000000e+02 1.750000000000000000e+02 1.362087999999999965e+00 0.000000000000000000e+00
0.000000000000000000e+00 0.000000000000000000e+00 0.000000000000000000e+00 1.760000000000000000e+02 1.760000000000000000e+02 1.362087999999999965e+00 0.000000000000000000e+00
0.000000000000000000e+00 0.000000000000000000e+00 0.000000000000000000e+00 5.000000000000000000e+00 1.770000000000000000e+02 -1.705619999999999914e-01 8.812000000000000388e-03
0.000000000000000000e+00 0.000000000000000000e+00 0.000000000000000000e+00 6.000000000000000000e+00 1.780000000000000000e+02 -1.705619999999999914e-01 8.812000000000000388e-03
0.000000000000000000e+00 0.000000000000000000e+00 0.000000000000000000e+00 3.100000000000000000e+01 1.770000000000000000e+02 3.206089999999999773e-01 7.830999999999999420e-03
0.000000000000000000e+00 0.000000000000000000e+00 0.000000000000000000e+00 3.200000000000000000e+01 1.780000000000000000e+02 3.206089999999999773e-01 7.830999999999999420e-03
0.000000000000000000e+00 0.000000000000000000e+00 0.000000000000000000e+00 3.300000000000000000e+01 1.770000000000000000e+02 -3.251729999999999898e-01 4.340000000000000108e-03
0.000000000000000000e+00 0.000000000000000000e+00 0.000000000000000000e+00 3.400000000000000000e+01 1.780000000000000000e+02 -3.251729999999999898e-01 4.340000000000000108e-03
0.000000000000000000e+00 0.000000000000000000e+00 0.000000000000000000e+00 1.750000000000000000e+02 1.770000000000000000e+02 6.173999999999999801e-03 -1.469749999999999945e-01
0.000000000000000000e+00 0.000000000000000000e+00 0.000000000000000000e+00 1.770000000000000000e+02 1.770000000000000000e+02 1.390446999999999989e+00 0.000000000000000000e+00
0.000000000000000000e+00 0.000000000000000000e+00 0.000000000000000000e+00 1.780000000000000000e+02 1.780000000000000000e+02 1.390446999999999989e+00 0.000000000000000000e+00
0.000000000000000000e+00 0.000000000000000000e+00 0.000000000000000000e+00 1.760000000000000000e+02 1.780000000000000000e+02 6.173999999999999801e-03 1.469749999999999945e-01
0.000000000000000000e+00 0.000000000000000000e+00 0.000000000000000000e+00 5.000000000000000000e+00 1.790000000000000000e+02 -3.463089999999999780e-01 5.800000000000000034e-05
0.000000000000000000e+00 0.000000000000000000e+00 0.000000000000000000e+00 6.000000000000000000e+00 1.800000000000000000e+02 -3.463089999999999780e-01 5.800000000000000034e-05
0.000000000000000000e+00 0.000000000000000000e+00 0.000000000000000000e+00 7.000000000000000000e+00 1.790000000000000000e+02 -7.613499999999999435e-02 -1.689999999999999879e-04
0.000000000000000000e+00 0.000000000000000000e+00 0.000000000000000000e+00 8.000000000000000000e+00 1.800000000000000000e+02 -7.613499999999999435e-02 -1.689999999999999879e-04
0.000000000000000000e+00 0.000000000000000000e+00 0.000000000000000000e+00 2.900000000000000000e+01 1.790000000000000000e+02 -3.362260000000000248e-01 9.859999999999998974e-04
0.000000000000000000e+00 0.000000000000000000e+00 0.000000000000000000e+00 3.000000000000000000e+01 1.800000000000000000e+02 -3.362260000000000248e-01 9.859999999999998974e-04
0.000000000000000000e+00 0.000000000000000000e+00 0.000000000000000000e+00 3.100000000000000000e+01 1.790000000000000000e+02 -6.236909999999999954e-01 8.840000000000000201e-04
0.000000000000000000e+00 0.000000000000000000e+00 0.000000000000000000e+00 3.200000000000000000e+01 1.800000000000000000e+02 -6.236909999999999954e-01 8.840000000000000201e-04
0.000000000000000000e+00 0.000000000000000000e+00 0.000000000000000000e+00 3.500000000000000000e+01 1.790000000000000000e+02 -3.803710000000000147e-01 4.609999999999999840e-04
0.000000000000000000e+00 0.000000000000000000e+00 0.000000000000000000e+00 3.600000000000000000e+01 1.800000000000000000e+02 -3.803710000000000147e-01 4.609999999999999840e-04
0.000000000000000000e+00 0.000000000000000000e+00 0.000000000000000000e+00 3.700000000000000000e+01 1.790000000000000000e+02 1.283360000000000056e-01 3.699999999999999811e-05
0.000000000000000000e+00 0.000000000000000000e+00 0.000000000000000000e+00 3.800000000000000000e+01 1.800000000000000000e+02 1.283360000000000056e-01 3.699999999999999811e-05
0.000000000000000000e+00 0.000000000000000000e+00 0.000000000000000000e+00 1.790000000000000000e+02 1.790000000000000000e+02 1.026078999999999963e+00 0.000000000000000000e+00
0.000000000000000000e+00 0.000000000000000000e+00 0.000000000000000000e+00 1.800000000000000000e+02 1.800000000000000000e+02 1.026078999999999963e+00 0.000000000000000000e+00
0.000000000000000000e+00 0.000000000000000000e+00 0.000000000000000000e+00 1.820000000000000000e+02 1.790000000000000000e+02 -1.444070000000000076e-01 -3.390000000000000001e-04
0.000000000000000000e+00 0.000000000000000000e+00 0.000000000000000000e+00 1.840000000000000000e+02 1.790000000000000000e+02 -5.919999999999999698e-04 -1.528220000000000134e-01
0.000000000000000000e+00 0.000000000000000000e+00 0.000000000000000000e+00 1.810000000000000000e+02 1.800000000000000000e+02 1.444070000000000076e-01 -3.390000000000000001e-04
0.000000000000000000e+00 0.000000000000000000e+00 0.000000000000000000e+00 1.830000000000000000e+02 1.800000000000000000e+02 5.919999999999999698e-04 -1.528220000000000134e-01
0.000000000000000000e+00 0.000000000000000000e+00 0.000000000000000000e+00 5.000000000000000000e+00 1.810000000000000000e+02 1.159524999999999917e+00 -7.110000000000000434e-04
0.000000000000000000e+00 0.000000000000000000e+00 0.000000000000000000e+00 6.000000000000000000e+00 1.820000000000000000e+02 1.159524999999999917e+00 -7.110000000000000434e-04
0.000000000000000000e+00 0.000000000000000000e+00 0.000000000000000000e+00 7.000000000000000000e+00 1.810000000000000000e+02 -9.474310000000000231e-01 5.789999999999999791e-04
0.000000000000000000e+00 0.000000000000000000e+00 0.000000000000000000e+00 8.000000000000000000e+00 1.820000000000000000e+02 -9.474310000000000231e-01 5.789999999999999791e-04
0.000000000000000000e+00 0.000000000000000000e+00 0.000000000000000000e+00 3.100000000000000000e+01 1.810000000000000000e+02 1.619666000000000050e+00 -2.128000000000000117e-03
0.000000000000000000e+00 0.000000000000000000e+00 0.000000000000000000e+00 3.200000000000000000e+01 1.820000000000000000e+02 1.619666000000000050e+00 -2.128000000000000117e-03
0.000000000000000000e+00 0.000000000000000000e+00 0.000000000000000000e+00 3.700000000000000000e+01 1.810000000000000000e+02 1.555928999999999895e+00 9.790000000000000525e-04
0.000000000000000000e+00 0.000000000000000000e+00 0.000000000000000000e+00 3.800000000000000000e+01 1.820000000000000000e+02 1.555928999999999895e+00 9.790000000000000525e-04
0.000000000000000000e+00 0.000000000000000000e+00 0.000000000000000000e+00 1.810000000000000000e+02 1.810000000000000000e+02 1.043298000000000059e+00 -0.000000000000000000e+00
0.000000000000000000e+00 0.000000000000000000e+00 0.000000000000000000e+00 1.820000000000000000e+02 1.820000000000000000e+02 1.043298000000000059e+00 -0.000000000000000000e+00
0.000000000000000000e+00 0.000000000000000000e+00 0.000000000000000000e+00 5.000000000000000000e+00 1.830000000000000000e+02 -7.926999999999999325e-02 -9.657999999999999918e-03
0.000000000000000000e+00 0.000000000000000000e+00 0.000000000000000000e+00 6.000000000000000000e+00 1.840000000000000000e+02 -7.926999999999999325e-02 -9.657999999999999918e-03
0.000000000000000000e+00 0.000000000000000000e+00 0.000000000000000000e+00 7.000000000000000000e+00 1.830000000000000000e+02 -2.704999999999999939e-03 8.295999999999999555e-03
0.000000000000000000e+00 0.000000000000000000e+00 0.000000000000000000e+00 8.000000000000000000e+00 1.840000000000000000e+02 -2.704999999999999939e-03 8.295999999999999555e-03
0.000000000000000000e+00 0.000000000000000000e+00 0.000000000000000000e+00 3.100000000000000000e+01 1.830000000000000000e+02 -1.497269999999999990e-01 1.379999999999999977e-02
0.000000000000000000e+00 0.000000000000000000e+00 0.000000000000000000e+00 3.200000000000000000e+01 1.840000000000000000e+02 -1.497269999999999990e-01 1.379999999999999977e-02
0.000000000000000000e+00 0.000000000000000000e+00 0.000000000000000000e+00 3.300000000000000000e+01 1.830000000000000000e+02 -4.896240000000000037e-01 -4.980000000000000052e-03
0.000000000000000000e+00 0.000000000000000000e+00 0.000000000000000000e+00 3.400000000000000000e+01 1.840000000000000000e+02 -4.896240000000000037e-01 -4.980000000000000052e-03
0.000000000000000000e+00 0.000000000000000000e+00 0.000000000000000000e+00 3.700000000000000000e+01 1.830000000000000000e+02 4.164000000000000166e-03 1.171600000000000072e-02
0.000000000000000000e+00 0.000000000000000000e+00 0.000000000000000000e+00 3.800000000000000000e+01 1.840000000000000000e+02 4.164000000000000166e-03 1.171600000000000072e-02
0.000000000000000000e+00 0.000000000000000000e+00 0.000000000000000000e+00 3.900000000000000000e+01 1.830000000000000000e+02 -3.996160000000000267e-01 -1.547999999999999897e-03
0.000000000000000000e+00 0.000000000000000000e+00 0.000000000000000000e+00 4.000000000000000000e+01 1.840000000000000000e+02 -3.996160000000000267e-01 -1.547999999999999897e-03
0.000000000000000000e+00 0.000000000000000000e+00 0.000000000000000000e+00 1.810000000000000000e+02 1.830000000000000000e+02 -5.259999999999999919e-04 -1.448679999999999968e-01
0.000000000000000000e+00 0.000000000000000000e+00 0.000000000000000000e+00 1.830000000000000000e+02 1.830000000000000000e+02 9.875380000000000269e-01 0.000000000000000000e+00
0.000000000000000000e+00 0.000000000000000000e+00 0.000000000000000000e+00 1.840000000000000000e+02 1.840000000000000000e+02 9.875380000000000269e-01 0.000000000000000000e+00
0.000000000000000000e+00 0.000000000000000000e+00 0.000000000000000000e+00 1.820000000000000000e+02 1.840000000000000000e+02 -5.259999999999999919e-04 1.448679999999999968e-01
0.000000000000000000e+00 0.000000000000000000e+00 0.000000000000000000e+00 9.000000000000000000e+00 1.850000000000000000e+02 6.379700000000000648e-02 -7.060000000000000303e-04
0.000000000000000000e+00 0.000000000000000000e+00 0.000000000000000000e+00 1.000000000000000000e+01 1.860000000000000000e+02 6.379700000000000648e-02 -7.060000000000000303e-04
0.000000000000000000e+00 0.000000000000000000e+00 0.000000000000000000e+00 4.100000000000000000e+01 1.850000000000000000e+02 -4.412829999999999808e-01 -4.420000000000000101e-04
0.000000000000000000e+00 0.000000000000000000e+00 0.000000000000000000e+00 4.200000000000000000e+01 1.860000000000000000e+02 -4.412829999999999808e-01 -4.420000000000000101e-04
0.000000000000000000e+00 0.000000000000000000e+00 0.000000000000000000e+00 4.300000000000000000e+01 1.850000000000000000e+02 -8.144899999999999363e-02 9.659999999999999533e-04
0.000000000000000000e+00 0.000000000000000000e+00 0.000000000000000000e+00 4.400000000000000000e+01 1.860000000000000000e+02 -8.144899999999999363e-02 9.659999999999999533e-04
0.000000000000000000e+00 0.000000000000000000e+00 0.000000000000000000e+00 1.850000000000000000e+02 1.850000000000000000e+02 7.611769999999999925e-01 0.000000000000000000e+00
0.000000000000000000e+00 0.000000000000000000e+00 0.000000000000000000e+00 1.860000000000000000e+02 1.860000000000000000e+02 7.611769999999999925e-01 0.000000000000000000e+00
0.000000000000000000e+00 0.000000000000000000e+00 0.000000000000000000e+00 1.880000000000000000e+02 1.850000000000000000e+02 -1.433899999999999897e-01 -2.439999999999999949e-04
0.000000000000000000e+00 0.000000000000000000e+00 0.000000000000000000e+00 1.900000000000000000e+02 1.850000000000000000e+02 -1.900000000000000105e-05 -1.499659999999999882e-01
0.000000000000000000e+00 0.000000000000000000e+00 0.000000000000000000e+00 1.870000000000000000e+02 1.860000000000000000e+02 1.433899999999999897e-01 -2.439999999999999949e-04
0.000000000000000000e+00 0.000000000000000000e+00 0.000000000000000000e+00 1.890000000000000000e+02 1.860000000000000000e+02 1.900000000000000105e-05 -1.499659999999999882e-01
0.000000000000000000e+00 0.000000000000000000e+00 0.000000000000000000e+00 9.000000000000000000e+00 1.870000000000000000e+02 -1.021443000000000101e+00 -1.771700000000000011e-02
0.000000000000000000e+00 0.000000000000000000e+00 0.000000000000000000e+00 1.000000000000000000e+01 1.880000000000000000e+02 -1.021443000000000101e+00 -1.771700000000000011e-02
0.000000000000000000e+00 0.000000000000000000e+00 0.000000000000000000e+00 4.300000000000000000e+01 1.870000000000000000e+02 1.674992999999999954e+00 -2.020000000000000040e-04
0.000000000000000000e+00 0.000000000000000000e+00 0.000000000000000000e+00 4.400000000000000000e+01 1.880000000000000000e+02 1.674992999999999954e+00 -2.020000000000000040e-04
0.000000000000000000e+00 0.000000000000000000e+00 0.000000000000000000e+00 1.870000000000000000e+02 1.870000000000000000e+02 8.120939999999999825e-01 0.000000000000000000e+00
0.000000000000000000e+00 0.000000000000000000e+00 0.000000000000000000e+00 1.880000000000000000e+02 1.880000000000000000e+02 8.120939999999999825e-01 0.000000000000000000e+00
0.000000000000000000e+00 0.000000000000000000e+00 0.000000000000000000e+00 9.000000000000000000e+00 1.890000000000000000e+02 -4.726700000000000346e-02 1.164100000000000031e-02
0.000000000000000000e+00 0.000000000000000000e+00 0.000000000000000000e+00 1.000000000000000000e+01 1.900000000000000000e+02 -4.726700000000000346e-02 1.164100000000000031e-02
0.000000000000000000e+00 0.000000000000000000e+00 0.000000000000000000e+00 4.300000000000000000e+01 1.890000000000000000e+02 9.684399999999999953e-02 1.810000000000000150e-02
0.000000000000000000e+00 0.000000000000000000e+00 0.000000000000000000e+00 4.400000000000000000e+01 1.900000000000000000e+02 9.684399999999999953e-02 1.810000000000000150e-02
0.000000000000000000e+00 0.000000000000000000e+00 0.000000000000000000e+00 4.500000000000000000e+01 1.890000000000000000e+02 -4.379810000000000092e-01 -6.216000000000000171e-03
0.000000000000000000e+00 0.000000000000000000e+00 0.000000000000000000e+00 4.600000000000000000e+01 1.900000000000000000e+02 -4.379810000000000092e-01 -6.216000000000000171e-03
0.000000000000000000e+00 0.000000000000000000e+00 0.000000000000000000e+00 1.870000000000000000e+02 1.890000000000000000e+02 -5.420999999999999604e-03 -1.406219999999999970e-01
0.000000000000000000e+00 0.000000000000000000e+00 0.000000000000000000e+00 1.890000000000000000e+02 1.890000000000000000e+02 7.611390000000000100e-01 -0.000000000000000000e+00
0.000000000000000000e+00 0.000000000000000000e+00 0.000000000000000000e+00 1.900000000000000000e+02 1.900000000000000000e+02 7.611390000000000100e-01 -0.000000000000000000e+00
0.000000000000000000e+00 0.000000000000000000e+00 0.000000000000000000e+00 1.880000000000000000e+02 1.900000000000000000e+02 -5.420999999999999604e-03 1.406219999999999970e-01
0.000000000000000000e+00 0.000000000000000000e+00 0.000000000000000000e+00 9.000000000000000000e+00 1.910000000000000000e+02 1.709700000000000109e-02 -6.780000000000000002e-04
0.000000000000000000e+00 0.000000000000000000e+00 0.000000000000000000e+00 1.000000000000000000e+01 1.920000000000000000e+02 1.709700000000000109e-02 -6.780000000000000002e-04
0.000000000000000000e+00 0.000000000000000000e+00 0.000000000000000000e+00 1.100000000000000000e+01 1.910000000000000000e+02 -5.191999999999999567e-03 -4.369999999999999970e-04
0.000000000000000000e+00 0.000000000000000000e+00 0.000000000000000000e+00 1.200000000000000000e+01 1.920000000000000000e+02 -5.191999999999999567e-03 -4.369999999999999970e-04
0.000000000000000000e+00 0.000000000000000000e+00 0.000000000000000000e+00 4.100000000000000000e+01 1.910000000000000000e+02 -3.666320000000000134e-01 -8.399999999999999535e-05
0.000000000000000000e+00 0.000000000000000000e+00 0.000000000000000000e+00 4.200000000000000000e+01 1.920000000000000000e+02 -3.666320000000000134e-01 -8.399999999999999535e-05
0.000000000000000000e+00 0.000000000000000000e+00 0.000000000000000000e+00 4.300000000000000000e+01 1.910000000000000000e+02 2.795999999999999874e-03 2.089000000000000145e-03
0.000000000000000000e+00 0.000000000000000000e+00 0.000000000000000000e+00 4.400000000000000000e+01 1.920000000000000000e+02 2.795999999999999874e-03 2.089000000000000145e-03
0.000000000000000000e+00 0.000000000000000000e+00 0.000000000000000000e+00 4.700000000000000000e+01 1.910000000000000000e+02 -4.152219999999999800e-01 9.640000000000000131e-04
0.000000000000000000e+00 0.000000000000000000e+00 0.000000000000000000e+00 4.800000000000000000e+01 1.920000000000000000e+02 -4.152219999999999800e-01 9.640000000000000131e-04
0.000000000000000000e+00 0.000000000000000000e+00 0.000000000000000000e+00 4.900000000000000000e+01 1.910000000000000000e+02 1.941000000000000017e-03 2.677999999999999825e-03
0.000000000000000000e+00 0.000000000000000000e+00 0.000000000000000000e+00 5.000000000000000000e+01 1.920000000000000000e+02 1.941000000000000017e-03 2.677999999999999825e-03
0.000000000000000000e+00 0.000000000000000000e+00 0.000000000000000000e+00 1.910000000000000000e+02 1.910000000000000000e+02 1.105288000000000048e+00 0.000000000000000000e+00
0.000000000000000000e+00 0.000000000000000000e+00 0.000000000000000000e+00 1.920000000000000000e+02 1.920000000000000000e+02 1.105288000000000048e+00 0.000000000000000000e+00
0.000000000000000000e+00 0.000000000000000000e+00 0.000000000000000000e+00 1.940000000000000000e+02 1.910000000000000000e+02 -1.435230000000000117e-01 -3.110000000000000243e-04
0.000000000000000000e+00 0.000000000000000000e+00 0.000000000000000000e+00 1.960000000000000000e+02 1.910000000000000000e+02 3.570000000000000040e-04 -1.515080000000000038e-01
0.000000000000000000e+00 0.000000000000000000e+00 0.000000000000000000e+00 1.930000000000000000e+02 1.920000000000000000e+02 1.435230000000000117e-01 -3.110000000000000243e-04
0.000000000000000000e+00 0.000000000000000000e+00 0.000000000000000000e+00 1.950000000000000000e+02 1.920000000000000000e+02 -3.570000000000000040e-04 -1.515080000000000038e-01
0.000000000000000000e+00 0.000000000000000000e+00 0.000000000000000000e+00 9.000000000000000000e+00 1.930000000000000000e+02 8.362739999999999618e-01 -1.437599999999999989e-02
0.000000000000000000e+00 0.000000000000000000e+00 0.000000000000000000e+00 1.000000000000000000e+01 1.940000000000000000e+02 8.362739999999999618e-01 -1.437599999999999989e-02
0.000000000000000000e+00 0.000000000000000000e+00 0.000000000000000000e+00 1.100000000000000000e+01 1.930000000000000000e+02 -1.058097000000000065e+00 -2.178999999999999947e-03
0.000000000000000000e+00 0.000000000000000000e+00 0.000000000000000000e+00 1.200000000000000000e+01 1.940000000000000000e+02 -1.058097000000000065e+00 -2.178999999999999947e-03
0.000000000000000000e+00 0.000000000000000000e+00 0.000000000000000000e+00 4.300000000000000000e+01 1.930000000000000000e+02 1.432617999999999947e+00 -8.399000000000000216e-03
0.000000000000000000e+00 0.000000000000000000e+00 0.000000000000000000e+00 4.400000000000000000e+01 1.940000000000000000e+02 1.432617999999999947e+00 -8.399000000000000216e-03
0.000000000000000000e+00 0.000000000000000000e+00 0.000000000000000000e+00 4.900000000000000000e+01 1.930000000000000000e+02 1.590001999999999915e+00 2.357999999999999853e-03
0.000000000000000000e+00 0.000000000000000000e+00 0.000000000000000000e+00 5.000000000000000000e+01 1.940000000000000000e+02 1.590001999999999915e+00 2.357999999999999853e-03
0.000000000000000000e+00 0.000000000000000000e+00 0.000000000000000000e+00 1.930000000000000000e+02 1.930000000000000000e+02 1.121261999999999981e+00 0.000000000000000000e+00
0.000000000000000000e+00 0.000000000000000000e+00 0.000000000000000000e+00 1.940000000000000000e+02 1.940000000000000000e+02 1.121261999999999981e+00 0.000000000000000000e+00
0.000000000000000000e+00 0.000000000000000000e+00 0.000000000000000000e+00 9.000000000000000000e+00 1.950000000000000000e+02 2.268380000000000118e-01 -1.065900000000000007e-02
0.000000000000000000e+00 0.000000000000000000e+00 0.000000000000000000e+00 1.000000000000000000e+01 1.960000000000000000e+02 2.268380000000000118e-01 -1.065900000000000007e-02
0.000000000000000000e+00 0.000000000000000000e+00 0.000000000000000000e+00 1.100000000000000000e+01 1.950000000000000000e+02 2.107489999999999919e-01 9.743999999999999190e-03
0.000000000000000000e+00 0.000000000000000000e+00 0.000000000000000000e+00 1.200000000000000000e+01 1.960000000000000000e+02 2.107489999999999919e-01 9.743999999999999190e-03
0.000000000000000000e+00 0.000000000000000000e+00 0.000000000000000000e+00 4.300000000000000000e+01 1.950000000000000000e+02 4.629179999999999962e-01 1.115099999999999945e-02
0.000000000000000000e+00 0.000000000000000000e+00 0.000000000000000000e+00 4.400000000000000000e+01 1.960000000000000000e+02 4.629179999999999962e-01 1.115099999999999945e-02
0.000000000000000000e+00 0.000000000000000000e+00 0.000000000000000000e+00 4.500000000000000000e+01 1.950000000000000000e+02 -2.610359999999999903e-01 3.706000000000000093e-03
0.000000000000000000e+00 0.000000000000000000e+00 0.000000000000000000e+00 4.600000000000000000e+01 1.960000000000000000e+02 -2.610359999999999903e-01 3.706000000000000093e-03
0.000000000000000000e+00 0.000000000000000000e+00 0.000000000000000000e+00 4.900000000000000000e+01 1.950000000000000000e+02 -3.899960000000000093e-01 1.388400000000000051e-02
0.000000000000000000e+00 0.000000000000000000e+00 0.000000000000000000e+00 5.000000000000000000e+01 1.960000000000000000e+02 -3.899960000000000093e-01 1.388400000000000051e-02
0.000000000000000000e+00 0.000000000000000000e+00 0.000000000000000000e+00 5.100000000000000000e+01 1.950000000000000000e+02 -3.636880000000000113e-01 3.161000000000000181e-03
0.000000000000000000e+00 0.000000000000000000e+00 0.000000000000000000e+00 5.200000000000000000e+01 1.960000000000000000e+02 -3.636880000000000113e-01 3.161000000000000181e-03
0.000000000000000000e+00 0.000000000000000000e+00 0.000000000000000000e+00 1.930000000000000000e+02 1.950000000000000000e+02 -4.401000000000000398e-03 -1.449570000000000025e-01
0.000000000000000000e+00 0.000000000000000000e+00 0.000000000000000000e+00 1.950000000000000000e+02 1.950000000000000000e+02 1.163763000000000103e+00 0.000000000000000000e+00
0.000000000000000000e+00 0.000000000000000000e+00 0.000000000000000000e+00 1.960000000000000000e+02 1.960000000000000000e+02 1.163763000000000103e+00 0.000000000000000000e+00
0.000000000000000000e+00 0.000000000000000000e+00 0.000000000000000000e+00 1.940000000000000000e+02 1.960000000000000000e+02 -4.401000000000000398e-03 1.449570000000000025e-01
0.000000000000000000e+00 0.000000000000000000e+00 0.000000000000000000e+00 1.300000000000000000e+01 1.970000000000000000e+02 -1.594939999999999969e-01 4.220000000000000118e-04
0.000000000000000000e+00 0.000000000000000000e+00 0.000000000000000000e+00 1.400000000000000000e+01 1.980000000000000000e+02 -1.594939999999999969e-01 4.220000000000000118e-04
0.000000000000000000e+00 0.000000000000000000e+00 0.000000000000000000e+00 5.300000000000000000e+01 1.970000000000000000e+02 -4.657959999999999878e-01 9.970000000000000563e-04
0.000000000000000000e+00 0.000000000000000000e+00 0.000000000000000000e+00 5.400000000000000000e+01 1.980000000000000000e+02 -4.657959999999999878e-01 9.970000000000000563e-04
0.000000000000000000e+00 0.000000000000000000e+00 0.000000000000000000e+00 5.500000000000000000e+01 1.970000000000000000e+02 2.806469999999999798e-01 -8.019999999999999785e-04
0.000000000000000000e+00 0.000000000000000000e+00 0.000000000000000000e+00 5.600000000000000000e+01 1.980000000000000000e+02 2.806469999999999798e-01 -8.019999999999999785e-04
0.000000000000000000e+00 0.000000000000000000e+00 0.000000000000000000e+00 1.970000000000000000e+02 1.970000000000000000e+02 1.168285999999999936e+00 -0.000000000000000000e+00
0.000000000000000000e+00 0.000000000000000000e+00 0.000000000000000000e+00 1.980000000000000000e+02 1.980000000000000000e+02 1.168285999999999936e+00 -0.000000000000000000e+00
0.000000000000000000e+00 0.000000000000000000e+00 0.000000000000000000e+00 2.000000000000000000e+02 1.970000000000000000e+02 -1.456149999999999944e-01 -1.412999999999999977e-03
0.000000000000000000e+00 0.000000000000000000e+00 0.000000000000000000e+00 2.020000000000000000e+02 1.970000000000000000e+02 -6.350000000000000392e-04 -1.501170000000000004e-01
0.000000000000000000e+00 0.000000000000000000e+00 0.000000000000000000e+00 1.990000000000000000e+02 1.980000000000000000e+02 1.456149999999999944e-01 -1.412999999999999977e-03
0.000000000000000000e+00 0.000000000000000000e+00 0.000000000000000000e+00 2.010000000000000000e+02 1.980000000000000000e+02 6.350000000000000392e-04 -1.501170000000000004e-01
0.000000000000000000e+00 0.000000000000000000e+00 0.000000000000000000e+00 1.300000000000000000e+01 1.990000000000000000e+02 -1.148916999999999966e+00 2.132999999999999913e-03
0.000000000000000000e+00 0.000000000000000000e+00 0.000000000000000000e+00 1.400000000000000000e+01 2.000000000000000000e+02 -1.148916999999999966e+00 2.132999999999999913e-03
0.000000000000000000e+00 0.000000000000000000e+00 0.000000000000000000e+00 5.500000000000000000e+01 1.990000000000000000e+02 1.642435000000000089e+00 1.361000000000000014e-03
0.000000000000000000e+00 0.000000000000000000e+00 0.000000000000000000e+00 5.600000000000000000e+01 2.000000000000000000e+02 1.642435000000000089e+00 1.361000000000000014e-03
0.000000000000000000e+00 0.000000000000000000e+00 0.000000000000000000e+00 1.990000000000000000e+02 1.990000000000000000e+02 1.190047999999999995e+00 -0.000000000000000000e+00
0.000000000000000000e+00 0.000000000000000000e+00 0.000000000000000000e+00 2.000000000000000000e+02 2.000000000000000000e+02 1.190047999999999995e+00 -0.000000000000000000e+00
0.000000000000000000e+00 0.000000000000000000e+00 0.000000000000000000e+00 1.300000000000000000e+01 2.010000000000000000e+02 2.391099999999999892e-01 9.195000000000000048e-03
0.000000000000000000e+00 0.000000000000000000e+00 0.000000000000000000e+00 1.400000000000000000e+01 2.020000000000000000e+02 2.391099999999999892e-01 9.195000000000000048e-03
0.000000000000000000e+00 0.000000000000000000e+00 0.000000000000000000e+00 5.500000000000000000e+01 2.010000000000000000e+02 -4.240849999999999898e-01 1.679999999999999896e-02
0.000000000000000000e+00 0.000000000000000000e+00 0.000000000000000000e+00 5.600000000000000000e+01 2.020000000000000000e+02 -4.240849999999999898e-01 1.679999999999999896e-02
0.000000000000000000e+00 0.000000000000000000e+00 0.000000000000000000e+00 5.700000000000000000e+01 2.010000000000000000e+02 -4.388179999999999858e-01 6.199999999999999999e-04
0.000000000000000000e+00 0.000000000000000000e+00 0.000000000000000000e+00 5.800000000000000000e+01 2.020000000000000000e+02 -4.388179999999999858e-01 6.199999999999999999e-04
0.000000000000000000e+00 0.000000000000000000e+00 0.000000000000000000e+00 1.990000000000000000e+02 2.010000000000000000e+02 8.059999999999999673e-04 -1.448730000000000018e-01
0.000000000000000000e+00 0.000000000000000000e+00 0.000000000000000000e+00 2.010000000000000000e+02 2.010000000000000000e+02 1.129871999999999987e+00 -0.000000000000000000e+00
0.000000000000000000e+00 0.000000000000000000e+00 0.000000000000000000e+00 2.020000000000000000e+02 2.020000000000000000e+02 1.129871999999999987e+00 -0.000000000000000000e+00
0.000000000000000000e+00 0.000000000000000000e+00 0.000000000000000000e+00 2.000000000000000000e+02 2.020000000000000000e+02 8.059999999999999673e-04 1.448730000000000018e-01
0.000000000000000000e+00 0.000000000000000000e+00 0.000000000000000000e+00 1.300000000000000000e+01 2.030000000000000000e+02 1.046330000000000038e-01 -2.110000000000000059e-04
0.000000000000000000e+00 0.000000000000000000e+00 0.000000000000000000e+00 1.400000000000000000e+01 2.040000000000000000e+02 1.046330000000000038e-01 -2.110000000000000059e-04
0.000000000000000000e+00 0.000000000000000000e+00 0.000000000000000000e+00 1.500000000000000000e+01 2.030000000000000000e+02 1.839139999999999942e-01 1.440000000000000036e-04
0.000000000000000000e+00 0.000000000000000000e+00 0.000000000000000000e+00 1.600000000000000000e+01 2.040000000000000000e+02 1.839139999999999942e-01 1.440000000000000036e-04
0.000000000000000000e+00 0.000000000000000000e+00 0.000000000000000000e+00 5.300000000000000000e+01 2.030000000000000000e+02 -3.775350000000000095e-01 -1.990000000000000124e-04
0.000000000000000000e+00 0.000000000000000000e+00 0.000000000000000000e+00 5.400000000000000000e+01 2.040000000000000000e+02 -3.775350000000000095e-01 -1.990000000000000124e-04
0.000000000000000000e+00 0.000000000000000000e+00 0.000000000000000000e+00 5.500000000000000000e+01 2.030000000000000000e+02 1.806230000000000058e-01 -2.057999999999999934e-03
0.000000000000000000e+00 0.000000000000000000e+00 0.000000000000000000e+00 5.600000000000000000e+01 2.040000000000000000e+02 1.806230000000000058e-01 -2.057999999999999934e-03
0.000000000000000000e+00 0.000000000000000000e+00 0.000000000000000000e+00 5.900000000000000000e+01 2.030000000000000000e+02 -4.239760000000000195e-01 -7.820000000000000345e-04
0.000000000000000000e+00 0.000000000000000000e+00 0.000000000000000000e+00 6.000000000000000000e+01 2.040000000000000000e+02 -4.239760000000000195e-01 -7.820000000000000345e-04
0.000000000000000000e+00 0.000000000000000000e+00 0.000000000000000000e+00 6.100000000000000000e+01 2.030000000000000000e+02 -3.290190000000000059e-01 -1.876000000000000063e-03
0.000000000000000000e+00 0.000000000000000000e+00 0.000000000000000000e+00 6.200000000000000000e+01 2.040000000000000000e+02 -3.290190000000000059e-01 -1.876000000000000063e-03
0.000000000000000000e+00 0.000000000000000000e+00 0.000000000000000000e+00 2.030000000000000000e+02 2.030000000000000000e+02 1.244181999999999899e+00 -0.000000000000000000e+00
0.000000000000000000e+00 0.000000000000000000e+00 0.000000000000000000e+00 2.040000000000000000e+02 2.040000000000000000e+02 1.244181999999999899e+00 -0.000000000000000000e+00
0.000000000000000000e+00 0.000000000000000000e+00 0.000000000000000000e+00 2.060000000000000000e+02 2.030000000000000000e+02 -1.459950000000000137e-01 9.500000000000000523e-05
0.000000000000000000e+00 0.000000000000000000e+00 0.000000000000000000e+00 2.080000000000000000e+02 2.030000000000000000e+02 -4.530000000000000064e-04 -1.534649999999999903e-01
0.000000000000000000e+00 0.000000000000000000e+00 0.000000000000000000e+00 2.050000000000000000e+02 2.040000000000000000e+02 1.459950000000000137e-01 9.500000000000000523e-05
0.000000000000000000e+00 0.000000000000000000e+00 0.000000000000000000e+00 2.070000000000000000e+02 2.040000000000000000e+02 4.530000000000000064e-04 -1.534649999999999903e-01
0.000000000000000000e+00 0.000000000000000000e+00 0.000000000000000000e+00 1.300000000000000000e+01 2.050000000000000000e+02 9.962739999999999929e-01 -5.100000000000000366e-04
0.000000000000000000e+00 0.000000000000000000e+00 0.000000000000000000e+00 1.400000000000000000e+01 2.060000000000000000e+02 9.962739999999999929e-01 -5.100000000000000366e-04
0.000000000000000000e+00 0.000000000000000000e+00 0.000000000000000000e+00 1.500000000000000000e+01 2.050000000000000000e+02 -1.121585999999999972e+00 -1.642000000000000013e-03
0.000000000000000000e+00 0.000000000000000000e+00 0.000000000000000000e+00 1.600000000000000000e+01 2.060000000000000000e+02 -1.121585999999999972e+00 -1.642000000000000013e-03
0.000000000000000000e+00 0.000000000000000000e+00 0.000000000000000000e+00 5.500000000000000000e+01 2.050000000000000000e+02 1.566006000000000009e+00 5.659999999999999884e-04
0.000000000000000000e+00 0.000000000000000000e+00 0.000000000000000000e+00 5.600000000000000000e+01 2.060000000000000000e+02 1.566006000000000009e+00 5.659999999999999884e-04
0.000000000000000000e+00 0.000000000000000000e+00 0.000000000000000000e+00 6.100000000000000000e+01 2.050000000000000000e+02 1.642900999999999945e+00 -3.795000000000000196e-03
0.000000000000000000e+00 0.000000000000000000e+00 0.000000000000000000e+00 6.200000000000000000e+01 2.060000000000000000e+02 1.642900999999999945e+00 -3.795000000000000196e-03
0.000000000000000000e+00 0.000000000000000000e+00 0.000000000000000000e+00 2.050000000000000000e+02 2.050000000000000000e+02 1.224866999999999928e+00 0.000000000000000000e+00
0.000000000000000000e+00 0.000000000000000000e+00 0.000000000000000000e+00 2.060000000000000000e+02 2.060000000000000000e+02 1.224866999999999928e+00 0.000000000000000000e+00
0.000000000000000000e+00 0.000000000000000000e+00 0.000000000000000000e+00 1.300000000000000000e+01 2.070000000000000000e+02 -1.697309999999999930e-01 -8.968000000000000277e-03
0.000000000000000000e+00 0.000000000000000000e+00 0.000000000000000000e+00 1.400000000000000000e+01 2.080000000000000000e+02 -1.697309999999999930e-01 -8.968000000000000277e-03
0.000000000000000000e+00 0.000000000000000000e+00 0.000000000000000000e+00 1.500000000000000000e+01 2.070000000000000000e+02 -8.033200000000000063e-02 9.596999999999999628e-03
0.000000000000000000e+00 0.000000000000000000e+00 0.000000000000000000e+00 1.600000000000000000e+01 2.080000000000000000e+02 -8.033200000000000063e-02 9.596999999999999628e-03
0.000000000000000000e+00 0.000000000000000000e+00 0.000000000000000000e+00 5.500000000000000000e+01 2.070000000000000000e+02 -3.096840000000000148e-01 3.227999999999999967e-03
0.000000000000000000e+00 0.000000000000000000e+00 0.000000000000000000e+00 5.600000000000000000e+01 2.080000000000000000e+02 -3.096840000000000148e-01 3.227999999999999967e-03
0.000000000000000000e+00 0.000000000000000000e+00 0.000000000000000000e+00 5.700000000000000000e+01 2.070000000000000000e+02 -3.032270000000000243e-01 5.000000000000000240e-05
0.000000000000000000e+00 0.000000000000000000e+00 0.000000000000000000e+00 5.800000000000000000e+01 2.080000000000000000e+02 -3.032270000000000243e-01 5.000000000000000240e-05
0.000000000000000000e+00 0.000000000000000000e+00 0.000000000000000000e+00 6.100000000000000000e+01 2.070000000000000000e+02 1.702970000000000039e-01 1.622300000000000131e-02
0.000000000000000000e+00 0.000000000000000000e+00 0.000000000000000000e+00 6.200000000000000000e+01 2.080000000000000000e+02 1.702970000000000039e-01 1.622300000000000131e-02
0.000000000000000000e+00 0.000000000000000000e+00 0.000000000000000000e+00 6.300000000000000000e+01 2.070000000000000000e+02 -4.982190000000000230e-01 -4.591999999999999728e-03
0.000000000000000000e+00 0.000000000000000000e+00 0.000000000000000000e+00 6.400000000000000000e+01 2.080000000000000000e+02 -4.982190000000000230e-01 -4.591999999999999728e-03
0.000000000000000000e+00 0.000000000000000000e+00 0.000000000000000000e+00 2.050000000000000000e+02 2.070000000000000000e+02 2.244300000000000114e-02 -1.472420000000000118e-01
0.000000000000000000e+00 0.000000000000000000e+00 0.000000000000000000e+00 2.070000000000000000e+02 2.070000000000000000e+02 1.246164000000000049e+00 -0.000000000000000000e+00
0.000000000000000000e+00 0.000000000000000000e+00 0.000000000000000000e+00 2.080000000000000000e+02 2.080000000000000000e+02 1.246164000000000049e+00 -0.000000000000000000e+00
0.000000000000000000e+00 0.000000000000000000e+00 0.000000000000000000e+00 2.060000000000000000e+02 2.080000000000000000e+02 2.244300000000000114e-02 1.472420000000000118e-01
0.000000000000000000e+00 0.000000000000000000e+00 1.000000000000000000e+00 9.000000000000000000e+00 6.500000000000000000e+01 6.892610000000000126e-01 3.880999999999999901e-03
0.000000000000000000e+00 0.000000000000000000e+00 1.000000000000000000e+00 1.000000000000000000e+01 6.600000000000000000e+01 6.892610000000000126e-01 3.880999999999999901e-03
0.000000000000000000e+00 0.000000000000000000e+00 1.000000000000000000e+00 4.100000000000000000e+01 6.500000000000000000e+01 1.433121000000000089e+00 2.268000000000000051e-03
0.000000000000000000e+00 0.000000000000000000e+00 1.000000000000000000e+00 4.200000000000000000e+01 6.600000000000000000e+01 1.433121000000000089e+00 2.268000000000000051e-03
0.000000000000000000e+00 0.000000000000000000e+00 1.000000000000000000e+00 9.000000000000000000e+00 6.700000000000000000e+01 7.651099999999999568e-02 2.592999999999999819e-03
0.000000000000000000e+00 0.000000000000000000e+00 1.000000000000000000e+00 1.000000000000000000e+01 6.800000000000000000e+01 7.651099999999999568e-02 2.592999999999999819e-03
0.000000000000000000e+00 0.000000000000000000e+00 1.000000000000000000e+00 4.100000000000000000e+01 6.700000000000000000e+01 1.823720000000000063e-01 3.291000000000000088e-03
0.000000000000000000e+00 0.000000000000000000e+00 1.000000000000000000e+00 4.200000000000000000e+01 6.800000000000000000e+01 1.823720000000000063e-01 3.291000000000000088e-03
0.000000000000000000e+00 0.000000000000000000e+00 1.000000000000000000e+00 4.300000000000000000e+01 6.700000000000000000e+01 -3.334429999999999894e-01 -2.394999999999999993e-03
0.000000000000000000e+00 0.000000000000000000e+00 1.000000000000000000e+00 4.400000000000000000e+01 6.800000000000000000e+01 -3.334429999999999894e-01 -2.394999999999999993e-03
0.000000000000000000e+00 0.000000000000000000e+00 1.000000000000000000e+00 9.000000000000000000e+00 6.900000000000000000e+01 1.825999999999999932e-03 -3.110000000000000243e-04
0.000000000000000000e+00 0.000000000000000000e+00 1.000000000000000000e+00 1.000000000000000000e+01 7.000000000000000000e+01 1.825999999999999932e-03 -3.110000000000000243e-04
0.000000000000000000e+00 0.000000000000000000e+00 1.000000000000000000e+00 4.100000000000000000e+01 6.900000000000000000e+01 -5.279999999999999971e-03 -2.899999999999999800e-03
0.000000000000000000e+00 0.000000000000000000e+00 1.000000000000000000e+00 4.200000000000000000e+01 7.000000000000000000e+01 -5.279999999999999971e-03 -2.899999999999999800e-03
0.000000000000000000e+00 0.000000000000000000e+00 1.000000000000000000e+00 4.500000000000000000e+01 6.900000000000000000e+01 -3.372560000000000002e-01 8.909999999999999734e-04
0.000000000000000000e+00 0.000000000000000000e+00 1.000000000000000000e+00 4.600000000000000000e+01 7.000000000000000000e+01 -3.372560000000000002e-01 8.909999999999999734e-04
0.000000000000000000e+00 0.000000000000000000e+00 1.000000000000000000e+00 1.100000000000000000e+01 7.100000000000000000e+01 8.128349999999999742e-01 -3.869999999999999742e-04
0.000000000000000000e+00 0.000000000000000000e+00 1.000000000000000000e+00 1.200000000000000000e+01 7.200000000000000000e+01 8.128349999999999742e-01 -3.869999999999999742e-04
0.000000000000000000e+00 0.000000000000000000e+00 1.000000000000000000e+00 4.700000000000000000e+01 7.100000000000000000e+01 1.378678999999999988e+00 4.000000000000000192e-04
0.000000000000000000e+00 0.000000000000000000e+00 1.000000000000000000e+00 4.800000000000000000e+01 7.200000000000000000e+01 1.378678999999999988e+00 4.000000000000000192e-04
0.000000000000000000e+00 0.000000000000000000e+00 1.000000000000000000e+00 1.100000000000000000e+01 7.300000000000000000e+01 -1.195230000000000042e-01 -4.070000000000000267e-04
0.000000000000000000e+00 0.000000000000000000e+00 1.000000000000000000e+00 1.200000000000000000e+01 7.400000000000000000e+01 -1.195230000000000042e-01 -4.070000000000000267e-04
0.000000000000000000e+00 0.000000000000000000e+00 1.000000000000000000e+00 4.700000000000000000e+01 7.300000000000000000e+01 -2.399330000000000074e-01 -8.210000000000000067e-04
0.000000000000000000e+00 0.000000000000000000e+00 1.000000000000000000e+00 4.800000000000000000e+01 7.400000000000000000e+01 -2.399330000000000074e-01 -8.210000000000000067e-04
0.000000000000000000e+00 0.000000000000000000e+00 1.000000000000000000e+00 4.900000000000000000e+01 7.300000000000000000e+01 -3.081079999999999930e-01 6.629999999999999609e-04
0.000000000000000000e+00 0.000000000000000000e+00 1.000000000000000000e+00 5.000000000000000000e+01 7.400000000000000000e+01 -3.081079999999999930e-01 6.629999999999999609e-04
0.000000000000000000e+00 0.000000000000000000e+00 1.000000000000000000e+00 1.100000000000000000e+01 7.500000000000000000e+01 -1.081909999999999955e-01 1.786000000000000044e-03
0.000000000000000000e+00 0.000000000000000000e+00 1.000000000000000000e+00 1.200000000000000000e+01 7.600000000000000000e+01 -1.081909999999999955e-01 1.786000000000000044e-03
0.000000000000000000e+00 0.000000000000000000e+00 1.000000000000000000e+00 4.700000000000000000e+01 7.500000000000000000e+01 -2.090710000000000068e-01 2.321999999999999845e-03
0.000000000000000000e+00 0.000000000000000000e+00 1.000000000000000000e+00 4.800000000000000000e+01 7.600000000000000000e+01 -2.090710000000000068e-01 2.321999999999999845e-03
0.000000000000000000e+00 0.000000000000000000e+00 1.000000000000000000e+00 5.100000000000000000e+01 7.500000000000000000e+01 -2.758340000000000236e-01 1.529999999999999893e-03
0.000000000000000000e+00 0.000000000000000000e+00 1.000000000000000000e+00 5.200000000000000000e+01 7.600000000000000000e+01 -2.758340000000000236e-01 1.529999999999999893e-03
0.000000000000000000e+00 0.000000000000000000e+00 1.000000000000000000e+00 1.300000000000000000e+01 7.700000000000000000e+01 9.565620000000000234e-01 -2.649999999999999903e-04
0.000000000000000000e+00 0.000000000000000000e+00 1.000000000000000000e+00 1.400000000000000000e+01 7.800000000000000000e+01 9.565620000000000234e-01 -2.649999999999999903e-04
0.000000000000000000e+00 0.000000000000000000e+00 1.000000000000000000e+00 5.300000000000000000e+01 7.700000000000000000e+01 1.478061000000000069e+00 -8.040000000000000271e-04
0.000000000000000000e+00 0.000000000000000000e+00 1.000000000000000000e+00 5.400000000000000000e+01 7.800000000000000000e+01 1.478061000000000069e+00 -8.040000000000000271e-04
0.000000000000000000e+00 0.000000000000000000e+00 1.000000000000000000e+00 1.300000000000000000e+01 7.900000000000000000e+01 -7.470100000000000351e-02 2.183000000000000045e-03
0.000000000000000000e+00 0.000000000000000000e+00 1.000000000000000000e+00 1.400000000000000000e+01 8.000000000000000000e+01 -7.470100000000000351e-02 2.183000000000000045e-03
0.000000000000000000e+00 0.000000000000000000e+00 1.000000000000000000e+00 5.300000000000000000e+01 7.900000000000000000e+01 -1.305560000000000054e-01 2.518999999999999972e-03
0.000000000000000000e+00 0.000000000000000000e+00 1.000000000000000000e+00 5.400000000000000000e+01 8.000000000000000000e+01 -1.305560000000000054e-01 2.518999999999999972e-03
0.000000000000000000e+00 0.000000000000000000e+00 1.000000000000000000e+00 5.500000000000000000e+01 7.900000000000000000e+01 -4.075730000000000186e-01 2.243000000000000202e-03
0.000000000000000000e+00 0.000000000000000000e+00 1.000000000000000000e+00 5.600000000000000000e+01 8.000000000000000000e+01 -4.075730000000000186e-01 2.243000000000000202e-03
0.000000000000000000e+00 0.000000000000000000e+00 1.000000000000000000e+00 1.300000000000000000e+01 8.100000000000000000e+01 2.241080000000000017e-01 5.950000000000000427e-04
0.000000000000000000e+00 0.000000000000000000e+00 1.000000000000000000e+00 1.400000000000000000e+01 8.200000000000000000e+01 2.241080000000000017e-01 5.950000000000000427e-04
0.000000000000000000e+00 0.000000000000000000e+00 1.000000000000000000e+00 5.300000000000000000e+01 8.100000000000000000e+01 4.291369999999999907e-01 2.290000000000000098e-04
0.000000000000000000e+00 0.000000000000000000e+00 1.000000000000000000e+00 5.400000000000000000e+01 8.200000000000000000e+01 4.291369999999999907e-01 2.290000000000000098e-04
0.000000000000000000e+00 0.000000000000000000e+00 1.000000000000000000e+00 5.700000000000000000e+01 8.100000000000000000e+01 -3.384739999999999971e-01 -1.330999999999999935e-03
0.000000000000000000e+00 0.000000000000000000e+00 1.000000000000000000e+00 5.800000000000000000e+01 8.200000000000000000e+01 -3.384739999999999971e-01 -1.330999999999999935e-03
0.000000000000000000e+00 0.000000000000000000e+00 1.000000000000000000e+00 1.500000000000000000e+01 8.300000000000000000e+01 9.524369999999999781e-01 -7.489999999999999913e-04
0.000000000000000000e+00 0.000000000000000000e+00 1.000000000000000000e+00 1.600000000000000000e+01 8.400000000000000000e+01 9.524369999999999781e-01 -7.489999999999999913e-04
0.000000000000000000e+00 0.000000000000000000e+00 1.000000000000000000e+00 5.900000000000000000e+01 8.300000000000000000e+01 1.489217999999999931e+00 4.840000000000000010e-04
0.000000000000000000e+00 0.000000000000000000e+00 1.000000000000000000e+00 6.000000000000000000e+01 8.400000000000000000e+01 1.489217999999999931e+00 4.840000000000000010e-04
0.000000000000000000e+00 0.000000000000000000e+00 1.000000000000000000e+00 1.500000000000000000e+01 8.500000000000000000e+01 1.981789999999999941e-01 2.765000000000000097e-03
0.000000000000000000e+00 0.000000000000000000e+00 1.000000000000000000e+00 1.600000000000000000e+01 8.600000000000000000e+01 1.981789999999999941e-01 2.765000000000000097e-03
0.000000000000000000e+00 0.000000000000000000e+00 1.000000000000000000e+00 5.900000000000000000e+01 8.500000000000000000e+01 3.774000000000000132e-01 2.014999999999999864e-03
0.000000000000000000e+00 0.000000000000000000e+00 1.000000000000000000e+00 6.000000000000000000e+01 8.600000000000000000e+01 3.774000000000000132e-01 2.014999999999999864e-03
0.000000000000000000e+00 0.000000000000000000e+00 1.000000000000000000e+00 6.100000000000000000e+01 8.500000000000000000e+01 -3.113250000000000184e-01 -6.589999999999999721e-04
0.000000000000000000e+00 0.000000000000000000e+00 1.000000000000000000e+00 6.200000000000000000e+01 8.600000000000000000e+01 -3.113250000000000184e-01 -6.589999999999999721e-04
0.000000000000000000e+00 0.000000000000000000e+00 1.000000000000000000e+00 1.500000000000000000e+01 8.700000000000000000e+01 1.752009999999999956e-01 -2.321000000000000146e-03
0.000000000000000000e+00 0.000000000000000000e+00 1.000000000000000000e+00 1.600000000000000000e+01 8.800000000000000000e+01 1.752009999999999956e-01 -2.321000000000000146e-03
0.000000000000000000e+00 0.000000000000000000e+00 1.000000000000000000e+00 5.900000000000000000e+01 8.700000000000000000e+01 3.444450000000000012e-01 -2.850999999999999802e-03
0.000000000000000000e+00 0.000000000000000000e+00 1.000000000000000000e+00 6.000000000000000000e+01 8.800000000000000000e+01 3.444450000000000012e-01 -2.850999999999999802e-03
0.000000000000000000e+00 0.000000000000000000e+00 1.000000000000000000e+00 6.300000000000000000e+01 8.700000000000000000e+01 -3.010399999999999743e-01 -2.273999999999999980e-03
0.000000000000000000e+00 0.000000000000000000e+00 1.000000000000000000e+00 6.400000000000000000e+01 8.800000000000000000e+01 -3.010399999999999743e-01 -2.273999999999999980e-03
0.000000000000000000e+00 1.000000000000000000e+00 0.000000000000000000e+00 5.000000000000000000e+00 1.130000000000000000e+02 1.691000000000000003e-01 6.299999999999999990e-05
0.000000000000000000e+00 1.000000000000000000e+00 0.000000000000000000e+00 6.000000000000000000e+00 1.140000000000000000e+02 1.691000000000000003e-01 6.299999999999999990e-05
0.000000000000000000e+00 1.000000000000000000e+00 0.000000000000000000e+00 2.900000000000000000e+01 1.130000000000000000e+02 -5.262559999999999460e-01 6.390000000000000280e-04
0.000000000000000000e+00 1.000000000000000000e+00 0.000000000000000000e+00 3.000000000000000000e+01 1.140000000000000000e+02 -5.262559999999999460e-01 6.390000000000000280e-04
0.000000000000000000e+00 1.000000000000000000e+00 0.000000000000000000e+00 3.300000000000000000e+01 1.130000000000000000e+02 3.002460000000000129e-01 3.690000000000000138e-03
0.000000000000000000e+00 1.000000000000000000e+00 0.000000000000000000e+00 3.400000000000000000e+01 1.140000000000000000e+02 3.002460000000000129e-01 3.690000000000000138e-03
0.000000000000000000e+00 1.000000000000000000e+00 0.000000000000000000e+00 5.000000000000000000e+00 1.150000000000000000e+02 3.682099999999999956e-02 1.038599999999999940e-02
0.000000000000000000e+00 1.000000000000000000e+00 0.000000000000000000e+00 6.000000000000000000e+00 1.160000000000000000e+02 3.682099999999999956e-02 1.038599999999999940e-02
0.000000000000000000e+00 1.000000000000000000e+00 0.000000000000000000e+00 3.100000000000000000e+01 1.150000000000000000e+02 -5.883899999999999686e-01 1.706000000000000051e-03
0.000000000000000000e+00 1.000000000000000000e+00 0.000000000000000000e+00 3.200000000000000000e+01 1.160000000000000000e+02 -5.883899999999999686e-01 1.706000000000000051e-03
0.000000000000000000e+00 1.000000000000000000e+00 0.000000000000000000e+00 3.300000000000000000e+01 1.150000000000000000e+02 4.863100000000000062e-02 -2.019999999999999921e-02
0.000000000000000000e+00 1.000000000000000000e+00 0.000000000000000000e+00 3.400000000000000000e+01 1.160000000000000000e+02 4.863100000000000062e-02 -2.019999999999999921e-02
0.000000000000000000e+00 1.000000000000000000e+00 0.000000000000000000e+00 5.000000000000000000e+00 1.170000000000000000e+02 1.332460999999999895e+00 -6.310000000000000504e-04
0.000000000000000000e+00 1.000000000000000000e+00 0.000000000000000000e+00 6.000000000000000000e+00 1.180000000000000000e+02 1.332460999999999895e+00 -6.310000000000000504e-04
0.000000000000000000e+00 1.000000000000000000e+00 0.000000000000000000e+00 3.300000000000000000e+01 1.170000000000000000e+02 1.878312999999999899e+00 2.030999999999999819e-03
0.000000000000000000e+00 1.000000000000000000e+00 0.000000000000000000e+00 3.400000000000000000e+01 1.180000000000000000e+02 1.878312999999999899e+00 2.030999999999999819e-03
0.000000000000000000e+00 1.000000000000000000e+00 0.000000000000000000e+00 7.000000000000000000e+00 1.190000000000000000e+02 1.391419999999999879e-01 -1.060000000000000016e-04
0.000000000000000000e+00 1.000000000000000000e+00 0.000000000000000000e+00 8.000000000000000000e+00 1.200000000000000000e+02 1.391419999999999879e-01 -1.060000000000000016e-04
0.000000000000000000e+00 1.000000000000000000e+00 0.000000000000000000e+00 3.500000000000000000e+01 1.190000000000000000e+02 -3.607989999999999808e-01 -5.230000000000000274e-04
0.000000000000000000e+00 1.000000000000000000e+00 0.000000000000000000e+00 3.600000000000000000e+01 1.200000000000000000e+02 -3.607989999999999808e-01 -5.230000000000000274e-04
0.000000000000000000e+00 1.000000000000000000e+00 0.000000000000000000e+00 3.900000000000000000e+01 1.190000000000000000e+02 2.604830000000000201e-01 -1.724999999999999971e-03
0.000000000000000000e+00 1.000000000000000000e+00 0.000000000000000000e+00 4.000000000000000000e+01 1.200000000000000000e+02 2.604830000000000201e-01 -1.724999999999999971e-03
0.000000000000000000e+00 1.000000000000000000e+00 0.000000000000000000e+00 7.000000000000000000e+00 1.210000000000000000e+02 2.268999999999999836e-02 9.284000000000000585e-03
0.000000000000000000e+00 1.000000000000000000e+00 0.000000000000000000e+00 8.000000000000000000e+00 1.220000000000000000e+02 2.268999999999999836e-02 9.284000000000000585e-03
0.000000000000000000e+00 1.000000000000000000e+00 0.000000000000000000e+00 3.700000000000000000e+01 1.210000000000000000e+02 -4.240490000000000093e-01 -3.961000000000000111e-03
0.000000000000000000e+00 1.000000000000000000e+00 0.000000000000000000e+00 3.800000000000000000e+01 1.220000000000000000e+02 -4.240490000000000093e-01 -3.961000000000000111e-03
0.000000000000000000e+00 1.000000000000000000e+00 0.000000000000000000e+00 3.900000000000000000e+01 1.210000000000000000e+02 6.364400000000000612e-02 -1.238099999999999964e-02
0.000000000000000000e+00 1.000000000000000000e+00 0.000000000000000000e+00 4.000000000000000000e+01 1.220000000000000000e+02 6.364400000000000612e-02 -1.238099999999999964e-02
0.000000000000000000e+00 1.000000000000000000e+00 0.000000000000000000e+00 7.000000000000000000e+00 1.230000000000000000e+02 1.014180999999999999e+00 -4.650000000000000270e-04
0.000000000000000000e+00 1.000000000000000000e+00 0.000000000000000000e+00 8.000000000000000000e+00 1.240000000000000000e+02 1.014180999999999999e+00 -4.650000000000000270e-04
0.000000000000000000e+00 1.000000000000000000e+00 0.000000000000000000e+00 3.900000000000000000e+01 1.230000000000000000e+02 1.606761000000000106e+00 -3.499999999999999693e-05
0.000000000000000000e+00 1.000000000000000000e+00 0.000000000000000000e+00 4.000000000000000000e+01 1.240000000000000000e+02 1.606761000000000106e+00 -3.499999999999999693e-05
0.000000000000000000e+00 1.000000000000000000e+00 0.000000000000000000e+00 1.300000000000000000e+01 1.370000000000000000e+02 -1.306420000000000081e-01 -7.110000000000000434e-04
0.000000000000000000e+00 1.000000000000000000e+00 0.000000000000000000e+00 1.400000000000000000e+01 1.380000000000000000e+02 -1.306420000000000081e-01 -7.110000000000000434e-04
0.000000000000000000e+00 1.000000000000000000e+00 0.000000000000000000e+00 5.300000000000000000e+01 1.370000000000000000e+02 -3.939880000000000049e-01 -2.249999999999999938e-04
0.000000000000000000e+00 1.000000000000000000e+00 0.000000000000000000e+00 5.400000000000000000e+01 1.380000000000000000e+02 -3.939880000000000049e-01 -2.249999999999999938e-04
0.000000000000000000e+00 1.000000000000000000e+00 0.000000000000000000e+00 5.700000000000000000e+01 1.370000000000000000e+02 -2.620560000000000112e-01 -1.418999999999999906e-03
0.000000000000000000e+00 1.000000000000000000e+00 0.000000000000000000e+00 5.800000000000000000e+01 1.380000000000000000e+02 -2.620560000000000112e-01 -1.418999999999999906e-03
0.000000000000000000e+00 1.000000000000000000e+00 0.000000000000000000e+00 1.300000000000000000e+01 1.390000000000000000e+02 2.419580000000000064e-01 9.103999999999999246e-03
0.000000000000000000e+00 1.000000000000000000e+00 0.000000000000000000e+00 1.400000000000000000e+01 1.400000000000000000e+02 2.419580000000000064e-01 9.103999999999999246e-03
0.000000000000000000e+00 1.000000000000000000e+00 0.000000000000000000e+00 5.500000000000000000e+01 1.390000000000000000e+02 -3.222369999999999957e-01 -9.110000000000000259e-04
0.000000000000000000e+00 1.000000000000000000e+00 0.000000000000000000e+00 5.600000000000000000e+01 1.400000000000000000e+02 -3.222369999999999957e-01 -9.110000000000000259e-04
0.000000000000000000e+00 1.000000000000000000e+00 0.000000000000000000e+00 5.700000000000000000e+01 1.390000000000000000e+02 4.642370000000000108e-01 -1.248600000000000057e-02
0.000000000000000000e+00 1.000000000000000000e+00 0.000000000000000000e+00 5.800000000000000000e+01 1.400000000000000000e+02 4.642370000000000108e-01 -1.248600000000000057e-02
0.000000000000000000e+00 1.000000000000000000e+00 0.000000000000000000e+00 1.300000000000000000e+01 1.410000000000000000e+02 1.045833000000000013e+00 -6.650000000000000095e-04
0.000000000000000000e+00 1.000000000000000000e+00 0.000000000000000000e+00 1.400000000000000000e+01 1.420000000000000000e+02 1.045833000000000013e+00 -6.650000000000000095e-04
0.000000000000000000e+00 1.000000000000000000e+00 0.000000000000000000e+00 5.700000000000000000e+01 1.410000000000000000e+02 1.550367000000000051e+00 -1.489000000000000089e-03
0.000000000000000000e+00 1.000000000000000000e+00 0.000000000000000000e+00 5.800000000000000000e+01 1.420000000000000000e+02 1.550367000000000051e+00 -1.489000000000000089e-03
0.000000000000000000e+00 1.000000000000000000e+00 0.000000000000000000e+00 1.500000000000000000e+01 1.430000000000000000e+02 4.344900000000000151e-02 2.919999999999999961e-04
0.000000000000000000e+00 1.000000000000000000e+00 0.000000000000000000e+00 1.600000000000000000e+01 1.440000000000000000e+02 4.344900000000000151e-02 2.919999999999999961e-04
0.000000000000000000e+00 1.000000000000000000e+00 0.000000000000000000e+00 5.900000000000000000e+01 1.430000000000000000e+02 -2.543599999999999750e-01 -6.139999999999999625e-04
0.000000000000000000e+00 1.000000000000000000e+00 0.000000000000000000e+00 6.000000000000000000e+01 1.440000000000000000e+02 -2.543599999999999750e-01 -6.139999999999999625e-04
0.000000000000000000e+00 1.000000000000000000e+00 0.000000000000000000e+00 6.300000000000000000e+01 1.430000000000000000e+02 8.565899999999999903e-02 3.469999999999999777e-04
0.000000000000000000e+00 1.000000000000000000e+00 0.000000000000000000e+00 6.400000000000000000e+01 1.440000000000000000e+02 8.565899999999999903e-02 3.469999999999999777e-04
0.000000000000000000e+00 1.000000000000000000e+00 0.000000000000000000e+00 1.500000000000000000e+01 1.450000000000000000e+02 -7.115999999999999930e-03 7.107999999999999735e-03
0.000000000000000000e+00 1.000000000000000000e+00 0.000000000000000000e+00 1.600000000000000000e+01 1.460000000000000000e+02 -7.115999999999999930e-03 7.107999999999999735e-03
0.000000000000000000e+00 1.000000000000000000e+00 0.000000000000000000e+00 6.100000000000000000e+01 1.450000000000000000e+02 -2.691239999999999744e-01 -6.027000000000000239e-03
0.000000000000000000e+00 1.000000000000000000e+00 0.000000000000000000e+00 6.200000000000000000e+01 1.460000000000000000e+02 -2.691239999999999744e-01 -6.027000000000000239e-03
0.000000000000000000e+00 1.000000000000000000e+00 0.000000000000000000e+00 6.300000000000000000e+01 1.450000000000000000e+02 1.422299999999999953e-02 -6.255000000000000143e-03
0.000000000000000000e+00 1.000000000000000000e+00 0.000000000000000000e+00 6.400000000000000000e+01 1.460000000000000000e+02 1.422299999999999953e-02 -6.255000000000000143e-03
0.000000000000000000e+00 1.000000000000000000e+00 0.000000000000000000e+00 1.500000000000000000e+01 1.470000000000000000e+02 6.541230000000000100e-01 5.739999999999999660e-04
0.000000000000000000e+00 1.000000000000000000e+00 0.000000000000000000e+00 1.600000000000000000e+01 1.480000000000000000e+02 6.541230000000000100e-01 5.739999999999999660e-04
0.000000000000000000e+00 1.000000000000000000e+00 0.000000000000000000e+00 6.300000000000000000e+01 1.470000000000000000e+02 1.227870999999999935e+00 -6.437000000000000013e-03
0.000000000000000000e+00 1.000000000000000000e+00 0.000000000000000000e+00 6.400000000000000000e+01 1.480000000000000000e+02 1.227870999999999935e+00 -6.437000000000000013e-03
1.000000000000000000e+00 0.000000000000000000e+00 0.000000000000000000e+00 3.000000000000000000e+00 1.610000000000000000e+02 -2.837200000000000139e-02 -1.720000000000000066e-04
1.000000000000000000e+00 0.000000000000000000e+00 0.000000000000000000e+00 4.000000000000000000e+00 1.620000000000000000e+02 -2.837200000000000139e-02 -1.720000000000000066e-04
1.000000000000000000e+00 0.000000000000000000e+00 0.000000000000000000e+00 2.300000000000000000e+01 1.610000000000000000e+02 -3.849170000000000091e-01 1.520000000000000084e-04
1.000000000000000000e+00 0.000000000000000000e+00 0.000000000000000000e+00 2.400000000000000000e+01 1.620000000000000000e+02 -3.849170000000000091e-01 1.520000000000000084e-04
1.000000000000000000e+00 0.000000000000000000e+00 0.000000000000000000e+00 2.500000000000000000e+01 1.610000000000000000e+02 -7.861600000000000532e-02 -2.279000000000000210e-03
1.000000000000000000e+00 0.000000000000000000e+00 0.000000000000000000e+00 2.600000000000000000e+01 1.620000000000000000e+02 -7.861600000000000532e-02 -2.279000000000000210e-03
1.000000000000000000e+00 0.000000000000000000e+00 0.000000000000000000e+00 3.000000000000000000e+00 1.630000000000000000e+02 8.579609999999999737e-01 -1.518000000000000035e-03
1.000000000000000000e+00 0.000000000000000000e+00 0.000000000000000000e+00 4.000000000000000000e+00 1.640000000000000000e+02 8.579609999999999737e-01 -1.518000000000000035e-03
1.000000000000000000e+00 0.000000000000000000e+00 0.000000000000000000e+00 2.500000000000000000e+01 1.630000000000000000e+02 1.443931999999999993e+00 6.489999999999999459e-04
1.000000000000000000e+00 0.000000000000000000e+00 0.000000000000000000e+00 2.600000000000000000e+01 1.640000000000000000e+02 1.443931999999999993e+00 6.489999999999999459e-04
1.000000000000000000e+00 0.000000000000000000e+00 0.000000000000000000e+00 3.000000000000000000e+00 1.650000000000000000e+02 -8.412699999999999345e-02 -9.213000000000000703e-03
1.000000000000000000e+00 0.000000000000000000e+00 0.000000000000000000e+00 4.000000000000000000e+00 1.660000000000000000e+02 -8.412699999999999345e-02 -9.213000000000000703e-03
1.000000000000000000e+00 0.000000000000000000e+00 0.000000000000000000e+00 2.500000000000000000e+01 1.650000000000000000e+02 -1.608430000000000137e-01 1.661699999999999983e-02
1.000000000000000000e+00 0.000000000000000000e+00 0.000000000000000000e+00 2.600000000000000000e+01 1.660000000000000000e+02 -1.608430000000000137e-01 1.661699999999999983e-02
1.000000000000000000e+00 0.000000000000000000e+00 0.000000000000000000e+00 2.700000000000000000e+01 1.650000000000000000e+02 -3.627299999999999969e-01 -3.119999999999999944e-04
1.000000000000000000e+00 0.000000000000000000e+00 0.000000000000000000e+00 2.800000000000000000e+01 1.660000000000000000e+02 -3.627299999999999969e-01 -3.119999999999999944e-04
1.000000000000000000e+00 0.000000000000000000e+00 0.000000000000000000e+00 7.000000000000000000e+00 1.730000000000000000e+02 1.711330000000000073e-01 2.400000000000000061e-04
1.000000000000000000e+00 0.000000000000000000e+00 0.000000000000000000e+00 8.000000000000000000e+00 1.740000000000000000e+02 1.711330000000000073e-01 2.400000000000000061e-04
1.000000000000000000e+00 0.000000000000000000e+00 0.000000000000000000e+00 3.500000000000000000e+01 1.730000000000000000e+02 -3.351529999999999787e-01 1.704999999999999918e-03
1.000000000000000000e+00 0.000000000000000000e+00 0.000000000000000000e+00 3.600000000000000000e+01 1.740000000000000000e+02 -3.351529999999999787e-01 1.704999999999999918e-03
1.000000000000000000e+00 0.000000000000000000e+00 0.000000000000000000e+00 3.700000000000000000e+01 1.730000000000000000e+02 3.380690000000000084e-01 1.129999999999999928e-03
1.000000000000000000e+00 0.000000000000000000e+00 0.000000000000000000e+00 3.800000000000000000e+01 1.740000000000000000e+02 3.380690000000000084e-01 1.129999999999999928e-03
1.000000000000000000e+00 0.000000000000000000e+00 0.000000000000000000e+00 7.000000000000000000e+00 1.750000000000000000e+02 9.334620000000000140e-01 -3.930000000000000117e-04
1.000000000000000000e+00 0.000000000000000000e+00 0.000000000000000000e+00 8.000000000000000000e+00 1.760000000000000000e+02 9.334620000000000140e-01 -3.930000000000000117e-04
1.000000000000000000e+00 0.000000000000000000e+00 0.000000000000000000e+00 3.700000000000000000e+01 1.750000000000000000e+02 1.462258999999999975e+00 7.730000000000000326e-04
1.000000000000000000e+00 0.000000000000000000e+00 0.000000000000000000e+00 3.800000000000000000e+01 1.760000000000000000e+02 1.462258999999999975e+00 7.730000000000000326e-04
1.000000000000000000e+00 0.000000000000000000e+00 0.000000000000000000e+00 7.000000000000000000e+00 1.770000000000000000e+02 -1.053629999999999983e-01 -8.685000000000000012e-03
1.000000000000000000e+00 0.000000000000000000e+00 0.000000000000000000e+00 8.000000000000000000e+00 1.780000000000000000e+02 -1.053629999999999983e-01 -8.685000000000000012e-03
1.000000000000000000e+00 0.000000000000000000e+00 0.000000000000000000e+00 3.700000000000000000e+01 1.770000000000000000e+02 -1.950359999999999872e-01 9.128000000000000697e-03
1.000000000000000000e+00 0.000000000000000000e+00 0.000000000000000000e+00 3.800000000000000000e+01 1.780000000000000000e+02 -1.950359999999999872e-01 9.128000000000000697e-03
1.000000000000000000e+00 0.000000000000000000e+00 0.000000000000000000e+00 3.900000000000000000e+01 1.770000000000000000e+02 -3.561880000000000046e-01 -2.220000000000000022e-04
1.000000000000000000e+00 0.000000000000000000e+00 0.000000000000000000e+00 4.000000000000000000e+01 1.780000000000000000e+02 -3.561880000000000046e-01 -2.220000000000000022e-04
1.000000000000000000e+00 0.000000000000000000e+00 0.000000000000000000e+00 1.100000000000000000e+01 1.850000000000000000e+02 2.704399999999999860e-02 1.025000000000000086e-03
1.000000000000000000e+00 0.000000000000000000e+00 0.000000000000000000e+00 1.200000000000000000e+01 1.860000000000000000e+02 2.704399999999999860e-02 1.025000000000000086e-03
1.000000000000000000e+00 0.000000000000000000e+00 0.000000000000000000e+00 4.700000000000000000e+01 1.850000000000000000e+02 -4.324230000000000018e-01 8.509999999999999769e-04
1.000000000000000000e+00 0.000000000000000000e+00 0.000000000000000000e+00 4.800000000000000000e+01 1.860000000000000000e+02 -4.324230000000000018e-01 8.509999999999999769e-04
1.000000000000000000e+00 0.000000000000000000e+00 0.000000000000000000e+00 4.900000000000000000e+01 1.850000000000000000e+02 5.646799999999999736e-02 1.087000000000000076e-03
1.000000000000000000e+00 0.000000000000000000e+00 0.000000000000000000e+00 5.000000000000000000e+01 1.860000000000000000e+02 5.646799999999999736e-02 1.087000000000000076e-03
1.000000000000000000e+00 0.000000000000000000e+00 0.000000000000000000e+00 1.100000000000000000e+01 1.870000000000000000e+02 1.043048999999999893e+00 -2.952999999999999896e-03
1.000000000000000000e+00 0.000000000000000000e+00 0.000000000000000000e+00 1.200000000000000000e+01 1.880000000000000000e+02 1.043048999999999893e+00 -2.952999999999999896e-03
1.000000000000000000e+00 0.000000000000000000e+00 0.000000000000000000e+00 4.900000000000000000e+01 1.870000000000000000e+02 1.664107000000000003e+00 1.395700000000000066e-02
1.000000000000000000e+00 0.000000000000000000e+00 0.000000000000000000e+00 5.000000000000000000e+01 1.880000000000000000e+02 1.664107000000000003e+00 1.395700000000000066e-02
1.000000000000000000e+00 0.000000000000000000e+00 0.000000000000000000e+00 1.100000000000000000e+01 1.890000000000000000e+02 -1.073719999999999952e-01 -9.079999999999999530e-03
1.000000000000000000e+00 0.000000000000000000e+00 0.000000000000000000e+00 1.200000000000000000e+01 1.900000000000000000e+02 -1.073719999999999952e-01 -9.079999999999999530e-03
1.000000000000000000e+00 0.000000000000000000e+00 0.000000000000000000e+00 4.900000000000000000e+01 1.890000000000000000e+02 -2.094219999999999970e-01 1.451299999999999986e-02
1.000000000000000000e+00 0.000000000000000000e+00 0.000000000000000000e+00 5.000000000000000000e+01 1.900000000000000000e+02 -2.094219999999999970e-01 1.451299999999999986e-02
1.000000000000000000e+00 0.000000000000000000e+00 0.000000000000000000e+00 5.100000000000000000e+01 1.890000000000000000e+02 -3.903159999999999963e-01 3.844000000000000195e-03
1.000000000000000000e+00 0.000000000000000000e+00 0.000000000000000000e+00 5.200000000000000000e+01 1.900000000000000000e+02 -3.903159999999999963e-01 3.844000000000000195e-03
1.000000000000000000e+00 0.000000000000000000e+00 0.000000000000000000e+00 1.500000000000000000e+01 1.970000000000000000e+02 -3.799099999999999699e-02 -2.400000000000000061e-05
1.000000000000000000e+00 0.000000000000000000e+00 0.000000000000000000e+00 1.600000000000000000e+01 1.980000000000000000e+02 -3.799099999999999699e-02 -2.400000000000000061e-05
1.000000000000000000e+00 0.000000000000000000e+00 0.000000000000000000e+00 5.900000000000000000e+01 1.970000000000000000e+02 -2.482370000000000132e-01 -2.392000000000000029e-03
1.000000000000000000e+00 0.000000000000000000e+00 0.000000000000000000e+00 6.000000000000000000e+01 1.980000000000000000e+02 -2.482370000000000132e-01 -2.392000000000000029e-03
1.000000000000000000e+00 0.000000000000000000e+00 0.000000000000000000e+00 6.100000000000000000e+01 1.970000000000000000e+02 -8.080500000000000183e-02 -6.579999999999999478e-04
1.000000000000000000e+00 0.000000000000000000e+00 0.000000000000000000e+00 6.200000000000000000e+01 1.980000000000000000e+02 -8.080500000000000183e-02 -6.579999999999999478e-04
1.000000000000000000e+00 0.000000000000000000e+00 0.000000000000000000e+00 1.500000000000000000e+01 1.990000000000000000e+02 6.485370000000000301e-01 -1.562000000000000020e-03
1.000000000000000000e+00 0.000000000000000000e+00 0.000000000000000000e+00 1.600000000000000000e+01 2.000000000000000000e+02 6.485370000000000301e-01 -1.562000000000000020e-03
1.000000000000000000e+00 0.000000000000000000e+00 0.000000000000000000e+00 6.100000000000000000e+01 1.990000000000000000e+02 1.149963999999999986e+00 -4.812000000000000305e-03
1.000000000000000000e+00 0.000000000000000000e+00 0.000000000000000000e+00 6.200000000000000000e+01 2.000000000000000000e+02 1.149963999999999986e+00 -4.812000000000000305e-03
1.000000000000000000e+00 0.000000000000000000e+00 0.000000000000000000e+00 1.500000000000000000e+01 2.010000000000000000e+02 1.473359999999999947e-01 -6.871000000000000371e-03
1.000000000000000000e+00 0.000000000000000000e+00 0.000000000000000000e+00 1.600000000000000000e+01 2.020000000000000000e+02 1.473359999999999947e-01 -6.871000000000000371e-03
1.000000000000000000e+00 0.000000000000000000e+00 0.000000000000000000e+00 6.100000000000000000e+01 2.010000000000000000e+02 3.072059999999999791e-01 3.879000000000000069e-03
1.000000000000000000e+00 0.000000000000000000e+00 0.000000000000000000e+00 6.200000000000000000e+01 2.020000000000000000e+02 3.072059999999999791e-01 3.879000000000000069e-03
1.000000000000000000e+00 0.000000000000000000e+00 0.000000000000000000e+00 6.300000000000000000e+01 2.010000000000000000e+02 -1.411429999999999907e-01 -1.964000000000000034e-03
1.000000000000000000e+00 0.000000000000000000e+00 0.000000000000000000e+00 6.400000000000000000e+01 2.020000000000000000e+02 -1.411429999999999907e-01 -1.964000000000000034e-03
