0.0 0.0 0.0 -5.322925651661747
0.0 0.0 0.0 -5.3229252557231135
0.0 0.0 0.0 -4.956792082828495
0.0 0.0 0.0 -4.9567913741845135
0.0 0.0 0.0 -4.912998086054578
0.0 0.0 0.0 -4.912997990564127
0.0 0.0 0.0 -4.893855402522426
0.0 0.0 0.0 -4.893855128618863
0.0 0.0 0.0 -4.535540737619977
0.0 0.0 0.0 -4.535540453374227
0.0 0.0 0.0 -4.498344039488606
0.0 0.0 0.0 -4.498343839583359
0.0 0.0 0.0 -4.393135557157365
0.0 0.0 0.0 -4.39313463461102
0.0 0.0 0.0 -3.715379810358846
0.0 0.0 0.0 -3.71537935650061
0.0 0.0 0.0 -1.0245834923408004
0.0 0.0 0.0 -1.0245829523563263
0.0 0.0 0.0 -0.8449597972849512
0.0 0.0 0.0 -0.8449594025298073
0.0 0.0 0.0 -0.7842542116290309
0.0 0.0 0.0 -0.784253822459624
0.0 0.0 0.0 -0.7452200914151129
0.0 0.0 0.0 -0.7452198525023159
0.0 0.0 0.0 -0.7046517056335304
0.0 0.0 0.0 -0.7046513923988128
0.0 0.0 0.0 -0.6522899210386707
0.0 0.0 0.0 -0.6522895326542506
0.0 0.0 0.0 -0.6068530931515036
0.0 0.0 0.0 -0.6068529625498519
0.0 0.0 0.0 -0.5471241633974369
0.0 0.0 0.0 -0.5471238490867382
0.0 0.0 0.0 -0.5059370282274789
0.0 0.0 0.0 -0.5059368619149496
0.0 0.0 0.0 -0.4885682863554469
0.0 0.0 0.0 -0.48856787591231793
0.0 0.0 0.0 -0.37810717583321163
0.0 0.0 0.0 -0.3781069051077209
0.0 0.0 0.0 -0.3308739757509229
0.0 0.0 0.0 -0.3308736481795199
0.0 0.0 0.0 0.22231711504676357
0.0 0.0 0.0 0.22231731900798013
0.0 0.0 0.0 0.2758127584234453
0.0 0.0 0.0 0.2758130981110365
0.0 0.0 0.0 0.29600478358115445
0.0 0.0 0.0 0.296005549835672
0.0 0.0 0.0 0.4188421713102989
0.0 0.0 0.0 0.4188423958673462
0.0 0.0 0.0 0.4504807455635548
0.0 0.0 0.0 0.4504808722917569
0.0 0.0 0.0 0.49250981495388896
0.0 0.0 0.0 0.4925100956814185
0.0 0.0 0.0 0.5061413788869938
0.0 0.0 0.0 0.5061419806250462
0.0 0.0 0.0 0.5215532232243134
0.0 0.0 0.0 0.5215533998300362
0.0 0.0 0.0 0.595309315074504
0.0 0.0 0.0 0.5953095725991646
0.0 0.0 0.0 0.6393090839848643
0.0 0.0 0.0 0.6393091353598751
0.0 0.0 0.0 0.6736616886625679
0.0 0.0 0.0 0.67366178709689
0.0 0.0 0.0 0.7147027187287732
0.0 0.0 0.0 0.7147030817754435
0.0 0.0 0.0 0.7677841069351369
0.0 0.0 0.0 0.7677842510278358
0.0 0.0 0.0 0.7863652604761975
0.0 0.0 0.0 0.7863654672400717
0.0 0.0 0.0 0.8093312012398248
0.0 0.0 0.0 0.8093314648098249
0.0 0.0 0.0 0.8223350132671338
0.0 0.0 0.0 0.8223350798753386
0.0 0.0 0.0 0.8519215879417442
0.0 0.0 0.0 0.8519218621892057
0.0 0.0 0.0 0.8728456678669687
0.0 0.0 0.0 0.8728458306405049
0.0 0.0 0.0 0.891415546848084
0.0 0.0 0.0 0.8914159095626438
0.0 0.0 0.0 0.9151967730568923
0.0 0.0 0.0 0.9151971233603351
0.0 0.0 0.0 0.9401650467455537
0.0 0.0 0.0 0.9401653016308645
0.0 0.0 0.0 0.9538241066283664
0.0 0.0 0.0 0.9538241784330135
0.0 0.0 0.0 0.9759817027012703
0.0 0.0 0.0 0.9759820046373527
0.0 0.0 0.0 0.993885087660817
0.0 0.0 0.0 0.9938853859060978
0.0 0.0 0.0 1.0260520177866075
0.0 0.0 0.0 1.0260522782979216
0.0 0.0 0.0 1.046856665276018
0.0 0.0 0.0 1.0468567583648885
0.0 0.0 0.0 1.0576716216238935
0.0 0.0 0.0 1.057671918908916
0.0 0.0 0.0 1.077149407205089
0.0 0.0 0.0 1.0771496183070284
0.0 0.0 0.0 1.097504424503622
0.0 0.0 0.0 1.0975047103482882
0.0 0.0 0.0 1.112943537018707
0.0 0.0 0.0 1.1129437505032513
0.0 0.0 0.0 1.1303991171630723
0.0 0.0 0.0 1.1303992808055354
0.0 0.0 0.0 1.1496832578093048
0.0 0.0 0.0 1.1496834829378533
0.0 0.0 0.0 1.1736194553769248
0.0 0.0 0.0 1.1736196009227375
0.0 0.0 0.0 1.1892226034998015
0.0 0.0 0.0 1.1892227283202348
0.0 0.0 0.0 1.213912775589287
0.0 0.0 0.0 1.2139129661997028
0.0 0.0 0.0 1.2362220810698672
0.0 0.0 0.0 1.2362222482297802
0.0 0.0 0.0 1.2531175898897733
0.0 0.0 0.0 1.2531178217834784
0.0 0.0 0.0 1.2915672672362122
0.0 0.0 0.0 1.2915675649491338
0.0 0.0 0.0 1.3038743869657645
0.0 0.0 0.0 1.3038746416312672
0.0 0.0 0.0 1.3330996113217315
0.0 0.0 0.0 1.3330998563478647
0.0 0.0 0.0 1.3671112448353597
0.0 0.0 0.0 1.3671114590635571
0.0 0.0 0.0 1.3940794391086417
0.0 0.0 0.0 1.394079659988584
0.0 0.0 0.0 1.4153033478350083
0.0 0.0 0.0 1.4153035642408665
0.0 0.0 0.0 1.4367924129744725
0.0 0.0 0.0 1.4367925569803566
0.0 0.0 0.0 1.468481756003098
0.0 0.0 0.0 1.4684818681130527
0.0 0.0 0.0 1.4921892883225218
0.0 0.0 0.0 1.4921896274909139
0.0 0.0 0.0 1.5415293952753184
0.0 0.0 0.0 1.5415295405671345
0.0 0.0 0.0 1.5582184071732792
0.0 0.0 0.0 1.558218640326305
0.0 0.0 0.0 1.6028544672835092
0.0 0.0 0.0 1.602854815129792
0.0 0.0 0.0 1.6402341047367777
0.0 0.0 0.0 1.6402345477307687
0.0 0.0 0.0 1.6594628408484755
0.0 0.0 0.0 1.659463045785238
0.0 0.0 0.0 1.6986771184100944
0.0 0.0 0.0 1.6986772847527503
0.0 0.0 0.0 1.7422440738313374
0.0 0.0 0.0 1.7422443405099752
0.0 0.0 0.0 1.8037213592288288
0.0 0.0 0.0 1.8037216506346911
0.0 0.0 0.0 1.844011891679273
0.0 0.0 0.0 1.8440120850629267
0.0 0.0 0.0 1.9377895479805634
0.0 0.0 0.0 1.937789840156928
0.0 0.0 0.0 2.191567403874645
0.0 0.0 0.0 2.1915676558044157
0.0 0.0 0.0 2.2506044983624514
0.0 0.0 0.0 2.250604863772578
0.0 0.0 0.0 2.275303817682934
0.0 0.0 0.0 2.275304209411936
0.0 0.0 0.0 2.6594998486408694
0.0 0.0 0.0 2.6595002369000964
0.0 0.0 0.0 3.7810426293679833
0.0 0.0 0.0 3.78104341657852
0.0 0.0 0.0 4.351023169007068
0.0 0.0 0.0 4.351023527655698
0.0 0.0 0.0 4.469049954563172
0.0 0.0 0.0 4.469050465582657
0.0 0.0 0.0 4.572858514912789
0.0 0.0 0.0 4.572859153031704
0.0 0.0 0.0 5.108716036397865
0.0 0.0 0.0 5.108716260603951
0.0 0.0 0.0 5.212453839090738
0.0 0.0 0.0 5.212454311756685
0.0 0.0 0.0 5.256460434355643
0.0 0.0 0.0 5.256460727892223
0.0 0.0 0.0 5.355654987519511
0.0 0.0 0.0 5.355655097154051
0.0 0.0 0.0 5.407462590044022
0.0 0.0 0.0 5.407463429587107
0.0 0.0 0.0 5.680391598407019
0.0 0.0 0.0 5.680392342124179
0.0 0.0 0.0 5.719292125967117
0.0 0.0 0.0 5.719292335846637
0.0 0.0 0.0 5.765720201662788
0.0 0.0 0.0 5.765720559070269
0.0 0.0 0.0 6.530770480807121
0.0 0.0 0.0 6.530770804034552
0.0 0.0 0.0 6.813051374340571
0.0 0.0 0.0 6.8130519188521435
0.0 0.0 0.0 7.203455683815969
0.0 0.0 0.0 7.203455720684318
0.0 0.0 0.0 7.369212241184109
0.0 0.0 0.0 7.369212671909795
0.0 0.0 0.0 7.458588857036329
0.0 0.0 0.0 7.458589306369062
0.0 0.0 0.0 7.562609686451567
0.0 0.0 0.0 7.562609906999016
0.0 0.0 0.0 7.6722497310156035
0.0 0.0 0.0 7.672250377351653
0.0 0.0 0.0 7.849066825051072
0.0 0.0 0.0 7.849067335307321
0.0 0.0 0.0 8.040908607987069
0.0 0.0 0.0 8.040908752284928
0.0 0.0 0.0 8.231019127533754
0.0 0.0 0.0 8.231019334347781
0.0 0.0 0.0 8.387326520144361
0.0 0.0 0.0 8.38732666439042
0.0 0.0 0.0 8.52667016941211
0.0 0.0 0.0 8.526670746164502
0.025 0.025 0.025 -5.321986308574789
0.025 0.025 0.025 -5.3210463357183535
0.025 0.025 0.025 -4.9570172087706466
0.025 0.025 0.025 -4.956172254762469
0.025 0.025 0.025 -4.9133416673537145
0.025 0.025 0.025 -4.9120875897774035
0.025 0.025 0.025 -4.894354895727917
0.025 0.025 0.025 -4.892208921145352
0.025 0.025 0.025 -4.5371372599058555
0.025 0.025 0.025 -4.535691973121781
0.025 0.025 0.025 -4.500057196358837
0.025 0.025 0.025 -4.498798682447877
0.025 0.025 0.025 -4.396583504288214
0.025 0.025 0.025 -4.392129380703009
0.025 0.025 0.025 -3.7237392963492706
0.025 0.025 0.025 -3.7082293615286055
0.025 0.025 0.025 -1.0294555854276641
0.025 0.025 0.025 -1.0145438461438694
0.025 0.025 0.025 -0.8467718407936315
0.025 0.025 0.025 -0.8393861989858569
0.025 0.025 0.025 -0.7864642367185966
0.025 0.025 0.025 -0.7783073962492202
0.025 0.025 0.025 -0.7439752747825814
0.025 0.025 0.025 -0.7406270313114516
0.025 0.025 0.025 -0.705054212573674
0.025 0.025 0.025 -0.6998630733186174
0.025 0.025 0.025 -0.6533673286085606
0.025 0.025 0.025 -0.6478139678917789
0.025 0.025 0.025 -0.6059816154222941
0.025 0.025 0.025 -0.6030659768514602
0.025 0.025 0.025 -0.5466485073993592
0.025 0.025 0.025 -0.5430190533741739
0.025 0.025 0.025 -0.508060222174906
0.025 0.025 0.025 -0.5009728503980363
0.025 0.025 0.025 -0.4878606333789466
0.025 0.025 0.025 -0.4851873163255809
0.025 0.025 0.025 -0.37979275093512377
0.025 0.025 0.025 -0.3730275326624898
0.025 0.025 0.025 -0.33009985813051507
0.025 0.025 0.025 -0.32861244718869903
0.025 0.025 0.025 0.22055066395811274
0.025 0.025 0.025 0.22471678511358525
0.025 0.025 0.025 0.27404918535855827
0.025 0.025 0.025 0.2785862509634188
0.025 0.025 0.025 0.2941964112335014
0.025 0.025 0.025 0.2986542621209466
0.025 0.025 0.025 0.4166968437168553
0.025 0.025 0.025 0.42003327599752094
0.025 0.025 0.025 0.4485912472700782
0.025 0.025 0.025 0.45051659945216466
0.025 0.025 0.025 0.4889153760243272
0.025 0.025 0.025 0.49271517951783894
0.025 0.025 0.025 0.5008892857718763
0.025 0.025 0.025 0.5092938098719237
0.025 0.025 0.025 0.518324397611799
0.025 0.025 0.025 0.5241169076990813
0.025 0.025 0.025 0.5889364198709641
0.025 0.025 0.025 0.6000201532906724
0.025 0.025 0.025 0.6348178836341228
0.025 0.025 0.025 0.6412962720829689
0.025 0.025 0.025 0.6693365070150934
0.025 0.025 0.025 0.6755777672729026
0.025 0.025 0.025 0.7111888236391729
0.025 0.025 0.025 0.716151819950038
0.025 0.025 0.025 0.7622638008089844
0.025 0.025 0.025 0.7656371406273487
0.025 0.025 0.025 0.784256580015111
0.025 0.025 0.025 0.7890640453846098
0.025 0.025 0.025 0.8069899975922827
0.025 0.025 0.025 0.8089587447802538
0.025 0.025 0.025 0.8202429981473186
0.025 0.025 0.025 0.8262950271465146
0.025 0.025 0.025 0.844978048432302
0.025 0.025 0.025 0.8547831563792165
0.025 0.025 0.025 0.8690004068373992
0.025 0.025 0.025 0.8737417696984746
0.025 0.025 0.025 0.8861052282823989
0.025 0.025 0.025 0.8990096351193513
0.025 0.025 0.025 0.9108799384159214
0.025 0.025 0.025 0.9185913333396609
0.025 0.025 0.025 0.9338529862072278
0.025 0.025 0.025 0.9444240627607292
0.025 0.025 0.025 0.9504359900304478
0.025 0.025 0.025 0.9560659697990536
0.025 0.025 0.025 0.9720053149635309
0.025 0.025 0.025 0.9792780691241829
0.025 0.025 0.025 0.9920060161955677
0.025 0.025 0.025 0.9962447805380591
0.025 0.025 0.025 1.0221498475576118
0.025 0.025 0.025 1.0293129579999054
0.025 0.025 0.025 1.0415601676567667
0.025 0.025 0.025 1.048716625817082
0.025 0.025 0.025 1.0549378670332057
0.025 0.025 0.025 1.058381551033499
0.025 0.025 0.025 1.0710329362856799
0.025 0.025 0.025 1.0832429842924762
0.025 0.025 0.025 1.092711861714526
0.025 0.025 0.025 1.1034027128703439
0.025 0.025 0.025 1.1101597158415173
0.025 0.025 0.025 1.1143676488503775
0.025 0.025 0.025 1.1297194611615167
0.025 0.025 0.025 1.131436295065987
0.025 0.025 0.025 1.145082788478267
0.025 0.025 0.025 1.1537864792976062
0.025 0.025 0.025 1.1691846474845198
0.025 0.025 0.025 1.1769673801654719
0.025 0.025 0.025 1.188755844208672
0.025 0.025 0.025 1.1912163885444838
0.025 0.025 0.025 1.209024296338077
0.025 0.025 0.025 1.2185459544046493
0.025 0.025 0.025 1.2341388573339032
0.025 0.025 0.025 1.2381082159009629
0.025 0.025 0.025 1.2484363113638128
0.025 0.025 0.025 1.2579207092468003
0.025 0.025 0.025 1.2884299314273673
0.025 0.025 0.025 1.2940925637111236
0.025 0.025 0.025 1.299902082189736
0.025 0.025 0.025 1.3076832341150668
0.025 0.025 0.025 1.3303410391159511
0.025 0.025 0.025 1.3355253708987733
0.025 0.025 0.025 1.364300569400967
0.025 0.025 0.025 1.3698686432400555
0.025 0.025 0.025 1.3907708373727876
0.025 0.025 0.025 1.396056163344869
0.025 0.025 0.025 1.4112743523817635
0.025 0.025 0.025 1.41855701672511
0.025 0.025 0.025 1.4339868251524583
0.025 0.025 0.025 1.44095067268863
0.025 0.025 0.025 1.4664277900203617
0.025 0.025 0.025 1.4710556166475417
0.025 0.025 0.025 1.4903024459258243
0.025 0.025 0.025 1.4943931531972707
0.025 0.025 0.025 1.5381207546597209
0.025 0.025 0.025 1.54276006045655
0.025 0.025 0.025 1.554076756889839
0.025 0.025 0.025 1.5620780195303947
0.025 0.025 0.025 1.6010192554316878
0.025 0.025 0.025 1.6030921949156582
0.025 0.025 0.025 1.6368013714402256
0.025 0.025 0.025 1.643249514397613
0.025 0.025 0.025 1.6563450902340893
0.025 0.025 0.025 1.6619854898777593
0.025 0.025 0.025 1.6951741708712407
0.025 0.025 0.025 1.7011652966669024
0.025 0.025 0.025 1.7403601545328162
0.025 0.025 0.025 1.7433832091376151
0.025 0.025 0.025 1.8007046976561687
0.025 0.025 0.025 1.8039284227270673
0.025 0.025 0.025 1.8390222287135556
0.025 0.025 0.025 1.8467544944301144
0.025 0.025 0.025 1.9331608093577959
0.025 0.025 0.025 1.9418634015104184
0.025 0.025 0.025 2.183707681298313
0.025 0.025 0.025 2.191633300491586
0.025 0.025 0.025 2.242358752225794
0.025 0.025 0.025 2.252311708512666
0.025 0.025 0.025 2.2672818960806627
0.025 0.025 0.025 2.278380665708446
0.025 0.025 0.025 2.6508658288172677
0.025 0.025 0.025 2.6546971829061627
0.025 0.025 0.025 3.7784175576349357
0.025 0.025 0.025 3.7997728077330217
0.025 0.025 0.025 4.351547632931237
0.025 0.025 0.025 4.360093212481518
0.025 0.025 0.025 4.4727822230398635
0.025 0.025 0.025 4.47370179251619
0.025 0.025 0.025 4.567798644950592
0.025 0.025 0.025 4.58684256727703
0.025 0.025 0.025 5.1082478341284965
0.025 0.025 0.025 5.115117894161361
0.025 0.025 0.025 5.210601649845255
0.025 0.025 0.025 5.220534362106314
0.025 0.025 0.025 5.254849146993589
0.025 0.025 0.025 5.264615805530271
0.025 0.025 0.025 5.354607923599183
0.025 0.025 0.025 5.364449332550828
0.025 0.025 0.025 5.409152672590398
0.025 0.025 0.025 5.415095773954111
0.025 0.025 0.025 5.679949602704074
0.025 0.025 0.025 5.68792052234618
0.025 0.025 0.025 5.718945516912719
0.025 0.025 0.025 5.7269796167148215
0.025 0.025 0.025 5.763347515291251
0.025 0.025 0.025 5.776540244183241
0.025 0.025 0.025 6.523018064118846
0.025 0.025 0.025 6.532848252049206
0.025 0.025 0.025 6.805212581000907
0.025 0.025 0.025 6.814103145216829
0.025 0.025 0.025 7.194041422969913
0.025 0.025 0.025 7.205992252909088
0.025 0.025 0.025 7.359128492608669
0.025 0.025 0.025 7.371790755250075
0.025 0.025 0.025 7.450544526342644
0.025 0.025 0.025 7.459445047652788
0.025 0.025 0.025 7.554271737222805
0.025 0.025 0.025 7.563690198385193
0.025 0.025 0.025 7.663900179330344
0.025 0.025 0.025 7.673684202652294
0.025 0.025 0.025 7.843864643333694
0.025 0.025 0.025 7.846725370652046
0.025 0.025 0.025 8.029969978592044
0.025 0.025 0.025 8.042740052751935
0.025 0.025 0.025 8.219395324807335
0.025 0.025 0.025 8.23462201074161
0.025 0.025 0.025 8.378430908327557
0.025 0.025 0.025 8.38555355934016
0.025 0.025 0.025 8.514170660398158
0.025 0.025 0.025 8.529691004994065
0.05 0.05 0.05 -5.318101440741413
0.05 0.05 0.05 -5.316395251937204
0.05 0.05 0.05 -4.956745618162417
0.05 0.05 0.05 -4.955212742814975
0.05 0.05 0.05 -4.913130146448312
0.05 0.05 0.05 -4.910547963493303
0.05 0.05 0.05 -4.893472641952137
0.05 0.05 0.05 -4.889488784795207
0.05 0.05 0.05 -4.540163354855111
0.05 0.05 0.05 -4.537560889619049
0.05 0.05 0.05 -4.5036962561737335
0.05 0.05 0.05 -4.501315528454134
0.05 0.05 0.05 -4.401916598420512
0.05 0.05 0.05 -4.393451568052841
0.05 0.05 0.05 -3.7334511131713892
0.05 0.05 0.05 -3.702096681556206
0.05 0.05 0.05 -1.0290264525498234
0.05 0.05 0.05 -0.999740244165432
0.05 0.05 0.05 -0.8445361344164581
0.05 0.05 0.05 -0.8302165512381201
0.05 0.05 0.05 -0.7841429596363767
0.05 0.05 0.05 -0.7695704563882959
0.05 0.05 0.05 -0.7367797852565737
0.05 0.05 0.05 -0.730568789093617
0.05 0.05 0.05 -0.7011061616606291
0.05 0.05 0.05 -0.6906526438338751
0.05 0.05 0.05 -0.6509508074919363
0.05 0.05 0.05 -0.6399547010661024
0.05 0.05 0.05 -0.6005903486248361
0.05 0.05 0.05 -0.5946278344428478
0.05 0.05 0.05 -0.5415129281895201
0.05 0.05 0.05 -0.5345418373947372
0.05 0.05 0.05 -0.5068672124500608
0.05 0.05 0.05 -0.49403454131693714
0.05 0.05 0.05 -0.48260345744982386
0.05 0.05 0.05 -0.4778380996830436
0.05 0.05 0.05 -0.3779908422867848
0.05 0.05 0.05 -0.3646323575052932
0.05 0.05 0.05 -0.32624966178196035
0.05 0.05 0.05 -0.3233710527582656
0.05 0.05 0.05 0.21941729731225504
0.05 0.05 0.05 0.22763592906585542
0.05 0.05 0.05 0.27336133580496735
0.05 0.05 0.05 0.28221549787112643
0.05 0.05 0.05 0.29309334211444416
0.05 0.05 0.05 0.3021961765531209
0.05 0.05 0.05 0.4136210851104287
0.05 0.05 0.05 0.4201325986530595
0.05 0.05 0.05 0.4446285977794916
0.05 0.05 0.05 0.448882134753274
0.05 0.05 0.05 0.4826459613689771
0.05 0.05 0.05 0.48735143186398455
0.05 0.05 0.05 0.4981994049546711
0.05 0.05 0.05 0.5059334955016056
0.05 0.05 0.05 0.5158118765534176
0.05 0.05 0.05 0.5261324369816336
0.05 0.05 0.05 0.5814120603772235
0.05 0.05 0.05 0.6023286467210633
0.05 0.05 0.05 0.6283152179455431
0.05 0.05 0.05 0.6398534308469381
0.05 0.05 0.05 0.6634281067484658
0.05 0.05 0.05 0.6742946035506883
0.05 0.05 0.05 0.7053067659284737
0.05 0.05 0.05 0.7156854782606512
0.05 0.05 0.05 0.7522788205175638
0.05 0.05 0.05 0.7586673999491185
0.05 0.05 0.05 0.7796173382270277
0.05 0.05 0.05 0.7893639822797223
0.05 0.05 0.05 0.8023605008815221
0.05 0.05 0.05 0.8066352431833793
0.05 0.05 0.05 0.8189276166811439
0.05 0.05 0.05 0.8298212788572243
0.05 0.05 0.05 0.8381588958387667
0.05 0.05 0.05 0.8532321662000131
0.05 0.05 0.05 0.863976366198834
0.05 0.05 0.05 0.8721478373072928
0.05 0.05 0.05 0.882811108532711
0.05 0.05 0.05 0.9037979725760997
0.05 0.05 0.05 0.9063827846742939
0.05 0.05 0.05 0.9211978824665898
0.05 0.05 0.05 0.9301289025528172
0.05 0.05 0.05 0.940398977971812
0.05 0.05 0.05 0.9505678910524475
0.05 0.05 0.05 0.9548539713001949
0.05 0.05 0.05 0.9708697704091056
0.05 0.05 0.05 0.977476669892322
0.05 0.05 0.05 0.991313490201347
0.05 0.05 0.05 0.9993973120085213
0.05 0.05 0.05 1.0174803648664676
0.05 0.05 0.05 1.0295129863597734
0.05 0.05 0.05 1.0365043568217407
0.05 0.05 0.05 1.044516691222038
0.05 0.05 0.05 1.050063155143103
0.05 0.05 0.05 1.0595481486627838
0.05 0.05 0.05 1.0676759667718612
0.05 0.05 0.05 1.084509103327813
0.05 0.05 0.05 1.0909788073454683
0.05 0.05 0.05 1.106500449564205
0.05 0.05 0.05 1.1091810810674463
0.05 0.05 0.05 1.1147664709057838
0.05 0.05 0.05 1.1299867257096265
0.05 0.05 0.05 1.1319117083071883
0.05 0.05 0.05 1.1410464817219301
0.05 0.05 0.05 1.1562856279345581
0.05 0.05 0.05 1.166552803802448
0.05 0.05 0.05 1.1771813363463588
0.05 0.05 0.05 1.189017157362157
0.05 0.05 0.05 1.1947222863589557
0.05 0.05 0.05 1.205145489375444
0.05 0.05 0.05 1.2217467071846553
0.05 0.05 0.05 1.231602644715637
0.05 0.05 0.05 1.2396306385882416
0.05 0.05 0.05 1.2454959387198288
0.05 0.05 0.05 1.2619257205119165
0.05 0.05 0.05 1.2849535983221765
0.05 0.05 0.05 1.2938285233334332
0.05 0.05 0.05 1.298372437315585
0.05 0.05 0.05 1.3111196467217772
0.05 0.05 0.05 1.327510769584297
0.05 0.05 0.05 1.337546051212617
0.05 0.05 0.05 1.3611461921253438
0.05 0.05 0.05 1.372599492858508
0.05 0.05 0.05 1.3862533446904077
0.05 0.05 0.05 1.397159276878611
0.05 0.05 0.05 1.406870934501634
0.05 0.05 0.05 1.4206822580695837
0.05 0.05 0.05 1.4324470835889818
0.05 0.05 0.05 1.4457393054194734
0.05 0.05 0.05 1.4651756748110962
0.05 0.05 0.05 1.4738881477092658
0.05 0.05 0.05 1.4893200360687437
0.05 0.05 0.05 1.4964410219086055
0.05 0.05 0.05 1.5329295432940242
0.05 0.05 0.05 1.5413083924469442
0.05 0.05 0.05 1.5509167492340552
0.05 0.05 0.05 1.564862758620543
0.05 0.05 0.05 1.5978485561137945
0.05 0.05 0.05 1.6017431368454051
0.05 0.05 0.05 1.6331046734607257
0.05 0.05 0.05 1.645292354239551
0.05 0.05 0.05 1.6532761390617559
0.05 0.05 0.05 1.663651970365601
0.05 0.05 0.05 1.690717808967067
0.05 0.05 0.05 1.7026582457336277
0.05 0.05 0.05 1.737781063382259
0.05 0.05 0.05 1.7438125056056997
0.05 0.05 0.05 1.7952737451081526
0.05 0.05 0.05 1.8013190921199391
0.05 0.05 0.05 1.832041112401816
0.05 0.05 0.05 1.8471650543548366
0.05 0.05 0.05 1.9280697019593926
0.05 0.05 0.05 1.9449923904567505
0.05 0.05 0.05 2.1687727603959104
0.05 0.05 0.05 2.183382559385846
0.05 0.05 0.05 2.229024294494777
0.05 0.05 0.05 2.2447120092770323
0.05 0.05 0.05 2.2570754584352546
0.05 0.05 0.05 2.275671968354576
0.05 0.05 0.05 2.6296977733490126
0.05 0.05 0.05 2.636460759437158
0.05 0.05 0.05 3.7920718914445706
0.05 0.05 0.05 3.8335086543559056
0.05 0.05 0.05 4.361817980916205
0.05 0.05 0.05 4.378405448168607
0.05 0.05 0.05 4.484191948205592
0.05 0.05 0.05 4.48703393736405
0.05 0.05 0.05 4.572537795875733
0.05 0.05 0.05 4.6089896542529925
0.05 0.05 0.05 5.113524551660229
0.05 0.05 0.05 5.1274400604693735
0.05 0.05 0.05 5.214633424176386
0.05 0.05 0.05 5.234555924328108
0.05 0.05 0.05 5.2596415776013625
0.05 0.05 0.05 5.279510542927724
0.05 0.05 0.05 5.36168219988833
0.05 0.05 0.05 5.3805731442332805
0.05 0.05 0.05 5.419730053345483
0.05 0.05 0.05 5.432475094125611
0.05 0.05 0.05 5.6870577519571945
0.05 0.05 0.05 5.701352430495625
0.05 0.05 0.05 5.727278287056082
0.05 0.05 0.05 5.741203050660474
0.05 0.05 0.05 5.770094404341425
0.05 0.05 0.05 5.795215223832262
0.05 0.05 0.05 6.508939930853103
0.05 0.05 0.05 6.529028116853791
0.05 0.05 0.05 6.790934663271344
0.05 0.05 0.05 6.808733473885416
0.05 0.05 0.05 7.177706904899041
0.05 0.05 0.05 7.2017285033925305
0.05 0.05 0.05 7.342325001075357
0.05 0.05 0.05 7.36639481041467
0.05 0.05 0.05 7.435573251779736
0.05 0.05 0.05 7.452648773403963
0.05 0.05 0.05 7.53893490993701
0.05 0.05 0.05 7.557603047906369
0.05 0.05 0.05 7.648887278161653
0.05 0.05 0.05 7.668122455530719
0.05 0.05 0.05 7.831599926447587
0.05 0.05 0.05 7.83645672336499
0.05 0.05 0.05 8.009536021372778
0.05 0.05 0.05 8.035642021942227
0.05 0.05 0.05 8.20052509813732
0.05 0.05 0.05 8.228713782992603
0.05 0.05 0.05 8.35870761355756
0.05 0.05 0.05 8.373769992953832
0.05 0.05 0.05 8.492634565673312
0.05 0.05 0.05 8.521865445805512
0.07500000000000001 0.07500000000000001 0.07500000000000001 -5.311083474625302
0.07500000000000001 0.07500000000000001 0.07500000000000001 -5.308939297098269
0.07500000000000001 0.07500000000000001 0.07500000000000001 -4.955955745170708
0.07500000000000001 0.07500000000000001 0.07500000000000001 -4.953734142053198
0.07500000000000001 0.07500000000000001 0.07500000000000001 -4.912264472450276
0.07500000000000001 0.07500000000000001 0.07500000000000001 -4.908308552793609
0.07500000000000001 0.07500000000000001 0.07500000000000001 -4.890934250189176
0.07500000000000001 0.07500000000000001 0.07500000000000001 -4.885674555547833
0.07500000000000001 0.07500000000000001 0.07500000000000001 -4.544099805728251
0.07500000000000001 0.07500000000000001 0.07500000000000001 -4.540749563336468
0.07500000000000001 0.07500000000000001 0.07500000000000001 -4.5087728166744
0.07500000000000001 0.07500000000000001 0.07500000000000001 -4.505445820909983
0.07500000000000001 0.07500000000000001 0.07500000000000001 -4.408133715742325
0.07500000000000001 0.07500000000000001 0.07500000000000001 -4.396428501719884
0.07500000000000001 0.07500000000000001 0.07500000000000001 -3.7450025432138805
0.07500000000000001 0.07500000000000001 0.07500000000000001 -3.697430796674819
0.07500000000000001 0.07500000000000001 0.07500000000000001 -1.0233669134955132
0.07500000000000001 0.07500000000000001 0.07500000000000001 -0.980828789985372
0.07500000000000001 0.07500000000000001 0.07500000000000001 -0.837809098163433
0.07500000000000001 0.07500000000000001 0.07500000000000001 -0.8176299788577648
0.07500000000000001 0.07500000000000001 0.07500000000000001 -0.776978800191479
0.07500000000000001 0.07500000000000001 0.07500000000000001 -0.7583763383141022
0.07500000000000001 0.07500000000000001 0.07500000000000001 -0.7242133288049674
0.07500000000000001 0.07500000000000001 0.07500000000000001 -0.7156772862953437
0.07500000000000001 0.07500000000000001 0.07500000000000001 -0.6928307089393897
0.07500000000000001 0.07500000000000001 0.07500000000000001 -0.6769973942539096
0.07500000000000001 0.07500000000000001 0.07500000000000001 -0.6448862450639936
0.07500000000000001 0.07500000000000001 0.07500000000000001 -0.628622460628824
0.07500000000000001 0.07500000000000001 0.07500000000000001 -0.5910366423036741
0.07500000000000001 0.07500000000000001 0.07500000000000001 -0.5816181104462963
0.07500000000000001 0.07500000000000001 0.07500000000000001 -0.5318241776178105
0.07500000000000001 0.07500000000000001 0.07500000000000001 -0.5220563835132257
0.07500000000000001 0.07500000000000001 0.07500000000000001 -0.5021335952802044
0.07500000000000001 0.07500000000000001 0.07500000000000001 -0.48558935223571886
0.07500000000000001 0.07500000000000001 0.07500000000000001 -0.472763422803224
0.07500000000000001 0.07500000000000001 0.07500000000000001 -0.4663698881326761
0.07500000000000001 0.07500000000000001 0.07500000000000001 -0.3726167865051604
0.07500000000000001 0.07500000000000001 0.07500000000000001 -0.35298786824509776
0.07500000000000001 0.07500000000000001 0.07500000000000001 -0.31933369671766065
0.07500000000000001 0.07500000000000001 0.07500000000000001 -0.3151993690914484
0.07500000000000001 0.07500000000000001 0.07500000000000001 0.2187964170918093
0.07500000000000001 0.07500000000000001 0.07500000000000001 0.23086363103308294
0.07500000000000001 0.07500000000000001 0.07500000000000001 0.2737069010988762
0.07500000000000001 0.07500000000000001 0.07500000000000001 0.28647362418321193
0.07500000000000001 0.07500000000000001 0.07500000000000001 0.2925193593069708
0.07500000000000001 0.07500000000000001 0.07500000000000001 0.30657246322456544
0.07500000000000001 0.07500000000000001 0.07500000000000001 0.4095923196586231
0.07500000000000001 0.07500000000000001 0.07500000000000001 0.4187935256719957
0.07500000000000001 0.07500000000000001 0.07500000000000001 0.43831319054719453
0.07500000000000001 0.07500000000000001 0.07500000000000001 0.44584248051745484
0.07500000000000001 0.07500000000000001 0.07500000000000001 0.47313508609185906
0.07500000000000001 0.07500000000000001 0.07500000000000001 0.4801943760568304
0.07500000000000001 0.07500000000000001 0.07500000000000001 0.4948019703486152
0.07500000000000001 0.07500000000000001 0.07500000000000001 0.4991490281865044
0.07500000000000001 0.07500000000000001 0.07500000000000001 0.5118991880030901
0.07500000000000001 0.07500000000000001 0.07500000000000001 0.5273514376702897
0.07500000000000001 0.07500000000000001 0.07500000000000001 0.5730890464185636
0.07500000000000001 0.07500000000000001 0.07500000000000001 0.6012120056049888
0.07500000000000001 0.07500000000000001 0.07500000000000001 0.6200257689684019
0.07500000000000001 0.07500000000000001 0.07500000000000001 0.6335191509257108
0.07500000000000001 0.07500000000000001 0.07500000000000001 0.6567915175907935
0.07500000000000001 0.07500000000000001 0.07500000000000001 0.6695573536402666
0.07500000000000001 0.07500000000000001 0.07500000000000001 0.6959515069079609
0.07500000000000001 0.07500000000000001 0.07500000000000001 0.7135478312075492
0.07500000000000001 0.07500000000000001 0.07500000000000001 0.7407851097190097
0.07500000000000001 0.07500000000000001 0.07500000000000001 0.7507568333416863
0.07500000000000001 0.07500000000000001 0.07500000000000001 0.7707535115338029
0.07500000000000001 0.07500000000000001 0.07500000000000001 0.7841550113597098
0.07500000000000001 0.07500000000000001 0.07500000000000001 0.7941032876644725
0.07500000000000001 0.07500000000000001 0.07500000000000001 0.8032010105413274
0.07500000000000001 0.07500000000000001 0.07500000000000001 0.8183715012716979
0.07500000000000001 0.07500000000000001 0.07500000000000001 0.8279370997789286
0.07500000000000001 0.07500000000000001 0.07500000000000001 0.8365624403528793
0.07500000000000001 0.07500000000000001 0.07500000000000001 0.8504571370451908
0.07500000000000001 0.07500000000000001 0.07500000000000001 0.857784604401496
0.07500000000000001 0.07500000000000001 0.07500000000000001 0.8699441542729422
0.07500000000000001 0.07500000000000001 0.07500000000000001 0.8786883537118797
0.07500000000000001 0.07500000000000001 0.07500000000000001 0.8969836568563876
0.07500000000000001 0.07500000000000001 0.07500000000000001 0.9088426890734729
0.07500000000000001 0.07500000000000001 0.07500000000000001 0.9202599030089775
0.07500000000000001 0.07500000000000001 0.07500000000000001 0.9304303879547893
0.07500000000000001 0.07500000000000001 0.07500000000000001 0.933924478157027
0.07500000000000001 0.07500000000000001 0.07500000000000001 0.9477835592019854
0.07500000000000001 0.07500000000000001 0.07500000000000001 0.9546280336889311
0.07500000000000001 0.07500000000000001 0.07500000000000001 0.967599274466061
0.07500000000000001 0.07500000000000001 0.07500000000000001 0.974277710710357
0.07500000000000001 0.07500000000000001 0.07500000000000001 0.9892758780307114
0.07500000000000001 0.07500000000000001 0.07500000000000001 1.0022946943483007
0.07500000000000001 0.07500000000000001 0.07500000000000001 1.0118288690706505
0.07500000000000001 0.07500000000000001 0.07500000000000001 1.0246466312885625
0.07500000000000001 0.07500000000000001 0.07500000000000001 1.0340634168545626
0.07500000000000001 0.07500000000000001 0.07500000000000001 1.0369427079404612
0.07500000000000001 0.07500000000000001 0.07500000000000001 1.0456753049476752
0.07500000000000001 0.07500000000000001 0.07500000000000001 1.0611814147058876
0.07500000000000001 0.07500000000000001 0.07500000000000001 1.0646411040372965
0.07500000000000001 0.07500000000000001 0.07500000000000001 1.0804416835301103
0.07500000000000001 0.07500000000000001 0.07500000000000001 1.091729046169065
0.07500000000000001 0.07500000000000001 0.07500000000000001 1.1061056866759893
0.07500000000000001 0.07500000000000001 0.07500000000000001 1.109482583255508
0.07500000000000001 0.07500000000000001 0.07500000000000001 1.1154244482053661
0.07500000000000001 0.07500000000000001 0.07500000000000001 1.129139854200014
0.07500000000000001 0.07500000000000001 0.07500000000000001 1.1323331565247374
0.07500000000000001 0.07500000000000001 0.07500000000000001 1.140252654199763
0.07500000000000001 0.07500000000000001 0.07500000000000001 1.156339311436552
0.07500000000000001 0.07500000000000001 0.07500000000000001 1.1669655758517399
0.07500000000000001 0.07500000000000001 0.07500000000000001 1.1754553675154753
0.07500000000000001 0.07500000000000001 0.07500000000000001 1.1887010607234894
0.07500000000000001 0.07500000000000001 0.07500000000000001 1.1969026644829261
0.07500000000000001 0.07500000000000001 0.07500000000000001 1.2044482413603337
0.07500000000000001 0.07500000000000001 0.07500000000000001 1.222555387048213
0.07500000000000001 0.07500000000000001 0.07500000000000001 1.2287062891766858
0.07500000000000001 0.07500000000000001 0.07500000000000001 1.2404832821036984
0.07500000000000001 0.07500000000000001 0.07500000000000001 1.2456084623860149
0.07500000000000001 0.07500000000000001 0.07500000000000001 1.264836012694368
0.07500000000000001 0.07500000000000001 0.07500000000000001 1.2809674519552612
0.07500000000000001 0.07500000000000001 0.07500000000000001 1.2908721035670698
0.07500000000000001 0.07500000000000001 0.07500000000000001 1.300199704766289
0.07500000000000001 0.07500000000000001 0.07500000000000001 1.3142548054197052
0.07500000000000001 0.07500000000000001 0.07500000000000001 1.3248922448479314
0.07500000000000001 0.07500000000000001 0.07500000000000001 1.3394254586155014
0.07500000000000001 0.07500000000000001 0.07500000000000001 1.357680549378193
0.07500000000000001 0.07500000000000001 0.07500000000000001 1.373670261324925
0.07500000000000001 0.07500000000000001 0.07500000000000001 1.3826150511514923
0.07500000000000001 0.07500000000000001 0.07500000000000001 1.3974013769931821
0.07500000000000001 0.07500000000000001 0.07500000000000001 1.402794550476104
0.07500000000000001 0.07500000000000001 0.07500000000000001 1.4214863784607568
0.07500000000000001 0.07500000000000001 0.07500000000000001 1.4313884077565469
0.07500000000000001 0.07500000000000001 0.07500000000000001 1.449657829595914
0.07500000000000001 0.07500000000000001 0.07500000000000001 1.4654858555638874
0.07500000000000001 0.07500000000000001 0.07500000000000001 1.4766143470440962
0.07500000000000001 0.07500000000000001 0.07500000000000001 1.4895607631571233
0.07500000000000001 0.07500000000000001 0.07500000000000001 1.4981110209707609
0.07500000000000001 0.07500000000000001 0.07500000000000001 1.5266129017038104
0.07500000000000001 0.07500000000000001 0.07500000000000001 1.5375958166146457
0.07500000000000001 0.07500000000000001 0.07500000000000001 1.5489503128640552
0.07500000000000001 0.07500000000000001 0.07500000000000001 1.566303660124178
0.07500000000000001 0.07500000000000001 0.07500000000000001 1.5937543522269846
0.07500000000000001 0.07500000000000001 0.07500000000000001 1.5990468508841797
0.07500000000000001 0.07500000000000001 0.07500000000000001 1.6292015348235758
0.07500000000000001 0.07500000000000001 0.07500000000000001 1.64452879405225
0.07500000000000001 0.07500000000000001 0.07500000000000001 1.6521086361070836
0.07500000000000001 0.07500000000000001 0.07500000000000001 1.664271452957104
0.07500000000000001 0.07500000000000001 0.07500000000000001 1.6856363312574185
0.07500000000000001 0.07500000000000001 0.07500000000000001 1.7031340541816062
0.07500000000000001 0.07500000000000001 0.07500000000000001 1.7346251476456036
0.07500000000000001 0.07500000000000001 0.07500000000000001 1.7436357975343206
0.07500000000000001 0.07500000000000001 0.07500000000000001 1.7880233993366819
0.07500000000000001 0.07500000000000001 0.07500000000000001 1.7963008275559762
0.07500000000000001 0.07500000000000001 0.07500000000000001 1.82348981248105
0.07500000000000001 0.07500000000000001 0.07500000000000001 1.8453783702182056
0.07500000000000001 0.07500000000000001 0.07500000000000001 1.9222164860558184
0.07500000000000001 0.07500000000000001 0.07500000000000001 1.946653620649652
0.07500000000000001 0.07500000000000001 0.07500000000000001 2.147589436870681
0.07500000000000001 0.07500000000000001 0.07500000000000001 2.1668205567921213
0.07500000000000001 0.07500000000000001 0.07500000000000001 2.2116267819778317
0.07500000000000001 0.07500000000000001 0.07500000000000001 2.227366321536529
0.07500000000000001 0.07500000000000001 0.07500000000000001 2.245733923943275
0.07500000000000001 0.07500000000000001 0.07500000000000001 2.2670616584461376
0.07500000000000001 0.07500000000000001 0.07500000000000001 2.5975015269806123
0.07500000000000001 0.07500000000000001 0.07500000000000001 2.605755657647654
0.07500000000000001 0.07500000000000001 0.07500000000000001 3.821213325573373
0.07500000000000001 0.07500000000000001 0.07500000000000001 3.8805293844775814
0.07500000000000001 0.07500000000000001 0.07500000000000001 4.381748016449554
0.07500000000000001 0.07500000000000001 0.07500000000000001 4.405391384221039
0.07500000000000001 0.07500000000000001 0.07500000000000001 4.5022690546472175
0.07500000000000001 0.07500000000000001 0.07500000000000001 4.509017791607861
0.07500000000000001 0.07500000000000001 0.07500000000000001 4.587841596803663
0.07500000000000001 0.07500000000000001 0.07500000000000001 4.638680775924506
0.07500000000000001 0.07500000000000001 0.07500000000000001 5.124021108505943
0.07500000000000001 0.07500000000000001 0.07500000000000001 5.145616744502741
0.07500000000000001 0.07500000000000001 0.07500000000000001 5.223767575264152
0.07500000000000001 0.07500000000000001 0.07500000000000001 5.252601361478455
0.07500000000000001 0.07500000000000001 0.07500000000000001 5.271589781461665
0.07500000000000001 0.07500000000000001 0.07500000000000001 5.30124501260903
0.07500000000000001 0.07500000000000001 0.07500000000000001 5.377284415073168
0.07500000000000001 0.07500000000000001 0.07500000000000001 5.403711849315609
0.07500000000000001 0.07500000000000001 0.07500000000000001 5.438713880296942
0.07500000000000001 0.07500000000000001 0.07500000000000001 5.459818635886851
0.07500000000000001 0.07500000000000001 0.07500000000000001 5.7015184332637485
0.07500000000000001 0.07500000000000001 0.07500000000000001 5.7191994228395195
0.07500000000000001 0.07500000000000001 0.07500000000000001 5.745989138367139
0.07500000000000001 0.07500000000000001 0.07500000000000001 5.761593036274704
0.07500000000000001 0.07500000000000001 0.07500000000000001 5.7861714004192795
0.07500000000000001 0.07500000000000001 0.07500000000000001 5.821326287515231
0.07500000000000001 0.07500000000000001 0.07500000000000001 6.488793163119468
0.07500000000000001 0.07500000000000001 0.07500000000000001 6.519902444510515
0.07500000000000001 0.07500000000000001 0.07500000000000001 6.771319229912546
0.07500000000000001 0.07500000000000001 0.07500000000000001 6.7976613166614985
0.07500000000000001 0.07500000000000001 0.07500000000000001 7.154592068157618
0.07500000000000001 0.07500000000000001 0.07500000000000001 7.190660305807999
0.07500000000000001 0.07500000000000001 0.07500000000000001 7.319669350230567
0.07500000000000001 0.07500000000000001 0.07500000000000001 7.352927457255715
0.07500000000000001 0.07500000000000001 0.07500000000000001 7.413863723696288
0.07500000000000001 0.07500000000000001 0.07500000000000001 7.437865566567051
0.07500000000000001 0.07500000000000001 0.07500000000000001 7.517021777526739
0.07500000000000001 0.07500000000000001 0.07500000000000001 7.544762008641455
0.07500000000000001 0.07500000000000001 0.07500000000000001 7.627480829479825
0.07500000000000001 0.07500000000000001 0.07500000000000001 7.6558539597175335
0.07500000000000001 0.07500000000000001 0.07500000000000001 7.812635006149592
0.07500000000000001 0.07500000000000001 0.07500000000000001 7.818258894044176
0.07500000000000001 0.07500000000000001 0.07500000000000001 7.979521082119264
0.07500000000000001 0.07500000000000001 0.07500000000000001 8.019390246480876
0.07500000000000001 0.07500000000000001 0.07500000000000001 8.174240057204818
0.07500000000000001 0.07500000000000001 0.07500000000000001 8.211788421412674
0.07500000000000001 0.07500000000000001 0.07500000000000001 8.328498556057175
0.07500000000000001 0.07500000000000001 0.07500000000000001 8.352801113564805
0.07500000000000001 0.07500000000000001 0.07500000000000001 8.461787585388587
0.07500000000000001 0.07500000000000001 0.07500000000000001 8.501139641259611
0.1 0.1 0.1 -5.300773839066782
0.1 0.1 0.1 -5.298559604945747
0.1 0.1 0.1 -4.9547039971000615
0.1 0.1 0.1 -4.951270804794787
0.1 0.1 0.1 -4.910589048900724
0.1 0.1 0.1 -4.905325897341881
0.1 0.1 0.1 -4.8866469791724905
0.1 0.1 0.1 -4.880824129778747
0.1 0.1 0.1 -4.548504306816456
0.1 0.1 0.1 -4.544618498633629
0.1 0.1 0.1 -4.514672902360383
0.1 0.1 0.1 -4.510635211800616
0.1 0.1 0.1 -4.414321615827923
0.1 0.1 0.1 -4.400211710400008
0.1 0.1 0.1 -3.760136102340841
0.1 0.1 0.1 -3.696456929405013
0.1 0.1 0.1 -1.0126961110515786
0.1 0.1 0.1 -0.9586370116948189
0.1 0.1 0.1 -0.826172498956856
0.1 0.1 0.1 -0.8019228470596165
0.1 0.1 0.1 -0.7650683479119298
0.1 0.1 0.1 -0.7442665118430849
0.1 0.1 0.1 -0.707420664537592
0.1 0.1 0.1 -0.697164566906574
0.1 0.1 0.1 -0.6801871946632119
0.1 0.1 0.1 -0.6589907073536203
0.1 0.1 0.1 -0.6349117077566842
0.1 0.1 0.1 -0.6137136309144449
0.1 0.1 0.1 -0.5778428697148676
0.1 0.1 0.1 -0.5642104431065622
0.1 0.1 0.1 -0.5179436892120179
0.1 0.1 0.1 -0.5063785267439123
0.1 0.1 0.1 -0.49349408049499033
0.1 0.1 0.1 -0.47493218233197787
0.1 0.1 0.1 -0.459143911628283
0.1 0.1 0.1 -0.4507520697124874
0.1 0.1 0.1 -0.3636147971077719
0.1 0.1 0.1 -0.33818441860132076
0.1 0.1 0.1 -0.30943432339906446
0.1 0.1 0.1 -0.3041650438637019
0.1 0.1 0.1 0.21845494097978246
0.1 0.1 0.1 0.23409506090647803
0.1 0.1 0.1 0.27492528722199516
0.1 0.1 0.1 0.29097400116551164
0.1 0.1 0.1 0.2923492451840895
0.1 0.1 0.1 0.31160271570650977
0.1 0.1 0.1 0.40455393501883563
0.1 0.1 0.1 0.41539404918721345
0.1 0.1 0.1 0.4294429359768124
0.1 0.1 0.1 0.44181351778106226
0.1 0.1 0.1 0.4613162982734895
0.1 0.1 0.1 0.4726237358259402
0.1 0.1 0.1 0.4862792042967087
0.1 0.1 0.1 0.4939538903002533
0.1 0.1 0.1 0.5055400982143032
0.1 0.1 0.1 0.5265391118987948
0.1 0.1 0.1 0.5640771635122874
0.1 0.1 0.1 0.5955010510346739
0.1 0.1 0.1 0.6098295525352526
0.1 0.1 0.1 0.6215857838427556
0.1 0.1 0.1 0.6490833768299575
0.1 0.1 0.1 0.6623638317071627
0.1 0.1 0.1 0.6817928011250212
0.1 0.1 0.1 0.709758777805944
0.1 0.1 0.1 0.7291579927724694
0.1 0.1 0.1 0.7431641604041754
0.1 0.1 0.1 0.7594757344208158
0.1 0.1 0.1 0.7727820065872804
0.1 0.1 0.1 0.7848636346258298
0.1 0.1 0.1 0.7994778232654367
0.1 0.1 0.1 0.8169251144197609
0.1 0.1 0.1 0.8218842113649215
0.1 0.1 0.1 0.8360100940291879
0.1 0.1 0.1 0.8474891624663422
0.1 0.1 0.1 0.8501867901964634
0.1 0.1 0.1 0.8680611211715505
0.1 0.1 0.1 0.872601423887992
0.1 0.1 0.1 0.8898340418739181
0.1 0.1 0.1 0.9075818057708229
0.1 0.1 0.1 0.9161996902367147
0.1 0.1 0.1 0.925237781438657
0.1 0.1 0.1 0.9339073618017482
0.1 0.1 0.1 0.9447017321876389
0.1 0.1 0.1 0.9512231950699434
0.1 0.1 0.1 0.9622855057366584
0.1 0.1 0.1 0.970565556992053
0.1 0.1 0.1 0.9865477053562648
0.1 0.1 0.1 1.0003283797068483
0.1 0.1 0.1 1.0066034260395889
0.1 0.1 0.1 1.0195644450016346
0.1 0.1 0.1 1.0295101690307285
0.1 0.1 0.1 1.0307766177588005
0.1 0.1 0.1 1.0431616660477374
0.1 0.1 0.1 1.0567459462695439
0.1 0.1 0.1 1.0649645956845992
0.1 0.1 0.1 1.0756107810608908
0.1 0.1 0.1 1.0912104676538892
0.1 0.1 0.1 1.1067373553244253
0.1 0.1 0.1 1.1084792523453788
0.1 0.1 0.1 1.114126920312284
0.1 0.1 0.1 1.1255576266290106
0.1 0.1 0.1 1.133310841547864
0.1 0.1 0.1 1.144076350866773
0.1 0.1 0.1 1.1551728838308737
0.1 0.1 0.1 1.167946351618071
0.1 0.1 0.1 1.1743331875458436
0.1 0.1 0.1 1.1872493512735955
0.1 0.1 0.1 1.1967906509983726
0.1 0.1 0.1 1.205891028178308
0.1 0.1 0.1 1.2219902480277234
0.1 0.1 0.1 1.2264577145919755
0.1 0.1 0.1 1.2405185608609361
0.1 0.1 0.1 1.2480518091840258
0.1 0.1 0.1 1.2666363219545422
0.1 0.1 0.1 1.2766775701131126
0.1 0.1 0.1 1.288880949134919
0.1 0.1 0.1 1.3021117056316873
0.1 0.1 0.1 1.3165977048976403
0.1 0.1 0.1 1.3232057815404639
0.1 0.1 0.1 1.3416010943167676
0.1 0.1 0.1 1.354316947042272
0.1 0.1 0.1 1.3701332092147291
0.1 0.1 0.1 1.383380029182299
0.1 0.1 0.1 1.3946571861684256
0.1 0.1 0.1 1.4014067913139678
0.1 0.1 0.1 1.4211771587641682
0.1 0.1 0.1 1.4300810657782375
0.1 0.1 0.1 1.450749992185374
0.1 0.1 0.1 1.4684528615608965
0.1 0.1 0.1 1.478612273506167
0.1 0.1 0.1 1.4906555725959114
0.1 0.1 0.1 1.4994327860270396
0.1 0.1 0.1 1.5203175976748815
0.1 0.1 0.1 1.5331327969815316
0.1 0.1 0.1 1.547120111644901
0.1 0.1 0.1 1.5664268499831948
0.1 0.1 0.1 1.5890979416738102
0.1 0.1 0.1 1.5953480497064683
0.1 0.1 0.1 1.62509399001308
0.1 0.1 0.1 1.6409048951447653
0.1 0.1 0.1 1.6527683826637318
0.1 0.1 0.1 1.6636182015790775
0.1 0.1 0.1 1.68062249113036
0.1 0.1 0.1 1.7025497588373915
0.1 0.1 0.1 1.7310525670285202
0.1 0.1 0.1 1.7429418460488977
0.1 0.1 0.1 1.7795612334852446
0.1 0.1 0.1 1.7895466435599197
0.1 0.1 0.1 1.8139507715014274
0.1 0.1 0.1 1.8417607742907842
0.1 0.1 0.1 1.9149546556632684
0.1 0.1 0.1 1.9462905818672107
0.1 0.1 0.1 2.121111966196321
0.1 0.1 0.1 2.1428595660387186
0.1 0.1 0.1 2.190710277330693
0.1 0.1 0.1 2.20421191338433
0.1 0.1 0.1 2.230469677012696
0.1 0.1 0.1 2.2527770734913437
0.1 0.1 0.1 2.55603357122234
0.1 0.1 0.1 2.564281680186987
0.1 0.1 0.1 3.8643262742384685
0.1 0.1 0.1 3.9388551275606734
0.1 0.1 0.1 4.410938216712181
0.1 0.1 0.1 4.440237660562171
0.1 0.1 0.1 4.526283029347866
0.1 0.1 0.1 4.539222036784707
0.1 0.1 0.1 4.613915058273639
0.1 0.1 0.1 4.675390175861766
0.1 0.1 0.1 5.138894057272928
0.1 0.1 0.1 5.169517728305715
0.1 0.1 0.1 5.23697452968677
0.1 0.1 0.1 5.270585849705162
0.1 0.1 0.1 5.292882332667545
0.1 0.1 0.1 5.3295243635302985
0.1 0.1 0.1 5.401928013483824
0.1 0.1 0.1 5.433749990045017
0.1 0.1 0.1 5.46572002179072
0.1 0.1 0.1 5.496796682887588
0.1 0.1 0.1 5.722418959348005
0.1 0.1 0.1 5.741959032820988
0.1 0.1 0.1 5.7750264128319895
0.1 0.1 0.1 5.787917031825472
0.1 0.1 0.1 5.811265607859974
0.1 0.1 0.1 5.854391431443933
0.1 0.1 0.1 6.46680958067283
0.1 0.1 0.1 6.509833654239673
0.1 0.1 0.1 6.748172258033609
0.1 0.1 0.1 6.7818477853609584
0.1 0.1 0.1 7.125454238569045
0.1 0.1 0.1 7.172678630854394
0.1 0.1 0.1 7.291840115856969
0.1 0.1 0.1 7.331589694439563
0.1 0.1 0.1 7.385792780784698
0.1 0.1 0.1 7.415426756624917
0.1 0.1 0.1 7.488906093434363
0.1 0.1 0.1 7.525810291229326
0.1 0.1 0.1 7.599921277917739
0.1 0.1 0.1 7.637546028585282
0.1 0.1 0.1 7.7870623025089705
0.1 0.1 0.1 7.792807702940804
0.1 0.1 0.1 7.940579414069143
0.1 0.1 0.1 7.993644814130673
0.1 0.1 0.1 8.139791577749664
0.1 0.1 0.1 8.183198384360816
0.1 0.1 0.1 8.288509579753216
0.1 0.1 0.1 8.323172510928822
0.1 0.1 0.1 8.421160086144242
0.1 0.1 0.1 8.465677319968666
0.125 0.125 0.125 -5.28723678172072
0.125 0.125 0.125 -5.2850051724559455
0.125 0.125 0.125 -4.952853480693308
0.125 0.125 0.125 -4.9474796785999215
0.125 0.125 0.125 -4.908066065372641
0.125 0.125 0.125 -4.901648844839084
0.125 0.125 0.125 -4.880788381266295
0.125 0.125 0.125 -4.875161480555877
0.125 0.125 0.125 -4.553344761616718
0.125 0.125 0.125 -4.54857102227332
0.125 0.125 0.125 -4.520827686242306
0.125 0.125 0.125 -4.516519447662931
0.125 0.125 0.125 -4.420127347948311
0.125 0.125 0.125 -4.404231901710368
0.125 0.125 0.125 -3.781719679184677
0.125 0.125 0.125 -3.702965623814066
0.125 0.125 0.125 -0.997412621181816
0.125 0.125 0.125 -0.9340558465179658
0.125 0.125 0.125 -0.8095824302885131
0.125 0.125 0.125 -0.7834673128133023
0.125 0.125 0.125 -0.748752969313145
0.125 0.125 0.125 -0.7266453253437248
0.125 0.125 0.125 -0.6876004749594351
0.125 0.125 0.125 -0.6764634215920431
0.125 0.125 0.125 -0.6630765812661465
0.125 0.125 0.125 -0.6372512935471839
0.125 0.125 0.125 -0.6204427046765169
0.125 0.125 0.125 -0.5952943148381351
0.125 0.125 0.125 -0.561541404268004
0.125 0.125 0.125 -0.5427741081255029
0.125 0.125 0.125 -0.5005038358679155
0.125 0.125 0.125 -0.48966556458517196
0.125 0.125 0.125 -0.47960880194253797
0.125 0.125 0.125 -0.4611462520057241
0.125 0.125 0.125 -0.44206303460116914
0.125 0.125 0.125 -0.43133890902989513
0.125 0.125 0.125 -0.350950961574231
0.125 0.125 0.125 -0.32036611330795317
0.125 0.125 0.125 -0.29670365742357463
0.125 0.125 0.125 -0.2903929017410011
0.125 0.125 0.125 0.21805294909094464
0.125 0.125 0.125 0.2369118982038998
0.125 0.125 0.125 0.2767437443857137
0.125 0.125 0.125 0.29194404034382376
0.125 0.125 0.125 0.2956644481493152
0.125 0.125 0.125 0.3169784068818373
0.125 0.125 0.125 0.39835056797979185
0.125 0.125 0.125 0.40916350766529064
0.125 0.125 0.125 0.41815880981103515
0.125 0.125 0.125 0.43704879304344235
0.125 0.125 0.125 0.44815818985301625
0.125 0.125 0.125 0.46405945662398995
0.125 0.125 0.125 0.47572327916849666
0.125 0.125 0.125 0.4871132871899233
0.125 0.125 0.125 0.4976762627496223
0.125 0.125 0.125 0.5229058640857192
0.125 0.125 0.125 0.553957581244628
0.125 0.125 0.125 0.5845385992295196
0.125 0.125 0.125 0.596700099127105
0.125 0.125 0.125 0.6055606533492526
0.125 0.125 0.125 0.637555832517462
0.125 0.125 0.125 0.6546669324089303
0.125 0.125 0.125 0.6635219529903473
0.125 0.125 0.125 0.7039854560724397
0.125 0.125 0.125 0.7173314915091256
0.125 0.125 0.125 0.7355578802834417
0.125 0.125 0.125 0.7468804759035397
0.125 0.125 0.125 0.7602545163673735
0.125 0.125 0.125 0.7764536824319785
0.125 0.125 0.125 0.7937700823034852
0.125 0.125 0.125 0.8123707846034905
0.125 0.125 0.125 0.8146058399414636
0.125 0.125 0.125 0.8312012834601292
0.125 0.125 0.125 0.8393922618463918
0.125 0.125 0.125 0.847709744409336
0.125 0.125 0.125 0.8629451638870881
0.125 0.125 0.125 0.8663564016030846
0.125 0.125 0.125 0.8835332729118095
0.125 0.125 0.125 0.9018215338461308
0.125 0.125 0.125 0.9116045220516389
0.125 0.125 0.125 0.919678015704732
0.125 0.125 0.125 0.932140286367502
0.125 0.125 0.125 0.9392126516386258
0.125 0.125 0.125 0.9458623727638676
0.125 0.125 0.125 0.9552111530679595
0.125 0.125 0.125 0.9691884029415796
0.125 0.125 0.125 0.982733576804347
0.125 0.125 0.125 0.9941241163547998
0.125 0.125 0.125 1.0026326962840244
0.125 0.125 0.125 1.0136257654053358
0.125 0.125 0.125 1.0222686243435943
0.125 0.125 0.125 1.0270322818812903
0.125 0.125 0.125 1.0420701504925933
0.125 0.125 0.125 1.049114385732664
0.125 0.125 0.125 1.0661559640681806
0.125 0.125 0.125 1.0721970912054306
0.125 0.125 0.125 1.0876896945937178
0.125 0.125 0.125 1.1060175279920228
0.125 0.125 0.125 1.1079149981798257
0.125 0.125 0.125 1.1113932758007177
0.125 0.125 0.125 1.1225198654944029
0.125 0.125 0.125 1.1342087060212709
0.125 0.125 0.125 1.1483069339425558
0.125 0.125 0.125 1.1538830077771536
0.125 0.125 0.125 1.1679653330196198
0.125 0.125 0.125 1.1751559326935503
0.125 0.125 0.125 1.185571254255545
0.125 0.125 0.125 1.1961996950093026
0.125 0.125 0.125 1.2057604068948073
0.125 0.125 0.125 1.2228405257759951
0.125 0.125 0.125 1.2246692912358592
0.125 0.125 0.125 1.2400491865243808
0.125 0.125 0.125 1.2510317647021303
0.125 0.125 0.125 1.2670014502969575
0.125 0.125 0.125 1.273728246222689
0.125 0.125 0.125 1.2877426948106336
0.125 0.125 0.125 1.3033645756633492
0.125 0.125 0.125 1.3164903935559273
0.125 0.125 0.125 1.3239436938511053
0.125 0.125 0.125 1.3443040957761987
0.125 0.125 0.125 1.3515461266249842
0.125 0.125 0.125 1.3654474377063837
0.125 0.125 0.125 1.3850075853100514
0.125 0.125 0.125 1.3906584228073489
0.125 0.125 0.125 1.4015859796691474
0.125 0.125 0.125 1.4202689033164502
0.125 0.125 0.125 1.4283910670995308
0.125 0.125 0.125 1.4492850317911126
0.125 0.125 0.125 1.4725997886893318
0.125 0.125 0.125 1.4787777509048674
0.125 0.125 0.125 1.492250218573866
0.125 0.125 0.125 1.5005299105493277
0.125 0.125 0.125 1.5153336427803872
0.125 0.125 0.125 1.5291194129800632
0.125 0.125 0.125 1.5449192718694977
0.125 0.125 0.125 1.5654107792954175
0.125 0.125 0.125 1.584003056426579
0.125 0.125 0.125 1.591053511723465
0.125 0.125 0.125 1.62076768575312
0.125 0.125 0.125 1.6363825786688277
0.125 0.125 0.125 1.6528208336268522
0.125 0.125 0.125 1.661678008721962
0.125 0.125 0.125 1.6765055695097457
0.125 0.125 0.125 1.7009300911002274
0.125 0.125 0.125 1.727235241731596
0.125 0.125 0.125 1.741638736613245
0.125 0.125 0.125 1.7704889072938652
0.125 0.125 0.125 1.781812789726943
0.125 0.125 0.125 1.8041013465964442
0.125 0.125 0.125 1.8368112095802287
0.125 0.125 0.125 1.9054348173530036
0.125 0.125 0.125 1.9432913351561538
0.125 0.125 0.125 2.0904678550257394
0.125 0.125 0.125 2.1131835911810866
0.125 0.125 0.125 2.166463753941647
0.125 0.125 0.125 2.177337150945978
0.125 0.125 0.125 2.2108497291225024
0.125 0.125 0.125 2.2333013951870724
0.125 0.125 0.125 2.5070574303091426
0.125 0.125 0.125 2.5141389184417378
0.125 0.125 0.125 3.919555770797496
0.125 0.125 0.125 4.006531550350579
0.125 0.125 0.125 4.448631395540687
0.125 0.125 0.125 4.48189831746524
0.125 0.125 0.125 4.5561271794325515
0.125 0.125 0.125 4.576932538219552
0.125 0.125 0.125 4.650111906068752
0.125 0.125 0.125 4.718642317064935
0.125 0.125 0.125 5.15716429297056
0.125 0.125 0.125 5.198727540164815
0.125 0.125 0.125 5.253323733206923
0.125 0.125 0.125 5.2882569124043295
0.125 0.125 0.125 5.321625160025441
0.125 0.125 0.125 5.363343743507022
0.125 0.125 0.125 5.435994188133162
0.125 0.125 0.125 5.470526934486891
0.125 0.125 0.125 5.500820264679165
0.125 0.125 0.125 5.542557191747289
0.125 0.125 0.125 5.7486400882334285
0.125 0.125 0.125 5.771691777962303
0.125 0.125 0.125 5.812120635462732
0.125 0.125 0.125 5.819910462564865
0.125 0.125 0.125 5.845226890826188
0.125 0.125 0.125 5.893737087614051
0.125 0.125 0.125 6.450923152775936
0.125 0.125 0.125 6.50604384819327
0.125 0.125 0.125 6.724470818859736
0.125 0.125 0.125 6.763003078601732
0.125 0.125 0.125 7.0919992072013995
0.125 0.125 0.125 7.147842684281793
0.125 0.125 0.125 7.259302196010804
0.125 0.125 0.125 7.3029112133331315
0.125 0.125 0.125 7.351876880342675
0.125 0.125 0.125 7.3865808455722615
0.125 0.125 0.125 7.454958336864291
0.125 0.125 0.125 7.501541610319635
0.125 0.125 0.125 7.566475307954893
0.125 0.125 0.125 7.614010876706376
0.125 0.125 0.125 7.754608022449653
0.125 0.125 0.125 7.761663157418628
0.125 0.125 0.125 7.894159548303203
0.125 0.125 0.125 7.958541524358012
0.125 0.125 0.125 8.096731692037716
0.125 0.125 0.125 8.143551928926948
0.125 0.125 0.125 8.239861725175174
0.125 0.125 0.125 8.284903667165393
0.125 0.125 0.125 8.370903859165281
0.125 0.125 0.125 8.415307918281277
0.15 0.15 0.15 -5.27080838040338
0.15 0.15 0.15 -5.267977143911455
0.15 0.15 0.15 -4.950097772990913
0.15 0.15 0.15 -4.942437398134991
0.15 0.15 0.15 -4.904837339551441
0.15 0.15 0.15 -4.897447337307349
0.15 0.15 0.15 -4.873671255344612
0.15 0.15 0.15 -4.868943545563319
0.15 0.15 0.15 -4.559010717084819
0.15 0.15 0.15 -4.552619319716935
0.15 0.15 0.15 -4.526878769266095
0.15 0.15 0.15 -4.522945835268885
0.15 0.15 0.15 -4.425849083453873
0.15 0.15 0.15 -4.408356299468078
0.15 0.15 0.15 -3.81166045164151
0.15 0.15 0.15 -3.7197705880155123
0.15 0.15 0.15 -0.9781473834472791
0.15 0.15 0.15 -0.907927805260984
0.15 0.15 0.15 -0.7886519213444814
0.15 0.15 0.15 -0.7624789292765257
0.15 0.15 0.15 -0.728523854439036
0.15 0.15 0.15 -0.70527099563874
0.15 0.15 0.15 -0.6659007833430053
0.15 0.15 0.15 -0.6540343242109348
0.15 0.15 0.15 -0.641784164764827
0.15 0.15 0.15 -0.6136637912022636
0.15 0.15 0.15 -0.6001104440577976
0.15 0.15 0.15 -0.5736924425923462
0.15 0.15 0.15 -0.5425436360721019
0.15 0.15 0.15 -0.518008039788711
0.15 0.15 0.15 -0.48035425782739194
0.15 0.15 0.15 -0.4733444540184037
0.15 0.15 0.15 -0.4602447865334458
0.15 0.15 0.15 -0.44346626231488884
0.15 0.15 0.15 -0.42120681419052985
0.15 0.15 0.15 -0.4085782413974073
0.15 0.15 0.15 -0.33459415963256767
0.15 0.15 0.15 -0.2997287701037852
0.15 0.15 0.15 -0.281331269041426
0.15 0.15 0.15 -0.2740714897661362
0.15 0.15 0.15 0.2171141650366355
0.15 0.15 0.15 0.23874877171483
0.15 0.15 0.15 0.2787744719360532
0.15 0.15 0.15 0.2914104152512097
0.15 0.15 0.15 0.2994298233962445
0.15 0.15 0.15 0.32224622191125185
0.15 0.15 0.15 0.39049141790620645
0.15 0.15 0.15 0.39941162021736776
0.15 0.15 0.15 0.4054167389811555
0.15 0.15 0.15 0.42933028202445084
0.15 0.15 0.15 0.43611704101619536
0.15 0.15 0.15 0.4539398590783472
0.15 0.15 0.15 0.4642563395802668
0.15 0.15 0.15 0.4765575164517539
0.15 0.15 0.15 0.48960986037001053
0.15 0.15 0.15 0.5159904966905042
0.15 0.15 0.15 0.5416003721978422
0.15 0.15 0.15 0.5688392904674622
0.15 0.15 0.15 0.5795788778802061
0.15 0.15 0.15 0.5872755055634197
0.15 0.15 0.15 0.6205312548568509
0.15 0.15 0.15 0.6436691835033057
0.15 0.15 0.15 0.6470332040486207
0.15 0.15 0.15 0.695593005620192
0.15 0.15 0.15 0.7053761070179485
0.15 0.15 0.15 0.7246480123054244
0.15 0.15 0.15 0.7360050497356481
0.15 0.15 0.15 0.7495740843569525
0.15 0.15 0.15 0.7686515790954696
0.15 0.15 0.15 0.7844199000527015
0.15 0.15 0.15 0.8027032620666864
0.15 0.15 0.15 0.8081120491834121
0.15 0.15 0.15 0.8219466775778033
0.15 0.15 0.15 0.832666045420539
0.15 0.15 0.15 0.8435785673722611
0.15 0.15 0.15 0.8542160902568929
0.15 0.15 0.15 0.8602243524112517
0.15 0.15 0.15 0.8784726178954623
0.15 0.15 0.15 0.8945758384810087
0.15 0.15 0.15 0.9060923489153706
0.15 0.15 0.15 0.9116909066211172
0.15 0.15 0.15 0.9286188677955293
0.15 0.15 0.15 0.9310927774681294
0.15 0.15 0.15 0.9403890735398182
0.15 0.15 0.15 0.9476418044181236
0.15 0.15 0.15 0.9694061490960397
0.15 0.15 0.15 0.9771116833691389
0.15 0.15 0.15 0.9892130768484897
0.15 0.15 0.15 0.9972603747240276
0.15 0.15 0.15 1.0057012802890348
0.15 0.15 0.15 1.0146357809511857
0.15 0.15 0.15 1.0246168996791898
0.15 0.15 0.15 1.0353543439421946
0.15 0.15 0.15 1.0471031593620266
0.15 0.15 0.15 1.0643106448483575
0.15 0.15 0.15 1.0714500279348076
0.15 0.15 0.15 1.082153061437495
0.15 0.15 0.15 1.100753592097246
0.15 0.15 0.15 1.1043841538549146
0.15 0.15 0.15 1.1127364140076361
0.15 0.15 0.15 1.121253621143345
0.15 0.15 0.15 1.1344722444814987
0.15 0.15 0.15 1.1490291530865615
0.15 0.15 0.15 1.1541250170350759
0.15 0.15 0.15 1.1674345862764124
0.15 0.15 0.15 1.1759130944011993
0.15 0.15 0.15 1.1855044707311215
0.15 0.15 0.15 1.195196853788902
0.15 0.15 0.15 1.2054940811896273
0.15 0.15 0.15 1.2223418989643238
0.15 0.15 0.15 1.2257518057202892
0.15 0.15 0.15 1.239016251017353
0.15 0.15 0.15 1.2534751407208402
0.15 0.15 0.15 1.2658905328025174
0.15 0.15 0.15 1.273575186530227
0.15 0.15 0.15 1.2867754149683748
0.15 0.15 0.15 1.303844359673226
0.15 0.15 0.15 1.314703808502978
0.15 0.15 0.15 1.3257516732834196
0.15 0.15 0.15 1.346335196601936
0.15 0.15 0.15 1.3500653485749619
0.15 0.15 0.15 1.3628806809407283
0.15 0.15 0.15 1.3821874207141178
0.15 0.15 0.15 1.3908417329310536
0.15 0.15 0.15 1.4008585079729476
0.15 0.15 0.15 1.419376407292881
0.15 0.15 0.15 1.426679412480917
0.15 0.15 0.15 1.4467581295657377
0.15 0.15 0.15 1.4724601732260034
0.15 0.15 0.15 1.4789682616195168
0.15 0.15 0.15 1.4945908445036213
0.15 0.15 0.15 1.5018029780974214
0.15 0.15 0.15 1.5116107078381038
0.15 0.15 0.15 1.5267295452490934
0.15 0.15 0.15 1.5424807195235823
0.15 0.15 0.15 1.5635244248935232
0.15 0.15 0.15 1.5783672837452638
0.15 0.15 0.15 1.5865784603769786
0.15 0.15 0.15 1.6161977054715448
0.15 0.15 0.15 1.631539333907865
0.15 0.15 0.15 1.6508384058373702
0.15 0.15 0.15 1.6593433679621379
0.15 0.15 0.15 1.673502813704646
0.15 0.15 0.15 1.69835684549047
0.15 0.15 0.15 1.7233144847802349
0.15 0.15 0.15 1.7392242381364929
0.15 0.15 0.15 1.7616319565963003
0.15 0.15 0.15 1.773847357005371
0.15 0.15 0.15 1.794551192435546
0.15 0.15 0.15 1.8309958511624993
0.15 0.15 0.15 1.8927925273495783
0.15 0.15 0.15 1.9368549653551579
0.15 0.15 0.15 2.0570103495850516
0.15 0.15 0.15 2.079785752316517
0.15 0.15 0.15 2.1391262300992837
0.15 0.15 0.15 2.1480816881979905
0.15 0.15 0.15 2.187706006380787
0.15 0.15 0.15 2.209367816653619
0.15 0.15 0.15 2.452209875624143
0.15 0.15 0.15 2.4575830560266496
0.15 0.15 0.15 3.9850426454331407
0.15 0.15 0.15 4.081793000854977
0.15 0.15 0.15 4.493750162392626
0.15 0.15 0.15 4.529152034957905
0.15 0.15 0.15 4.592149563629824
0.15 0.15 0.15 4.621302951296151
0.15 0.15 0.15 4.695207967666343
0.15 0.15 0.15 4.767941398346304
0.15 0.15 0.15 5.177967464303443
0.15 0.15 0.15 5.232200496544542
0.15 0.15 0.15 5.272328274891738
0.15 0.15 0.15 5.307717533286218
0.15 0.15 0.15 5.3541270030718735
0.15 0.15 0.15 5.401145096163672
0.15 0.15 0.15 5.479283558562736
0.15 0.15 0.15 5.513624272992574
0.15 0.15 0.15 5.544635905601995
0.15 0.15 0.15 5.596044568703174
0.15 0.15 0.15 5.779964890618796
0.15 0.15 0.15 5.809032017174634
0.15 0.15 0.15 5.853076434036083
0.15 0.15 0.15 5.859628075507068
0.15 0.15 0.15 5.887834151734655
0.15 0.15 0.15 5.938635252153521
0.15 0.15 0.15 6.446701833787681
0.15 0.15 0.15 6.511527002286825
0.15 0.15 0.15 6.705430186693096
0.15 0.15 0.15 6.744399362103909
0.15 0.15 0.15 7.0563360586713735
0.15 0.15 0.15 7.116688617315174
0.15 0.15 0.15 7.222735599880869
0.15 0.15 0.15 7.267843356767288
0.15 0.15 0.15 7.312743794446332
0.15 0.15 0.15 7.353155597206559
0.15 0.15 0.15 7.415783572219157
0.15 0.15 0.15 7.472729936761338
0.15 0.15 0.15 7.527570396412391
0.15 0.15 0.15 7.586028676160226
0.15 0.15 0.15 7.715592877567353
0.15 0.15 0.15 7.726244428899124
0.15 0.15 0.15 7.8421613589332715
0.15 0.15 0.15 7.915082263571381
0.15 0.15 0.15 8.04579818859166
0.15 0.15 0.15 8.094262673070011
0.15 0.15 0.15 8.184437717150963
0.15 0.15 0.15 8.237678792001034
0.15 0.15 0.15 8.31242781313129
0.15 0.15 0.15 8.352765032080576
0.175 0.175 0.175 -5.251621592955001
0.175 0.175 0.175 -5.247601197843943
0.175 0.175 0.175 -4.946249264208868
0.175 0.175 0.175 -4.936545087336722
0.175 0.175 0.175 -4.901121171802248
0.175 0.175 0.175 -4.892942585306704
0.175 0.175 0.175 -4.8655605418807735
0.175 0.175 0.175 -4.8622083246761205
0.175 0.175 0.175 -4.566034251004328
0.175 0.175 0.175 -4.557715125265564
0.175 0.175 0.175 -4.533026664102312
0.175 0.175 0.175 -4.5295659618762185
0.175 0.175 0.175 -4.432197212407942
0.175 0.175 0.175 -4.412748390972029
0.175 0.175 0.175 -3.8488588170766516
0.175 0.175 0.175 -3.7462322626004045
0.175 0.175 0.175 -0.9556764386516754
0.175 0.175 0.175 -0.8809140519005503
0.175 0.175 0.175 -0.7646387042660958
0.175 0.175 0.175 -0.7387660733521653
0.175 0.175 0.175 -0.704985506183089
0.175 0.175 0.175 -0.6803690825450222
0.175 0.175 0.175 -0.6430883590480061
0.175 0.175 0.175 -0.6293136434734237
0.175 0.175 0.175 -0.6172041826677752
0.175 0.175 0.175 -0.5897306331102321
0.175 0.175 0.175 -0.5734324259224621
0.175 0.175 0.175 -0.5493796579051153
0.175 0.175 0.175 -0.5210790554028915
0.175 0.175 0.175 -0.4910401554427377
0.175 0.175 0.175 -0.45900633092697146
0.175 0.175 0.175 -0.45443309699057804
0.175 0.175 0.175 -0.43858603773405136
0.175 0.175 0.175 -0.4217303327608146
0.175 0.175 0.175 -0.39622594907736186
0.175 0.175 0.175 -0.3826569979192431
0.175 0.175 0.175 -0.31450993888587675
0.175 0.175 0.175 -0.27655300433414176
0.175 0.175 0.175 -0.2634501639717524
0.175 0.175 0.175 -0.2554088964698775
0.175 0.175 0.175 0.2149480997735722
0.175 0.175 0.175 0.2388823353589622
0.175 0.175 0.175 0.2804276012992375
0.175 0.175 0.175 0.28996472918799654
0.175 0.175 0.175 0.30154782074138264
0.175 0.175 0.175 0.32678830706199324
0.175 0.175 0.175 0.3793724774009152
0.175 0.175 0.175 0.38622223696189356
0.175 0.175 0.175 0.39306386620723505
0.175 0.175 0.175 0.41483039471069283
0.175 0.175 0.175 0.42860188509680697
0.175 0.175 0.175 0.44169220430516454
0.175 0.175 0.175 0.45098135787601557
0.175 0.175 0.175 0.46335441007089706
0.175 0.175 0.175 0.48106085291937095
0.175 0.175 0.175 0.5049236857099908
0.175 0.175 0.175 0.5255720600827853
0.175 0.175 0.175 0.5501319139979541
0.175 0.175 0.175 0.5605072473605285
0.175 0.175 0.175 0.56653594596784
0.175 0.175 0.175 0.599698025519368
0.175 0.175 0.175 0.6231908434176816
0.175 0.175 0.175 0.6384492427285657
0.175 0.175 0.175 0.6831259841149215
0.175 0.175 0.175 0.6943897902609981
0.175 0.175 0.175 0.7089955791883762
0.175 0.175 0.175 0.7293938995587288
0.175 0.175 0.175 0.7391274615128882
0.175 0.175 0.175 0.7601752289890671
0.175 0.175 0.175 0.7720786682088026
0.175 0.175 0.175 0.7908809592407149
0.175 0.175 0.175 0.8014902514353901
0.175 0.175 0.175 0.8127547129828914
0.175 0.175 0.175 0.8238272295778
0.175 0.175 0.175 0.835309357090102
0.175 0.175 0.175 0.8469835377602682
0.175 0.175 0.175 0.8534171731604667
0.175 0.175 0.175 0.8737222866256351
0.175 0.175 0.175 0.8862237109051421
0.175 0.175 0.175 0.8984119294404401
0.175 0.175 0.175 0.9018674443921519
0.175 0.175 0.175 0.920732178706075
0.175 0.175 0.175 0.9273320627067099
0.175 0.175 0.175 0.9336038385735953
0.175 0.175 0.175 0.940490951943834
0.175 0.175 0.175 0.9674198931804106
0.175 0.175 0.175 0.9712652329487541
0.175 0.175 0.175 0.9849119395748724
0.175 0.175 0.175 0.9909697650835031
0.175 0.175 0.175 0.9982454706622358
0.175 0.175 0.175 1.0081016116138937
0.175 0.175 0.175 1.0200508925955232
0.175 0.175 0.175 1.0278758898319644
0.175 0.175 0.175 1.0467720940469203
0.175 0.175 0.175 1.0597615375376357
0.175 0.175 0.175 1.0713962774742731
0.175 0.175 0.175 1.0767288926901115
0.175 0.175 0.175 1.0918622118033072
0.175 0.175 0.175 1.1013956348095597
0.175 0.175 0.175 1.115136639709501
0.175 0.175 0.175 1.1199265178711288
0.175 0.175 0.175 1.1341369288350363
0.175 0.175 0.175 1.1472115790677597
0.175 0.175 0.175 1.1538756908510412
0.175 0.175 0.175 1.1665889863681125
0.175 0.175 0.175 1.1743156041916585
0.175 0.175 0.175 1.1861406385627733
0.175 0.175 0.175 1.1959875080580487
0.175 0.175 0.175 1.206595109168985
0.175 0.175 0.175 1.2211954600008355
0.175 0.175 0.175 1.228355412666862
0.175 0.175 0.175 1.2371003258654278
0.175 0.175 0.175 1.2551567704062379
0.175 0.175 0.175 1.2653334436430992
0.175 0.175 0.175 1.274191638793626
0.175 0.175 0.175 1.2860898921924226
0.175 0.175 0.175 1.3036480269698005
0.175 0.175 0.175 1.3128323600210532
0.175 0.175 0.175 1.3265272396981223
0.175 0.175 0.175 1.3456829619693036
0.175 0.175 0.175 1.3503054666814773
0.175 0.175 0.175 1.3642286133690797
0.175 0.175 0.175 1.3777182662892944
0.175 0.175 0.175 1.3926458548768696
0.175 0.175 0.175 1.398860549452151
0.175 0.175 0.175 1.4183327644651262
0.175 0.175 0.175 1.4260486820449447
0.175 0.175 0.175 1.4436481159569272
0.175 0.175 0.175 1.4674004184630114
0.175 0.175 0.175 1.4798796111136188
0.175 0.175 0.175 1.4968418298209971
0.175 0.175 0.175 1.5035504528930599
0.175 0.175 0.175 1.508548153011421
0.175 0.175 0.175 1.5263775207993886
0.175 0.175 0.175 1.540320003886844
0.175 0.175 0.175 1.5608536549862775
0.175 0.175 0.175 1.572462621918313
0.175 0.175 0.175 1.5820948631434897
0.175 0.175 0.175 1.6113191825533226
0.175 0.175 0.175 1.6265345303061451
0.175 0.175 0.175 1.6468611956510388
0.175 0.175 0.175 1.6572440481064534
0.175 0.175 0.175 1.6710366753746202
0.175 0.175 0.175 1.6948140335304904
0.175 0.175 0.175 1.7192267454058374
0.175 0.175 0.175 1.7348648591972857
0.175 0.175 0.175 1.754159893034939
0.175 0.175 0.175 1.7664556298608804
0.175 0.175 0.175 1.7856262847238717
0.175 0.175 0.175 1.824589951430836
0.175 0.175 0.175 1.8764190106277265
0.175 0.175 0.175 1.9258388068849763
0.175 0.175 0.175 2.0223403891663034
0.175 0.175 0.175 2.0447145150534762
0.175 0.175 0.175 2.1092624801053077
0.175 0.175 0.175 2.117651738725421
0.175 0.175 0.175 2.16238956423771
0.175 0.175 0.175 2.181993160100596
0.175 0.175 0.175 2.392902777466037
0.175 0.175 0.175 2.3969630834201165
0.175 0.175 0.175 4.059084312041192
0.175 0.175 0.175 4.1631071177109575
0.175 0.175 0.175 4.54498910931341
0.175 0.175 0.175 4.5807108178608225
0.175 0.175 0.175 4.634714453637253
0.175 0.175 0.175 4.671427947905146
0.175 0.175 0.175 4.747860750874972
0.175 0.175 0.175 4.822621581048208
0.175 0.175 0.175 5.2007750988934776
0.175 0.175 0.175 5.267594264321431
0.175 0.175 0.175 5.294574762590366
0.175 0.175 0.175 5.329937677042217
0.175 0.175 0.175 5.388763435488205
0.175 0.175 0.175 5.4413209925986195
0.175 0.175 0.175 5.530887062634017
0.175 0.175 0.175 5.56280641309433
0.175 0.175 0.175 5.597577728061109
0.175 0.175 0.175 5.656117813288367
0.175 0.175 0.175 5.816960582296321
0.175 0.175 0.175 5.8532399906050046
0.175 0.175 0.175 5.895927038829255
0.175 0.175 0.175 5.908327601162796
0.175 0.175 0.175 5.937917513444993
0.175 0.175 0.175 5.988515152543085
0.175 0.175 0.175 6.449531876122922
0.175 0.175 0.175 6.518483335933908
0.175 0.175 0.175 6.698697469707511
0.175 0.175 0.175 6.731910669797328
0.175 0.175 0.175 7.019871613429459
0.175 0.175 0.175 7.080186744124835
0.175 0.175 0.175 7.183688493523394
0.175 0.175 0.175 7.227508920185278
0.175 0.175 0.175 7.269555644336331
0.175 0.175 0.175 7.316816628578397
0.175 0.175 0.175 7.372366772323852
0.175 0.175 0.175 7.439926695908769
0.175 0.175 0.175 7.484089112699907
0.175 0.175 0.175 7.5543153012167705
0.175 0.175 0.175 7.6714832143522065
0.175 0.175 0.175 7.687032348023697
0.175 0.175 0.175 7.78641280247819
0.175 0.175 0.175 7.864924329014294
0.175 0.175 0.175 7.98914311141444
0.175 0.175 0.175 8.03686860414669
0.175 0.175 0.175 8.124886879126567
0.175 0.175 0.175 8.181254023004241
0.175 0.175 0.175 8.247876867136354
0.175 0.175 0.175 8.283654508003798
0.19999999999999998 0.19999999999999998 0.19999999999999998 -5.229613911812167
0.19999999999999998 0.19999999999999998 0.19999999999999998 -5.224319902259709
0.19999999999999998 0.19999999999999998 0.19999999999999998 -4.941332164957182
0.19999999999999998 0.19999999999999998 0.19999999999999998 -4.9303170781291525
0.19999999999999998 0.19999999999999998 0.19999999999999998 -4.897092611169571
0.19999999999999998 0.19999999999999998 0.19999999999999998 -4.888293339513725
0.19999999999999998 0.19999999999999998 0.19999999999999998 -4.8568296064535925
0.19999999999999998 0.19999999999999998 0.19999999999999998 -4.854579958160466
0.19999999999999998 0.19999999999999998 0.19999999999999998 -4.574980080747257
0.19999999999999998 0.19999999999999998 0.19999999999999998 -4.564941979604666
0.19999999999999998 0.19999999999999998 0.19999999999999998 -4.540602671482518
0.19999999999999998 0.19999999999999998 0.19999999999999998 -4.535548461264324
0.19999999999999998 0.19999999999999998 0.19999999999999998 -4.439963790958794
0.19999999999999998 0.19999999999999998 0.19999999999999998 -4.41792850365775
0.19999999999999998 0.19999999999999998 0.19999999999999998 -3.8903483128353606
0.19999999999999998 0.19999999999999998 0.19999999999999998 -3.779514786386363
0.19999999999999998 0.19999999999999998 0.19999999999999998 -0.930662792576257
0.19999999999999998 0.19999999999999998 0.19999999999999998 -0.8533343160554114
0.19999999999999998 0.19999999999999998 0.19999999999999998 -0.7389641463122985
0.19999999999999998 0.19999999999999998 0.19999999999999998 -0.7119081456257419
0.19999999999999998 0.19999999999999998 0.19999999999999998 -0.6787772750483683
0.19999999999999998 0.19999999999999998 0.19999999999999998 -0.6525172719096606
0.19999999999999998 0.19999999999999998 0.19999999999999998 -0.61909831128267
0.19999999999999998 0.19999999999999998 0.19999999999999998 -0.6023178779939542
0.19999999999999998 0.19999999999999998 0.19999999999999998 -0.5899663275107869
0.19999999999999998 0.19999999999999998 0.19999999999999998 -0.5640932072685736
0.19999999999999998 0.19999999999999998 0.19999999999999998 -0.5431732774733451
0.19999999999999998 0.19999999999999998 0.19999999999999998 -0.5227917312844337
0.19999999999999998 0.19999999999999998 0.19999999999999998 -0.49717978987513156
0.19999999999999998 0.19999999999999998 0.19999999999999998 -0.4632532206267683
0.19999999999999998 0.19999999999999998 0.19999999999999998 -0.43826738285840977
0.19999999999999998 0.19999999999999998 0.19999999999999998 -0.4301638775273578
0.19999999999999998 0.19999999999999998 0.19999999999999998 -0.41563185017570525
0.19999999999999998 0.19999999999999998 0.19999999999999998 -0.3971220681313792
0.19999999999999998 0.19999999999999998 0.19999999999999998 -0.36740789044056754
0.19999999999999998 0.19999999999999998 0.19999999999999998 -0.35330074907063747
0.19999999999999998 0.19999999999999998 0.19999999999999998 -0.29068944040195
0.19999999999999998 0.19999999999999998 0.19999999999999998 -0.25152152555286733
0.19999999999999998 0.19999999999999998 0.19999999999999998 -0.24286685476148276
0.19999999999999998 0.19999999999999998 0.19999999999999998 -0.23450582478640608
0.19999999999999998 0.19999999999999998 0.19999999999999998 0.21055296765109155
0.19999999999999998 0.19999999999999998 0.19999999999999998 0.23647558333259333
0.19999999999999998 0.19999999999999998 0.19999999999999998 0.2804993609429751
0.19999999999999998 0.19999999999999998 0.19999999999999998 0.2868565340593474
0.19999999999999998 0.19999999999999998 0.19999999999999998 0.30074896024312014
0.19999999999999998 0.19999999999999998 0.19999999999999998 0.32982767311440586
0.19999999999999998 0.19999999999999998 0.19999999999999998 0.36267660273043134
0.19999999999999998 0.19999999999999998 0.19999999999999998 0.3723474370403874
0.19999999999999998 0.19999999999999998 0.19999999999999998 0.3808176989186931
0.19999999999999998 0.19999999999999998 0.19999999999999998 0.3986573155147557
0.19999999999999998 0.19999999999999998 0.19999999999999998 0.41989019798327826
0.19999999999999998 0.19999999999999998 0.19999999999999998 0.42624102905277167
0.19999999999999998 0.19999999999999998 0.19999999999999998 0.4359542496704929
0.19999999999999998 0.19999999999999998 0.19999999999999998 0.44918525993874425
0.19999999999999998 0.19999999999999998 0.19999999999999998 0.47092116475958523
0.19999999999999998 0.19999999999999998 0.19999999999999998 0.48830784781397885
0.19999999999999998 0.19999999999999998 0.19999999999999998 0.5058954506303781
0.19999999999999998 0.19999999999999998 0.19999999999999998 0.5316671581901029
0.19999999999999998 0.19999999999999998 0.19999999999999998 0.5392241798545039
0.19999999999999998 0.19999999999999998 0.19999999999999998 0.5461402374333494
0.19999999999999998 0.19999999999999998 0.19999999999999998 0.5770533326476501
0.19999999999999998 0.19999999999999998 0.19999999999999998 0.6013956198014627
0.19999999999999998 0.19999999999999998 0.19999999999999998 0.6277845635534653
0.19999999999999998 0.19999999999999998 0.19999999999999998 0.6667525586032648
0.19999999999999998 0.19999999999999998 0.19999999999999998 0.6797474160435861
0.19999999999999998 0.19999999999999998 0.19999999999999998 0.6960733933067687
0.19999999999999998 0.19999999999999998 0.19999999999999998 0.7234350813835537
0.19999999999999998 0.19999999999999998 0.19999999999999998 0.7280214940268798
0.19999999999999998 0.19999999999999998 0.19999999999999998 0.7488411125249312
0.19999999999999998 0.19999999999999998 0.19999999999999998 0.7626469215800089
0.19999999999999998 0.19999999999999998 0.19999999999999998 0.7793304669027314
0.19999999999999998 0.19999999999999998 0.19999999999999998 0.7941397577515028
0.19999999999999998 0.19999999999999998 0.19999999999999998 0.8015658004821429
0.19999999999999998 0.19999999999999998 0.19999999999999998 0.8133848524526419
0.19999999999999998 0.19999999999999998 0.19999999999999998 0.8261005653310605
0.19999999999999998 0.19999999999999998 0.19999999999999998 0.8403221244910176
0.19999999999999998 0.19999999999999998 0.19999999999999998 0.8474770256983981
0.19999999999999998 0.19999999999999998 0.19999999999999998 0.8677109292749199
0.19999999999999998 0.19999999999999998 0.19999999999999998 0.8765371401260209
0.19999999999999998 0.19999999999999998 0.19999999999999998 0.8887239740432109
0.19999999999999998 0.19999999999999998 0.19999999999999998 0.8923701212943866
0.19999999999999998 0.19999999999999998 0.19999999999999998 0.9127383592896026
0.19999999999999998 0.19999999999999998 0.19999999999999998 0.9201325990700688
0.19999999999999998 0.19999999999999998 0.19999999999999998 0.9291595701439589
0.19999999999999998 0.19999999999999998 0.19999999999999998 0.9346792515067539
0.19999999999999998 0.19999999999999998 0.19999999999999998 0.959710123792467
0.19999999999999998 0.19999999999999998 0.19999999999999998 0.966329941772527
0.19999999999999998 0.19999999999999998 0.19999999999999998 0.9782777352156291
0.19999999999999998 0.19999999999999998 0.19999999999999998 0.9881331714878124
0.19999999999999998 0.19999999999999998 0.19999999999999998 0.9925261317448797
0.19999999999999998 0.19999999999999998 0.19999999999999998 1.0020714296112772
0.19999999999999998 0.19999999999999998 0.19999999999999998 1.0127655839216327
0.19999999999999998 0.19999999999999998 0.19999999999999998 1.0228770863159822
0.19999999999999998 0.19999999999999998 0.19999999999999998 1.043962100125177
0.19999999999999998 0.19999999999999998 0.19999999999999998 1.0539925178313112
0.19999999999999998 0.19999999999999998 0.19999999999999998 1.0702622660102845
0.19999999999999998 0.19999999999999998 0.19999999999999998 1.072869218243717
0.19999999999999998 0.19999999999999998 0.19999999999999998 1.0817490147194455
0.19999999999999998 0.19999999999999998 0.19999999999999998 1.0993186175150198
0.19999999999999998 0.19999999999999998 0.19999999999999998 1.1160486676903356
0.19999999999999998 0.19999999999999998 0.19999999999999998 1.1183231153843587
0.19999999999999998 0.19999999999999998 0.19999999999999998 1.1333970916808775
0.19999999999999998 0.19999999999999998 0.19999999999999998 1.1443654880420455
0.19999999999999998 0.19999999999999998 0.19999999999999998 1.1515620883851065
0.19999999999999998 0.19999999999999998 0.19999999999999998 1.165152430484133
0.19999999999999998 0.19999999999999998 0.19999999999999998 1.1715896933361265
0.19999999999999998 0.19999999999999998 0.19999999999999998 1.1845896820492916
0.19999999999999998 0.19999999999999998 0.19999999999999998 1.1991412539992945
0.19999999999999998 0.19999999999999998 0.19999999999999998 1.2084989388422587
0.19999999999999998 0.19999999999999998 0.19999999999999998 1.2218184629337685
0.19999999999999998 0.19999999999999998 0.19999999999999998 1.2294977426562885
0.19999999999999998 0.19999999999999998 0.19999999999999998 1.236057365784403
0.19999999999999998 0.19999999999999998 0.19999999999999998 1.255306070171435
0.19999999999999998 0.19999999999999998 0.19999999999999998 1.2668065715845482
0.19999999999999998 0.19999999999999998 0.19999999999999998 1.2728850458407046
0.19999999999999998 0.19999999999999998 0.19999999999999998 1.286668549697417
0.19999999999999998 0.19999999999999998 0.19999999999999998 1.3029476168279608
0.19999999999999998 0.19999999999999998 0.19999999999999998 1.3117369607905864
0.19999999999999998 0.19999999999999998 0.19999999999999998 1.3254035271887927
0.19999999999999998 0.19999999999999998 0.19999999999999998 1.344583782027312
0.19999999999999998 0.19999999999999998 0.19999999999999998 1.350810643247406
0.19999999999999998 0.19999999999999998 0.19999999999999998 1.3669234818638918
0.19999999999999998 0.19999999999999998 0.19999999999999998 1.3750616988171345
0.19999999999999998 0.19999999999999998 0.19999999999999998 1.3927157142747228
0.19999999999999998 0.19999999999999998 0.19999999999999998 1.3974092345699796
0.19999999999999998 0.19999999999999998 0.19999999999999998 1.4174548629891799
0.19999999999999998 0.19999999999999998 0.19999999999999998 1.426703927662654
0.19999999999999998 0.19999999999999998 0.19999999999999998 1.4398022844787794
0.19999999999999998 0.19999999999999998 0.19999999999999998 1.462888290711243
0.19999999999999998 0.19999999999999998 0.19999999999999998 1.4785179551658558
0.19999999999999998 0.19999999999999998 0.19999999999999998 1.4967544352535889
0.19999999999999998 0.19999999999999998 0.19999999999999998 1.503649781099239
0.19999999999999998 0.19999999999999998 0.19999999999999998 1.5091818890471602
0.19999999999999998 0.19999999999999998 0.19999999999999998 1.527336177321116
0.19999999999999998 0.19999999999999998 0.19999999999999998 1.53887004311171
0.19999999999999998 0.19999999999999998 0.19999999999999998 1.556828575231596
0.19999999999999998 0.19999999999999998 0.19999999999999998 1.5675266669082983
0.19999999999999998 0.19999999999999998 0.19999999999999998 1.5775753809560404
0.19999999999999998 0.19999999999999998 0.19999999999999998 1.6060579417785767
0.19999999999999998 0.19999999999999998 0.19999999999999998 1.6215450990752025
0.19999999999999998 0.19999999999999998 0.19999999999999998 1.6422978451546495
0.19999999999999998 0.19999999999999998 0.19999999999999998 1.6547275936789863
0.19999999999999998 0.19999999999999998 0.19999999999999998 1.6684077829609976
0.19999999999999998 0.19999999999999998 0.19999999999999998 1.69011124335396
0.19999999999999998 0.19999999999999998 0.19999999999999998 1.7142620228589056
0.19999999999999998 0.19999999999999998 0.19999999999999998 1.7289904099754416
0.19999999999999998 0.19999999999999998 0.19999999999999998 1.74817316771217
0.19999999999999998 0.19999999999999998 0.19999999999999998 1.7606927211003862
0.19999999999999998 0.19999999999999998 0.19999999999999998 1.777287385196276
0.19999999999999998 0.19999999999999998 0.19999999999999998 1.8175594376553441
0.19999999999999998 0.19999999999999998 0.19999999999999998 1.856389617452038
0.19999999999999998 0.19999999999999998 0.19999999999999998 1.9089933497634473
0.19999999999999998 0.19999999999999998 0.19999999999999998 1.9880602777745757
0.19999999999999998 0.19999999999999998 0.19999999999999998 2.0099714339282375
0.19999999999999998 0.19999999999999998 0.19999999999999998 2.077721066791111
0.19999999999999998 0.19999999999999998 0.19999999999999998 2.0871220342161703
0.19999999999999998 0.19999999999999998 0.19999999999999998 2.1365049341267577
0.19999999999999998 0.19999999999999998 0.19999999999999998 2.152551162529792
0.19999999999999998 0.19999999999999998 0.19999999999999998 2.330466658572749
0.19999999999999998 0.19999999999999998 0.19999999999999998 2.3345759695740087
0.19999999999999998 0.19999999999999998 0.19999999999999998 4.140109019156712
0.19999999999999998 0.19999999999999998 0.19999999999999998 4.249132593231645
0.19999999999999998 0.19999999999999998 0.19999999999999998 4.600860271597309
0.19999999999999998 0.19999999999999998 0.19999999999999998 4.635471058057731
0.19999999999999998 0.19999999999999998 0.19999999999999998 4.683795285808378
0.19999999999999998 0.19999999999999998 0.19999999999999998 4.7263451048766125
0.19999999999999998 0.19999999999999998 0.19999999999999998 4.806694698396637
0.19999999999999998 0.19999999999999998 0.19999999999999998 4.881718184525942
0.19999999999999998 0.19999999999999998 0.19999999999999998 5.2254294220190545
0.19999999999999998 0.19999999999999998 0.19999999999999998 5.299877195496825
0.19999999999999998 0.19999999999999998 0.19999999999999998 5.323284121514588
0.19999999999999998 0.19999999999999998 0.19999999999999998 5.355318368411124
0.19999999999999998 0.19999999999999998 0.19999999999999998 5.424976788079066
0.19999999999999998 0.19999999999999998 0.19999999999999998 5.4824848855950865
0.19999999999999998 0.19999999999999998 0.19999999999999998 5.58952995763938
0.19999999999999998 0.19999999999999998 0.19999999999999998 5.618348323641679
0.19999999999999998 0.19999999999999998 0.19999999999999998 5.65889384976835
0.19999999999999998 0.19999999999999998 0.19999999999999998 5.721408646972479
0.19999999999999998 0.19999999999999998 0.19999999999999998 5.860067169187747
0.19999999999999998 0.19999999999999998 0.19999999999999998 5.903353831439736
0.19999999999999998 0.19999999999999998 0.19999999999999998 5.943735248818685
0.19999999999999998 0.19999999999999998 0.19999999999999998 5.962500004081928
0.19999999999999998 0.19999999999999998 0.19999999999999998 5.993554983231633
0.19999999999999998 0.19999999999999998 0.19999999999999998 6.04296079278428
0.19999999999999998 0.19999999999999998 0.19999999999999998 6.445891568510008
0.19999999999999998 0.19999999999999998 0.19999999999999998 6.514171460681911
0.19999999999999998 0.19999999999999998 0.19999999999999998 6.708740496842757
0.19999999999999998 0.19999999999999998 0.19999999999999998 6.732915391198288
0.19999999999999998 0.19999999999999998 0.19999999999999998 6.982803725243253
0.19999999999999998 0.19999999999999998 0.19999999999999998 7.0393458959626045
0.19999999999999998 0.19999999999999998 0.19999999999999998 7.144543910489256
0.19999999999999998 0.19999999999999998 0.19999999999999998 7.182992510182346
0.19999999999999998 0.19999999999999998 0.19999999999999998 7.223920422701411
0.19999999999999998 0.19999999999999998 0.19999999999999998 7.278550482033891
0.19999999999999998 0.19999999999999998 0.19999999999999998 7.325969386760701
0.19999999999999998 0.19999999999999998 0.19999999999999998 7.403253372874091
0.19999999999999998 0.19999999999999998 0.19999999999999998 7.438077253991084
0.19999999999999998 0.19999999999999998 0.19999999999999998 7.519451511396577
0.19999999999999998 0.19999999999999998 0.19999999999999998 7.623704946496796
0.19999999999999998 0.19999999999999998 0.19999999999999998 7.6444617201610345
0.19999999999999998 0.19999999999999998 0.19999999999999998 7.7283387866209905
0.19999999999999998 0.19999999999999998 0.19999999999999998 7.80980591664737
0.19999999999999998 0.19999999999999998 0.19999999999999998 7.92944655543057
0.19999999999999998 0.19999999999999998 0.19999999999999998 7.973024330163953
0.19999999999999998 0.19999999999999998 0.19999999999999998 8.063245973852245
0.19999999999999998 0.19999999999999998 0.19999999999999998 8.116076687602739
0.19999999999999998 0.19999999999999998 0.19999999999999998 8.178596305442198
0.19999999999999998 0.19999999999999998 0.19999999999999998 8.214258533993936
0.22499999999999998 0.22499999999999998 0.22499999999999998 -5.204823440154871
0.22499999999999998 0.22499999999999998 0.22499999999999998 -5.198541319326407
0.22499999999999998 0.22499999999999998 0.22499999999999998 -4.935514741197611
0.22499999999999998 0.22499999999999998 0.22499999999999998 -4.9241477639680005
0.22499999999999998 0.22499999999999998 0.22499999999999998 -4.892841962696947
0.22499999999999998 0.22499999999999998 0.22499999999999998 -4.883545064758775
0.22499999999999998 0.22499999999999998 0.22499999999999998 -4.848290059290739
0.22499999999999998 0.22499999999999998 0.22499999999999998 -4.845375183510389
0.22499999999999998 0.22499999999999998 0.22499999999999998 -4.5863265119298635
0.22499999999999998 0.22499999999999998 0.22499999999999998 -4.574518863464871
0.22499999999999998 0.22499999999999998 0.22499999999999998 -4.550045426997954
0.22499999999999998 0.22499999999999998 0.22499999999999998 -4.541832493418593
0.22499999999999998 0.22499999999999998 0.22499999999999998 -4.449837663726987
0.22499999999999998 0.22499999999999998 0.22499999999999998 -4.425043526315797
0.22499999999999998 0.22499999999999998 0.22499999999999998 -3.935126364202432
0.22499999999999998 0.22499999999999998 0.22499999999999998 -3.818907014487012
0.22499999999999998 0.22499999999999998 0.22499999999999998 -0.9033978299014613
0.22499999999999998 0.22499999999999998 0.22499999999999998 -0.825072490677595
0.22499999999999998 0.22499999999999998 0.22499999999999998 -0.712348458809231
0.22499999999999998 0.22499999999999998 0.22499999999999998 -0.6819455911816839
0.22499999999999998 0.22499999999999998 0.22499999999999998 -0.6504433662322349
0.22499999999999998 0.22499999999999998 0.22499999999999998 -0.6224175379422796
0.22499999999999998 0.22499999999999998 0.22499999999999998 -0.5934401148779713
0.22499999999999998 0.22499999999999998 0.22499999999999998 -0.5739424206762962
0.22499999999999998 0.22499999999999998 0.22499999999999998 -0.5599598017428296
0.22499999999999998 0.22499999999999998 0.22499999999999998 -0.5359894666224161
0.22499999999999998 0.22499999999999998 0.22499999999999998 -0.5117906520701574
0.22499999999999998 0.22499999999999998 0.22499999999999998 -0.4943768568377358
0.22499999999999998 0.22499999999999998 0.22499999999999998 -0.4707303292745664
0.22499999999999998 0.22499999999999998 0.22499999999999998 -0.4356117292709829
0.22499999999999998 0.22499999999999998 0.22499999999999998 -0.4164037499170412
0.22499999999999998 0.22499999999999998 0.22499999999999998 -0.40206103070040733
0.22499999999999998 0.22499999999999998 0.22499999999999998 -0.391003619172956
0.22499999999999998 0.22499999999999998 0.22499999999999998 -0.37113653648371603
0.22499999999999998 0.22499999999999998 0.22499999999999998 -0.335686145843777
0.22499999999999998 0.22499999999999998 0.22499999999999998 -0.32003379278643784
0.22499999999999998 0.22499999999999998 0.22499999999999998 -0.2632481410889582
0.22499999999999998 0.22499999999999998 0.22499999999999998 -0.22639027114866317
0.22499999999999998 0.22499999999999998 0.22499999999999998 -0.21883654179621378
0.22499999999999998 0.22499999999999998 0.22499999999999998 -0.21090392246286904
0.22499999999999998 0.22499999999999998 0.22499999999999998 0.20257584070985324
0.22499999999999998 0.22499999999999998 0.22499999999999998 0.23062645780655
0.22499999999999998 0.22499999999999998 0.22499999999999998 0.2756020926622967
0.22499999999999998 0.22499999999999998 0.22499999999999998 0.2816717258538394
0.22499999999999998 0.22499999999999998 0.22499999999999998 0.2963585853605091
0.22499999999999998 0.22499999999999998 0.22499999999999998 0.33025970966920326
0.22499999999999998 0.22499999999999998 0.22499999999999998 0.3411489838649553
0.22499999999999998 0.22499999999999998 0.22499999999999998 0.35892146662074864
0.22499999999999998 0.22499999999999998 0.22499999999999998 0.3659211212139317
0.22499999999999998 0.22499999999999998 0.22499999999999998 0.3838107110985005
0.22499999999999998 0.22499999999999998 0.22499999999999998 0.4063570471440106
0.22499999999999998 0.22499999999999998 0.22499999999999998 0.408226271853403
0.22499999999999998 0.22499999999999998 0.22499999999999998 0.42030385190843234
0.22499999999999998 0.22499999999999998 0.22499999999999998 0.4350604176704316
0.22499999999999998 0.22499999999999998 0.22499999999999998 0.4583248109026625
0.22499999999999998 0.22499999999999998 0.22499999999999998 0.46656790685464244
0.22499999999999998 0.22499999999999998 0.22499999999999998 0.4849971806826803
0.22499999999999998 0.22499999999999998 0.22499999999999998 0.5134288993355218
0.22499999999999998 0.22499999999999998 0.22499999999999998 0.516181692471964
0.22499999999999998 0.22499999999999998 0.22499999999999998 0.528690135302007
0.22499999999999998 0.22499999999999998 0.22499999999999998 0.5534267495291472
0.22499999999999998 0.22499999999999998 0.22499999999999998 0.5781665397907334
0.22499999999999998 0.22499999999999998 0.22499999999999998 0.6135484581046962
0.22499999999999998 0.22499999999999998 0.22499999999999998 0.6442261084103045
0.22499999999999998 0.22499999999999998 0.22499999999999998 0.6630401608444796
0.22499999999999998 0.22499999999999998 0.22499999999999998 0.6885323463425799
0.22499999999999998 0.22499999999999998 0.22499999999999998 0.7144229277138545
0.22499999999999998 0.22499999999999998 0.22499999999999998 0.7205584800854617
0.22499999999999998 0.22499999999999998 0.22499999999999998 0.7376223401203799
0.22499999999999998 0.22499999999999998 0.22499999999999998 0.756577960985652
0.22499999999999998 0.22499999999999998 0.22499999999999998 0.7678720293545984
0.22499999999999998 0.22499999999999998 0.22499999999999998 0.7850754484343014
0.22499999999999998 0.22499999999999998 0.22499999999999998 0.7880474762496047
0.22499999999999998 0.22499999999999998 0.22499999999999998 0.8038496639629704
0.22499999999999998 0.22499999999999998 0.22499999999999998 0.8175493974216756
0.22499999999999998 0.22499999999999998 0.22499999999999998 0.8332646229324228
0.22499999999999998 0.22499999999999998 0.22499999999999998 0.8428148322722437
0.22499999999999998 0.22499999999999998 0.22499999999999998 0.8591483590593123
0.22499999999999998 0.22499999999999998 0.22499999999999998 0.8666150353628943
0.22499999999999998 0.22499999999999998 0.22499999999999998 0.8793670550484574
0.22499999999999998 0.22499999999999998 0.22499999999999998 0.882657355899974
0.22499999999999998 0.22499999999999998 0.22499999999999998 0.9028202266112197
0.22499999999999998 0.22499999999999998 0.22499999999999998 0.9134557649332669
0.22499999999999998 0.22499999999999998 0.22499999999999998 0.9233616717731588
0.22499999999999998 0.22499999999999998 0.22499999999999998 0.9317182504793493
0.22499999999999998 0.22499999999999998 0.22499999999999998 0.9507063321362885
0.22499999999999998 0.22499999999999998 0.22499999999999998 0.9579349282212624
0.22499999999999998 0.22499999999999998 0.22499999999999998 0.9721478752654056
0.22499999999999998 0.22499999999999998 0.22499999999999998 0.9853421205771761
0.22499999999999998 0.22499999999999998 0.22499999999999998 0.9890996978771112
0.22499999999999998 0.22499999999999998 0.22499999999999998 0.9958964355761536
0.22499999999999998 0.22499999999999998 0.22499999999999998 1.005825066521548
0.22499999999999998 0.22499999999999998 0.22499999999999998 1.0182644079983953
0.22499999999999998 0.22499999999999998 0.22499999999999998 1.0380958976582626
0.22499999999999998 0.22499999999999998 0.22499999999999998 1.0483322079525452
0.22499999999999998 0.22499999999999998 0.22499999999999998 1.0657119045541419
0.22499999999999998 0.22499999999999998 0.22499999999999998 1.070874305407051
0.22499999999999998 0.22499999999999998 0.22499999999999998 1.0734049544681383
0.22499999999999998 0.22499999999999998 0.22499999999999998 1.0963107785438098
0.22499999999999998 0.22499999999999998 0.22499999999999998 1.1136224063915654
0.22499999999999998 0.22499999999999998 0.22499999999999998 1.1182000708355346
0.22499999999999998 0.22499999999999998 0.22499999999999998 1.1313667305098791
0.22499999999999998 0.22499999999999998 0.22499999999999998 1.1414192395728389
0.22499999999999998 0.22499999999999998 0.22499999999999998 1.1492277579791166
0.22499999999999998 0.22499999999999998 0.22499999999999998 1.160607489955808
0.22499999999999998 0.22499999999999998 0.22499999999999998 1.1699670129480406
0.22499999999999998 0.22499999999999998 0.22499999999999998 1.1827093490451235
0.22499999999999998 0.22499999999999998 0.22499999999999998 1.2007062269900253
0.22499999999999998 0.22499999999999998 0.22499999999999998 1.2094472540092465
0.22499999999999998 0.22499999999999998 0.22499999999999998 1.223622423109154
0.22499999999999998 0.22499999999999998 0.22499999999999998 1.2291053919284594
0.22499999999999998 0.22499999999999998 0.22499999999999998 1.2382618134596166
0.22499999999999998 0.22499999999999998 0.22499999999999998 1.2542539292478745
0.22499999999999998 0.22499999999999998 0.22499999999999998 1.267162736166187
0.22499999999999998 0.22499999999999998 0.22499999999999998 1.2720825078090217
0.22499999999999998 0.22499999999999998 0.22499999999999998 1.287699952758432
0.22499999999999998 0.22499999999999998 0.22499999999999998 1.3025548998830603
0.22499999999999998 0.22499999999999998 0.22499999999999998 1.3114261530404798
0.22499999999999998 0.22499999999999998 0.22499999999999998 1.3229697168857166
0.22499999999999998 0.22499999999999998 0.22499999999999998 1.3435147634081703
0.22499999999999998 0.22499999999999998 0.22499999999999998 1.352313847216072
0.22499999999999998 0.22499999999999998 0.22499999999999998 1.365964755184974
0.22499999999999998 0.22499999999999998 0.22499999999999998 1.376541859360115
0.22499999999999998 0.22499999999999998 0.22499999999999998 1.3910574101031559
0.22499999999999998 0.22499999999999998 0.22499999999999998 1.3972122009296508
0.22499999999999998 0.22499999999999998 0.22499999999999998 1.418359290246614
0.22499999999999998 0.22499999999999998 0.22499999999999998 1.4264461828707642
0.22499999999999998 0.22499999999999998 0.22499999999999998 1.4366944731962379
0.22499999999999998 0.22499999999999998 0.22499999999999998 1.4605073193541118
0.22499999999999998 0.22499999999999998 0.22499999999999998 1.475591408352729
0.22499999999999998 0.22499999999999998 0.22499999999999998 1.4926125453495382
0.22499999999999998 0.22499999999999998 0.22499999999999998 1.5047414127572851
0.22499999999999998 0.22499999999999998 0.22499999999999998 1.5107639455018531
0.22499999999999998 0.22499999999999998 0.22499999999999998 1.5294221954766938
0.22499999999999998 0.22499999999999998 0.22499999999999998 1.537808439064345
0.22499999999999998 0.22499999999999998 0.22499999999999998 1.5513784465335698
0.22499999999999998 0.22499999999999998 0.22499999999999998 1.564117971265099
0.22499999999999998 0.22499999999999998 0.22499999999999998 1.5734419750436253
0.22499999999999998 0.22499999999999998 0.22499999999999998 1.6004662919643904
0.22499999999999998 0.22499999999999998 0.22499999999999998 1.6168291187498367
0.22499999999999998 0.22499999999999998 0.22499999999999998 1.6380088304043188
0.22499999999999998 0.22499999999999998 0.22499999999999998 1.6511616722330524
0.22499999999999998 0.22499999999999998 0.22499999999999998 1.6650175160563139
0.22499999999999998 0.22499999999999998 0.22499999999999998 1.6841966907957584
0.22499999999999998 0.22499999999999998 0.22499999999999998 1.7073399383338304
0.22499999999999998 0.22499999999999998 0.22499999999999998 1.7236691383894396
0.22499999999999998 0.22499999999999998 0.22499999999999998 1.7420353487748388
0.22499999999999998 0.22499999999999998 0.22499999999999998 1.7573238330392016
0.22499999999999998 0.22499999999999998 0.22499999999999998 1.769278167626955
0.22499999999999998 0.22499999999999998 0.22499999999999998 1.809496274296861
0.22499999999999998 0.22499999999999998 0.22499999999999998 1.833986037967434
0.22499999999999998 0.22499999999999998 0.22499999999999998 1.8863475400681402
0.22499999999999998 0.22499999999999998 0.22499999999999998 1.9549414270555179
0.22499999999999998 0.22499999999999998 0.22499999999999998 1.9772970501199216
0.22499999999999998 0.22499999999999998 0.22499999999999998 2.044997886361017
0.22499999999999998 0.22499999999999998 0.22499999999999998 2.057770896801312
0.22499999999999998 0.22499999999999998 0.22499999999999998 2.111273734802431
0.22499999999999998 0.22499999999999998 0.22499999999999998 2.1230225037082135
0.22499999999999998 0.22499999999999998 0.22499999999999998 2.266884795090144
0.22499999999999998 0.22499999999999998 0.22499999999999998 2.272021874312569
0.22499999999999998 0.22499999999999998 0.22499999999999998 4.226592937675502
0.22499999999999998 0.22499999999999998 0.22499999999999998 4.338656979954324
0.22499999999999998 0.22499999999999998 0.22499999999999998 4.659635500583658
0.22499999999999998 0.22499999999999998 0.22499999999999998 4.6929004307853734
0.22499999999999998 0.22499999999999998 0.22499999999999998 4.738644492770763
0.22499999999999998 0.22499999999999998 0.22499999999999998 4.7850486515143675
0.22499999999999998 0.22499999999999998 0.22499999999999998 4.870096940982647
0.22499999999999998 0.22499999999999998 0.22499999999999998 4.944005314863574
0.22499999999999998 0.22499999999999998 0.22499999999999998 5.251931129383267
0.22499999999999998 0.22499999999999998 0.22499999999999998 5.326534338806592
0.22499999999999998 0.22499999999999998 0.22499999999999998 5.359373921464769
0.22499999999999998 0.22499999999999998 0.22499999999999998 5.38369664591924
0.22499999999999998 0.22499999999999998 0.22499999999999998 5.462508250905085
0.22499999999999998 0.22499999999999998 0.22499999999999998 5.523589589224599
0.22499999999999998 0.22499999999999998 0.22499999999999998 5.653905646267005
0.22499999999999998 0.22499999999999998 0.22499999999999998 5.679907129904864
0.22499999999999998 0.22499999999999998 0.22499999999999998 5.7269607582348705
0.22499999999999998 0.22499999999999998 0.22499999999999998 5.790279242182857
0.22499999999999998 0.22499999999999998 0.22499999999999998 5.909226220633121
0.22499999999999998 0.22499999999999998 0.22499999999999998 5.958433027223487
0.22499999999999998 0.22499999999999998 0.22499999999999998 5.996138026272108
0.22499999999999998 0.22499999999999998 0.22499999999999998 6.020990818024237
0.22499999999999998 0.22499999999999998 0.22499999999999998 6.052816092881692
0.22499999999999998 0.22499999999999998 0.22499999999999998 6.101616812024756
0.22499999999999998 0.22499999999999998 0.22499999999999998 6.428737030810605
0.22499999999999998 0.22499999999999998 0.22499999999999998 6.493432430269344
0.22499999999999998 0.22499999999999998 0.22499999999999998 6.728243767279725
0.22499999999999998 0.22499999999999998 0.22499999999999998 6.751220507951228
0.22499999999999998 0.22499999999999998 0.22499999999999998 6.944824039991389
0.22499999999999998 0.22499999999999998 0.22499999999999998 6.9954095697912475
0.22499999999999998 0.22499999999999998 0.22499999999999998 7.106793615408882
0.22499999999999998 0.22499999999999998 0.22499999999999998 7.135808322390382
0.22499999999999998 0.22499999999999998 0.22499999999999998 7.177057257697905
0.22499999999999998 0.22499999999999998 0.22499999999999998 7.238504688269177
0.22499999999999998 0.22499999999999998 0.22499999999999998 7.277754863828866
0.22499999999999998 0.22499999999999998 0.22499999999999998 7.362249430246623
0.22499999999999998 0.22499999999999998 0.22499999999999998 7.393313466514268
0.22499999999999998 0.22499999999999998 0.22499999999999998 7.481847910364592
0.22499999999999998 0.22499999999999998 0.22499999999999998 7.572948865268938
0.22499999999999998 0.22499999999999998 0.22499999999999998 7.599347139069206
0.22499999999999998 0.22499999999999998 0.22499999999999998 7.669034778953084
0.22499999999999998 0.22499999999999998 0.22499999999999998 7.75113308304627
0.22499999999999998 0.22499999999999998 0.22499999999999998 7.868154886366334
0.22499999999999998 0.22499999999999998 0.22499999999999998 7.904656275210662
0.22499999999999998 0.22499999999999998 0.22499999999999998 7.9991117668027005
0.22499999999999998 0.22499999999999998 0.22499999999999998 8.043731104981443
0.22499999999999998 0.22499999999999998 0.22499999999999998 8.105521444706788
0.22499999999999998 0.22499999999999998 0.22499999999999998 8.14698588800343
0.24999999999999997 0.24999999999999997 0.24999999999999997 -5.17739260694154
0.24999999999999997 0.24999999999999997 0.24999999999999997 -5.170588215011645
0.24999999999999997 0.24999999999999997 0.24999999999999997 -4.928969678129566
0.24999999999999997 0.24999999999999997 0.24999999999999997 -4.918155163381563
0.24999999999999997 0.24999999999999997 0.24999999999999997 -4.888398366027976
0.24999999999999997 0.24999999999999997 0.24999999999999997 -4.8786859896289325
0.24999999999999997 0.24999999999999997 0.24999999999999997 -4.839896757296154
0.24999999999999997 0.24999999999999997 0.24999999999999997 -4.835154907322184
0.24999999999999997 0.24999999999999997 0.24999999999999997 -4.600267796151519
0.24999999999999997 0.24999999999999997 0.24999999999999997 -4.5860018921670616
0.24999999999999997 0.24999999999999997 0.24999999999999997 -4.561032518168659
0.24999999999999997 0.24999999999999997 0.24999999999999997 -4.550096216556062
0.24999999999999997 0.24999999999999997 0.24999999999999997 -4.462390038197798
0.24999999999999997 0.24999999999999997 0.24999999999999997 -4.435598023406644
0.24999999999999997 0.24999999999999997 0.24999999999999997 -3.9863172010840167
0.24999999999999997 0.24999999999999997 0.24999999999999997 -3.868233959649226
0.24999999999999997 0.24999999999999997 0.24999999999999997 -0.8737305479652608
0.24999999999999997 0.24999999999999997 0.24999999999999997 -0.7956470796219772
0.24999999999999997 0.24999999999999997 0.24999999999999997 -0.6845443441302557
0.24999999999999997 0.24999999999999997 0.24999999999999997 -0.6495701896886299
0.24999999999999997 0.24999999999999997 0.24999999999999997 -0.6203358848874334
0.24999999999999997 0.24999999999999997 0.24999999999999997 -0.5907315898288914
0.24999999999999997 0.24999999999999997 0.24999999999999997 -0.5656656347008084
0.24999999999999997 0.24999999999999997 0.24999999999999997 -0.5450858646655536
0.24999999999999997 0.24999999999999997 0.24999999999999997 -0.5270385369878667
0.24999999999999997 0.24999999999999997 0.24999999999999997 -0.5057724241558823
0.24999999999999997 0.24999999999999997 0.24999999999999997 -0.48036287439320624
0.24999999999999997 0.24999999999999997 0.24999999999999997 -0.4648697335595706
0.24999999999999997 0.24999999999999997 0.24999999999999997 -0.4417450512158023
0.24999999999999997 0.24999999999999997 0.24999999999999997 -0.40825063181219257
0.24999999999999997 0.24999999999999997 0.24999999999999997 -0.3926039515746904
0.24999999999999997 0.24999999999999997 0.24999999999999997 -0.37113142999067483
0.24999999999999997 0.24999999999999997 0.24999999999999997 -0.36452632833193294
0.24999999999999997 0.24999999999999997 0.24999999999999997 -0.34470374919439983
0.24999999999999997 0.24999999999999997 0.24999999999999997 -0.301710069264459
0.24999999999999997 0.24999999999999997 0.24999999999999997 -0.2829870738255682
0.24999999999999997 0.24999999999999997 0.24999999999999997 -0.2326510542521678
0.24999999999999997 0.24999999999999997 0.24999999999999997 -0.20160665964669455
0.24999999999999997 0.24999999999999997 0.24999999999999997 -0.19306968453308215
0.24999999999999997 0.24999999999999997 0.24999999999999997 -0.1829414595076333
0.24999999999999997 0.24999999999999997 0.24999999999999997 0.1894715235251052
0.24999999999999997 0.24999999999999997 0.24999999999999997 0.2202208358226727
0.24999999999999997 0.24999999999999997 0.24999999999999997 0.26132224618848454
0.24999999999999997 0.24999999999999997 0.24999999999999997 0.2733127672595179
0.24999999999999997 0.24999999999999997 0.24999999999999997 0.28929137311686404
0.24999999999999997 0.24999999999999997 0.24999999999999997 0.31303219113396263
0.24999999999999997 0.24999999999999997 0.24999999999999997 0.32873154808465443
0.24999999999999997 0.24999999999999997 0.24999999999999997 0.3455739780613117
0.24999999999999997 0.24999999999999997 0.24999999999999997 0.34952931820105504
0.24999999999999997 0.24999999999999997 0.24999999999999997 0.3692777367273541
0.24999999999999997 0.24999999999999997 0.24999999999999997 0.38556014294416896
0.24999999999999997 0.24999999999999997 0.24999999999999997 0.3931302953178565
0.24999999999999997 0.24999999999999997 0.24999999999999997 0.4041826011907874
0.24999999999999997 0.24999999999999997 0.24999999999999997 0.4212472748792191
0.24999999999999997 0.24999999999999997 0.24999999999999997 0.4421977691854992
0.24999999999999997 0.24999999999999997 0.24999999999999997 0.4443344485033636
0.24999999999999997 0.24999999999999997 0.24999999999999997 0.4642471943943587
0.24999999999999997 0.24999999999999997 0.24999999999999997 0.48679424924624826
0.24999999999999997 0.24999999999999997 0.24999999999999997 0.5012393877696262
0.24999999999999997 0.24999999999999997 0.24999999999999997 0.5114190994036552
0.24999999999999997 0.24999999999999997 0.24999999999999997 0.5298373866430088
0.24999999999999997 0.24999999999999997 0.24999999999999997 0.5538121134993244
0.24999999999999997 0.24999999999999997 0.24999999999999997 0.5942834333874538
0.24999999999999997 0.24999999999999997 0.24999999999999997 0.6162297416308196
0.24999999999999997 0.24999999999999997 0.24999999999999997 0.652726998441465
0.24999999999999997 0.24999999999999997 0.24999999999999997 0.6823328468982686
0.24999999999999997 0.24999999999999997 0.24999999999999997 0.7060438077625601
0.24999999999999997 0.24999999999999997 0.24999999999999997 0.7149203721433173
0.24999999999999997 0.24999999999999997 0.24999999999999997 0.7284341173834603
0.24999999999999997 0.24999999999999997 0.24999999999999997 0.7511820746191173
0.24999999999999997 0.24999999999999997 0.24999999999999997 0.7563350577647915
0.24999999999999997 0.24999999999999997 0.24999999999999997 0.7721060611908049
0.24999999999999997 0.24999999999999997 0.24999999999999997 0.7786004255275283
0.24999999999999997 0.24999999999999997 0.24999999999999997 0.7947045919256377
0.24999999999999997 0.24999999999999997 0.24999999999999997 0.8086467532671424
0.24999999999999997 0.24999999999999997 0.24999999999999997 0.827032689134219
0.24999999999999997 0.24999999999999997 0.24999999999999997 0.8374674651541838
0.24999999999999997 0.24999999999999997 0.24999999999999997 0.8499389984024539
0.24999999999999997 0.24999999999999997 0.24999999999999997 0.8566565419658587
0.24999999999999997 0.24999999999999997 0.24999999999999997 0.8699557259223655
0.24999999999999997 0.24999999999999997 0.24999999999999997 0.8735793222324175
0.24999999999999997 0.24999999999999997 0.24999999999999997 0.893452930229178
0.24999999999999997 0.24999999999999997 0.24999999999999997 0.9068913952857658
0.24999999999999997 0.24999999999999997 0.24999999999999997 0.9168446592474391
0.24999999999999997 0.24999999999999997 0.24999999999999997 0.9294957209709223
0.24999999999999997 0.24999999999999997 0.24999999999999997 0.9416608989921134
0.24999999999999997 0.24999999999999997 0.24999999999999997 0.948893525301858
0.24999999999999997 0.24999999999999997 0.24999999999999997 0.9651265563463012
0.24999999999999997 0.24999999999999997 0.24999999999999997 0.9804390735864147
0.24999999999999997 0.24999999999999997 0.24999999999999997 0.9856407773283966
0.24999999999999997 0.24999999999999997 0.24999999999999997 0.9912778215337299
0.24999999999999997 0.24999999999999997 0.24999999999999997 0.9997814367831079
0.24999999999999997 0.24999999999999997 0.24999999999999997 1.0140922536774761
0.24999999999999997 0.24999999999999997 0.24999999999999997 1.030843877049823
0.24999999999999997 0.24999999999999997 0.24999999999999997 1.0418937168768077
0.24999999999999997 0.24999999999999997 0.24999999999999997 1.0583739186943228
0.24999999999999997 0.24999999999999997 0.24999999999999997 1.0654710652593764
0.24999999999999997 0.24999999999999997 0.24999999999999997 1.0719317875203809
0.24999999999999997 0.24999999999999997 0.24999999999999997 1.0911469055982215
0.24999999999999997 0.24999999999999997 0.24999999999999997 1.1088301615233034
0.24999999999999997 0.24999999999999997 0.24999999999999997 1.1186987238744521
0.24999999999999997 0.24999999999999997 0.24999999999999997 1.1276252018180681
0.24999999999999997 0.24999999999999997 0.24999999999999997 1.1387378790520994
0.24999999999999997 0.24999999999999997 0.24999999999999997 1.1473460711313868
0.24999999999999997 0.24999999999999997 0.24999999999999997 1.15572300268341
0.24999999999999997 0.24999999999999997 0.24999999999999997 1.1677703260793901
0.24999999999999997 0.24999999999999997 0.24999999999999997 1.1808981834963683
0.24999999999999997 0.24999999999999997 0.24999999999999997 1.2000690345296423
0.24999999999999997 0.24999999999999997 0.24999999999999997 1.2069894220117945
0.24999999999999997 0.24999999999999997 0.24999999999999997 1.2246072294995374
0.24999999999999997 0.24999999999999997 0.24999999999999997 1.231091868330035
0.24999999999999997 0.24999999999999997 0.24999999999999997 1.241044343311831
0.24999999999999997 0.24999999999999997 0.24999999999999997 1.2540493688447922
0.24999999999999997 0.24999999999999997 0.24999999999999997 1.263895434733433
0.24999999999999997 0.24999999999999997 0.24999999999999997 1.2747235734810092
0.24999999999999997 0.24999999999999997 0.24999999999999997 1.2876016512621247
0.24999999999999997 0.24999999999999997 0.24999999999999997 1.3027960527042293
0.24999999999999997 0.24999999999999997 0.24999999999999997 1.3108366350877754
0.24999999999999997 0.24999999999999997 0.24999999999999997 1.3212863561180752
0.24999999999999997 0.24999999999999997 0.24999999999999997 1.3422414049895277
0.24999999999999997 0.24999999999999997 0.24999999999999997 1.3548945782499375
0.24999999999999997 0.24999999999999997 0.24999999999999997 1.3630889729666888
0.24999999999999997 0.24999999999999997 0.24999999999999997 1.37881469055763
0.24999999999999997 0.24999999999999997 0.24999999999999997 1.389286478799634
0.24999999999999997 0.24999999999999997 0.24999999999999997 1.3982875111711506
0.24999999999999997 0.24999999999999997 0.24999999999999997 1.4183015089128306
0.24999999999999997 0.24999999999999997 0.24999999999999997 1.4258234453379997
0.24999999999999997 0.24999999999999997 0.24999999999999997 1.437039135270438
0.24999999999999997 0.24999999999999997 0.24999999999999997 1.4597512986463688
0.24999999999999997 0.24999999999999997 0.24999999999999997 1.4722913464387801
0.24999999999999997 0.24999999999999997 0.24999999999999997 1.4873280259550556
0.24999999999999997 0.24999999999999997 0.24999999999999997 1.5042641894506597
0.24999999999999997 0.24999999999999997 0.24999999999999997 1.5120007336647827
0.24999999999999997 0.24999999999999997 0.24999999999999997 1.5319959044541354
0.24999999999999997 0.24999999999999997 0.24999999999999997 1.535704290466469
0.24999999999999997 0.24999999999999997 0.24999999999999997 1.5467225083838105
0.24999999999999997 0.24999999999999997 0.24999999999999997 1.5603076062736543
0.24999999999999997 0.24999999999999997 0.24999999999999997 1.5709366632705803
0.24999999999999997 0.24999999999999997 0.24999999999999997 1.5949423379040555
0.24999999999999997 0.24999999999999997 0.24999999999999997 1.612644604246344
0.24999999999999997 0.24999999999999997 0.24999999999999997 1.6340018295870316
0.24999999999999997 0.24999999999999997 0.24999999999999997 1.6457988299416826
0.24999999999999997 0.24999999999999997 0.24999999999999997 1.6605076434155182
0.24999999999999997 0.24999999999999997 0.24999999999999997 1.6776292318972805
0.24999999999999997 0.24999999999999997 0.24999999999999997 1.6988518380600262
0.24999999999999997 0.24999999999999997 0.24999999999999997 1.7186914199982883
0.24999999999999997 0.24999999999999997 0.24999999999999997 1.735199881475264
0.24999999999999997 0.24999999999999997 0.24999999999999997 1.7549053174659184
0.24999999999999997 0.24999999999999997 0.24999999999999997 1.7614910116261022
0.24999999999999997 0.24999999999999997 0.24999999999999997 1.7998876643601038
0.24999999999999997 0.24999999999999997 0.24999999999999997 1.811829768382876
0.24999999999999997 0.24999999999999997 0.24999999999999997 1.8610509403742244
0.24999999999999997 0.24999999999999997 0.24999999999999997 1.9227769317508727
0.24999999999999997 0.24999999999999997 0.24999999999999997 1.9474894836552377
0.24999999999999997 0.24999999999999997 0.24999999999999997 2.0114093619052333
0.24999999999999997 0.24999999999999997 0.24999999999999997 2.0305276719512353
0.24999999999999997 0.24999999999999997 0.24999999999999997 2.08620165317648
0.24999999999999997 0.24999999999999997 0.24999999999999997 2.09667234841707
0.24999999999999997 0.24999999999999997 0.24999999999999997 2.2044101593816583
0.24999999999999997 0.24999999999999997 0.24999999999999997 2.210710577163775
0.24999999999999997 0.24999999999999997 0.24999999999999997 4.317057723867201
0.24999999999999997 0.24999999999999997 0.24999999999999997 4.430563482167415
0.24999999999999997 0.24999999999999997 0.24999999999999997 4.719380722669554
0.24999999999999997 0.24999999999999997 0.24999999999999997 4.753048300581978
0.24999999999999997 0.24999999999999997 0.24999999999999997 4.797810695308387
0.24999999999999997 0.24999999999999997 0.24999999999999997 4.84653542622893
0.24999999999999997 0.24999999999999997 0.24999999999999997 4.936096975488101
0.24999999999999997 0.24999999999999997 0.24999999999999997 5.008153721757743
0.24999999999999997 0.24999999999999997 0.24999999999999997 5.2801959114833155
0.24999999999999997 0.24999999999999997 0.24999999999999997 5.3515597746301005
0.24999999999999997 0.24999999999999997 0.24999999999999997 5.397402218844299
0.24999999999999997 0.24999999999999997 0.24999999999999997 5.414282059512649
0.24999999999999997 0.24999999999999997 0.24999999999999997 5.501021305023928
0.24999999999999997 0.24999999999999997 0.24999999999999997 5.563928629802174
0.24999999999999997 0.24999999999999997 0.24999999999999997 5.7224060281959055
0.24999999999999997 0.24999999999999997 0.24999999999999997 5.745683027660987
0.24999999999999997 0.24999999999999997 0.24999999999999997 5.799947213032899
0.24999999999999997 0.24999999999999997 0.24999999999999997 5.860877825561486
0.24999999999999997 0.24999999999999997 0.24999999999999997 5.963814320722612
0.24999999999999997 0.24999999999999997 0.24999999999999997 6.017046265364591
0.24999999999999997 0.24999999999999997 0.24999999999999997 6.050439878103534
0.24999999999999997 0.24999999999999997 0.24999999999999997 6.083506456713327
0.24999999999999997 0.24999999999999997 0.24999999999999997 6.114153175797387
0.24999999999999997 0.24999999999999997 0.24999999999999997 6.164187694137755
0.24999999999999997 0.24999999999999997 0.24999999999999997 6.403627503319376
0.24999999999999997 0.24999999999999997 0.24999999999999997 6.460255227874705
0.24999999999999997 0.24999999999999997 0.24999999999999997 6.742021563923277
0.24999999999999997 0.24999999999999997 0.24999999999999997 6.787375107122564
0.24999999999999997 0.24999999999999997 0.24999999999999997 6.906306195351593
0.24999999999999997 0.24999999999999997 0.24999999999999997 6.951232733974646
0.24999999999999997 0.24999999999999997 0.24999999999999997 7.068844956759689
0.24999999999999997 0.24999999999999997 0.24999999999999997 7.0886286682465185
0.24999999999999997 0.24999999999999997 0.24999999999999997 7.12980949128327
0.24999999999999997 0.24999999999999997 0.24999999999999997 7.196375116724039
0.24999999999999997 0.24999999999999997 0.24999999999999997 7.228195450688707
0.24999999999999997 0.24999999999999997 0.24999999999999997 7.318097422412247
0.24999999999999997 0.24999999999999997 0.24999999999999997 7.352408377193745
0.24999999999999997 0.24999999999999997 0.24999999999999997 7.441878030563094
0.24999999999999997 0.24999999999999997 0.24999999999999997 7.5190403062319415
0.24999999999999997 0.24999999999999997 0.24999999999999997 7.552677793689063
0.24999999999999997 0.24999999999999997 0.24999999999999997 7.609417891872804
0.24999999999999997 0.24999999999999997 0.24999999999999997 7.689967464135507
0.24999999999999997 0.24999999999999997 0.24999999999999997 7.804467474200047
0.24999999999999997 0.24999999999999997 0.24999999999999997 7.833153456593844
0.24999999999999997 0.24999999999999997 0.24999999999999997 7.930206958161688
0.24999999999999997 0.24999999999999997 0.24999999999999997 7.966268722687699
0.24999999999999997 0.24999999999999997 0.24999999999999997 8.030000341841522
0.24999999999999997 0.24999999999999997 0.24999999999999997 8.079079944244882
0.27499999999999997 0.27499999999999997 0.27499999999999997 -5.1474687189566835
0.27499999999999997 0.27499999999999997 0.27499999999999997 -5.140624602865799
0.27499999999999997 0.27499999999999997 0.27499999999999997 -4.921736532280808
0.27499999999999997 0.27499999999999997 0.27499999999999997 -4.9121587218721015
0.27499999999999997 0.27499999999999997 0.27499999999999997 -4.88373413443516
0.27499999999999997 0.27499999999999997 0.27499999999999997 -4.873722741172149
0.27499999999999997 0.27499999999999997 0.27499999999999997 -4.831447006352973
0.27499999999999997 0.27499999999999997 0.27499999999999997 -4.824653274385787
0.27499999999999997 0.27499999999999997 0.27499999999999997 -4.616481237438251
0.27499999999999997 0.27499999999999997 0.27499999999999997 -4.598926424962235
0.27499999999999997 0.27499999999999997 0.27499999999999997 -4.573231537330109
0.27499999999999997 0.27499999999999997 0.27499999999999997 -4.560835316161997
0.27499999999999997 0.27499999999999997 0.27499999999999997 -4.477924311745639
0.27499999999999997 0.27499999999999997 0.27499999999999997 -4.450588138770401
0.27499999999999997 0.27499999999999997 0.27499999999999997 -4.048665352514231
0.27499999999999997 0.27499999999999997 0.27499999999999997 -3.9333185868743836
0.27499999999999997 0.27499999999999997 0.27499999999999997 -0.8412417399605854
0.27499999999999997 0.27499999999999997 0.27499999999999997 -0.7644228731131406
0.27499999999999997 0.27499999999999997 0.27499999999999997 -0.6549374066326408
0.27499999999999997 0.27499999999999997 0.27499999999999997 -0.6155636840215237
0.27499999999999997 0.27499999999999997 0.27499999999999997 -0.5886291806692832
0.27499999999999997 0.27499999999999997 0.27499999999999997 -0.5579749318292055
0.27499999999999997 0.27499999999999997 0.27499999999999997 -0.5356080390834457
0.27499999999999997 0.27499999999999997 0.27499999999999997 -0.5159115248194972
0.27499999999999997 0.27499999999999997 0.27499999999999997 -0.49199798757348745
0.27499999999999997 0.27499999999999997 0.27499999999999997 -0.4741184361891424
0.27499999999999997 0.27499999999999997 0.27499999999999997 -0.4487834907383519
0.27499999999999997 0.27499999999999997 0.27499999999999997 -0.43507281468700576
0.27499999999999997 0.27499999999999997 0.27499999999999997 -0.41093463931864704
0.27499999999999997 0.27499999999999997 0.27499999999999997 -0.3811101686380507
0.27499999999999997 0.27499999999999997 0.27499999999999997 -0.36637795715806476
0.27499999999999997 0.27499999999999997 0.27499999999999997 -0.3388440465426498
0.27499999999999997 0.27499999999999997 0.27499999999999997 -0.33549377101025646
0.27499999999999997 0.27499999999999997 0.27499999999999997 -0.3181399541267851
0.27499999999999997 0.27499999999999997 0.27499999999999997 -0.26584050155571326
0.27499999999999997 0.27499999999999997 0.27499999999999997 -0.24302391962130443
0.27499999999999997 0.27499999999999997 0.27499999999999997 -0.20012851200637094
0.27499999999999997 0.27499999999999997 0.27499999999999997 -0.17539685607433061
0.27499999999999997 0.27499999999999997 0.27499999999999997 -0.16739228425797112
0.27499999999999997 0.27499999999999997 0.27499999999999997 -0.15078625531869605
0.27499999999999997 0.27499999999999997 0.27499999999999997 0.16997947862135998
0.27499999999999997 0.27499999999999997 0.27499999999999997 0.20350385875743804
0.27499999999999997 0.27499999999999997 0.27499999999999997 0.23840096054240956
0.27499999999999997 0.27499999999999997 0.27499999999999997 0.25897723970559117
0.27499999999999997 0.27499999999999997 0.27499999999999997 0.2730223468172239
0.27499999999999997 0.27499999999999997 0.27499999999999997 0.28834843377099073
0.27499999999999997 0.27499999999999997 0.27499999999999997 0.32094357153158715
0.27499999999999997 0.27499999999999997 0.27499999999999997 0.3286365043090731
0.27499999999999997 0.27499999999999997 0.27499999999999997 0.33734319303415017
0.27499999999999997 0.27499999999999997 0.27499999999999997 0.3511606233739295
0.27499999999999997 0.27499999999999997 0.27499999999999997 0.36749302260905736
0.27499999999999997 0.27499999999999997 0.27499999999999997 0.37555837502786815
0.27499999999999997 0.27499999999999997 0.27499999999999997 0.390265069207822
0.27499999999999997 0.27499999999999997 0.27499999999999997 0.40500490130666744
0.27499999999999997 0.27499999999999997 0.27499999999999997 0.4227325021525631
0.27499999999999997 0.27499999999999997 0.27499999999999997 0.4267353347866461
0.27499999999999997 0.27499999999999997 0.27499999999999997 0.44314706474254617
0.27499999999999997 0.27499999999999997 0.27499999999999997 0.4591604513455314
0.27499999999999997 0.27499999999999997 0.27499999999999997 0.4849565986298634
0.27499999999999997 0.27499999999999997 0.27499999999999997 0.49397709801369416
0.27499999999999997 0.27499999999999997 0.27499999999999997 0.5073144530543692
0.27499999999999997 0.27499999999999997 0.27499999999999997 0.5284572855579386
0.27499999999999997 0.27499999999999997 0.27499999999999997 0.5704117348574647
0.27499999999999997 0.27499999999999997 0.27499999999999997 0.5908339800518192
0.27499999999999997 0.27499999999999997 0.27499999999999997 0.6475506661045358
0.27499999999999997 0.27499999999999997 0.27499999999999997 0.6768814024774761
0.27499999999999997 0.27499999999999997 0.27499999999999997 0.6994244596026542
0.27499999999999997 0.27499999999999997 0.27499999999999997 0.7099387192259003
0.27499999999999997 0.27499999999999997 0.27499999999999997 0.7210539135478893
0.27499999999999997 0.27499999999999997 0.27499999999999997 0.7411068095011757
0.27499999999999997 0.27499999999999997 0.27499999999999997 0.7493897184274081
0.27499999999999997 0.27499999999999997 0.27499999999999997 0.7608522490474385
0.27499999999999997 0.27499999999999997 0.27499999999999997 0.7708461131630076
0.27499999999999997 0.27499999999999997 0.27499999999999997 0.7858915171717289
0.27499999999999997 0.27499999999999997 0.27499999999999997 0.7988381079151079
0.27499999999999997 0.27499999999999997 0.27499999999999997 0.8213886391273348
0.27499999999999997 0.27499999999999997 0.27499999999999997 0.8295283688681003
0.27499999999999997 0.27499999999999997 0.27499999999999997 0.842131816843332
0.27499999999999997 0.27499999999999997 0.27499999999999997 0.8482261371029899
0.27499999999999997 0.27499999999999997 0.27499999999999997 0.8605483856876001
0.27499999999999997 0.27499999999999997 0.27499999999999997 0.8653772470191348
0.27499999999999997 0.27499999999999997 0.27499999999999997 0.8861934039675026
0.27499999999999997 0.27499999999999997 0.27499999999999997 0.8995606917221002
0.27499999999999997 0.27499999999999997 0.27499999999999997 0.9109028080466857
0.27499999999999997 0.27499999999999997 0.27499999999999997 0.9258991420413967
0.27499999999999997 0.27499999999999997 0.27499999999999997 0.933262879408943
0.27499999999999997 0.27499999999999997 0.27499999999999997 0.9408597867683994
0.27499999999999997 0.27499999999999997 0.27499999999999997 0.9567940424325405
0.27499999999999997 0.27499999999999997 0.27499999999999997 0.9730564619740871
0.27499999999999997 0.27499999999999997 0.27499999999999997 0.9804505377720476
0.27499999999999997 0.27499999999999997 0.27499999999999997 0.9893247991576934
0.27499999999999997 0.27499999999999997 0.27499999999999997 0.9946256159244748
0.27499999999999997 0.27499999999999997 0.27499999999999997 1.0092590751405197
0.27499999999999997 0.27499999999999997 0.27499999999999997 1.0240706462587692
0.27499999999999997 0.27499999999999997 0.27499999999999997 1.0337501241572173
0.27499999999999997 0.27499999999999997 0.27499999999999997 1.0510889015782565
0.27499999999999997 0.27499999999999997 0.27499999999999997 1.0616661886051268
0.27499999999999997 0.27499999999999997 0.27499999999999997 1.0695283226586163
0.27499999999999997 0.27499999999999997 0.27499999999999997 1.0844716494831683
0.27499999999999997 0.27499999999999997 0.27499999999999997 1.1026120651885885
0.27499999999999997 0.27499999999999997 0.27499999999999997 1.1179400219291646
0.27499999999999997 0.27499999999999997 0.27499999999999997 1.1246158808081075
0.27499999999999997 0.27499999999999997 0.27499999999999997 1.1347195385227433
0.27499999999999997 0.27499999999999997 0.27499999999999997 1.1437824289157605
0.27499999999999997 0.27499999999999997 0.27499999999999997 1.154180111208234
0.27499999999999997 0.27499999999999997 0.27499999999999997 1.1640361949629474
0.27499999999999997 0.27499999999999997 0.27499999999999997 1.1783836528652873
0.27499999999999997 0.27499999999999997 0.27499999999999997 1.1978040119557902
0.27499999999999997 0.27499999999999997 0.27499999999999997 1.201802877034819
0.27499999999999997 0.27499999999999997 0.27499999999999997 1.2251291074950963
0.27499999999999997 0.27499999999999997 0.27499999999999997 1.2334483260192464
0.27499999999999997 0.27499999999999997 0.27499999999999997 1.2416508410680827
0.27499999999999997 0.27499999999999997 0.27499999999999997 1.2564640677156962
0.27499999999999997 0.27499999999999997 0.27499999999999997 1.2623124882530439
0.27499999999999997 0.27499999999999997 0.27499999999999997 1.2765135433060575
0.27499999999999997 0.27499999999999997 0.27499999999999997 1.2865603770187235
0.27499999999999997 0.27499999999999997 0.27499999999999997 1.3021339600018864
0.27499999999999997 0.27499999999999997 0.27499999999999997 1.309582149786844
0.27499999999999997 0.27499999999999997 0.27499999999999997 1.3215960376560485
0.27499999999999997 0.27499999999999997 0.27499999999999997 1.3413043425929958
0.27499999999999997 0.27499999999999997 0.27499999999999997 1.3579656897094305
0.27499999999999997 0.27499999999999997 0.27499999999999997 1.360172457393304
0.27499999999999997 0.27499999999999997 0.27499999999999997 1.3803830660750611
0.27499999999999997 0.27499999999999997 0.27499999999999997 1.387355853207013
0.27499999999999997 0.27499999999999997 0.27499999999999997 1.4014823275616752
0.27499999999999997 0.27499999999999997 0.27499999999999997 1.4137992398476804
0.27499999999999997 0.27499999999999997 0.27499999999999997 1.4284065737029623
0.27499999999999997 0.27499999999999997 0.27499999999999997 1.4401289751544724
0.27499999999999997 0.27499999999999997 0.27499999999999997 1.4598355750615628
0.27499999999999997 0.27499999999999997 0.27499999999999997 1.4692020367621614
0.27499999999999997 0.27499999999999997 0.27499999999999997 1.4820771521623115
0.27499999999999997 0.27499999999999997 0.27499999999999997 1.5010644093176024
0.27499999999999997 0.27499999999999997 0.27499999999999997 1.513324016411227
0.27499999999999997 0.27499999999999997 0.27499999999999997 1.5305914776975158
0.27499999999999997 0.27499999999999997 0.27499999999999997 1.533539521420138
0.27499999999999997 0.27499999999999997 0.27499999999999997 1.5451301050542847
0.27499999999999997 0.27499999999999997 0.27499999999999997 1.555228919263664
0.27499999999999997 0.27499999999999997 0.27499999999999997 1.5700211040962042
0.27499999999999997 0.27499999999999997 0.27499999999999997 1.5903252056142714
0.27499999999999997 0.27499999999999997 0.27499999999999997 1.6090512324754433
0.27499999999999997 0.27499999999999997 0.27499999999999997 1.6295475597427602
0.27499999999999997 0.27499999999999997 0.27499999999999997 1.6379445045751861
0.27499999999999997 0.27499999999999997 0.27499999999999997 1.6552071421400436
0.27499999999999997 0.27499999999999997 0.27499999999999997 1.6709921401189058
0.27499999999999997 0.27499999999999997 0.27499999999999997 1.690032968714637
0.27499999999999997 0.27499999999999997 0.27499999999999997 1.711706306563329
0.27499999999999997 0.27499999999999997 0.27499999999999997 1.7283128905782865
0.27499999999999997 0.27499999999999997 0.27499999999999997 1.748721303447273
0.27499999999999997 0.27499999999999997 0.27499999999999997 1.7547290874044577
0.27499999999999997 0.27499999999999997 0.27499999999999997 1.789853007283185
0.27499999999999997 0.27499999999999997 0.27499999999999997 1.7928826000920854
0.27499999999999997 0.27499999999999997 0.27499999999999997 1.8384890498812885
0.27499999999999997 0.27499999999999997 0.27499999999999997 1.892061050689147
0.27499999999999997 0.27499999999999997 0.27499999999999997 1.9201561601199835
0.27499999999999997 0.27499999999999997 0.27499999999999997 1.9778365943836267
0.27499999999999997 0.27499999999999997 0.27499999999999997 2.00507937735767
0.27499999999999997 0.27499999999999997 0.27499999999999997 2.060895492132162
0.27499999999999997 0.27499999999999997 0.27499999999999997 2.0755314116183756
0.27499999999999997 0.27499999999999997 0.27499999999999997 2.1450017917275233
0.27499999999999997 0.27499999999999997 0.27499999999999997 2.152623114937322
0.27499999999999997 0.27499999999999997 0.27499999999999997 4.410145528541365
0.27499999999999997 0.27499999999999997 0.27499999999999997 4.523819077376974
0.27499999999999997 0.27499999999999997 0.27499999999999997 4.778410041125039
0.27499999999999997 0.27499999999999997 0.27499999999999997 4.8158220677176455
0.27499999999999997 0.27499999999999997 0.27499999999999997 4.85959606892826
0.27499999999999997 0.27499999999999997 0.27499999999999997 4.90982367777492
0.27499999999999997 0.27499999999999997 0.27499999999999997 5.002430305147581
0.27499999999999997 0.27499999999999997 0.27499999999999997 5.072851150717748
0.27499999999999997 0.27499999999999997 0.27499999999999997 5.309997222480153
0.27499999999999997 0.27499999999999997 0.27499999999999997 5.376811099960401
0.27499999999999997 0.27499999999999997 0.27499999999999997 5.433762567337357
0.27499999999999997 0.27499999999999997 0.27499999999999997 5.446013669204792
0.27499999999999997 0.27499999999999997 0.27499999999999997 5.539940285506136
0.27499999999999997 0.27499999999999997 0.27499999999999997 5.602769871164064
0.27499999999999997 0.27499999999999997 0.27499999999999997 5.792178333666186
0.27499999999999997 0.27499999999999997 0.27499999999999997 5.81308413120089
0.27499999999999997 0.27499999999999997 0.27499999999999997 5.876053983922057
0.27499999999999997 0.27499999999999997 0.27499999999999997 5.93078783005002
0.27499999999999997 0.27499999999999997 0.27499999999999997 6.022311124327839
0.27499999999999997 0.27499999999999997 0.27499999999999997 6.075795637081409
0.27499999999999997 0.27499999999999997 0.27499999999999997 6.10321571883136
0.27499999999999997 0.27499999999999997 0.27499999999999997 6.149477261678856
0.27499999999999997 0.27499999999999997 0.27499999999999997 6.176514362918928
0.27499999999999997 0.27499999999999997 0.27499999999999997 6.23031371090166
0.27499999999999997 0.27499999999999997 0.27499999999999997 6.3797905514558755
0.27499999999999997 0.27499999999999997 0.27499999999999997 6.423064863738506
0.27499999999999997 0.27499999999999997 0.27499999999999997 6.7463603591876415
0.27499999999999997 0.27499999999999997 0.27499999999999997 6.830644393611948
0.27499999999999997 0.27499999999999997 0.27499999999999997 6.868712790631422
0.27499999999999997 0.27499999999999997 0.27499999999999997 6.912862142746932
0.27499999999999997 0.27499999999999997 0.27499999999999997 7.026404082784234
0.27499999999999997 0.27499999999999997 0.27499999999999997 7.045592701314105
0.27499999999999997 0.27499999999999997 0.27499999999999997 7.084093379214581
0.27499999999999997 0.27499999999999997 0.27499999999999997 7.152665635883349
0.27499999999999997 0.27499999999999997 0.27499999999999997 7.177252042376164
0.27499999999999997 0.27499999999999997 0.27499999999999997 7.274744994163925
0.27499999999999997 0.27499999999999997 0.27499999999999997 7.313660240256025
0.27499999999999997 0.27499999999999997 0.27499999999999997 7.400067989022372
0.27499999999999997 0.27499999999999997 0.27499999999999997 7.461579376210409
0.27499999999999997 0.27499999999999997 0.27499999999999997 7.5047659366491235
0.27499999999999997 0.27499999999999997 0.27499999999999997 7.550053191021657
0.27499999999999997 0.27499999999999997 0.27499999999999997 7.6273928861346825
0.27499999999999997 0.27499999999999997 0.27499999999999997 7.736267951461775
0.27499999999999997 0.27499999999999997 0.27499999999999997 7.758623786941456
0.27499999999999997 0.27499999999999997 0.27499999999999997 7.855070744777083
0.27499999999999997 0.27499999999999997 0.27499999999999997 7.885047758796128
0.27499999999999997 0.27499999999999997 0.27499999999999997 7.952460308053738
0.27499999999999997 0.27499999999999997 0.27499999999999997 8.006929390328272
0.3 0.3 0.3 -5.115119908429307
0.3 0.3 0.3 -5.108546751964446
0.3 0.3 0.3 -4.913687929627964
0.3 0.3 0.3 -4.90580035214548
0.3 0.3 0.3 -4.878723740652726
0.3 0.3 0.3 -4.868690785780536
0.3 0.3 0.3 -4.822901043052094
0.3 0.3 0.3 -4.813900291050889
0.3 0.3 0.3 -4.634061776266567
0.3 0.3 0.3 -4.612942075278696
0.3 0.3 0.3 -4.585994122455405
0.3 0.3 0.3 -4.5733796616406845
0.3 0.3 0.3 -4.4961931098815135
0.3 0.3 0.3 -4.469889290929963
0.3 0.3 0.3 -4.123646884235997
0.3 0.3 0.3 -4.016505819749694
0.3 0.3 0.3 -0.8055651442018732
0.3 0.3 0.3 -0.7308745148964171
0.3 0.3 0.3 -0.6230382697061234
0.3 0.3 0.3 -0.5804598657892317
0.3 0.3 0.3 -0.5554656550970076
0.3 0.3 0.3 -0.5243533404481759
0.3 0.3 0.3 -0.5037922209930947
0.3 0.3 0.3 -0.4860514665537927
0.3 0.3 0.3 -0.45643835950373557
0.3 0.3 0.3 -0.4418092445175521
0.3 0.3 0.3 -0.41628074246952806
0.3 0.3 0.3 -0.40524529122411046
0.3 0.3 0.3 -0.37975253423418387
0.3 0.3 0.3 -0.3541648000962514
0.3 0.3 0.3 -0.3375442019465247
0.3 0.3 0.3 -0.30887786963249186
0.3 0.3 0.3 -0.30138414822899756
0.3 0.3 0.3 -0.29103855983474425
0.3 0.3 0.3 -0.22883915255940934
0.3 0.3 0.3 -0.20131880930993518
0.3 0.3 0.3 -0.16807294367200853
0.3 0.3 0.3 -0.1470391004843205
0.3 0.3 0.3 -0.14021259749995962
0.3 0.3 0.3 -0.11640251686325342
0.3 0.3 0.3 0.14366298148165146
0.3 0.3 0.3 0.17837901352938434
0.3 0.3 0.3 0.20972763501124803
0.3 0.3 0.3 0.23169488154251372
0.3 0.3 0.3 0.24855998728381312
0.3 0.3 0.3 0.27307465014076104
0.3 0.3 0.3 0.304678411636196
0.3 0.3 0.3 0.3108346193684713
0.3 0.3 0.3 0.32632396201486086
0.3 0.3 0.3 0.3330861285834663
0.3 0.3 0.3 0.34994426260318257
0.3 0.3 0.3 0.35812667019501276
0.3 0.3 0.3 0.37818632548304426
0.3 0.3 0.3 0.385608656511249
0.3 0.3 0.3 0.4070454392074052
0.3 0.3 0.3 0.4089781710706568
0.3 0.3 0.3 0.420919797153803
0.3 0.3 0.3 0.4331859023015143
0.3 0.3 0.3 0.4644624798052499
0.3 0.3 0.3 0.47712926278695544
0.3 0.3 0.3 0.4849968912035916
0.3 0.3 0.3 0.5029139615259837
0.3 0.3 0.3 0.5474444516691808
0.3 0.3 0.3 0.5696666910611103
0.3 0.3 0.3 0.6460048462752122
0.3 0.3 0.3 0.672866020011373
0.3 0.3 0.3 0.6934554664786123
0.3 0.3 0.3 0.7063108694053346
0.3 0.3 0.3 0.7148867873534774
0.3 0.3 0.3 0.7291651920038902
0.3 0.3 0.3 0.7445139389020667
0.3 0.3 0.3 0.7525942434721467
0.3 0.3 0.3 0.7642349441182335
0.3 0.3 0.3 0.7782598841137762
0.3 0.3 0.3 0.7886558295153927
0.3 0.3 0.3 0.8153296306963252
0.3 0.3 0.3 0.8206328916873884
0.3 0.3 0.3 0.8342040919382239
0.3 0.3 0.3 0.8415405912950131
0.3 0.3 0.3 0.8535858457119646
0.3 0.3 0.3 0.8580427441071836
0.3 0.3 0.3 0.8802571871068663
0.3 0.3 0.3 0.8922350356363253
0.3 0.3 0.3 0.9056274499178638
0.3 0.3 0.3 0.9189107413642299
0.3 0.3 0.3 0.9263821817465852
0.3 0.3 0.3 0.9343757399216006
0.3 0.3 0.3 0.9478485962083099
0.3 0.3 0.3 0.9639769477836637
0.3 0.3 0.3 0.9760797571555706
0.3 0.3 0.3 0.9863161594514355
0.3 0.3 0.3 0.9902980261624325
0.3 0.3 0.3 1.0024228245941966
0.3 0.3 0.3 1.0175696738695175
0.3 0.3 0.3 1.0259923684342533
0.3 0.3 0.3 1.0450327002828557
0.3 0.3 0.3 1.0591563577970617
0.3 0.3 0.3 1.0639148382740589
0.3 0.3 0.3 1.0778099608203222
0.3 0.3 0.3 1.0962232116660156
0.3 0.3 0.3 1.1144645814523084
0.3 0.3 0.3 1.1230331668102211
0.3 0.3 0.3 1.1291336103729526
0.3 0.3 0.3 1.1400186557722218
0.3 0.3 0.3 1.1532496832375303
0.3 0.3 0.3 1.1590070855353316
0.3 0.3 0.3 1.1750221696424692
0.3 0.3 0.3 1.1931773399110812
0.3 0.3 0.3 1.1972943762300365
0.3 0.3 0.3 1.224208123522427
0.3 0.3 0.3 1.2345316203941596
0.3 0.3 0.3 1.2414545252593001
0.3 0.3 0.3 1.2591990629574026
0.3 0.3 0.3 1.2636041945383445
0.3 0.3 0.3 1.2770500979643673
0.3 0.3 0.3 1.284931883669814
0.3 0.3 0.3 1.300314073009397
0.3 0.3 0.3 1.3078952701858961
0.3 0.3 0.3 1.3228596662344847
0.3 0.3 0.3 1.341234147435177
0.3 0.3 0.3 1.3575658968483124
0.3 0.3 0.3 1.361369333011255
0.3 0.3 0.3 1.3815561773863683
0.3 0.3 0.3 1.3861222397305921
0.3 0.3 0.3 1.4046615963524915
0.3 0.3 0.3 1.4103190948410806
0.3 0.3 0.3 1.4305424083317924
0.3 0.3 0.3 1.4440922104372769
0.3 0.3 0.3 1.460472566324966
0.3 0.3 0.3 1.4663260923323573
0.3 0.3 0.3 1.4774358795565927
0.3 0.3 0.3 1.4962069540306606
0.3 0.3 0.3 1.5138502484433491
0.3 0.3 0.3 1.5244366200231072
0.3 0.3 0.3 1.531786825932067
0.3 0.3 0.3 1.5454186001753079
0.3 0.3 0.3 1.5499382059836615
0.3 0.3 0.3 1.5688539367143148
0.3 0.3 0.3 1.5874487530597605
0.3 0.3 0.3 1.6054429956779837
0.3 0.3 0.3 1.6225525418151463
0.3 0.3 0.3 1.629894276936919
0.3 0.3 0.3 1.6491883695674243
0.3 0.3 0.3 1.664072446401577
0.3 0.3 0.3 1.6817799770384223
0.3 0.3 0.3 1.7018740562286334
0.3 0.3 0.3 1.7208537214335067
0.3 0.3 0.3 1.736763591474669
0.3 0.3 0.3 1.747733934815341
0.3 0.3 0.3 1.7754805886933749
0.3 0.3 0.3 1.7865259161014437
0.3 0.3 0.3 1.8218560107648898
0.3 0.3 0.3 1.8644832614233557
0.3 0.3 0.3 1.8949655680245403
0.3 0.3 0.3 1.9454686460828556
0.3 0.3 0.3 1.9807189417951552
0.3 0.3 0.3 2.0374542974699743
0.3 0.3 0.3 2.056599537503118
0.3 0.3 0.3 2.090889644219419
0.3 0.3 0.3 2.100733001420422
0.3 0.3 0.3 4.5046665709566085
0.3 0.3 0.3 4.617440737037425
0.3 0.3 0.3 4.835730539060326
0.3 0.3 0.3 4.88049087805067
0.3 0.3 0.3 4.92243020292962
0.3 0.3 0.3 4.973950558881855
0.3 0.3 0.3 5.066646580872076
0.3 0.3 0.3 5.136781150188964
0.3 0.3 0.3 5.341132474494362
0.3 0.3 0.3 5.402401374272808
0.3 0.3 0.3 5.4661397325876475
0.3 0.3 0.3 5.478160763896129
0.3 0.3 0.3 5.578379015896044
0.3 0.3 0.3 5.6389894105379454
0.3 0.3 0.3 5.858217625478568
0.3 0.3 0.3 5.8785982114647375
0.3 0.3 0.3 5.953595544270205
0.3 0.3 0.3 5.996248426167354
0.3 0.3 0.3 6.080543650021318
0.3 0.3 0.3 6.127254648832986
0.3 0.3 0.3 6.155293654038124
0.3 0.3 0.3 6.21514081916022
0.3 0.3 0.3 6.2398107280869635
0.3 0.3 0.3 6.298785994463862
0.3 0.3 0.3 6.3665901085851875
0.3 0.3 0.3 6.39514301731824
0.3 0.3 0.3 6.73693483463536
0.3 0.3 0.3 6.829390797855208
0.3 0.3 0.3 6.8640542522116395
0.3 0.3 0.3 6.894358839846458
0.3 0.3 0.3 6.979588971232328
0.3 0.3 0.3 7.007055357008154
0.3 0.3 0.3 7.045022147803674
0.3 0.3 0.3 7.10949625989842
0.3 0.3 0.3 7.126624513898534
0.3 0.3 0.3 7.233972178134945
0.3 0.3 0.3 7.274425453890926
0.3 0.3 0.3 7.356967987590606
0.3 0.3 0.3 7.401260966813137
0.3 0.3 0.3 7.454798496597266
0.3 0.3 0.3 7.490923131223086
0.3 0.3 0.3 7.564697865563116
0.3 0.3 0.3 7.662210175804427
0.3 0.3 0.3 7.680046219940665
0.3 0.3 0.3 7.774691818831928
0.3 0.3 0.3 7.800691340334145
0.3 0.3 0.3 7.872594673951631
0.3 0.3 0.3 7.928786810481167
0.325 0.325 0.325 -5.080378372102047
0.325 0.325 0.325 -5.074007977362922
0.325 0.325 0.325 -4.90464727888811
0.325 0.325 0.325 -4.898768206979054
0.325 0.325 0.325 -4.873133905166887
0.325 0.325 0.325 -4.863633666742535
0.325 0.325 0.325 -4.814080515229179
0.325 0.325 0.325 -4.80246716793831
0.325 0.325 0.325 -4.651777388719983
0.325 0.325 0.325 -4.627706182341784
0.325 0.325 0.325 -4.598374330220108
0.325 0.325 0.325 -4.586493335449597
0.325 0.325 0.325 -4.51638058130516
0.325 0.325 0.325 -4.492401210324383
0.325 0.325 0.325 -4.2073523120321905
0.325 0.325 0.325 -4.11319079149543
0.325 0.325 0.325 -0.7666452626161178
0.325 0.325 0.325 -0.6948095272813557
0.325 0.325 0.325 -0.5886382594693753
0.325 0.325 0.325 -0.5445837201197783
0.325 0.325 0.325 -0.5211552949156033
0.325 0.325 0.325 -0.489818039624188
0.325 0.325 0.325 -0.47170224566812635
0.325 0.325 0.325 -0.45488356280260867
0.325 0.325 0.325 -0.422332126505399
0.325 0.325 0.325 -0.40957867645306223
0.325 0.325 0.325 -0.3823576834547703
0.325 0.325 0.325 -0.37512908608069745
0.325 0.325 0.325 -0.34956465061839204
0.325 0.325 0.325 -0.3270064798028631
0.325 0.325 0.325 -0.3071183357506335
0.325 0.325 0.325 -0.2793361920194197
0.325 0.325 0.325 -0.26699066615849293
0.325 0.325 0.325 -0.26126921300810624
0.325 0.325 0.325 -0.19196770853216982
0.325 0.325 0.325 -0.1594385570823924
0.325 0.325 0.325 -0.13847042253158914
0.325 0.325 0.325 -0.11996618489449862
0.325 0.325 0.325 -0.1074729959937466
0.325 0.325 0.325 -0.08118491861431032
0.325 0.325 0.325 0.11105875286303935
0.325 0.325 0.325 0.14488602833781083
0.325 0.325 0.325 0.1769722119188888
0.325 0.325 0.325 0.19641772105743183
0.325 0.325 0.325 0.22755976087802932
0.325 0.325 0.325 0.253870225607991
0.325 0.325 0.325 0.28029749832308415
0.325 0.325 0.325 0.29580224465203564
0.325 0.325 0.325 0.3110304534475003
0.325 0.325 0.325 0.31626319457090113
0.325 0.325 0.325 0.330484441221393
0.325 0.325 0.325 0.343762852779256
0.325 0.325 0.325 0.36455024192741264
0.325 0.325 0.325 0.3675531177205484
0.325 0.325 0.325 0.3892691598060612
0.325 0.325 0.325 0.39470091589094497
0.325 0.325 0.325 0.39720422724333765
0.325 0.325 0.325 0.41256814692610444
0.325 0.325 0.325 0.44074292131132076
0.325 0.325 0.325 0.45832266775136854
0.325 0.325 0.325 0.46272698912286786
0.325 0.325 0.325 0.47988354872873806
0.325 0.325 0.325 0.5294329192669425
0.325 0.325 0.325 0.5514312166625315
0.325 0.325 0.325 0.647105276953484
0.325 0.325 0.325 0.6706495493070612
0.325 0.325 0.325 0.6879101607914562
0.325 0.325 0.325 0.703787817812513
0.325 0.325 0.325 0.7095131102216484
0.325 0.325 0.325 0.7193201100943325
0.325 0.325 0.325 0.7372610572849512
0.325 0.325 0.325 0.7478332289644678
0.325 0.325 0.325 0.7590870206490008
0.325 0.325 0.325 0.7724857510451906
0.325 0.325 0.325 0.7795244083386469
0.325 0.325 0.325 0.8086102025650916
0.325 0.325 0.325 0.8122016598050023
0.325 0.325 0.325 0.8271681247770776
0.325 0.325 0.325 0.8335548123601872
0.325 0.325 0.325 0.8474308444584517
0.325 0.325 0.325 0.8544335837682944
0.325 0.325 0.325 0.8749589845182548
0.325 0.325 0.325 0.885839355912835
0.325 0.325 0.325 0.9007234246815239
0.325 0.325 0.325 0.9094666393079667
0.325 0.325 0.325 0.9192543117201177
0.325 0.325 0.325 0.929363584533049
0.325 0.325 0.325 0.9396486568513263
0.325 0.325 0.325 0.9549741967771039
0.325 0.325 0.325 0.971815052167444
0.325 0.325 0.325 0.981228260208311
0.325 0.325 0.325 0.9855091420561344
0.325 0.325 0.325 0.9954838215902688
0.325 0.325 0.325 1.0094264421775216
0.325 0.325 0.325 1.0205866121220524
0.325 0.325 0.325 1.0400681835629335
0.325 0.325 0.325 1.0553992990697116
0.325 0.325 0.325 1.0577272082543032
0.325 0.325 0.325 1.0715931042381364
0.325 0.325 0.325 1.0903897833960476
0.325 0.325 0.325 1.1095945300885077
0.325 0.325 0.325 1.1194588231817055
0.325 0.325 0.325 1.1243480864607807
0.325 0.325 0.325 1.135616438668869
0.325 0.325 0.325 1.149935152182593
0.325 0.325 0.325 1.153806883453457
0.325 0.325 0.325 1.1713324302748536
0.325 0.325 0.325 1.1883494836187931
0.325 0.325 0.325 1.1931038482705196
0.325 0.325 0.325 1.2219499066081472
0.325 0.325 0.325 1.2335983849125816
0.325 0.325 0.325 1.243307566795158
0.325 0.325 0.325 1.258837599750131
0.325 0.325 0.325 1.266054435454576
0.325 0.325 0.325 1.276920494554591
0.325 0.325 0.325 1.2834237508692532
0.325 0.325 0.325 1.298721755920452
0.325 0.325 0.325 1.3054529809603554
0.325 0.325 0.325 1.323931333538666
0.325 0.325 0.325 1.3416858890883034
0.325 0.325 0.325 1.3562597264006166
0.325 0.325 0.325 1.3641315451725626
0.325 0.325 0.325 1.3825108303371625
0.325 0.325 0.325 1.386180438227759
0.325 0.325 0.325 1.4041575598743945
0.325 0.325 0.325 1.4124074244155818
0.325 0.325 0.325 1.4320629781009657
0.325 0.325 0.325 1.4459316205100556
0.325 0.325 0.325 1.4600411928927528
0.325 0.325 0.325 1.464543127195227
0.325 0.325 0.325 1.4746697902083215
0.325 0.325 0.325 1.4908053772683267
0.325 0.325 0.325 1.5114477795020065
0.325 0.325 0.325 1.5193518867025695
0.325 0.325 0.325 1.5281147896692042
0.325 0.325 0.325 1.5436514424239862
0.325 0.325 0.325 1.5463405283026637
0.325 0.325 0.325 1.5663286431347174
0.325 0.325 0.325 1.585769645940739
0.325 0.325 0.325 1.5992521476229538
0.325 0.325 0.325 1.6146157218773576
0.325 0.325 0.325 1.6241322773020892
0.325 0.325 0.325 1.6416181081712518
0.325 0.325 0.325 1.6572147757513864
0.325 0.325 0.325 1.6741976699035312
0.325 0.325 0.325 1.691582045247693
0.325 0.325 0.325 1.707439706128179
0.325 0.325 0.325 1.7263287326875867
0.325 0.325 0.325 1.7406318985988252
0.325 0.325 0.325 1.76317879444926
0.325 0.325 0.325 1.7851156491996152
0.325 0.325 0.325 1.810947650508326
0.325 0.325 0.325 1.8420025861908327
0.325 0.325 0.325 1.8722680364527235
0.325 0.325 0.325 1.915422024198696
0.325 0.325 0.325 1.9576297154969975
0.325 0.325 0.325 2.014084993987132
0.325 0.325 0.325 2.0316932397647154
0.325 0.325 0.325 2.0477642801969997
0.325 0.325 0.325 2.0620137307052993
0.325 0.325 0.325 4.599522620081815
0.325 0.325 0.325 4.710382528756895
0.325 0.325 0.325 4.890814692099359
0.325 0.325 0.325 4.9461464431011954
0.325 0.325 0.325 4.984907861554353
0.325 0.325 0.325 5.037998417199791
0.325 0.325 0.325 5.126185654179377
0.325 0.325 0.325 5.198458747610619
0.325 0.325 0.325 5.37368890674114
0.325 0.325 0.325 5.427974240774942
0.325 0.325 0.325 5.4937636068249365
0.325 0.325 0.325 5.509712501804385
0.325 0.325 0.325 5.615057711782686
0.325 0.325 0.325 5.6710417896342245
0.325 0.325 0.325 5.911665842572537
0.325 0.325 0.325 5.933559205753581
0.325 0.325 0.325 6.0305174903971315
0.325 0.325 0.325 6.054857125488652
0.325 0.325 0.325 6.126873425040154
0.325 0.325 0.325 6.173732686178679
0.325 0.325 0.325 6.206812157793972
0.325 0.325 0.325 6.272827632222802
0.325 0.325 0.325 6.305172720756492
0.325 0.325 0.325 6.360707397357084
0.325 0.325 0.325 6.376070584036152
0.325 0.325 0.325 6.402001039122025
0.325 0.325 0.325 6.714063576885779
0.325 0.325 0.325 6.788532671678224
0.325 0.325 0.325 6.857937397459396
0.325 0.325 0.325 6.898765459271683
0.325 0.325 0.325 6.934280560412039
0.325 0.325 0.325 6.971593008469424
0.325 0.325 0.325 7.0180106054605345
0.325 0.325 0.325 7.069273138664169
0.325 0.325 0.325 7.0845295305865434
0.325 0.325 0.325 7.194586079087261
0.325 0.325 0.325 7.233268438826101
0.325 0.325 0.325 7.310629270988768
0.325 0.325 0.325 7.343064699773395
0.325 0.325 0.325 7.401644412513724
0.325 0.325 0.325 7.431713186960537
0.325 0.325 0.325 7.502540771944811
0.325 0.325 0.325 7.582891388405141
0.325 0.325 0.325 7.597112498742444
0.325 0.325 0.325 7.69153139889778
0.325 0.325 0.325 7.714448342542256
0.325 0.325 0.325 7.790236226343592
0.325 0.325 0.325 7.844757194550271
0.35000000000000003 0.35000000000000003 0.35000000000000003 -5.043377743835843
0.35000000000000003 0.35000000000000003 0.35000000000000003 -5.03669770912751
0.35000000000000003 0.35000000000000003 0.35000000000000003 -4.894583597132763
0.35000000000000003 0.35000000000000003 0.35000000000000003 -4.891006179969349
0.35000000000000003 0.35000000000000003 0.35000000000000003 -4.866748753958248
0.35000000000000003 0.35000000000000003 0.35000000000000003 -4.858574743231601
0.35000000000000003 0.35000000000000003 0.35000000000000003 -4.8048051385937605
0.35000000000000003 0.35000000000000003 0.35000000000000003 -4.7898988502685835
0.35000000000000003 0.35000000000000003 0.35000000000000003 -4.668545615026867
0.35000000000000003 0.35000000000000003 0.35000000000000003 -4.642880218730971
0.35000000000000003 0.35000000000000003 0.35000000000000003 -4.6094172903336235
0.35000000000000003 0.35000000000000003 0.35000000000000003 -4.599050398814192
0.35000000000000003 0.35000000000000003 0.35000000000000003 -4.537524840600774
0.35000000000000003 0.35000000000000003 0.35000000000000003 -4.516672896181351
0.35000000000000003 0.35000000000000003 0.35000000000000003 -4.292836768569018
0.35000000000000003 0.35000000000000003 0.35000000000000003 -4.213749475852744
0.35000000000000003 0.35000000000000003 0.35000000000000003 -0.7247962887496211
0.35000000000000003 0.35000000000000003 0.35000000000000003 -0.6564810317946943
0.35000000000000003 0.35000000000000003 0.35000000000000003 -0.5518403475005638
0.35000000000000003 0.35000000000000003 0.35000000000000003 -0.5082135763871651
0.35000000000000003 0.35000000000000003 0.35000000000000003 -0.48634711812348463
0.35000000000000003 0.35000000000000003 0.35000000000000003 -0.4546541360927723
0.35000000000000003 0.35000000000000003 0.35000000000000003 -0.44088788763609266
0.35000000000000003 0.35000000000000003 0.35000000000000003 -0.4222184775883857
0.35000000000000003 0.35000000000000003 0.35000000000000003 -0.3914761687490351
0.35000000000000003 0.35000000000000003 0.35000000000000003 -0.3777458570450474
0.35000000000000003 0.35000000000000003 0.35000000000000003 -0.34894321834285524
0.35000000000000003 0.35000000000000003 0.35000000000000003 -0.3433806812962816
0.35000000000000003 0.35000000000000003 0.35000000000000003 -0.32111364034252077
0.35000000000000003 0.35000000000000003 0.35000000000000003 -0.29940481210156733
0.35000000000000003 0.35000000000000003 0.35000000000000003 -0.27695093177252694
0.35000000000000003 0.35000000000000003 0.35000000000000003 -0.24963673330872105
0.35000000000000003 0.35000000000000003 0.35000000000000003 -0.2362933293163625
0.35000000000000003 0.35000000000000003 0.35000000000000003 -0.2265187950835621
0.35000000000000003 0.35000000000000003 0.35000000000000003 -0.15689957503079022
0.35000000000000003 0.35000000000000003 0.35000000000000003 -0.12034645811856493
0.35000000000000003 0.35000000000000003 0.35000000000000003 -0.11046735494734428
0.35000000000000003 0.35000000000000003 0.35000000000000003 -0.09527468860450838
0.35000000000000003 0.35000000000000003 0.35000000000000003 -0.07084987819435096
0.35000000000000003 0.35000000000000003 0.35000000000000003 -0.04677434418326243
0.35000000000000003 0.35000000000000003 0.35000000000000003 0.07383675338638973
0.35000000000000003 0.35000000000000003 0.35000000000000003 0.10641178432871712
0.35000000000000003 0.35000000000000003 0.35000000000000003 0.14284512581620756
0.35000000000000003 0.35000000000000003 0.35000000000000003 0.16218871056343698
0.35000000000000003 0.35000000000000003 0.35000000000000003 0.20439693224990574
0.35000000000000003 0.35000000000000003 0.35000000000000003 0.2296616667131115
0.35000000000000003 0.35000000000000003 0.35000000000000003 0.2553169924503029
0.35000000000000003 0.35000000000000003 0.35000000000000003 0.28025073334456235
0.35000000000000003 0.35000000000000003 0.35000000000000003 0.2876791072695154
0.35000000000000003 0.35000000000000003 0.35000000000000003 0.29986953667201277
0.35000000000000003 0.35000000000000003 0.35000000000000003 0.31122710929152575
0.35000000000000003 0.35000000000000003 0.35000000000000003 0.32949346763126464
0.35000000000000003 0.35000000000000003 0.35000000000000003 0.3498022725625587
0.35000000000000003 0.35000000000000003 0.35000000000000003 0.35149363958728624
0.35000000000000003 0.35000000000000003 0.35000000000000003 0.3714459509966778
0.35000000000000003 0.35000000000000003 0.35000000000000003 0.3752932579678132
0.35000000000000003 0.35000000000000003 0.35000000000000003 0.38179664841314337
0.35000000000000003 0.35000000000000003 0.35000000000000003 0.39447563214309955
0.35000000000000003 0.35000000000000003 0.35000000000000003 0.4167321616890849
0.35000000000000003 0.35000000000000003 0.35000000000000003 0.43657235503885694
0.35000000000000003 0.35000000000000003 0.35000000000000003 0.44445433372796384
0.35000000000000003 0.35000000000000003 0.35000000000000003 0.4596291106357615
0.35000000000000003 0.35000000000000003 0.35000000000000003 0.5154665139038634
0.35000000000000003 0.35000000000000003 0.35000000000000003 0.5358189358261791
0.35000000000000003 0.35000000000000003 0.35000000000000003 0.6499630518830681
0.35000000000000003 0.35000000000000003 0.35000000000000003 0.6699102110819979
0.35000000000000003 0.35000000000000003 0.35000000000000003 0.6829328754591142
0.35000000000000003 0.35000000000000003 0.35000000000000003 0.7014002412808112
0.35000000000000003 0.35000000000000003 0.35000000000000003 0.705006063403526
0.35000000000000003 0.35000000000000003 0.35000000000000003 0.7122863519004898
0.35000000000000003 0.35000000000000003 0.35000000000000003 0.7289621024806765
0.35000000000000003 0.35000000000000003 0.35000000000000003 0.745324098599454
0.35000000000000003 0.35000000000000003 0.35000000000000003 0.7557775856404314
0.35000000000000003 0.35000000000000003 0.35000000000000003 0.767352300193887
0.35000000000000003 0.35000000000000003 0.35000000000000003 0.7736611241354718
0.35000000000000003 0.35000000000000003 0.35000000000000003 0.8014438021366931
0.35000000000000003 0.35000000000000003 0.35000000000000003 0.8044573891783164
0.35000000000000003 0.35000000000000003 0.35000000000000003 0.8209325457522315
0.35000000000000003 0.35000000000000003 0.35000000000000003 0.8254162003185463
0.35000000000000003 0.35000000000000003 0.35000000000000003 0.8404780005183721
0.35000000000000003 0.35000000000000003 0.35000000000000003 0.8537798398347807
0.35000000000000003 0.35000000000000003 0.35000000000000003 0.8699518799978074
0.35000000000000003 0.35000000000000003 0.35000000000000003 0.8812005392241096
0.35000000000000003 0.35000000000000003 0.35000000000000003 0.8957199213937713
0.35000000000000003 0.35000000000000003 0.35000000000000003 0.8988688145551436
0.35000000000000003 0.35000000000000003 0.35000000000000003 0.91246489132494
0.35000000000000003 0.35000000000000003 0.35000000000000003 0.9231236049093843
0.35000000000000003 0.35000000000000003 0.35000000000000003 0.9340978689893173
0.35000000000000003 0.35000000000000003 0.35000000000000003 0.9470319514499952
0.35000000000000003 0.35000000000000003 0.35000000000000003 0.9667712454106248
0.35000000000000003 0.35000000000000003 0.35000000000000003 0.9736499376285526
0.35000000000000003 0.35000000000000003 0.35000000000000003 0.9808812280797623
0.35000000000000003 0.35000000000000003 0.35000000000000003 0.9899723122809778
0.35000000000000003 0.35000000000000003 0.35000000000000003 1.0011999027273717
0.35000000000000003 0.35000000000000003 0.35000000000000003 1.01556510491275
0.35000000000000003 0.35000000000000003 0.35000000000000003 1.0359629291497283
0.35000000000000003 0.35000000000000003 0.35000000000000003 1.046746930500861
0.35000000000000003 0.35000000000000003 0.35000000000000003 1.0561743810029283
0.35000000000000003 0.35000000000000003 0.35000000000000003 1.0657984423560158
0.35000000000000003 0.35000000000000003 0.35000000000000003 1.0847504509962933
0.35000000000000003 0.35000000000000003 0.35000000000000003 1.1039306337082122
0.35000000000000003 0.35000000000000003 0.35000000000000003 1.1141924857759735
0.35000000000000003 0.35000000000000003 0.35000000000000003 1.1197975216144969
0.35000000000000003 0.35000000000000003 0.35000000000000003 1.1293331692736803
0.35000000000000003 0.35000000000000003 0.35000000000000003 1.143625574915519
0.35000000000000003 0.35000000000000003 0.35000000000000003 1.150091036404904
0.35000000000000003 0.35000000000000003 0.35000000000000003 1.1673650989223452
0.35000000000000003 0.35000000000000003 0.35000000000000003 1.1851018215052245
0.35000000000000003 0.35000000000000003 0.35000000000000003 1.1888998364041843
0.35000000000000003 0.35000000000000003 0.35000000000000003 1.2179838383954502
0.35000000000000003 0.35000000000000003 0.35000000000000003 1.2338426647281997
0.35000000000000003 0.35000000000000003 0.35000000000000003 1.2445608688768326
0.35000000000000003 0.35000000000000003 0.35000000000000003 1.2561653530620305
0.35000000000000003 0.35000000000000003 0.35000000000000003 1.265960701608229
0.35000000000000003 0.35000000000000003 0.35000000000000003 1.2766733258528011
0.35000000000000003 0.35000000000000003 0.35000000000000003 1.2826701148320452
0.35000000000000003 0.35000000000000003 0.35000000000000003 1.2976303263422853
0.35000000000000003 0.35000000000000003 0.35000000000000003 1.3037883278067122
0.35000000000000003 0.35000000000000003 0.35000000000000003 1.3237711072540161
0.35000000000000003 0.35000000000000003 0.35000000000000003 1.34195986471246
0.35000000000000003 0.35000000000000003 0.35000000000000003 1.3563069751255803
0.35000000000000003 0.35000000000000003 0.35000000000000003 1.3658678652330467
0.35000000000000003 0.35000000000000003 0.35000000000000003 1.3840224927264857
0.35000000000000003 0.35000000000000003 0.35000000000000003 1.3871250846265746
0.35000000000000003 0.35000000000000003 0.35000000000000003 1.4044897308445607
0.35000000000000003 0.35000000000000003 0.35000000000000003 1.415236903647985
0.35000000000000003 0.35000000000000003 0.35000000000000003 1.4338052693573635
0.35000000000000003 0.35000000000000003 0.35000000000000003 1.4443386725642045
0.35000000000000003 0.35000000000000003 0.35000000000000003 1.456096030122053
0.35000000000000003 0.35000000000000003 0.35000000000000003 1.4636345538236055
0.35000000000000003 0.35000000000000003 0.35000000000000003 1.4755926863657889
0.35000000000000003 0.35000000000000003 0.35000000000000003 1.4863585197827947
0.35000000000000003 0.35000000000000003 0.35000000000000003 1.5042925706852
0.35000000000000003 0.35000000000000003 0.35000000000000003 1.5166417931909786
0.35000000000000003 0.35000000000000003 0.35000000000000003 1.5250543259743816
0.35000000000000003 0.35000000000000003 0.35000000000000003 1.5370374662429294
0.35000000000000003 0.35000000000000003 0.35000000000000003 1.5451554005023516
0.35000000000000003 0.35000000000000003 0.35000000000000003 1.5621612841046373
0.35000000000000003 0.35000000000000003 0.35000000000000003 1.583091419909188
0.35000000000000003 0.35000000000000003 0.35000000000000003 1.5902388643676648
0.35000000000000003 0.35000000000000003 0.35000000000000003 1.6107767189993467
0.35000000000000003 0.35000000000000003 0.35000000000000003 1.6186164029858912
0.35000000000000003 0.35000000000000003 0.35000000000000003 1.6331159358776741
0.35000000000000003 0.35000000000000003 0.35000000000000003 1.6515985184607889
0.35000000000000003 0.35000000000000003 0.35000000000000003 1.6662375748638691
0.35000000000000003 0.35000000000000003 0.35000000000000003 1.6820626353757007
0.35000000000000003 0.35000000000000003 0.35000000000000003 1.6905882367150094
0.35000000000000003 0.35000000000000003 0.35000000000000003 1.721928481967872
0.35000000000000003 0.35000000000000003 0.35000000000000003 1.733050511212082
0.35000000000000003 0.35000000000000003 0.35000000000000003 1.7539815255953073
0.35000000000000003 0.35000000000000003 0.35000000000000003 1.7808709957354028
0.35000000000000003 0.35000000000000003 0.35000000000000003 1.8054021952246453
0.35000000000000003 0.35000000000000003 0.35000000000000003 1.82607684674473
0.35000000000000003 0.35000000000000003 0.35000000000000003 1.8532425362834655
0.35000000000000003 0.35000000000000003 0.35000000000000003 1.8885452600990025
0.35000000000000003 0.35000000000000003 0.35000000000000003 1.936855643040949
0.35000000000000003 0.35000000000000003 0.35000000000000003 1.9819519107099168
0.35000000000000003 0.35000000000000003 0.35000000000000003 1.9998395658434989
0.35000000000000003 0.35000000000000003 0.35000000000000003 2.0207400083701383
0.35000000000000003 0.35000000000000003 0.35000000000000003 2.042447589311317
0.35000000000000003 0.35000000000000003 0.35000000000000003 4.693470369355149
0.35000000000000003 0.35000000000000003 0.35000000000000003 4.801269469965298
0.35000000000000003 0.35000000000000003 0.35000000000000003 4.943283539566719
0.35000000000000003 0.35000000000000003 0.35000000000000003 5.0121355924616555
0.35000000000000003 0.35000000000000003 0.35000000000000003 5.0457232567379044
0.35000000000000003 0.35000000000000003 0.35000000000000003 5.101095903696356
0.35000000000000003 0.35000000000000003 0.35000000000000003 5.1785522772191115
0.35000000000000003 0.35000000000000003 0.35000000000000003 5.2560853553232345
0.35000000000000003 0.35000000000000003 0.35000000000000003 5.408025379421263
0.35000000000000003 0.35000000000000003 0.35000000000000003 5.452780185840425
0.35000000000000003 0.35000000000000003 0.35000000000000003 5.517527962114521
0.35000000000000003 0.35000000000000003 0.35000000000000003 5.539697708671648
0.35000000000000003 0.35000000000000003 0.35000000000000003 5.6480155152512745
0.35000000000000003 0.35000000000000003 0.35000000000000003 5.697005183879389
0.35000000000000003 0.35000000000000003 0.35000000000000003 5.9301278032622315
0.35000000000000003 0.35000000000000003 0.35000000000000003 5.9689839294182825
0.35000000000000003 0.35000000000000003 0.35000000000000003 6.100489188454288
0.35000000000000003 0.35000000000000003 0.35000000000000003 6.119598962539124
0.35000000000000003 0.35000000000000003 0.35000000000000003 6.152986806498192
0.35000000000000003 0.35000000000000003 0.35000000000000003 6.223124489024882
0.35000000000000003 0.35000000000000003 0.35000000000000003 6.262071126663213
0.35000000000000003 0.35000000000000003 0.35000000000000003 6.32680951478196
0.35000000000000003 0.35000000000000003 0.35000000000000003 6.3678117442085105
0.35000000000000003 0.35000000000000003 0.35000000000000003 6.401811114547415
0.35000000000000003 0.35000000000000003 0.35000000000000003 6.4235167306887035
0.35000000000000003 0.35000000000000003 0.35000000000000003 6.456352166178606
0.35000000000000003 0.35000000000000003 0.35000000000000003 6.687295620136584
0.35000000000000003 0.35000000000000003 0.35000000000000003 6.745186609434285
0.35000000000000003 0.35000000000000003 0.35000000000000003 6.835649171705571
0.35000000000000003 0.35000000000000003 0.35000000000000003 6.871188716931226
0.35000000000000003 0.35000000000000003 0.35000000000000003 6.901118685031574
0.35000000000000003 0.35000000000000003 0.35000000000000003 6.940742478458187
0.35000000000000003 0.35000000000000003 0.35000000000000003 6.990903736890487
0.35000000000000003 0.35000000000000003 0.35000000000000003 7.02898358208383
0.35000000000000003 0.35000000000000003 0.35000000000000003 7.067234583398942
0.35000000000000003 0.35000000000000003 0.35000000000000003 7.154523043783854
0.35000000000000003 0.35000000000000003 0.35000000000000003 7.189789999523065
0.35000000000000003 0.35000000000000003 0.35000000000000003 7.254427372971516
0.35000000000000003 0.35000000000000003 0.35000000000000003 7.297599002386542
0.35000000000000003 0.35000000000000003 0.35000000000000003 7.3454381228913315
0.35000000000000003 0.35000000000000003 0.35000000000000003 7.372862959754242
0.35000000000000003 0.35000000000000003 0.35000000000000003 7.438918689799987
0.35000000000000003 0.35000000000000003 0.35000000000000003 7.497031458729961
0.35000000000000003 0.35000000000000003 0.35000000000000003 7.517520785449357
0.35000000000000003 0.35000000000000003 0.35000000000000003 7.607603286166111
0.35000000000000003 0.35000000000000003 0.35000000000000003 7.628813809697985
0.35000000000000003 0.35000000000000003 0.35000000000000003 7.706116258528793
0.35000000000000003 0.35000000000000003 0.35000000000000003 7.7560052901724985
0.37500000000000006 0.37500000000000006 0.37500000000000006 -5.004467399030868
0.37500000000000006 0.37500000000000006 0.37500000000000006 -4.996775065908406
0.37500000000000006 0.37500000000000006 0.37500000000000006 -4.883852657869755
0.37500000000000006 0.37500000000000006 0.37500000000000006 -4.882580251234404
0.37500000000000006 0.37500000000000006 0.37500000000000006 -4.859712392084479
0.37500000000000006 0.37500000000000006 0.37500000000000006 -4.853368910963369
0.37500000000000006 0.37500000000000006 0.37500000000000006 -4.795166618148469
0.37500000000000006 0.37500000000000006 0.37500000000000006 -4.776248509028255
0.37500000000000006 0.37500000000000006 0.37500000000000006 -4.683703982896301
0.37500000000000006 0.37500000000000006 0.37500000000000006 -4.658173101080001
0.37500000000000006 0.37500000000000006 0.37500000000000006 -4.618523702538403
0.37500000000000006 0.37500000000000006 0.37500000000000006 -4.610475549372257
0.37500000000000006 0.37500000000000006 0.37500000000000006 -4.55902485613966
0.37500000000000006 0.37500000000000006 0.37500000000000006 -4.541392287567826
0.37500000000000006 0.37500000000000006 0.37500000000000006 -4.373907318629767
0.37500000000000006 0.37500000000000006 0.37500000000000006 -4.308883222069978
0.37500000000000006 0.37500000000000006 0.37500000000000006 -0.6806517697157339
0.37500000000000006 0.37500000000000006 0.37500000000000006 -0.6166169095609302
0.37500000000000006 0.37500000000000006 0.37500000000000006 -0.5130688819235587
0.37500000000000006 0.37500000000000006 0.37500000000000006 -0.47179573586004686
0.37500000000000006 0.37500000000000006 0.37500000000000006 -0.4521943541399267
0.37500000000000006 0.37500000000000006 0.37500000000000006 -0.4210053014712365
0.37500000000000006 0.37500000000000006 0.37500000000000006 -0.41049176371848084
0.37500000000000006 0.37500000000000006 0.37500000000000006 -0.38963292989781806
0.37500000000000006 0.37500000000000006 0.37500000000000006 -0.3643959076489338
0.37500000000000006 0.37500000000000006 0.37500000000000006 -0.3468131595697148
0.37500000000000006 0.37500000000000006 0.37500000000000006 -0.31901776625640643
0.37500000000000006 0.37500000000000006 0.37500000000000006 -0.309734221722354
0.37500000000000006 0.37500000000000006 0.37500000000000006 -0.29469326549229535
0.37500000000000006 0.37500000000000006 0.37500000000000006 -0.27216791387808037
0.37500000000000006 0.37500000000000006 0.37500000000000006 -0.24820823891095856
0.37500000000000006 0.37500000000000006 0.37500000000000006 -0.2200127680665256
0.37500000000000006 0.37500000000000006 0.37500000000000006 -0.2059366671443028
0.37500000000000006 0.37500000000000006 0.37500000000000006 -0.19204300930756624
0.37500000000000006 0.37500000000000006 0.37500000000000006 -0.12590338189997574
0.37500000000000006 0.37500000000000006 0.37500000000000006 -0.09170793999174798
0.37500000000000006 0.37500000000000006 0.37500000000000006 -0.08256478589277805
0.37500000000000006 0.37500000000000006 0.37500000000000006 -0.07005841328424367
0.37500000000000006 0.37500000000000006 0.37500000000000006 -0.0359082050996955
0.37500000000000006 0.37500000000000006 0.37500000000000006 -0.016826937395656216
0.37500000000000006 0.37500000000000006 0.37500000000000006 0.03669646652863978
0.37500000000000006 0.37500000000000006 0.37500000000000006 0.06753981986609148
0.37500000000000006 0.37500000000000006 0.37500000000000006 0.11241235906353353
0.37500000000000006 0.37500000000000006 0.37500000000000006 0.13135282760599498
0.37500000000000006 0.37500000000000006 0.37500000000000006 0.1781462005814376
0.37500000000000006 0.37500000000000006 0.37500000000000006 0.20447977025929465
0.37500000000000006 0.37500000000000006 0.37500000000000006 0.23032875236101447
0.37500000000000006 0.37500000000000006 0.37500000000000006 0.258811819749162
0.37500000000000006 0.37500000000000006 0.37500000000000006 0.26583078913392055
0.37500000000000006 0.37500000000000006 0.37500000000000006 0.2800447040370919
0.37500000000000006 0.37500000000000006 0.37500000000000006 0.2939843326724718
0.37500000000000006 0.37500000000000006 0.37500000000000006 0.31284790911966187
0.37500000000000006 0.37500000000000006 0.37500000000000006 0.3332462078597523
0.37500000000000006 0.37500000000000006 0.37500000000000006 0.3381008917515312
0.37500000000000006 0.37500000000000006 0.37500000000000006 0.3528298178229127
0.37500000000000006 0.37500000000000006 0.37500000000000006 0.35916827444289506
0.37500000000000006 0.37500000000000006 0.37500000000000006 0.3645144136682349
0.37500000000000006 0.37500000000000006 0.37500000000000006 0.37938065370213625
0.37500000000000006 0.37500000000000006 0.37500000000000006 0.39861420285195504
0.37500000000000006 0.37500000000000006 0.37500000000000006 0.41581047874550414
0.37500000000000006 0.37500000000000006 0.37500000000000006 0.4289113818824335
0.37500000000000006 0.37500000000000006 0.37500000000000006 0.4407574764849427
0.37500000000000006 0.37500000000000006 0.37500000000000006 0.5037850628319172
0.37500000000000006 0.37500000000000006 0.37500000000000006 0.5225490175164076
0.37500000000000006 0.37500000000000006 0.37500000000000006 0.6533990152739575
0.37500000000000006 0.37500000000000006 0.37500000000000006 0.6697809941066772
0.37500000000000006 0.37500000000000006 0.37500000000000006 0.6791753105255731
0.37500000000000006 0.37500000000000006 0.37500000000000006 0.6975998562931475
0.37500000000000006 0.37500000000000006 0.37500000000000006 0.7020095046832803
0.37500000000000006 0.37500000000000006 0.37500000000000006 0.7077415792528136
0.37500000000000006 0.37500000000000006 0.37500000000000006 0.7228431006195741
0.37500000000000006 0.37500000000000006 0.37500000000000006 0.743996605935461
0.37500000000000006 0.37500000000000006 0.37500000000000006 0.7542588440084215
0.37500000000000006 0.37500000000000006 0.37500000000000006 0.7614973320225706
0.37500000000000006 0.37500000000000006 0.37500000000000006 0.7718443314167516
0.37500000000000006 0.37500000000000006 0.37500000000000006 0.7932142500994284
0.37500000000000006 0.37500000000000006 0.37500000000000006 0.7985953577012935
0.37500000000000006 0.37500000000000006 0.37500000000000006 0.8141438636836482
0.37500000000000006 0.37500000000000006 0.37500000000000006 0.8186361273749932
0.37500000000000006 0.37500000000000006 0.37500000000000006 0.8345595920323738
0.37500000000000006 0.37500000000000006 0.37500000000000006 0.8522951084706731
0.37500000000000006 0.37500000000000006 0.37500000000000006 0.8655900632518607
0.37500000000000006 0.37500000000000006 0.37500000000000006 0.8774026631648812
0.37500000000000006 0.37500000000000006 0.37500000000000006 0.8872492939901213
0.37500000000000006 0.37500000000000006 0.37500000000000006 0.8928578964513447
0.37500000000000006 0.37500000000000006 0.37500000000000006 0.9068341618883968
0.37500000000000006 0.37500000000000006 0.37500000000000006 0.9151134523490017
0.37500000000000006 0.37500000000000006 0.37500000000000006 0.9308110813971497
0.37500000000000006 0.37500000000000006 0.37500000000000006 0.9409771608345405
0.37500000000000006 0.37500000000000006 0.37500000000000006 0.9593217691088913
0.37500000000000006 0.37500000000000006 0.37500000000000006 0.9665505783641333
0.37500000000000006 0.37500000000000006 0.37500000000000006 0.9770795039737186
0.37500000000000006 0.37500000000000006 0.37500000000000006 0.9863211193934822
0.37500000000000006 0.37500000000000006 0.37500000000000006 0.9923884896652766
0.37500000000000006 0.37500000000000006 0.37500000000000006 1.0112541437632059
0.37500000000000006 0.37500000000000006 0.37500000000000006 1.0317401416445522
0.37500000000000006 0.37500000000000006 0.37500000000000006 1.0393837687811391
0.37500000000000006 0.37500000000000006 0.37500000000000006 1.0536639007045627
0.37500000000000006 0.37500000000000006 0.37500000000000006 1.0613366642187856
0.37500000000000006 0.37500000000000006 0.37500000000000006 1.0786839682815854
0.37500000000000006 0.37500000000000006 0.37500000000000006 1.0977825799841696
0.37500000000000006 0.37500000000000006 0.37500000000000006 1.1093755073642628
0.37500000000000006 0.37500000000000006 0.37500000000000006 1.1135677531206538
0.37500000000000006 0.37500000000000006 0.37500000000000006 1.1220861124955794
0.37500000000000006 0.37500000000000006 0.37500000000000006 1.135563872770029
0.37500000000000006 0.37500000000000006 0.37500000000000006 1.1476509410849056
0.37500000000000006 0.37500000000000006 0.37500000000000006 1.1633682274999062
0.37500000000000006 0.37500000000000006 0.37500000000000006 1.1809115668890175
0.37500000000000006 0.37500000000000006 0.37500000000000006 1.1874508255228005
0.37500000000000006 0.37500000000000006 0.37500000000000006 1.2130480280335973
0.37500000000000006 0.37500000000000006 0.37500000000000006 1.2348037686767803
0.37500000000000006 0.37500000000000006 0.37500000000000006 1.242509790946607
0.37500000000000006 0.37500000000000006 0.37500000000000006 1.253314484600355
0.37500000000000006 0.37500000000000006 0.37500000000000006 1.2638141802073326
0.37500000000000006 0.37500000000000006 0.37500000000000006 1.276362576012075
0.37500000000000006 0.37500000000000006 0.37500000000000006 1.2811739521529795
0.37500000000000006 0.37500000000000006 0.37500000000000006 1.2971406117513329
0.37500000000000006 0.37500000000000006 0.37500000000000006 1.304457146324193
0.37500000000000006 0.37500000000000006 0.37500000000000006 1.3222060680701277
0.37500000000000006 0.37500000000000006 0.37500000000000006 1.3413260110386052
0.37500000000000006 0.37500000000000006 0.37500000000000006 1.3572356138075676
0.37500000000000006 0.37500000000000006 0.37500000000000006 1.3670779590222386
0.37500000000000006 0.37500000000000006 0.37500000000000006 1.3852492925547486
0.37500000000000006 0.37500000000000006 0.37500000000000006 1.3896692461535143
0.37500000000000006 0.37500000000000006 0.37500000000000006 1.4069086257059276
0.37500000000000006 0.37500000000000006 0.37500000000000006 1.4162315631093643
0.37500000000000006 0.37500000000000006 0.37500000000000006 1.435077540689714
0.37500000000000006 0.37500000000000006 0.37500000000000006 1.4414297865480536
0.37500000000000006 0.37500000000000006 0.37500000000000006 1.451601477356185
0.37500000000000006 0.37500000000000006 0.37500000000000006 1.460594828785104
0.37500000000000006 0.37500000000000006 0.37500000000000006 1.4776222528478558
0.37500000000000006 0.37500000000000006 0.37500000000000006 1.4846412544381486
0.37500000000000006 0.37500000000000006 0.37500000000000006 1.495970118586066
0.37500000000000006 0.37500000000000006 0.37500000000000006 1.512832430678965
0.37500000000000006 0.37500000000000006 0.37500000000000006 1.5242031776449518
0.37500000000000006 0.37500000000000006 0.37500000000000006 1.5290662084945015
0.37500000000000006 0.37500000000000006 0.37500000000000006 1.5419740392517518
0.37500000000000006 0.37500000000000006 0.37500000000000006 1.5569675964214564
0.37500000000000006 0.37500000000000006 0.37500000000000006 1.5782549864150484
0.37500000000000006 0.37500000000000006 0.37500000000000006 1.5839532400353171
0.37500000000000006 0.37500000000000006 0.37500000000000006 1.606694898594327
0.37500000000000006 0.37500000000000006 0.37500000000000006 1.613413519717219
0.37500000000000006 0.37500000000000006 0.37500000000000006 1.6261259232882939
0.37500000000000006 0.37500000000000006 0.37500000000000006 1.6479144181010028
0.37500000000000006 0.37500000000000006 0.37500000000000006 1.6559687446643272
0.37500000000000006 0.37500000000000006 0.37500000000000006 1.6714057868701753
0.37500000000000006 0.37500000000000006 0.37500000000000006 1.6813271939018701
0.37500000000000006 0.37500000000000006 0.37500000000000006 1.7193622810674802
0.37500000000000006 0.37500000000000006 0.37500000000000006 1.7246919746980318
0.37500000000000006 0.37500000000000006 0.37500000000000006 1.747698263893235
0.37500000000000006 0.37500000000000006 0.37500000000000006 1.7742571468040476
0.37500000000000006 0.37500000000000006 0.37500000000000006 1.7978041033823606
0.37500000000000006 0.37500000000000006 0.37500000000000006 1.8178490727925052
0.37500000000000006 0.37500000000000006 0.37500000000000006 1.8414585849022744
0.37500000000000006 0.37500000000000006 0.37500000000000006 1.8652839852800183
0.37500000000000006 0.37500000000000006 0.37500000000000006 1.9190696342902465
0.37500000000000006 0.37500000000000006 0.37500000000000006 1.9474622412510376
0.37500000000000006 0.37500000000000006 0.37500000000000006 1.9703610841833
0.37500000000000006 0.37500000000000006 0.37500000000000006 2.006406403060682
0.37500000000000006 0.37500000000000006 0.37500000000000006 2.030204903969688
0.37500000000000006 0.37500000000000006 0.37500000000000006 4.784739682989542
0.37500000000000006 0.37500000000000006 0.37500000000000006 4.8878573920952935
0.37500000000000006 0.37500000000000006 0.37500000000000006 4.993002529577023
0.37500000000000006 0.37500000000000006 0.37500000000000006 5.077704132027392
0.37500000000000006 0.37500000000000006 0.37500000000000006 5.103913944383848
0.37500000000000006 0.37500000000000006 0.37500000000000006 5.162277658351602
0.37500000000000006 0.37500000000000006 0.37500000000000006 5.221917107316569
0.37500000000000006 0.37500000000000006 0.37500000000000006 5.307776428537702
0.37500000000000006 0.37500000000000006 0.37500000000000006 5.4436198566850695
0.37500000000000006 0.37500000000000006 0.37500000000000006 5.4755430477186
0.37500000000000006 0.37500000000000006 0.37500000000000006 5.538212735799343
0.37500000000000006 0.37500000000000006 0.37500000000000006 5.568922708817322
0.37500000000000006 0.37500000000000006 0.37500000000000006 5.673420024047464
0.37500000000000006 0.37500000000000006 0.37500000000000006 5.714739223306351
0.37500000000000006 0.37500000000000006 0.37500000000000006 5.908050079906104
0.37500000000000006 0.37500000000000006 0.37500000000000006 5.974419517778745
0.37500000000000006 0.37500000000000006 0.37500000000000006 6.15073327818086
0.37500000000000006 0.37500000000000006 0.37500000000000006 6.186791061588366
0.37500000000000006 0.37500000000000006 0.37500000000000006 6.202827634912509
0.37500000000000006 0.37500000000000006 0.37500000000000006 6.276631199034539
0.37500000000000006 0.37500000000000006 0.37500000000000006 6.328329424908803
0.37500000000000006 0.37500000000000006 0.37500000000000006 6.384319224935843
0.37500000000000006 0.37500000000000006 0.37500000000000006 6.421186962277776
0.37500000000000006 0.37500000000000006 0.37500000000000006 6.455721596343097
0.37500000000000006 0.37500000000000006 0.37500000000000006 6.482439622530357
0.37500000000000006 0.37500000000000006 0.37500000000000006 6.523851894536542
0.37500000000000006 0.37500000000000006 0.37500000000000006 6.66511136344222
0.37500000000000006 0.37500000000000006 0.37500000000000006 6.70234670431649
0.37500000000000006 0.37500000000000006 0.37500000000000006 6.8053949490909575
0.37500000000000006 0.37500000000000006 0.37500000000000006 6.830002844086682
0.37500000000000006 0.37500000000000006 0.37500000000000006 6.870935299013058
0.37500000000000006 0.37500000000000006 0.37500000000000006 6.9103203013758705
0.37500000000000006 0.37500000000000006 0.37500000000000006 6.957312633015404
0.37500000000000006 0.37500000000000006 0.37500000000000006 6.9904364165281105
0.37500000000000006 0.37500000000000006 0.37500000000000006 7.054612376884537
0.37500000000000006 0.37500000000000006 0.37500000000000006 7.111964011702158
0.37500000000000006 0.37500000000000006 0.37500000000000006 7.144817819684412
0.37500000000000006 0.37500000000000006 0.37500000000000006 7.195111563063731
0.37500000000000006 0.37500000000000006 0.37500000000000006 7.256404996288119
0.37500000000000006 0.37500000000000006 0.37500000000000006 7.2913086428506295
0.37500000000000006 0.37500000000000006 0.37500000000000006 7.316404686720721
0.37500000000000006 0.37500000000000006 0.37500000000000006 7.369700427785087
0.37500000000000006 0.37500000000000006 0.37500000000000006 7.407973499171286
0.37500000000000006 0.37500000000000006 0.37500000000000006 7.449793840870693
0.37500000000000006 0.37500000000000006 0.37500000000000006 7.524366220764757
0.37500000000000006 0.37500000000000006 0.37500000000000006 7.546825366296867
0.37500000000000006 0.37500000000000006 0.37500000000000006 7.622275306274737
0.37500000000000006 0.37500000000000006 0.37500000000000006 7.664909890690899
0.4000000000000001 0.4000000000000001 0.4000000000000001 -4.964462798991208
0.4000000000000001 0.4000000000000001 0.4000000000000001 -4.955177433515679
0.4000000000000001 0.4000000000000001 0.4000000000000001 -4.874483966898207
0.4000000000000001 0.4000000000000001 0.4000000000000001 -4.871853947874262
0.4000000000000001 0.4000000000000001 0.4000000000000001 -4.853058895130368
0.4000000000000001 0.4000000000000001 0.4000000000000001 -4.847254546102161
0.4000000000000001 0.4000000000000001 0.4000000000000001 -4.785675135707273
0.4000000000000001 0.4000000000000001 0.4000000000000001 -4.762642642199759
0.4000000000000001 0.4000000000000001 0.4000000000000001 -4.696625510822508
0.4000000000000001 0.4000000000000001 0.4000000000000001 -4.673476096704717
0.4000000000000001 0.4000000000000001 0.4000000000000001 -4.625600903830393
0.4000000000000001 0.4000000000000001 0.4000000000000001 -4.620900608862772
0.4000000000000001 0.4000000000000001 0.4000000000000001 -4.580665412729661
0.4000000000000001 0.4000000000000001 0.4000000000000001 -4.565301246318497
0.4000000000000001 0.4000000000000001 0.4000000000000001 -4.447015649975515
0.4000000000000001 0.4000000000000001 0.4000000000000001 -4.39333793054787
0.4000000000000001 0.4000000000000001 0.4000000000000001 -0.6351968152508016
0.4000000000000001 0.4000000000000001 0.4000000000000001 -0.5765201946392198
0.4000000000000001 0.4000000000000001 0.4000000000000001 -0.4731195731917426
0.4000000000000001 0.4000000000000001 0.4000000000000001 -0.43630724173317237
0.4000000000000001 0.4000000000000001 0.4000000000000001 -0.4205356286671975
0.4000000000000001 0.4000000000000001 0.4000000000000001 -0.3933219764983429
0.4000000000000001 0.4000000000000001 0.4000000000000001 -0.3774321099033582
0.4000000000000001 0.4000000000000001 0.4000000000000001 -0.3603549617008488
0.4000000000000001 0.4000000000000001 0.4000000000000001 -0.3400745113602115
0.4000000000000001 0.4000000000000001 0.4000000000000001 -0.31801540663259686
0.4000000000000001 0.4000000000000001 0.4000000000000001 -0.29175241280424746
0.4000000000000001 0.4000000000000001 0.4000000000000001 -0.27968472841830483
0.4000000000000001 0.4000000000000001 0.4000000000000001 -0.27000259528886605
0.4000000000000001 0.4000000000000001 0.4000000000000001 -0.24764564482440043
0.4000000000000001 0.4000000000000001 0.4000000000000001 -0.2200704879479085
0.4000000000000001 0.4000000000000001 0.4000000000000001 -0.1916758797415632
0.4000000000000001 0.4000000000000001 0.4000000000000001 -0.17628924048773342
0.4000000000000001 0.4000000000000001 0.4000000000000001 -0.16072361880091446
0.4000000000000001 0.4000000000000001 0.4000000000000001 -0.10276847419473967
0.4000000000000001 0.4000000000000001 0.4000000000000001 -0.07672299927251292
0.4000000000000001 0.4000000000000001 0.4000000000000001 -0.0632904310169593
0.4000000000000001 0.4000000000000001 0.4000000000000001 -0.04349732314425303
0.4000000000000001 0.4000000000000001 0.4000000000000001 -0.01656827966350427
0.4000000000000001 0.4000000000000001 0.4000000000000001 -0.00327715624638536
0.4000000000000001 0.4000000000000001 0.4000000000000001 0.01962300583608645
0.4000000000000001 0.4000000000000001 0.4000000000000001 0.03542974009285871
0.4000000000000001 0.4000000000000001 0.4000000000000001 0.09357267152907323
0.4000000000000001 0.4000000000000001 0.4000000000000001 0.10941177952474135
0.4000000000000001 0.4000000000000001 0.4000000000000001 0.15135388626292112
0.4000000000000001 0.4000000000000001 0.4000000000000001 0.18225110433535363
0.4000000000000001 0.4000000000000001 0.4000000000000001 0.20528616317963166
0.4000000000000001 0.4000000000000001 0.4000000000000001 0.22981490637001478
0.4000000000000001 0.4000000000000001 0.4000000000000001 0.24894360149178318
0.4000000000000001 0.4000000000000001 0.4000000000000001 0.26089215530257803
0.4000000000000001 0.4000000000000001 0.4000000000000001 0.27725188485672714
0.4000000000000001 0.4000000000000001 0.4000000000000001 0.2948288870934501
0.4000000000000001 0.4000000000000001 0.4000000000000001 0.3146419477771749
0.4000000000000001 0.4000000000000001 0.4000000000000001 0.3239678145332334
0.4000000000000001 0.4000000000000001 0.4000000000000001 0.33210637225808437
0.4000000000000001 0.4000000000000001 0.4000000000000001 0.3455739901540189
0.4000000000000001 0.4000000000000001 0.4000000000000001 0.3505378821467461
0.4000000000000001 0.4000000000000001 0.4000000000000001 0.370050930668012
0.4000000000000001 0.4000000000000001 0.4000000000000001 0.3850650569618814
0.4000000000000001 0.4000000000000001 0.4000000000000001 0.3968464602153521
0.4000000000000001 0.4000000000000001 0.4000000000000001 0.41585282591137496
0.4000000000000001 0.4000000000000001 0.4000000000000001 0.42313580026510955
0.4000000000000001 0.4000000000000001 0.4000000000000001 0.49371577471278005
0.4000000000000001 0.4000000000000001 0.4000000000000001 0.5110850312943533
0.4000000000000001 0.4000000000000001 0.4000000000000001 0.6556568991162912
0.4000000000000001 0.4000000000000001 0.4000000000000001 0.6690297343908025
0.4000000000000001 0.4000000000000001 0.4000000000000001 0.6782559054101096
0.4000000000000001 0.4000000000000001 0.4000000000000001 0.6932807744757851
0.4000000000000001 0.4000000000000001 0.4000000000000001 0.6985020021758845
0.4000000000000001 0.4000000000000001 0.4000000000000001 0.7065368820897557
0.4000000000000001 0.4000000000000001 0.4000000000000001 0.7204262778391426
0.4000000000000001 0.4000000000000001 0.4000000000000001 0.7433598780336208
0.4000000000000001 0.4000000000000001 0.4000000000000001 0.7517426742005332
0.4000000000000001 0.4000000000000001 0.4000000000000001 0.7583823179925486
0.4000000000000001 0.4000000000000001 0.4000000000000001 0.7711787370865588
0.4000000000000001 0.4000000000000001 0.4000000000000001 0.7852442881186636
0.4000000000000001 0.4000000000000001 0.4000000000000001 0.7944928020588833
0.4000000000000001 0.4000000000000001 0.4000000000000001 0.8071375455940522
0.4000000000000001 0.4000000000000001 0.4000000000000001 0.8127986357717947
0.4000000000000001 0.4000000000000001 0.4000000000000001 0.830388854910912
0.4000000000000001 0.4000000000000001 0.4000000000000001 0.847929399582199
0.4000000000000001 0.4000000000000001 0.4000000000000001 0.8634752484050734
0.4000000000000001 0.4000000000000001 0.4000000000000001 0.8691113806742605
0.4000000000000001 0.4000000000000001 0.4000000000000001 0.8836786650958681
0.4000000000000001 0.4000000000000001 0.4000000000000001 0.8890306711525371
0.4000000000000001 0.4000000000000001 0.4000000000000001 0.9018586153194912
0.4000000000000001 0.4000000000000001 0.4000000000000001 0.9077998984401847
0.4000000000000001 0.4000000000000001 0.4000000000000001 0.9276766784954011
0.4000000000000001 0.4000000000000001 0.4000000000000001 0.9373362825602403
0.4000000000000001 0.4000000000000001 0.4000000000000001 0.9492200734140219
0.4000000000000001 0.4000000000000001 0.4000000000000001 0.9625602938618059
0.4000000000000001 0.4000000000000001 0.4000000000000001 0.9747285035733002
0.4000000000000001 0.4000000000000001 0.4000000000000001 0.9819320990484058
0.4000000000000001 0.4000000000000001 0.4000000000000001 0.9850005783053397
0.4000000000000001 0.4000000000000001 0.4000000000000001 1.0078070055397106
0.4000000000000001 0.4000000000000001 0.4000000000000001 1.027565505867775
0.4000000000000001 0.4000000000000001 0.4000000000000001 1.033347820940483
0.4000000000000001 0.4000000000000001 0.4000000000000001 1.050357535134303
0.4000000000000001 0.4000000000000001 0.4000000000000001 1.0578082893973164
0.4000000000000001 0.4000000000000001 0.4000000000000001 1.0722281136347833
0.4000000000000001 0.4000000000000001 0.4000000000000001 1.0915589508193158
0.4000000000000001 0.4000000000000001 0.4000000000000001 1.1055788079449995
0.4000000000000001 0.4000000000000001 0.4000000000000001 1.1063059443173529
0.4000000000000001 0.4000000000000001 0.4000000000000001 1.1154432808668089
0.4000000000000001 0.4000000000000001 0.4000000000000001 1.1266460462679202
0.4000000000000001 0.4000000000000001 0.4000000000000001 1.1458540653561844
0.4000000000000001 0.4000000000000001 0.4000000000000001 1.1597689840402197
0.4000000000000001 0.4000000000000001 0.4000000000000001 1.176080840677427
0.4000000000000001 0.4000000000000001 0.4000000000000001 1.1880493986723701
0.4000000000000001 0.4000000000000001 0.4000000000000001 1.2080098331581697
0.4000000000000001 0.4000000000000001 0.4000000000000001 1.2328832082154717
0.4000000000000001 0.4000000000000001 0.4000000000000001 1.2389803246739322
0.4000000000000001 0.4000000000000001 0.4000000000000001 1.2501825471544405
0.4000000000000001 0.4000000000000001 0.4000000000000001 1.2625873105208179
0.4000000000000001 0.4000000000000001 0.4000000000000001 1.2754563935242895
0.4000000000000001 0.4000000000000001 0.4000000000000001 1.2791486526345697
0.4000000000000001 0.4000000000000001 0.4000000000000001 1.2973315416973623
0.4000000000000001 0.4000000000000001 0.4000000000000001 1.3062439513929496
0.4000000000000001 0.4000000000000001 0.4000000000000001 1.3203169487504907
0.4000000000000001 0.4000000000000001 0.4000000000000001 1.3395107930688228
0.4000000000000001 0.4000000000000001 0.4000000000000001 1.3577593011481177
0.4000000000000001 0.4000000000000001 0.4000000000000001 1.3690642329784941
0.4000000000000001 0.4000000000000001 0.4000000000000001 1.3855898355260736
0.4000000000000001 0.4000000000000001 0.4000000000000001 1.3934057093770083
0.4000000000000001 0.4000000000000001 0.4000000000000001 1.409971897181342
0.4000000000000001 0.4000000000000001 0.4000000000000001 1.4156233362044672
0.4000000000000001 0.4000000000000001 0.4000000000000001 1.4329668105820002
0.4000000000000001 0.4000000000000001 0.4000000000000001 1.4414243959329678
0.4000000000000001 0.4000000000000001 0.4000000000000001 1.4482286251725363
0.4000000000000001 0.4000000000000001 0.4000000000000001 1.4565301899346617
0.4000000000000001 0.4000000000000001 0.4000000000000001 1.4763380292979766
0.4000000000000001 0.4000000000000001 0.4000000000000001 1.485043892203712
0.4000000000000001 0.4000000000000001 0.4000000000000001 1.490197898703435
0.4000000000000001 0.4000000000000001 0.4000000000000001 1.5080010872086502
0.4000000000000001 0.4000000000000001 0.4000000000000001 1.5218051560502945
0.4000000000000001 0.4000000000000001 0.4000000000000001 1.5240650017288018
0.4000000000000001 0.4000000000000001 0.4000000000000001 1.5367108380710368
0.4000000000000001 0.4000000000000001 0.4000000000000001 1.5531589792594476
0.4000000000000001 0.4000000000000001 0.4000000000000001 1.5725082097546803
0.4000000000000001 0.4000000000000001 0.4000000000000001 1.5798001663468142
0.4000000000000001 0.4000000000000001 0.4000000000000001 1.5998645029501768
0.4000000000000001 0.4000000000000001 0.4000000000000001 1.609288627619505
0.4000000000000001 0.4000000000000001 0.4000000000000001 1.6215205395535124
0.4000000000000001 0.4000000000000001 0.4000000000000001 1.6414433893491438
0.4000000000000001 0.4000000000000001 0.4000000000000001 1.6488319212681866
0.4000000000000001 0.4000000000000001 0.4000000000000001 1.6644756204288136
0.4000000000000001 0.4000000000000001 0.4000000000000001 1.6762699116018567
0.4000000000000001 0.4000000000000001 0.4000000000000001 1.7118849894134378
0.4000000000000001 0.4000000000000001 0.4000000000000001 1.7222931431908641
0.4000000000000001 0.4000000000000001 0.4000000000000001 1.743485818504812
0.4000000000000001 0.4000000000000001 0.4000000000000001 1.76840821750487
0.4000000000000001 0.4000000000000001 0.4000000000000001 1.7854652730350953
0.4000000000000001 0.4000000000000001 0.4000000000000001 1.8113841448041148
0.4000000000000001 0.4000000000000001 0.4000000000000001 1.8407345930853651
0.4000000000000001 0.4000000000000001 0.4000000000000001 1.8460887267349424
0.4000000000000001 0.4000000000000001 0.4000000000000001 1.9035916936053816
0.4000000000000001 0.4000000000000001 0.4000000000000001 1.9198349469840172
0.4000000000000001 0.4000000000000001 0.4000000000000001 1.9458668093232845
0.4000000000000001 0.4000000000000001 0.4000000000000001 1.9980143758590696
0.4000000000000001 0.4000000000000001 0.4000000000000001 2.0203739324831353
0.4000000000000001 0.4000000000000001 0.4000000000000001 4.870549277965923
0.4000000000000001 0.4000000000000001 0.4000000000000001 4.96582975447273
0.4000000000000001 0.4000000000000001 0.4000000000000001 5.040881851514253
0.4000000000000001 0.4000000000000001 0.4000000000000001 5.13980628038958
0.4000000000000001 0.4000000000000001 0.4000000000000001 5.1605931226503134
0.4000000000000001 0.4000000000000001 0.4000000000000001 5.219965336981458
0.4000000000000001 0.4000000000000001 0.4000000000000001 5.256675298190135
0.4000000000000001 0.4000000000000001 0.4000000000000001 5.3522087521573685
0.4000000000000001 0.4000000000000001 0.4000000000000001 5.474028182592498
0.4000000000000001 0.4000000000000001 0.4000000000000001 5.498676741577206
0.4000000000000001 0.4000000000000001 0.4000000000000001 5.554916251717391
0.4000000000000001 0.4000000000000001 0.4000000000000001 5.599698351747451
0.4000000000000001 0.4000000000000001 0.4000000000000001 5.681547503737187
0.4000000000000001 0.4000000000000001 0.4000000000000001 5.724322381498896
0.4000000000000001 0.4000000000000001 0.4000000000000001 5.871470591017117
0.4000000000000001 0.4000000000000001 0.4000000000000001 5.945269529274028
0.4000000000000001 0.4000000000000001 0.4000000000000001 6.191011948274153
0.4000000000000001 0.4000000000000001 0.4000000000000001 6.255596762357161
0.4000000000000001 0.4000000000000001 0.4000000000000001 6.283437481958621
0.4000000000000001 0.4000000000000001 0.4000000000000001 6.330179392165939
0.4000000000000001 0.4000000000000001 0.4000000000000001 6.398689069735453
0.4000000000000001 0.4000000000000001 0.4000000000000001 6.440879227516035
0.4000000000000001 0.4000000000000001 0.4000000000000001 6.4697742667378515
0.4000000000000001 0.4000000000000001 0.4000000000000001 6.512041025671589
0.4000000000000001 0.4000000000000001 0.4000000000000001 6.546131656015567
0.4000000000000001 0.4000000000000001 0.4000000000000001 6.582964732727246
0.4000000000000001 0.4000000000000001 0.4000000000000001 6.6523238025210505
0.4000000000000001 0.4000000000000001 0.4000000000000001 6.6682446169334
0.4000000000000001 0.4000000000000001 0.4000000000000001 6.7747992560109935
0.4000000000000001 0.4000000000000001 0.4000000000000001 6.7967319751266775
0.4000000000000001 0.4000000000000001 0.4000000000000001 6.841949804728134
0.4000000000000001 0.4000000000000001 0.4000000000000001 6.880724283590943
0.4000000000000001 0.4000000000000001 0.4000000000000001 6.922780000380059
0.4000000000000001 0.4000000000000001 0.4000000000000001 6.952815969203429
0.4000000000000001 0.4000000000000001 0.4000000000000001 7.0247937167920735
0.4000000000000001 0.4000000000000001 0.4000000000000001 7.06426363426009
0.4000000000000001 0.4000000000000001 0.4000000000000001 7.104553292475558
0.4000000000000001 0.4000000000000001 0.4000000000000001 7.140535384345635
0.4000000000000001 0.4000000000000001 0.4000000000000001 7.201931550145408
0.4000000000000001 0.4000000000000001 0.4000000000000001 7.243463924994259
0.4000000000000001 0.4000000000000001 0.4000000000000001 7.265505714385122
0.4000000000000001 0.4000000000000001 0.4000000000000001 7.300273774598345
0.4000000000000001 0.4000000000000001 0.4000000000000001 7.326472070849046
0.4000000000000001 0.4000000000000001 0.4000000000000001 7.389669704867822
0.4000000000000001 0.4000000000000001 0.4000000000000001 7.445705149997078
0.4000000000000001 0.4000000000000001 0.4000000000000001 7.470760083154753
0.4000000000000001 0.4000000000000001 0.4000000000000001 7.54147754019109
0.4000000000000001 0.4000000000000001 0.4000000000000001 7.576620405731088
0.4250000000000001 0.4250000000000001 0.4250000000000001 -4.925424346269821
0.4250000000000001 0.4250000000000001 0.4250000000000001 -4.914526189083679
0.4250000000000001 0.4250000000000001 0.4250000000000001 -4.8648312710375885
0.4250000000000001 0.4250000000000001 0.4250000000000001 -4.859228555750925
0.4250000000000001 0.4250000000000001 0.4250000000000001 -4.8475318976310255
0.4250000000000001 0.4250000000000001 0.4250000000000001 -4.8394378687618
0.4250000000000001 0.4250000000000001 0.4250000000000001 -4.777140638826067
0.4250000000000001 0.4250000000000001 0.4250000000000001 -4.752143017297712
0.4250000000000001 0.4250000000000001 0.4250000000000001 -4.705905888770889
0.4250000000000001 0.4250000000000001 0.4250000000000001 -4.689135111717546
0.4250000000000001 0.4250000000000001 0.4250000000000001 -4.63249232577381
0.4250000000000001 0.4250000000000001 0.4250000000000001 -4.629493181242907
0.4250000000000001 0.4250000000000001 0.4250000000000001 -4.601645480232905
0.4250000000000001 0.4250000000000001 0.4250000000000001 -4.586776778951393
0.4250000000000001 0.4250000000000001 0.4250000000000001 -4.5105399468688585
0.4250000000000001 0.4250000000000001 0.4250000000000001 -4.465614611906448
0.4250000000000001 0.4250000000000001 0.4250000000000001 -0.5899913415437936
0.4250000000000001 0.4250000000000001 0.4250000000000001 -0.538465484600243
0.4250000000000001 0.4250000000000001 0.4250000000000001 -0.43336344230816426
0.4250000000000001 0.4250000000000001 0.4250000000000001 -0.4045471386009236
0.4250000000000001 0.4250000000000001 0.4250000000000001 -0.39308335571045916
0.4250000000000001 0.4250000000000001 0.4250000000000001 -0.3707864975912605
0.4250000000000001 0.4250000000000001 0.4250000000000001 -0.34592743937127146
0.4250000000000001 0.4250000000000001 0.4250000000000001 -0.33716126588956463
0.4250000000000001 0.4250000000000001 0.4250000000000001 -0.3170537689867263
0.4250000000000001 0.4250000000000001 0.4250000000000001 -0.29284161600142067
0.4250000000000001 0.4250000000000001 0.4250000000000001 -0.26878004092522456
0.4250000000000001 0.4250000000000001 0.4250000000000001 -0.2581908217586948
0.4250000000000001 0.4250000000000001 0.4250000000000001 -0.24542874110774893
0.4250000000000001 0.4250000000000001 0.4250000000000001 -0.2280805839897182
0.4250000000000001 0.4250000000000001 0.4250000000000001 -0.19214545814110462
0.4250000000000001 0.4250000000000001 0.4250000000000001 -0.16772036153490522
0.4250000000000001 0.4250000000000001 0.4250000000000001 -0.15054337631252945
0.4250000000000001 0.4250000000000001 0.4250000000000001 -0.13448123086346797
0.4250000000000001 0.4250000000000001 0.4250000000000001 -0.09558947304760057
0.4250000000000001 0.4250000000000001 0.4250000000000001 -0.07385301730560467
0.4250000000000001 0.4250000000000001 0.4250000000000001 -0.059059572427368145
0.4250000000000001 0.4250000000000001 0.4250000000000001 -0.04025756976916561
0.4250000000000001 0.4250000000000001 0.4250000000000001 -0.01581766540037588
0.4250000000000001 0.4250000000000001 0.4250000000000001 0.0008619034724270946
0.4250000000000001 0.4250000000000001 0.4250000000000001 0.01940451589007708
0.4250000000000001 0.4250000000000001 0.4250000000000001 0.030109738248333073
0.4250000000000001 0.4250000000000001 0.4250000000000001 0.09388821695674121
0.4250000000000001 0.4250000000000001 0.4250000000000001 0.10349240718215391
0.4250000000000001 0.4250000000000001 0.4250000000000001 0.1317233188707556
0.4250000000000001 0.4250000000000001 0.4250000000000001 0.16628140951384474
0.4250000000000001 0.4250000000000001 0.4250000000000001 0.18138138723590824
0.4250000000000001 0.4250000000000001 0.4250000000000001 0.2014292157801485
0.4250000000000001 0.4250000000000001 0.4250000000000001 0.2301437328215128
0.4250000000000001 0.4250000000000001 0.4250000000000001 0.24732338101811369
0.4250000000000001 0.4250000000000001 0.4250000000000001 0.2604390482883927
0.4250000000000001 0.4250000000000001 0.4250000000000001 0.2774437237696512
0.4250000000000001 0.4250000000000001 0.4250000000000001 0.2923111280860855
0.4250000000000001 0.4250000000000001 0.4250000000000001 0.3073544487248103
0.4250000000000001 0.4250000000000001 0.4250000000000001 0.3166753744994981
0.4250000000000001 0.4250000000000001 0.4250000000000001 0.3369157053266929
0.4250000000000001 0.4250000000000001 0.4250000000000001 0.34067714684455597
0.4250000000000001 0.4250000000000001 0.4250000000000001 0.36098337921847623
0.4250000000000001 0.4250000000000001 0.4250000000000001 0.3737849340786745
0.4250000000000001 0.4250000000000001 0.4250000000000001 0.3817687314781866
0.4250000000000001 0.4250000000000001 0.4250000000000001 0.403891088195957
0.4250000000000001 0.4250000000000001 0.4250000000000001 0.40852653865988997
0.4250000000000001 0.4250000000000001 0.4250000000000001 0.4855941691168759
0.4250000000000001 0.4250000000000001 0.4250000000000001 0.5009399544573316
0.4250000000000001 0.4250000000000001 0.4250000000000001 0.6557627618652706
0.4250000000000001 0.4250000000000001 0.4250000000000001 0.6666641324301699
0.4250000000000001 0.4250000000000001 0.4250000000000001 0.680623854425952
0.4250000000000001 0.4250000000000001 0.4250000000000001 0.6899294523978838
0.4250000000000001 0.4250000000000001 0.4250000000000001 0.6961464256332124
0.4250000000000001 0.4250000000000001 0.4250000000000001 0.7078371503513443
0.4250000000000001 0.4250000000000001 0.4250000000000001 0.7203352100867679
0.4250000000000001 0.4250000000000001 0.4250000000000001 0.7414674588273007
0.4250000000000001 0.4250000000000001 0.4250000000000001 0.7472805813082614
0.4250000000000001 0.4250000000000001 0.4250000000000001 0.7592217406078694
0.4250000000000001 0.4250000000000001 0.4250000000000001 0.7692706538068768
0.4250000000000001 0.4250000000000001 0.4250000000000001 0.7799307073235902
0.4250000000000001 0.4250000000000001 0.4250000000000001 0.7912870794888276
0.4250000000000001 0.4250000000000001 0.4250000000000001 0.8017217068121467
0.4250000000000001 0.4250000000000001 0.4250000000000001 0.8076077716733923
0.4250000000000001 0.4250000000000001 0.4250000000000001 0.8275308938371468
0.4250000000000001 0.4250000000000001 0.4250000000000001 0.8419812442347707
0.4250000000000001 0.4250000000000001 0.4250000000000001 0.8583186348603268
0.4250000000000001 0.4250000000000001 0.4250000000000001 0.8647199884310987
0.4250000000000001 0.4250000000000001 0.4250000000000001 0.8838365076851814
0.4250000000000001 0.4250000000000001 0.4250000000000001 0.884972868524466
0.4250000000000001 0.4250000000000001 0.4250000000000001 0.8960846829839948
0.4250000000000001 0.4250000000000001 0.4250000000000001 0.9043463779175829
0.4250000000000001 0.4250000000000001 0.4250000000000001 0.9240162017584179
0.4250000000000001 0.4250000000000001 0.4250000000000001 0.935356808943365
0.4250000000000001 0.4250000000000001 0.4250000000000001 0.9390275148386963
0.4250000000000001 0.4250000000000001 0.4250000000000001 0.96037389945102
0.4250000000000001 0.4250000000000001 0.4250000000000001 0.9721917111035145
0.4250000000000001 0.4250000000000001 0.4250000000000001 0.9769956871264529
0.4250000000000001 0.4250000000000001 0.4250000000000001 0.9823542642343143
0.4250000000000001 0.4250000000000001 0.4250000000000001 1.004271406875798
0.4250000000000001 0.4250000000000001 0.4250000000000001 1.02399841095892
0.4250000000000001 0.4250000000000001 0.4250000000000001 1.0283993837747574
0.4250000000000001 0.4250000000000001 0.4250000000000001 1.0480795720820348
0.4250000000000001 0.4250000000000001 0.4250000000000001 1.0533056901348576
0.4250000000000001 0.4250000000000001 0.4250000000000001 1.0662572057440443
0.4250000000000001 0.4250000000000001 0.4250000000000001 1.0856780390696192
0.4250000000000001 0.4250000000000001 0.4250000000000001 1.099355737413171
0.4250000000000001 0.4250000000000001 0.4250000000000001 1.1029566424996087
0.4250000000000001 0.4250000000000001 0.4250000000000001 1.1092869414580757
0.4250000000000001 0.4250000000000001 0.4250000000000001 1.1190369475303088
0.4250000000000001 0.4250000000000001 0.4250000000000001 1.143576385678685
0.4250000000000001 0.4250000000000001 0.4250000000000001 1.1571866474479195
0.4250000000000001 0.4250000000000001 0.4250000000000001 1.1718263472173094
0.4250000000000001 0.4250000000000001 0.4250000000000001 1.1890841773437222
0.4250000000000001 0.4250000000000001 0.4250000000000001 1.2032689180341114
0.4250000000000001 0.4250000000000001 0.4250000000000001 1.227386760950628
0.4250000000000001 0.4250000000000001 0.4250000000000001 1.2348284527904356
0.4250000000000001 0.4250000000000001 0.4250000000000001 1.2481170430473334
0.4250000000000001 0.4250000000000001 0.4250000000000001 1.26263466330097
0.4250000000000001 0.4250000000000001 0.4250000000000001 1.2739440403014806
0.4250000000000001 0.4250000000000001 0.4250000000000001 1.277983681901578
0.4250000000000001 0.4250000000000001 0.4250000000000001 1.297694340784612
0.4250000000000001 0.4250000000000001 0.4250000000000001 1.3069894980203456
0.4250000000000001 0.4250000000000001 0.4250000000000001 1.3196557823626307
0.4250000000000001 0.4250000000000001 0.4250000000000001 1.3368526994067116
0.4250000000000001 0.4250000000000001 0.4250000000000001 1.3578219321136071
0.4250000000000001 0.4250000000000001 0.4250000000000001 1.3710076136951086
0.4250000000000001 0.4250000000000001 0.4250000000000001 1.3862370334249672
0.4250000000000001 0.4250000000000001 0.4250000000000001 1.3957030935702308
0.4250000000000001 0.4250000000000001 0.4250000000000001 1.41257495789287
0.4250000000000001 0.4250000000000001 0.4250000000000001 1.4149836028190381
0.4250000000000001 0.4250000000000001 0.4250000000000001 1.4315789255462192
0.4250000000000001 0.4250000000000001 0.4250000000000001 1.439438097402185
0.4250000000000001 0.4250000000000001 0.4250000000000001 1.4474359622020954
0.4250000000000001 0.4250000000000001 0.4250000000000001 1.4535261676513613
0.4250000000000001 0.4250000000000001 0.4250000000000001 1.4721978172649237
0.4250000000000001 0.4250000000000001 0.4250000000000001 1.4830378147536587
0.4250000000000001 0.4250000000000001 0.4250000000000001 1.4892536863855028
0.4250000000000001 0.4250000000000001 0.4250000000000001 1.5039431502694187
0.4250000000000001 0.4250000000000001 0.4250000000000001 1.517552030886921
0.4250000000000001 0.4250000000000001 0.4250000000000001 1.522214000816556
0.4250000000000001 0.4250000000000001 0.4250000000000001 1.5325698879042626
0.4250000000000001 0.4250000000000001 0.4250000000000001 1.5507726172297618
0.4250000000000001 0.4250000000000001 0.4250000000000001 1.5658423090295832
0.4250000000000001 0.4250000000000001 0.4250000000000001 1.5760104712411769
0.4250000000000001 0.4250000000000001 0.4250000000000001 1.5941143028518354
0.4250000000000001 0.4250000000000001 0.4250000000000001 1.6050697435603754
0.4250000000000001 0.4250000000000001 0.4250000000000001 1.6177955189971174
0.4250000000000001 0.4250000000000001 0.4250000000000001 1.6309417970771305
0.4250000000000001 0.4250000000000001 0.4250000000000001 1.6491354145942463
0.4250000000000001 0.4250000000000001 0.4250000000000001 1.6612038293987803
0.4250000000000001 0.4250000000000001 0.4250000000000001 1.672625726801778
0.4250000000000001 0.4250000000000001 0.4250000000000001 1.702870385355988
0.4250000000000001 0.4250000000000001 0.4250000000000001 1.7234537256222646
0.4250000000000001 0.4250000000000001 0.4250000000000001 1.7398529454031797
0.4250000000000001 0.4250000000000001 0.4250000000000001 1.7641573364313627
0.4250000000000001 0.4250000000000001 0.4250000000000001 1.773813469205396
0.4250000000000001 0.4250000000000001 0.4250000000000001 1.8047730828374178
0.4250000000000001 0.4250000000000001 0.4250000000000001 1.8289744801343168
0.4250000000000001 0.4250000000000001 0.4250000000000001 1.8482214048185774
0.4250000000000001 0.4250000000000001 0.4250000000000001 1.8892367158337597
0.4250000000000001 0.4250000000000001 0.4250000000000001 1.901566460550498
0.4250000000000001 0.4250000000000001 0.4250000000000001 1.926608971212164
0.4250000000000001 0.4250000000000001 0.4250000000000001 1.9932298009647713
0.4250000000000001 0.4250000000000001 0.4250000000000001 2.0119950639907023
0.4250000000000001 0.4250000000000001 0.4250000000000001 4.946733779410247
0.4250000000000001 0.4250000000000001 0.4250000000000001 5.026738055395668
0.4250000000000001 0.4250000000000001 0.4250000000000001 5.090631389605811
0.4250000000000001 0.4250000000000001 0.4250000000000001 5.190194445129286
0.4250000000000001 0.4250000000000001 0.4250000000000001 5.219427748085977
0.4250000000000001 0.4250000000000001 0.4250000000000001 5.269771990756849
0.4250000000000001 0.4250000000000001 0.4250000000000001 5.290184750487381
0.4250000000000001 0.4250000000000001 0.4250000000000001 5.388523269422457
0.4250000000000001 0.4250000000000001 0.4250000000000001 5.48734166612999
0.4250000000000001 0.4250000000000001 0.4250000000000001 5.529410619514223
0.4250000000000001 0.4250000000000001 0.4250000000000001 5.565559512089079
0.4250000000000001 0.4250000000000001 0.4250000000000001 5.631745007631218
0.4250000000000001 0.4250000000000001 0.4250000000000001 5.659714822852352
0.4250000000000001 0.4250000000000001 0.4250000000000001 5.727938678019426
0.4250000000000001 0.4250000000000001 0.4250000000000001 5.838667244797662
0.4250000000000001 0.4250000000000001 0.4250000000000001 5.90436506425758
0.4250000000000001 0.4250000000000001 0.4250000000000001 6.2374710125608965
0.4250000000000001 0.4250000000000001 0.4250000000000001 6.321195097246495
0.4250000000000001 0.4250000000000001 0.4250000000000001 6.357338884268549
0.4250000000000001 0.4250000000000001 0.4250000000000001 6.383289230440748
0.4250000000000001 0.4250000000000001 0.4250000000000001 6.467206300749913
0.4250000000000001 0.4250000000000001 0.4250000000000001 6.4905807868099945
0.4250000000000001 0.4250000000000001 0.4250000000000001 6.51589888008678
0.4250000000000001 0.4250000000000001 0.4250000000000001 6.563515733393456
0.4250000000000001 0.4250000000000001 0.4250000000000001 6.60053202212777
0.4250000000000001 0.4250000000000001 0.4250000000000001 6.613889562666153
0.4250000000000001 0.4250000000000001 0.4250000000000001 6.638592455147768
0.4250000000000001 0.4250000000000001 0.4250000000000001 6.678841394418555
0.4250000000000001 0.4250000000000001 0.4250000000000001 6.74959357687127
0.4250000000000001 0.4250000000000001 0.4250000000000001 6.781743021731978
0.4250000000000001 0.4250000000000001 0.4250000000000001 6.817495976922926
0.4250000000000001 0.4250000000000001 0.4250000000000001 6.854008669865371
0.4250000000000001 0.4250000000000001 0.4250000000000001 6.894679933555383
0.4250000000000001 0.4250000000000001 0.4250000000000001 6.914515795882414
0.4250000000000001 0.4250000000000001 0.4250000000000001 6.9859681826278415
0.4250000000000001 0.4250000000000001 0.4250000000000001 7.010005198889973
0.4250000000000001 0.4250000000000001 0.4250000000000001 7.064701753627748
0.4250000000000001 0.4250000000000001 0.4250000000000001 7.094718282665326
0.4250000000000001 0.4250000000000001 0.4250000000000001 7.142286721509664
0.4250000000000001 0.4250000000000001 0.4250000000000001 7.190528863479377
0.4250000000000001 0.4250000000000001 0.4250000000000001 7.217252484444744
0.4250000000000001 0.4250000000000001 0.4250000000000001 7.2483260940113885
0.4250000000000001 0.4250000000000001 0.4250000000000001 7.259040553018107
0.4250000000000001 0.4250000000000001 0.4250000000000001 7.331045002892852
0.4250000000000001 0.4250000000000001 0.4250000000000001 7.375781375345646
0.4250000000000001 0.4250000000000001 0.4250000000000001 7.402659912917416
0.4250000000000001 0.4250000000000001 0.4250000000000001 7.467234910900311
0.4250000000000001 0.4250000000000001 0.4250000000000001 7.500436218270999
0.4500000000000001 0.4500000000000001 0.4500000000000001 -4.89323869784742
0.4500000000000001 0.4500000000000001 0.4500000000000001 -4.883503257627192
0.4500000000000001 0.4500000000000001 0.4500000000000001 -4.851870551890102
0.4500000000000001 0.4500000000000001 0.4500000000000001 -4.845328718013265
0.4500000000000001 0.4500000000000001 0.4500000000000001 -4.83737374758468
0.4500000000000001 0.4500000000000001 0.4500000000000001 -4.8277264063865815
0.4500000000000001 0.4500000000000001 0.4500000000000001 -4.770403628630591
0.4500000000000001 0.4500000000000001 0.4500000000000001 -4.749258454711246
0.4500000000000001 0.4500000000000001 0.4500000000000001 -4.713420770990134
0.4500000000000001 0.4500000000000001 0.4500000000000001 -4.704213216183417
0.4500000000000001 0.4500000000000001 0.4500000000000001 -4.643337090821843
0.4500000000000001 0.4500000000000001 0.4500000000000001 -4.632947816292799
0.4500000000000001 0.4500000000000001 0.4500000000000001 -4.618950486104499
0.4500000000000001 0.4500000000000001 0.4500000000000001 -4.6033821722077235
0.4500000000000001 0.4500000000000001 0.4500000000000001 -4.562489244187647
0.4500000000000001 0.4500000000000001 0.4500000000000001 -4.5251740133650085
0.4500000000000001 0.4500000000000001 0.4500000000000001 -0.5475932835382311
0.4500000000000001 0.4500000000000001 0.4500000000000001 -0.5066164306944412
0.4500000000000001 0.4500000000000001 0.4500000000000001 -0.3964042635206635
0.4500000000000001 0.4500000000000001 0.4500000000000001 -0.38332791012034484
0.4500000000000001 0.4500000000000001 0.4500000000000001 -0.3680107970291431
0.4500000000000001 0.4500000000000001 0.4500000000000001 -0.353725201258249
0.4500000000000001 0.4500000000000001 0.4500000000000001 -0.3258506764723128
0.4500000000000001 0.4500000000000001 0.4500000000000001 -0.315896396676262
0.4500000000000001 0.4500000000000001 0.4500000000000001 -0.2956367469511205
0.4500000000000001 0.4500000000000001 0.4500000000000001 -0.273027118017624
0.4500000000000001 0.4500000000000001 0.4500000000000001 -0.2552853016528278
0.4500000000000001 0.4500000000000001 0.4500000000000001 -0.24316827770231875
0.4500000000000001 0.4500000000000001 0.4500000000000001 -0.22443421805736197
0.4500000000000001 0.4500000000000001 0.4500000000000001 -0.21252908651423308
0.4500000000000001 0.4500000000000001 0.4500000000000001 -0.16826916728475627
0.4500000000000001 0.4500000000000001 0.4500000000000001 -0.15406633053100993
0.4500000000000001 0.4500000000000001 0.4500000000000001 -0.13407301575347397
0.4500000000000001 0.4500000000000001 0.4500000000000001 -0.11779194203069299
0.4500000000000001 0.4500000000000001 0.4500000000000001 -0.09834954157755238
0.4500000000000001 0.4500000000000001 0.4500000000000001 -0.0780004583118119
0.4500000000000001 0.4500000000000001 0.4500000000000001 -0.06445156975050373
0.4500000000000001 0.4500000000000001 0.4500000000000001 -0.05900074924206468
0.4500000000000001 0.4500000000000001 0.4500000000000001 -0.008231854300964514
0.4500000000000001 0.4500000000000001 0.4500000000000001 0.0022617541000249375
0.4500000000000001 0.4500000000000001 0.4500000000000001 0.025551574185798565
0.4500000000000001 0.4500000000000001 0.4500000000000001 0.03387432979428695
0.4500000000000001 0.4500000000000001 0.4500000000000001 0.09701925316261883
0.4500000000000001 0.4500000000000001 0.4500000000000001 0.10319494052446816
0.4500000000000001 0.4500000000000001 0.4500000000000001 0.13672843758538278
0.4500000000000001 0.4500000000000001 0.4500000000000001 0.1605240879619985
0.4500000000000001 0.4500000000000001 0.4500000000000001 0.1627979543308836
0.4500000000000001 0.4500000000000001 0.4500000000000001 0.17699523860177901
0.4500000000000001 0.4500000000000001 0.4500000000000001 0.21245789160772866
0.4500000000000001 0.4500000000000001 0.4500000000000001 0.23863789438024113
0.4500000000000001 0.4500000000000001 0.4500000000000001 0.24452655042286414
0.4500000000000001 0.4500000000000001 0.4500000000000001 0.26156601974323923
0.4500000000000001 0.4500000000000001 0.4500000000000001 0.27196770888742705
0.4500000000000001 0.4500000000000001 0.4500000000000001 0.29152765311742
0.4500000000000001 0.4500000000000001 0.4500000000000001 0.3070147449303944
0.4500000000000001 0.4500000000000001 0.4500000000000001 0.3281991665298558
0.4500000000000001 0.4500000000000001 0.4500000000000001 0.3346618001959379
0.4500000000000001 0.4500000000000001 0.4500000000000001 0.351772291640132
0.4500000000000001 0.4500000000000001 0.4500000000000001 0.3630547405046398
0.4500000000000001 0.4500000000000001 0.4500000000000001 0.3732811089537975
0.4500000000000001 0.4500000000000001 0.4500000000000001 0.39261514719639695
0.4500000000000001 0.4500000000000001 0.4500000000000001 0.3989094543977161
0.4500000000000001 0.4500000000000001 0.4500000000000001 0.4801956372084417
0.4500000000000001 0.4500000000000001 0.4500000000000001 0.4920095414747472
0.4500000000000001 0.4500000000000001 0.4500000000000001 0.6550649767184993
0.4500000000000001 0.4500000000000001 0.4500000000000001 0.6630030559009832
0.4500000000000001 0.4500000000000001 0.4500000000000001 0.6831274290069999
0.4500000000000001 0.4500000000000001 0.4500000000000001 0.6880474881353283
0.4500000000000001 0.4500000000000001 0.4500000000000001 0.6979874712861909
0.4500000000000001 0.4500000000000001 0.4500000000000001 0.7104261309192816
0.4500000000000001 0.4500000000000001 0.4500000000000001 0.720658701591721
0.4500000000000001 0.4500000000000001 0.4500000000000001 0.7350842221992266
0.4500000000000001 0.4500000000000001 0.4500000000000001 0.7464382459949599
0.4500000000000001 0.4500000000000001 0.4500000000000001 0.7573563835395101
0.4500000000000001 0.4500000000000001 0.4500000000000001 0.7687366272332063
0.4500000000000001 0.4500000000000001 0.4500000000000001 0.7775712495409897
0.4500000000000001 0.4500000000000001 0.4500000000000001 0.7884313804266787
0.4500000000000001 0.4500000000000001 0.4500000000000001 0.7964050749501732
0.4500000000000001 0.4500000000000001 0.4500000000000001 0.806683452049513
0.4500000000000001 0.4500000000000001 0.4500000000000001 0.8243468977476338
0.4500000000000001 0.4500000000000001 0.4500000000000001 0.8377300486807204
0.4500000000000001 0.4500000000000001 0.4500000000000001 0.8500175140152573
0.4500000000000001 0.4500000000000001 0.4500000000000001 0.8663956895354232
0.4500000000000001 0.4500000000000001 0.4500000000000001 0.8805110352611681
0.4500000000000001 0.4500000000000001 0.4500000000000001 0.8843488049689697
0.4500000000000001 0.4500000000000001 0.4500000000000001 0.8911742729650136
0.4500000000000001 0.4500000000000001 0.4500000000000001 0.9040112315878845
0.4500000000000001 0.4500000000000001 0.4500000000000001 0.9202312219906448
0.4500000000000001 0.4500000000000001 0.4500000000000001 0.9284577333225981
0.4500000000000001 0.4500000000000001 0.4500000000000001 0.9356582921145922
0.4500000000000001 0.4500000000000001 0.4500000000000001 0.9571865133018944
0.4500000000000001 0.4500000000000001 0.4500000000000001 0.9711040961819885
0.4500000000000001 0.4500000000000001 0.4500000000000001 0.975126921601558
0.4500000000000001 0.4500000000000001 0.4500000000000001 0.9826445035899694
0.4500000000000001 0.4500000000000001 0.4500000000000001 1.0008032511078113
0.4500000000000001 0.4500000000000001 0.4500000000000001 1.0170778179188078
0.4500000000000001 0.4500000000000001 0.4500000000000001 1.0281536105055293
0.4500000000000001 0.4500000000000001 0.4500000000000001 1.0465344083467392
0.4500000000000001 0.4500000000000001 0.4500000000000001 1.0486600038564262
0.4500000000000001 0.4500000000000001 0.4500000000000001 1.0618737467150412
0.4500000000000001 0.4500000000000001 0.4500000000000001 1.080597805047928
0.4500000000000001 0.4500000000000001 0.4500000000000001 1.0937024703739395
0.4500000000000001 0.4500000000000001 0.4500000000000001 1.0998072781509982
0.4500000000000001 0.4500000000000001 0.4500000000000001 1.1026270087106578
0.4500000000000001 0.4500000000000001 0.4500000000000001 1.1170544840068288
0.4500000000000001 0.4500000000000001 0.4500000000000001 1.1395413749642866
0.4500000000000001 0.4500000000000001 0.4500000000000001 1.1565501048976454
0.4500000000000001 0.4500000000000001 0.4500000000000001 1.1680459328754846
0.4500000000000001 0.4500000000000001 0.4500000000000001 1.1900848374187056
0.4500000000000001 0.4500000000000001 0.4500000000000001 1.1991281157149762
0.4500000000000001 0.4500000000000001 0.4500000000000001 1.2224185309045588
0.4500000000000001 0.4500000000000001 0.4500000000000001 1.228824656123411
0.4500000000000001 0.4500000000000001 0.4500000000000001 1.2487131532058706
0.4500000000000001 0.4500000000000001 0.4500000000000001 1.2614343919915516
0.4500000000000001 0.4500000000000001 0.4500000000000001 1.2734561809603577
0.4500000000000001 0.4500000000000001 0.4500000000000001 1.2773967220374178
0.4500000000000001 0.4500000000000001 0.4500000000000001 1.298143000039806
0.4500000000000001 0.4500000000000001 0.4500000000000001 1.3057680949931303
0.4500000000000001 0.4500000000000001 0.4500000000000001 1.3209525955299535
0.4500000000000001 0.4500000000000001 0.4500000000000001 1.333695262700295
0.4500000000000001 0.4500000000000001 0.4500000000000001 1.3584874026654319
0.4500000000000001 0.4500000000000001 0.4500000000000001 1.3707622091049547
0.4500000000000001 0.4500000000000001 0.4500000000000001 1.3880726468501727
0.4500000000000001 0.4500000000000001 0.4500000000000001 1.395239009947427
0.4500000000000001 0.4500000000000001 0.4500000000000001 1.4145435440219944
0.4500000000000001 0.4500000000000001 0.4500000000000001 1.4171269970949432
0.4500000000000001 0.4500000000000001 0.4500000000000001 1.4311469898902465
0.4500000000000001 0.4500000000000001 0.4500000000000001 1.43476184993343
0.4500000000000001 0.4500000000000001 0.4500000000000001 1.4475769280840132
0.4500000000000001 0.4500000000000001 0.4500000000000001 1.453092690111199
0.4500000000000001 0.4500000000000001 0.4500000000000001 1.4683100158511682
0.4500000000000001 0.4500000000000001 0.4500000000000001 1.478489607523617
0.4500000000000001 0.4500000000000001 0.4500000000000001 1.4903164889888796
0.4500000000000001 0.4500000000000001 0.4500000000000001 1.5019371299608002
0.4500000000000001 0.4500000000000001 0.4500000000000001 1.515660887732213
0.4500000000000001 0.4500000000000001 0.4500000000000001 1.5184693873859787
0.4500000000000001 0.4500000000000001 0.4500000000000001 1.531802160021476
0.4500000000000001 0.4500000000000001 0.4500000000000001 1.5481348339950696
0.4500000000000001 0.4500000000000001 0.4500000000000001 1.5602546906942605
0.4500000000000001 0.4500000000000001 0.4500000000000001 1.5710706977227202
0.4500000000000001 0.4500000000000001 0.4500000000000001 1.591743727700491
0.4500000000000001 0.4500000000000001 0.4500000000000001 1.601121752035283
0.4500000000000001 0.4500000000000001 0.4500000000000001 1.6143247034722368
0.4500000000000001 0.4500000000000001 0.4500000000000001 1.6230426636280972
0.4500000000000001 0.4500000000000001 0.4500000000000001 1.650387246059097
0.4500000000000001 0.4500000000000001 0.4500000000000001 1.6600510480572233
0.4500000000000001 0.4500000000000001 0.4500000000000001 1.6711296176466721
0.4500000000000001 0.4500000000000001 0.4500000000000001 1.694535278537959
0.4500000000000001 0.4500000000000001 0.4500000000000001 1.7254501651699172
0.4500000000000001 0.4500000000000001 0.4500000000000001 1.736262425789473
0.4500000000000001 0.4500000000000001 0.4500000000000001 1.7614157945002027
0.4500000000000001 0.4500000000000001 0.4500000000000001 1.7657049077611773
0.4500000000000001 0.4500000000000001 0.4500000000000001 1.800097025637946
0.4500000000000001 0.4500000000000001 0.4500000000000001 1.8159810466797497
0.4500000000000001 0.4500000000000001 0.4500000000000001 1.856560171241627
0.4500000000000001 0.4500000000000001 0.4500000000000001 1.8778727284922896
0.4500000000000001 0.4500000000000001 0.4500000000000001 1.8908940114715005
0.4500000000000001 0.4500000000000001 0.4500000000000001 1.9114621458863512
0.4500000000000001 0.4500000000000001 0.4500000000000001 1.9913266716552913
0.4500000000000001 0.4500000000000001 0.4500000000000001 2.004842960653206
0.4500000000000001 0.4500000000000001 0.4500000000000001 5.008267807350681
0.4500000000000001 0.4500000000000001 0.4500000000000001 5.063444898696175
0.4500000000000001 0.4500000000000001 0.4500000000000001 5.142967506245805
0.4500000000000001 0.4500000000000001 0.4500000000000001 5.222834197407073
0.4500000000000001 0.4500000000000001 0.4500000000000001 5.271565409487168
0.4500000000000001 0.4500000000000001 0.4500000000000001 5.314115947042069
0.4500000000000001 0.4500000000000001 0.4500000000000001 5.332186917712552
0.4500000000000001 0.4500000000000001 0.4500000000000001 5.414442690871281
0.4500000000000001 0.4500000000000001 0.4500000000000001 5.49116618590724
0.4500000000000001 0.4500000000000001 0.4500000000000001 5.5544243496462
0.4500000000000001 0.4500000000000001 0.4500000000000001 5.570748037549181
0.4500000000000001 0.4500000000000001 0.4500000000000001 5.6125811726249335
0.4500000000000001 0.4500000000000001 0.4500000000000001 5.662127477212049
0.4500000000000001 0.4500000000000001 0.4500000000000001 5.718361547149618
0.4500000000000001 0.4500000000000001 0.4500000000000001 5.817542477830218
0.4500000000000001 0.4500000000000001 0.4500000000000001 5.871384466470523
0.4500000000000001 0.4500000000000001 0.4500000000000001 6.283501433759622
0.4500000000000001 0.4500000000000001 0.4500000000000001 6.363443670001455
0.4500000000000001 0.4500000000000001 0.4500000000000001 6.406754739376729
0.4500000000000001 0.4500000000000001 0.4500000000000001 6.4484600430382475
0.4500000000000001 0.4500000000000001 0.4500000000000001 6.51455145245427
0.4500000000000001 0.4500000000000001 0.4500000000000001 6.5430067922698285
0.4500000000000001 0.4500000000000001 0.4500000000000001 6.5543464347391795
0.4500000000000001 0.4500000000000001 0.4500000000000001 6.596346480597512
0.4500000000000001 0.4500000000000001 0.4500000000000001 6.62166280050432
0.4500000000000001 0.4500000000000001 0.4500000000000001 6.63627293141315
0.4500000000000001 0.4500000000000001 0.4500000000000001 6.652738389374258
0.4500000000000001 0.4500000000000001 0.4500000000000001 6.708136200251043
0.4500000000000001 0.4500000000000001 0.4500000000000001 6.7388730461820945
0.4500000000000001 0.4500000000000001 0.4500000000000001 6.781328154859343
0.4500000000000001 0.4500000000000001 0.4500000000000001 6.801099797641934
0.4500000000000001 0.4500000000000001 0.4500000000000001 6.830214585646638
0.4500000000000001 0.4500000000000001 0.4500000000000001 6.8715699755589865
0.4500000000000001 0.4500000000000001 0.4500000000000001 6.889748192081009
0.4500000000000001 0.4500000000000001 0.4500000000000001 6.952135689413877
0.4500000000000001 0.4500000000000001 0.4500000000000001 6.958671518012682
0.4500000000000001 0.4500000000000001 0.4500000000000001 7.014462964315226
0.4500000000000001 0.4500000000000001 0.4500000000000001 7.058004979292502
0.4500000000000001 0.4500000000000001 0.4500000000000001 7.0883712997070925
0.4500000000000001 0.4500000000000001 0.4500000000000001 7.1507227407051746
0.4500000000000001 0.4500000000000001 0.4500000000000001 7.171464822044404
0.4500000000000001 0.4500000000000001 0.4500000000000001 7.200836177918243
0.4500000000000001 0.4500000000000001 0.4500000000000001 7.218250397628976
0.4500000000000001 0.4500000000000001 0.4500000000000001 7.279546770940443
0.4500000000000001 0.4500000000000001 0.4500000000000001 7.312194303831991
0.4500000000000001 0.4500000000000001 0.4500000000000001 7.342206179432046
0.4500000000000001 0.4500000000000001 0.4500000000000001 7.411760122546464
0.4500000000000001 0.4500000000000001 0.4500000000000001 7.443288775890044
0.47500000000000014 0.47500000000000014 0.47500000000000014 -4.876077334808451
0.47500000000000014 0.47500000000000014 0.47500000000000014 -4.871158287083102
0.47500000000000014 0.47500000000000014 0.47500000000000014 -4.841323493800142
0.47500000000000014 0.47500000000000014 0.47500000000000014 -4.83932757829101
0.47500000000000014 0.47500000000000014 0.47500000000000014 -4.811238020963597
0.47500000000000014 0.47500000000000014 0.47500000000000014 -4.798046880210438
0.47500000000000014 0.47500000000000014 0.47500000000000014 -4.7668499704987495
0.47500000000000014 0.47500000000000014 0.47500000000000014 -4.753293663156714
0.47500000000000014 0.47500000000000014 0.47500000000000014 -4.7326292446707905
0.47500000000000014 0.47500000000000014 0.47500000000000014 -4.717549315418821
0.47500000000000014 0.47500000000000014 0.47500000000000014 -4.648834181872098
0.47500000000000014 0.47500000000000014 0.47500000000000014 -4.63623089985707
0.47500000000000014 0.47500000000000014 0.47500000000000014 -4.627836116574596
0.47500000000000014 0.47500000000000014 0.47500000000000014 -4.612683125177578
0.47500000000000014 0.47500000000000014 0.47500000000000014 -4.5973400412059915
0.47500000000000014 0.47500000000000014 0.47500000000000014 -4.569975152588696
0.47500000000000014 0.47500000000000014 0.47500000000000014 -0.5121729032796543
0.47500000000000014 0.47500000000000014 0.47500000000000014 -0.48806292721936106
0.47500000000000014 0.47500000000000014 0.47500000000000014 -0.3715075619830371
0.47500000000000014 0.47500000000000014 0.47500000000000014 -0.3677943676308685
0.47500000000000014 0.47500000000000014 0.47500000000000014 -0.35161574241730414
0.47500000000000014 0.47500000000000014 0.47500000000000014 -0.3441172757410084
0.47500000000000014 0.47500000000000014 0.47500000000000014 -0.3125715322967242
0.47500000000000014 0.47500000000000014 0.47500000000000014 -0.30200854932968557
0.47500000000000014 0.47500000000000014 0.47500000000000014 -0.2775179399707275
0.47500000000000014 0.47500000000000014 0.47500000000000014 -0.2616625460280977
0.47500000000000014 0.47500000000000014 0.47500000000000014 -0.25073784553416534
0.47500000000000014 0.47500000000000014 0.47500000000000014 -0.23699684328549164
0.47500000000000014 0.47500000000000014 0.47500000000000014 -0.21019169344289246
0.47500000000000014 0.47500000000000014 0.47500000000000014 -0.20225239015897767
0.47500000000000014 0.47500000000000014 0.47500000000000014 -0.15607295309547098
0.47500000000000014 0.47500000000000014 0.47500000000000014 -0.14478501107503394
0.47500000000000014 0.47500000000000014 0.47500000000000014 -0.12856178401266405
0.47500000000000014 0.47500000000000014 0.47500000000000014 -0.11957754108821828
0.47500000000000014 0.47500000000000014 0.47500000000000014 -0.09527701788837373
0.47500000000000014 0.47500000000000014 0.47500000000000014 -0.07823139736652344
0.47500000000000014 0.47500000000000014 0.47500000000000014 -0.07385019020829492
0.47500000000000014 0.47500000000000014 0.47500000000000014 -0.06824328559458524
0.47500000000000014 0.47500000000000014 0.47500000000000014 -0.004161657552900443
0.47500000000000014 0.47500000000000014 0.47500000000000014 0.0013316332006754602
0.47500000000000014 0.47500000000000014 0.47500000000000014 0.033204709892887874
0.47500000000000014 0.47500000000000014 0.47500000000000014 0.03747139703441258
0.47500000000000014 0.47500000000000014 0.47500000000000014 0.0953902777024044
0.47500000000000014 0.47500000000000014 0.47500000000000014 0.09979226288384868
0.47500000000000014 0.47500000000000014 0.47500000000000014 0.14383690945536198
0.47500000000000014 0.47500000000000014 0.47500000000000014 0.15246243366682588
0.47500000000000014 0.47500000000000014 0.47500000000000014 0.1640364669551797
0.47500000000000014 0.47500000000000014 0.47500000000000014 0.17643147965493355
0.47500000000000014 0.47500000000000014 0.47500000000000014 0.19854771552272066
0.47500000000000014 0.47500000000000014 0.47500000000000014 0.22441925238588212
0.47500000000000014 0.47500000000000014 0.47500000000000014 0.23730712717593416
0.47500000000000014 0.47500000000000014 0.47500000000000014 0.24728215530849873
0.47500000000000014 0.47500000000000014 0.47500000000000014 0.2622440291504047
0.47500000000000014 0.47500000000000014 0.47500000000000014 0.27720914441005995
0.47500000000000014 0.47500000000000014 0.47500000000000014 0.3037513201149169
0.47500000000000014 0.47500000000000014 0.47500000000000014 0.3170799290451134
0.47500000000000014 0.47500000000000014 0.47500000000000014 0.33363340638302574
0.47500000000000014 0.47500000000000014 0.47500000000000014 0.343392935824105
0.47500000000000014 0.47500000000000014 0.47500000000000014 0.35799723730971866
0.47500000000000014 0.47500000000000014 0.47500000000000014 0.3663780223228841
0.47500000000000014 0.47500000000000014 0.47500000000000014 0.38711546167217864
0.47500000000000014 0.47500000000000014 0.47500000000000014 0.39213333481633256
0.47500000000000014 0.47500000000000014 0.47500000000000014 0.47820442223912724
0.47500000000000014 0.47500000000000014 0.47500000000000014 0.48470821177115464
0.47500000000000014 0.47500000000000014 0.47500000000000014 0.6550896154038203
0.47500000000000014 0.47500000000000014 0.47500000000000014 0.6592729435649164
0.47500000000000014 0.47500000000000014 0.47500000000000014 0.684303978969258
0.47500000000000014 0.47500000000000014 0.47500000000000014 0.6866192529201196
0.47500000000000014 0.47500000000000014 0.47500000000000014 0.7040735268164457
0.47500000000000014 0.47500000000000014 0.47500000000000014 0.7131039367519882
0.47500000000000014 0.47500000000000014 0.47500000000000014 0.7202198483109541
0.47500000000000014 0.47500000000000014 0.47500000000000014 0.7278322770474492
0.47500000000000014 0.47500000000000014 0.47500000000000014 0.7469274458338445
0.47500000000000014 0.47500000000000014 0.47500000000000014 0.7525980007298939
0.47500000000000014 0.47500000000000014 0.47500000000000014 0.7711441216079757
0.47500000000000014 0.47500000000000014 0.47500000000000014 0.7760530579636771
0.47500000000000014 0.47500000000000014 0.47500000000000014 0.7870036641564392
0.47500000000000014 0.47500000000000014 0.47500000000000014 0.7911147145213979
0.47500000000000014 0.47500000000000014 0.47500000000000014 0.8099726155921934
0.47500000000000014 0.47500000000000014 0.47500000000000014 0.8198725135742846
0.47500000000000014 0.47500000000000014 0.47500000000000014 0.8369210101487274
0.47500000000000014 0.47500000000000014 0.47500000000000014 0.8435077063450027
0.47500000000000014 0.47500000000000014 0.47500000000000014 0.8689302896422824
0.47500000000000014 0.47500000000000014 0.47500000000000014 0.876072425732306
0.47500000000000014 0.47500000000000014 0.47500000000000014 0.8849251990494033
0.47500000000000014 0.47500000000000014 0.47500000000000014 0.8884690307193395
0.47500000000000014 0.47500000000000014 0.47500000000000014 0.9052443843951137
0.47500000000000014 0.47500000000000014 0.47500000000000014 0.914651534571993
0.47500000000000014 0.47500000000000014 0.47500000000000014 0.9253007201476837
0.47500000000000014 0.47500000000000014 0.47500000000000014 0.9323318354392223
0.47500000000000014 0.47500000000000014 0.47500000000000014 0.9569610995319904
0.47500000000000014 0.47500000000000014 0.47500000000000014 0.9661986730939107
0.47500000000000014 0.47500000000000014 0.47500000000000014 0.979016340112157
0.47500000000000014 0.47500000000000014 0.47500000000000014 0.9846196420453469
0.47500000000000014 0.47500000000000014 0.47500000000000014 0.9987804538724578
0.47500000000000014 0.47500000000000014 0.47500000000000014 1.008763574190251
0.47500000000000014 0.47500000000000014 0.47500000000000014 1.0306148625812979
0.47500000000000014 0.47500000000000014 0.47500000000000014 1.0404318893010984
0.47500000000000014 0.47500000000000014 0.47500000000000014 1.0503821614233466
0.47500000000000014 0.47500000000000014 0.47500000000000014 1.0584301717200457
0.47500000000000014 0.47500000000000014 0.47500000000000014 1.0782979270414383
0.47500000000000014 0.47500000000000014 0.47500000000000014 1.0875344240457157
0.47500000000000014 0.47500000000000014 0.47500000000000014 1.0963642602754136
0.47500000000000014 0.47500000000000014 0.47500000000000014 1.098373880821285
0.47500000000000014 0.47500000000000014 0.47500000000000014 1.1206640651638127
0.47500000000000014 0.47500000000000014 0.47500000000000014 1.1336622907379796
0.47500000000000014 0.47500000000000014 0.47500000000000014 1.157918461396119
0.47500000000000014 0.47500000000000014 0.47500000000000014 1.1643055506449054
0.47500000000000014 0.47500000000000014 0.47500000000000014 1.1912354651694588
0.47500000000000014 0.47500000000000014 0.47500000000000014 1.195755713183616
0.47500000000000014 0.47500000000000014 0.47500000000000014 1.2198725601898786
0.47500000000000014 0.47500000000000014 0.47500000000000014 1.223617154337201
0.47500000000000014 0.47500000000000014 0.47500000000000014 1.2509085953522527
0.47500000000000014 0.47500000000000014 0.47500000000000014 1.2582074436475157
0.47500000000000014 0.47500000000000014 0.47500000000000014 1.2744568175572035
0.47500000000000014 0.47500000000000014 0.47500000000000014 1.2767630417701525
0.47500000000000014 0.47500000000000014 0.47500000000000014 1.299107363607265
0.47500000000000014 0.47500000000000014 0.47500000000000014 1.3034058280506302
0.47500000000000014 0.47500000000000014 0.47500000000000014 1.3235475765271953
0.47500000000000014 0.47500000000000014 0.47500000000000014 1.3302619671475373
0.47500000000000014 0.47500000000000014 0.47500000000000014 1.3605119660582652
0.47500000000000014 0.47500000000000014 0.47500000000000014 1.367894985712156
0.47500000000000014 0.47500000000000014 0.47500000000000014 1.3905773518732454
0.47500000000000014 0.47500000000000014 0.47500000000000014 1.3939478751802323
0.47500000000000014 0.47500000000000014 0.47500000000000014 1.4163896564259137
0.47500000000000014 0.47500000000000014 0.47500000000000014 1.4215153043935211
0.47500000000000014 0.47500000000000014 0.47500000000000014 1.4271204557848771
0.47500000000000014 0.47500000000000014 0.47500000000000014 1.4320846924906185
0.47500000000000014 0.47500000000000014 0.47500000000000014 1.4486976541497432
0.47500000000000014 0.47500000000000014 0.47500000000000014 1.4529986645143798
0.47500000000000014 0.47500000000000014 0.47500000000000014 1.4667462395863895
0.47500000000000014 0.47500000000000014 0.47500000000000014 1.473088195057139
0.47500000000000014 0.47500000000000014 0.47500000000000014 1.492931955879608
0.47500000000000014 0.47500000000000014 0.47500000000000014 1.500107914317633
0.47500000000000014 0.47500000000000014 0.47500000000000014 1.5141809680591038
0.47500000000000014 0.47500000000000014 0.47500000000000014 1.5158109291782325
0.47500000000000014 0.47500000000000014 0.47500000000000014 1.5338174730718794
0.47500000000000014 0.47500000000000014 0.47500000000000014 1.5435170955650825
0.47500000000000014 0.47500000000000014 0.47500000000000014 1.5587358604967037
0.47500000000000014 0.47500000000000014 0.47500000000000014 1.5655927828761946
0.47500000000000014 0.47500000000000014 0.47500000000000014 1.5922162536687599
0.47500000000000014 0.47500000000000014 0.47500000000000014 1.5975983325993923
0.47500000000000014 0.47500000000000014 0.47500000000000014 1.6126254331121574
0.47500000000000014 0.47500000000000014 0.47500000000000014 1.617458086454106
0.47500000000000014 0.47500000000000014 0.47500000000000014 1.6523362458827886
0.47500000000000014 0.47500000000000014 0.47500000000000014 1.658065059013771
0.47500000000000014 0.47500000000000014 0.47500000000000014 1.6736595869151403
0.47500000000000014 0.47500000000000014 0.47500000000000014 1.6866102290034908
0.47500000000000014 0.47500000000000014 0.47500000000000014 1.7277865894838462
0.47500000000000014 0.47500000000000014 0.47500000000000014 1.7330499205371517
0.47500000000000014 0.47500000000000014 0.47500000000000014 1.7598456820154043
0.47500000000000014 0.47500000000000014 0.47500000000000014 1.7614240498263793
0.47500000000000014 0.47500000000000014 0.47500000000000014 1.7983847727790518
0.47500000000000014 0.47500000000000014 0.47500000000000014 1.8063186256829935
0.47500000000000014 0.47500000000000014 0.47500000000000014 1.86381036911855
0.47500000000000014 0.47500000000000014 0.47500000000000014 1.8712660009655213
0.47500000000000014 0.47500000000000014 0.47500000000000014 1.8865454099434285
0.47500000000000014 0.47500000000000014 0.47500000000000014 1.8992660505171974
0.47500000000000014 0.47500000000000014 0.47500000000000014 1.9918873382989482
0.47500000000000014 0.47500000000000014 0.47500000000000014 1.9989611835911107
0.47500000000000014 0.47500000000000014 0.47500000000000014 5.05129630933244
0.47500000000000014 0.47500000000000014 0.47500000000000014 5.078619603506704
0.47500000000000014 0.47500000000000014 0.47500000000000014 5.187695589484731
0.47500000000000014 0.47500000000000014 0.47500000000000014 5.230841446309295
0.47500000000000014 0.47500000000000014 0.47500000000000014 5.316014300145101
0.47500000000000014 0.47500000000000014 0.47500000000000014 5.35497842276377
0.47500000000000014 0.47500000000000014 0.47500000000000014 5.37359610966622
0.47500000000000014 0.47500000000000014 0.47500000000000014 5.42590525015688
0.47500000000000014 0.47500000000000014 0.47500000000000014 5.495376032839819
0.47500000000000014 0.47500000000000014 0.47500000000000014 5.546318695525199
0.47500000000000014 0.47500000000000014 0.47500000000000014 5.5685150414541225
0.47500000000000014 0.47500000000000014 0.47500000000000014 5.582238799095589
0.47500000000000014 0.47500000000000014 0.47500000000000014 5.679820177310812
0.47500000000000014 0.47500000000000014 0.47500000000000014 5.698500300648444
0.47500000000000014 0.47500000000000014 0.47500000000000014 5.815409041249676
0.47500000000000014 0.47500000000000014 0.47500000000000014 5.8479662558974805
0.47500000000000014 0.47500000000000014 0.47500000000000014 6.323592908035552
0.47500000000000014 0.47500000000000014 0.47500000000000014 6.369455550434546
0.47500000000000014 0.47500000000000014 0.47500000000000014 6.450880265094365
0.47500000000000014 0.47500000000000014 0.47500000000000014 6.486863344620681
0.47500000000000014 0.47500000000000014 0.47500000000000014 6.541849714828138
0.47500000000000014 0.47500000000000014 0.47500000000000014 6.583600341760075
0.47500000000000014 0.47500000000000014 0.47500000000000014 6.5924714607507235
0.47500000000000014 0.47500000000000014 0.47500000000000014 6.60662844051487
0.47500000000000014 0.47500000000000014 0.47500000000000014 6.632889337716801
0.47500000000000014 0.47500000000000014 0.47500000000000014 6.669099546780992
0.47500000000000014 0.47500000000000014 0.47500000000000014 6.679688598872819
0.47500000000000014 0.47500000000000014 0.47500000000000014 6.7174949387351806
0.47500000000000014 0.47500000000000014 0.47500000000000014 6.739958240705005
0.47500000000000014 0.47500000000000014 0.47500000000000014 6.762275837078591
0.47500000000000014 0.47500000000000014 0.47500000000000014 6.796222973378113
0.47500000000000014 0.47500000000000014 0.47500000000000014 6.826052099329643
0.47500000000000014 0.47500000000000014 0.47500000000000014 6.853754558624765
0.47500000000000014 0.47500000000000014 0.47500000000000014 6.8892457285293975
0.47500000000000014 0.47500000000000014 0.47500000000000014 6.902322445633304
0.47500000000000014 0.47500000000000014 0.47500000000000014 6.947702184493995
0.47500000000000014 0.47500000000000014 0.47500000000000014 6.97378734349381
0.47500000000000014 0.47500000000000014 0.47500000000000014 7.011730327010047
0.47500000000000014 0.47500000000000014 0.47500000000000014 7.064488088516025
0.47500000000000014 0.47500000000000014 0.47500000000000014 7.1227725921943
0.47500000000000014 0.47500000000000014 0.47500000000000014 7.1423392711788845
0.47500000000000014 0.47500000000000014 0.47500000000000014 7.177984241486061
0.47500000000000014 0.47500000000000014 0.47500000000000014 7.186768259208798
0.47500000000000014 0.47500000000000014 0.47500000000000014 7.238887357075894
0.47500000000000014 0.47500000000000014 0.47500000000000014 7.265369179883453
0.47500000000000014 0.47500000000000014 0.47500000000000014 7.292375199579645
0.47500000000000014 0.47500000000000014 0.47500000000000014 7.3861842486089575
0.47500000000000014 0.47500000000000014 0.47500000000000014 7.405148701497592
0.5000000000000001 0.5000000000000001 0.5000000000000001 -4.870040713333609
0.5000000000000001 0.5000000000000001 0.5000000000000001 -4.870040415083603
0.5000000000000001 0.5000000000000001 0.5000000000000001 -4.837991453985622
0.5000000000000001 0.5000000000000001 0.5000000000000001 -4.837991236480714
0.5000000000000001 0.5000000000000001 0.5000000000000001 -4.7810166326000045
0.5000000000000001 0.5000000000000001 0.5000000000000001 -4.7810164809346976
0.5000000000000001 0.5000000000000001 0.5000000000000001 -4.763911977890055
0.5000000000000001 0.5000000000000001 0.5000000000000001 -4.763911508333758
0.5000000000000001 0.5000000000000001 0.5000000000000001 -4.739485750956432
0.5000000000000001 0.5000000000000001 0.5000000000000001 -4.7394851051621245
0.5000000000000001 0.5000000000000001 0.5000000000000001 -4.642573830380374
0.5000000000000001 0.5000000000000001 0.5000000000000001 -4.642572813137417
0.5000000000000001 0.5000000000000001 0.5000000000000001 -4.625013234331038
0.5000000000000001 0.5000000000000001 0.5000000000000001 -4.625012575417757
0.5000000000000001 0.5000000000000001 0.5000000000000001 -4.596657277664997
0.5000000000000001 0.5000000000000001 0.5000000000000001 -4.596656703164932
0.5000000000000001 0.5000000000000001 0.5000000000000001 -0.49006277757057326
0.5000000000000001 0.5000000000000001 0.5000000000000001 -0.4900623056409157
0.5000000000000001 0.5000000000000001 0.5000000000000001 -0.36270195538292627
0.5000000000000001 0.5000000000000001 0.5000000000000001 -0.36270134702883033
0.5000000000000001 0.5000000000000001 0.5000000000000001 -0.3434513488336507
0.5000000000000001 0.5000000000000001 0.5000000000000001 -0.34345090576573767
0.5000000000000001 0.5000000000000001 0.5000000000000001 -0.30183402444755053
0.5000000000000001 0.5000000000000001 0.5000000000000001 -0.3018336783181733
0.5000000000000001 0.5000000000000001 0.5000000000000001 -0.2651617920132929
0.5000000000000001 0.5000000000000001 0.5000000000000001 -0.2651613164175369
0.5000000000000001 0.5000000000000001 0.5000000000000001 -0.24295492231949092
0.5000000000000001 0.5000000000000001 0.5000000000000001 -0.2429544879380177
0.5000000000000001 0.5000000000000001 0.5000000000000001 -0.20209197329263193
0.5000000000000001 0.5000000000000001 0.5000000000000001 -0.20209156467153783
0.5000000000000001 0.5000000000000001 0.5000000000000001 -0.14427809020615134
0.5000000000000001 0.5000000000000001 0.5000000000000001 -0.14427757183759968
0.5000000000000001 0.5000000000000001 0.5000000000000001 -0.12805583811385007
0.5000000000000001 0.5000000000000001 0.5000000000000001 -0.12805547647078921
0.5000000000000001 0.5000000000000001 0.5000000000000001 -0.08915781291174288
0.5000000000000001 0.5000000000000001 0.5000000000000001 -0.08915729426994573
0.5000000000000001 0.5000000000000001 0.5000000000000001 -0.06915561026746705
0.5000000000000001 0.5000000000000001 0.5000000000000001 -0.0691554514422048
0.5000000000000001 0.5000000000000001 0.5000000000000001 -0.0015974975899641349
0.5000000000000001 0.5000000000000001 0.5000000000000001 -0.0015972125314006273
0.5000000000000001 0.5000000000000001 0.5000000000000001 0.03781875574687239
0.5000000000000001 0.5000000000000001 0.5000000000000001 0.03781897961229531
0.5000000000000001 0.5000000000000001 0.5000000000000001 0.09616739687494699
0.5000000000000001 0.5000000000000001 0.5000000000000001 0.09616775237402378
0.5000000000000001 0.5000000000000001 0.5000000000000001 0.14342185552196846
0.5000000000000001 0.5000000000000001 0.5000000000000001 0.14342221275811556
0.5000000000000001 0.5000000000000001 0.5000000000000001 0.17834212086778603
0.5000000000000001 0.5000000000000001 0.5000000000000001 0.17834242524500427
0.5000000000000001 0.5000000000000001 0.5000000000000001 0.20409294127624628
0.5000000000000001 0.5000000000000001 0.5000000000000001 0.20409315548952622
0.5000000000000001 0.5000000000000001 0.5000000000000001 0.2383013035992871
0.5000000000000001 0.5000000000000001 0.5000000000000001 0.2383014434622686
0.5000000000000001 0.5000000000000001 0.5000000000000001 0.26596244133398234
0.5000000000000001 0.5000000000000001 0.5000000000000001 0.2659626962724231
0.5000000000000001 0.5000000000000001 0.5000000000000001 0.3076717434122529
0.5000000000000001 0.5000000000000001 0.5000000000000001 0.30767213484498834
0.5000000000000001 0.5000000000000001 0.5000000000000001 0.33672641219309685
0.5000000000000001 0.5000000000000001 0.5000000000000001 0.3367265877071197
0.5000000000000001 0.5000000000000001 0.5000000000000001 0.36015823252926893
0.5000000000000001 0.5000000000000001 0.5000000000000001 0.360158280447453
0.5000000000000001 0.5000000000000001 0.5000000000000001 0.38780055656025036
0.5000000000000001 0.5000000000000001 0.5000000000000001 0.3878007796473423
0.5000000000000001 0.5000000000000001 0.5000000000000001 0.47983765540756756
0.5000000000000001 0.5000000000000001 0.5000000000000001 0.47983785268746043
0.5000000000000001 0.5000000000000001 0.5000000000000001 0.6564824344177747
0.5000000000000001 0.5000000000000001 0.5000000000000001 0.6564826473543595
0.5000000000000001 0.5000000000000001 0.5000000000000001 0.6853443757983808
0.5000000000000001 0.5000000000000001 0.5000000000000001 0.6853447330233106
0.5000000000000001 0.5000000000000001 0.5000000000000001 0.7108165367072624
0.5000000000000001 0.5000000000000001 0.5000000000000001 0.7108166421276011
0.5000000000000001 0.5000000000000001 0.5000000000000001 0.7222221843045612
0.5000000000000001 0.5000000000000001 0.5000000000000001 0.7222225254103846
0.5000000000000001 0.5000000000000001 0.5000000000000001 0.7487739588406427
0.5000000000000001 0.5000000000000001 0.5000000000000001 0.7487741514735381
0.5000000000000001 0.5000000000000001 0.5000000000000001 0.7739443554211851
0.5000000000000001 0.5000000000000001 0.5000000000000001 0.773944543189905
0.5000000000000001 0.5000000000000001 0.5000000000000001 0.7878153417488185
0.5000000000000001 0.5000000000000001 0.5000000000000001 0.7878154260045108
0.5000000000000001 0.5000000000000001 0.5000000000000001 0.8148057491703901
0.5000000000000001 0.5000000000000001 0.5000000000000001 0.8148059239860982
0.5000000000000001 0.5000000000000001 0.5000000000000001 0.8390383064709099
0.5000000000000001 0.5000000000000001 0.5000000000000001 0.839038473097382
0.5000000000000001 0.5000000000000001 0.5000000000000001 0.8721215070563516
0.5000000000000001 0.5000000000000001 0.5000000000000001 0.8721215729571152
0.5000000000000001 0.5000000000000001 0.5000000000000001 0.886449660197035
0.5000000000000001 0.5000000000000001 0.5000000000000001 0.8864498947407764
0.5000000000000001 0.5000000000000001 0.5000000000000001 0.908711122490181
0.5000000000000001 0.5000000000000001 0.5000000000000001 0.9087114498272638
0.5000000000000001 0.5000000000000001 0.5000000000000001 0.9278658439758258
0.5000000000000001 0.5000000000000001 0.5000000000000001 0.9278660321129222
0.5000000000000001 0.5000000000000001 0.5000000000000001 0.9606868015655549
0.5000000000000001 0.5000000000000001 0.5000000000000001 0.960687032727038
0.5000000000000001 0.5000000000000001 0.5000000000000001 0.9834984375255457
0.5000000000000001 0.5000000000000001 0.5000000000000001 0.9834985319189413
0.5000000000000001 0.5000000000000001 0.5000000000000001 1.001576010793923
0.5000000000000001 0.5000000000000001 0.5000000000000001 1.0015762189305395
0.5000000000000001 0.5000000000000001 0.5000000000000001 1.034780428450771
0.5000000000000001 0.5000000000000001 0.5000000000000001 1.0347806021940347
0.5000000000000001 0.5000000000000001 0.5000000000000001 1.0542493734455527
0.5000000000000001 0.5000000000000001 0.5000000000000001 1.054249647935465
0.5000000000000001 0.5000000000000001 0.5000000000000001 1.0811409330793218
0.5000000000000001 0.5000000000000001 0.5000000000000001 1.0811410915759188
0.5000000000000001 0.5000000000000001 0.5000000000000001 1.0961829534665946
0.5000000000000001 0.5000000000000001 0.5000000000000001 1.096183159045004
0.5000000000000001 0.5000000000000001 0.5000000000000001 1.1268931591088784
0.5000000000000001 0.5000000000000001 0.5000000000000001 1.1268934065939755
0.5000000000000001 0.5000000000000001 0.5000000000000001 1.1607174666167692
0.5000000000000001 0.5000000000000001 0.5000000000000001 1.16071756775713
0.5000000000000001 0.5000000000000001 0.5000000000000001 1.1930848126575126
0.5000000000000001 0.5000000000000001 0.5000000000000001 1.1930850731734282
0.5000000000000001 0.5000000000000001 0.5000000000000001 1.2204043576245247
0.5000000000000001 0.5000000000000001 0.5000000000000001 1.2204045085268547
0.5000000000000001 0.5000000000000001 0.5000000000000001 1.254288777274418
0.5000000000000001 0.5000000000000001 0.5000000000000001 1.254289014921456
0.5000000000000001 0.5000000000000001 0.5000000000000001 1.2757722420673958
0.5000000000000001 0.5000000000000001 0.5000000000000001 1.2757724072008774
0.5000000000000001 0.5000000000000001 0.5000000000000001 1.3009404223019672
0.5000000000000001 0.5000000000000001 0.5000000000000001 1.300940610061914
0.5000000000000001 0.5000000000000001 0.5000000000000001 1.3267812708975903
0.5000000000000001 0.5000000000000001 0.5000000000000001 1.3267814635932689
0.5000000000000001 0.5000000000000001 0.5000000000000001 1.363927294268755
0.5000000000000001 0.5000000000000001 0.5000000000000001 1.363927431013174
0.5000000000000001 0.5000000000000001 0.5000000000000001 1.3926010889246954
0.5000000000000001 0.5000000000000001 0.5000000000000001 1.3926013137090234
0.5000000000000001 0.5000000000000001 0.5000000000000001 1.419836064292547
0.5000000000000001 0.5000000000000001 0.5000000000000001 1.419836356741937
0.5000000000000001 0.5000000000000001 0.5000000000000001 1.42854390894251
0.5000000000000001 0.5000000000000001 0.5000000000000001 1.428544300887296
0.5000000000000001 0.5000000000000001 0.5000000000000001 1.4511232036883701
0.5000000000000001 0.5000000000000001 0.5000000000000001 1.4511233235435206
0.5000000000000001 0.5000000000000001 0.5000000000000001 1.4686537564830568
0.5000000000000001 0.5000000000000001 0.5000000000000001 1.4686540787946178
0.5000000000000001 0.5000000000000001 0.5000000000000001 1.4967058916060645
0.5000000000000001 0.5000000000000001 0.5000000000000001 1.4967060471531852
0.5000000000000001 0.5000000000000001 0.5000000000000001 1.5142788242146592
0.5000000000000001 0.5000000000000001 0.5000000000000001 1.5142790245112543
0.5000000000000001 0.5000000000000001 0.5000000000000001 1.5380823277666023
0.5000000000000001 0.5000000000000001 0.5000000000000001 1.5380825232078836
0.5000000000000001 0.5000000000000001 0.5000000000000001 1.5610487702443356
0.5000000000000001 0.5000000000000001 0.5000000000000001 1.561049258083168
0.5000000000000001 0.5000000000000001 0.5000000000000001 1.5944407442855695
0.5000000000000001 0.5000000000000001 0.5000000000000001 1.5944408019052119
0.5000000000000001 0.5000000000000001 0.5000000000000001 1.6138166306393682
0.5000000000000001 0.5000000000000001 0.5000000000000001 1.6138168463504015
0.5000000000000001 0.5000000000000001 0.5000000000000001 1.6550889060238878
0.5000000000000001 0.5000000000000001 0.5000000000000001 1.6550891499166958
0.5000000000000001 0.5000000000000001 0.5000000000000001 1.6793591336510336
0.5000000000000001 0.5000000000000001 0.5000000000000001 1.6793592630279794
0.5000000000000001 0.5000000000000001 0.5000000000000001 1.7302971783072902
0.5000000000000001 0.5000000000000001 0.5000000000000001 1.730297257429277
0.5000000000000001 0.5000000000000001 0.5000000000000001 1.7597293354769339
0.5000000000000001 0.5000000000000001 0.5000000000000001 1.7597294666422167
0.5000000000000001 0.5000000000000001 0.5000000000000001 1.8003781520942324
0.5000000000000001 0.5000000000000001 0.5000000000000001 1.8003783739012957
0.5000000000000001 0.5000000000000001 0.5000000000000001 1.867852875593487
0.5000000000000001 0.5000000000000001 0.5000000000000001 1.8678530898229482
0.5000000000000001 0.5000000000000001 0.5000000000000001 1.8900582502003977
0.5000000000000001 0.5000000000000001 0.5000000000000001 1.8900584040859183
0.5000000000000001 0.5000000000000001 0.5000000000000001 1.9945459984862104
0.5000000000000001 0.5000000000000001 0.5000000000000001 1.9945461750881264
0.5000000000000001 0.5000000000000001 0.5000000000000001 5.0746134290805935
0.5000000000000001 0.5000000000000001 0.5000000000000001 5.074613728148247
0.5000000000000001 0.5000000000000001 0.5000000000000001 5.217642263746234
0.5000000000000001 0.5000000000000001 0.5000000000000001 5.217642646894177
0.5000000000000001 0.5000000000000001 0.5000000000000001 5.351655022530582
0.5000000000000001 0.5000000000000001 0.5000000000000001 5.351655756182025
0.5000000000000001 0.5000000000000001 0.5000000000000001 5.41350221724672
0.5000000000000001 0.5000000000000001 0.5000000000000001 5.413502975895801
0.5000000000000001 0.5000000000000001 0.5000000000000001 5.511431374428391
0.5000000000000001 0.5000000000000001 0.5000000000000001 5.511431630141122
0.5000000000000001 0.5000000000000001 0.5000000000000001 5.572875218158554
0.5000000000000001 0.5000000000000001 0.5000000000000001 5.572875765751928
0.5000000000000001 0.5000000000000001 0.5000000000000001 5.6874727761229495
0.5000000000000001 0.5000000000000001 0.5000000000000001 5.687473201284484
0.5000000000000001 0.5000000000000001 0.5000000000000001 5.828554185255879
0.5000000000000001 0.5000000000000001 0.5000000000000001 5.828554484661812
0.5000000000000001 0.5000000000000001 0.5000000000000001 6.353542309538155
0.5000000000000001 0.5000000000000001 0.5000000000000001 6.353542657794392
0.5000000000000001 0.5000000000000001 0.5000000000000001 6.480903212097968
0.5000000000000001 0.5000000000000001 0.5000000000000001 6.480903508161299
0.5000000000000001 0.5000000000000001 0.5000000000000001 6.5697266532512675
0.5000000000000001 0.5000000000000001 0.5000000000000001 6.56972725208687
0.5000000000000001 0.5000000000000001 0.5000000000000001 6.617371278431314
0.5000000000000001 0.5000000000000001 0.5000000000000001 6.617371849164966
0.5000000000000001 0.5000000000000001 0.5000000000000001 6.66090214683874
0.5000000000000001 0.5000000000000001 0.5000000000000001 6.660902554995523
0.5000000000000001 0.5000000000000001 0.5000000000000001 6.712660715094793
0.5000000000000001 0.5000000000000001 0.5000000000000001 6.712661137869146
0.5000000000000001 0.5000000000000001 0.5000000000000001 6.734465077538133
0.5000000000000001 0.5000000000000001 0.5000000000000001 6.73446532080368
0.5000000000000001 0.5000000000000001 0.5000000000000001 6.816418785230946
0.5000000000000001 0.5000000000000001 0.5000000000000001 6.816419201149672
0.5000000000000001 0.5000000000000001 0.5000000000000001 6.856467657670734
0.5000000000000001 0.5000000000000001 0.5000000000000001 6.856468459835107
0.5000000000000001 0.5000000000000001 0.5000000000000001 6.9257239292392585
0.5000000000000001 0.5000000000000001 0.5000000000000001 6.925724176893436
0.5000000000000001 0.5000000000000001 0.5000000000000001 6.97324147800893
0.5000000000000001 0.5000000000000001 0.5000000000000001 6.9732421652660745
0.5000000000000001 0.5000000000000001 0.5000000000000001 7.082106805363934
0.5000000000000001 0.5000000000000001 0.5000000000000001 7.082107185652492
0.5000000000000001 0.5000000000000001 0.5000000000000001 7.155276499337097
0.5000000000000001 0.5000000000000001 0.5000000000000001 7.155277134820834
0.5000000000000001 0.5000000000000001 0.5000000000000001 7.197009484915233
0.5000000000000001 0.5000000000000001 0.5000000000000001 7.197009769153217
0.5000000000000001 0.5000000000000001 0.5000000000000001 7.263905556965802
0.5000000000000001 0.5000000000000001 0.5000000000000001 7.263905885268254
0.5000000000000001 0.5000000000000001 0.5000000000000001 7.385596685660858
0.5000000000000001 0.5000000000000001 0.5000000000000001 7.385597042698292
0.5000000000000001 0.4750000000000001 0.4750000000000001 -4.874018549963349
0.5000000000000001 0.4750000000000001 0.4750000000000001 -4.869771146052935
0.5000000000000001 0.4750000000000001 0.4750000000000001 -4.8426575885026155
0.5000000000000001 0.4750000000000001 0.4750000000000001 -4.838397139772071
0.5000000000000001 0.4750000000000001 0.4750000000000001 -4.8013892929721385
0.5000000000000001 0.4750000000000001 0.4750000000000001 -4.786582783990496
0.5000000000000001 0.4750000000000001 0.4750000000000001 -4.7738862509032325
0.5000000000000001 0.4750000000000001 0.4750000000000001 -4.757537111705113
0.5000000000000001 0.4750000000000001 0.4750000000000001 -4.734687344640163
0.5000000000000001 0.4750000000000001 0.4750000000000001 -4.725000045785847
0.5000000000000001 0.4750000000000001 0.4750000000000001 -4.647973009343617
0.5000000000000001 0.4750000000000001 0.4750000000000001 -4.635891732486234
0.5000000000000001 0.4750000000000001 0.4750000000000001 -4.629622250242599
0.5000000000000001 0.4750000000000001 0.4750000000000001 -4.6139085288310655
0.5000000000000001 0.4750000000000001 0.4750000000000001 -4.599379512065604
0.5000000000000001 0.4750000000000001 0.4750000000000001 -4.5730183212496955
0.5000000000000001 0.4750000000000001 0.4750000000000001 -0.514339964292664
0.5000000000000001 0.4750000000000001 0.4750000000000001 -0.48674029141216746
0.5000000000000001 0.4750000000000001 0.4750000000000001 -0.3671706962604907
0.5000000000000001 0.4750000000000001 0.4750000000000001 -0.36351313724792667
0.5000000000000001 0.4750000000000001 0.4750000000000001 -0.34907047646304257
0.5000000000000001 0.4750000000000001 0.4750000000000001 -0.3386676983479502
0.5000000000000001 0.4750000000000001 0.4750000000000001 -0.30760024189783586
0.5000000000000001 0.4750000000000001 0.4750000000000001 -0.2976572696043984
0.5000000000000001 0.4750000000000001 0.4750000000000001 -0.27464006802803453
0.5000000000000001 0.4750000000000001 0.4750000000000001 -0.2618439190363082
0.5000000000000001 0.4750000000000001 0.4750000000000001 -0.2501923763864866
0.5000000000000001 0.4750000000000001 0.4750000000000001 -0.2398590441892008
0.5000000000000001 0.4750000000000001 0.4750000000000001 -0.2094775154437274
0.5000000000000001 0.4750000000000001 0.4750000000000001 -0.2004777203216106
0.5000000000000001 0.4750000000000001 0.4750000000000001 -0.15844614624057396
0.5000000000000001 0.4750000000000001 0.4750000000000001 -0.1453541549005859
0.5000000000000001 0.4750000000000001 0.4750000000000001 -0.12492504937180067
0.5000000000000001 0.4750000000000001 0.4750000000000001 -0.12184174358851459
0.5000000000000001 0.4750000000000001 0.4750000000000001 -0.09426751005289269
0.5000000000000001 0.4750000000000001 0.4750000000000001 -0.08419686886360989
0.5000000000000001 0.4750000000000001 0.4750000000000001 -0.07471190921640236
0.5000000000000001 0.4750000000000001 0.4750000000000001 -0.06699505025272678
0.5000000000000001 0.4750000000000001 0.4750000000000001 -0.004740024153853106
0.5000000000000001 0.4750000000000001 0.4750000000000001 0.002949454729376022
0.5000000000000001 0.4750000000000001 0.4750000000000001 0.0333665689252447
0.5000000000000001 0.4750000000000001 0.4750000000000001 0.042551699962759315
0.5000000000000001 0.4750000000000001 0.4750000000000001 0.09263347786352297
0.5000000000000001 0.4750000000000001 0.4750000000000001 0.09902948687533748
0.5000000000000001 0.4750000000000001 0.4750000000000001 0.14207486604415642
0.5000000000000001 0.4750000000000001 0.4750000000000001 0.15246139543255577
0.5000000000000001 0.4750000000000001 0.4750000000000001 0.16832720811465052
0.5000000000000001 0.4750000000000001 0.4750000000000001 0.18098986359762126
0.5000000000000001 0.4750000000000001 0.4750000000000001 0.19711108983397807
0.5000000000000001 0.4750000000000001 0.4750000000000001 0.21870577692432924
0.5000000000000001 0.4750000000000001 0.4750000000000001 0.23752379601404533
0.5000000000000001 0.4750000000000001 0.4750000000000001 0.24250745277110403
0.5000000000000001 0.4750000000000001 0.4750000000000001 0.26077178486877095
0.5000000000000001 0.4750000000000001 0.4750000000000001 0.27718799037788777
0.5000000000000001 0.4750000000000001 0.4750000000000001 0.304542932139217
0.5000000000000001 0.4750000000000001 0.4750000000000001 0.3130057378376021
0.5000000000000001 0.4750000000000001 0.4750000000000001 0.3304195550257818
0.5000000000000001 0.4750000000000001 0.4750000000000001 0.3437694503903366
0.5000000000000001 0.4750000000000001 0.4750000000000001 0.3582055126430559
0.5000000000000001 0.4750000000000001 0.4750000000000001 0.36664960599031193
0.5000000000000001 0.4750000000000001 0.4750000000000001 0.384703160319833
0.5000000000000001 0.4750000000000001 0.4750000000000001 0.393713713107366
0.5000000000000001 0.4750000000000001 0.4750000000000001 0.4776386957049006
0.5000000000000001 0.4750000000000001 0.4750000000000001 0.48494074446298896
0.5000000000000001 0.4750000000000001 0.4750000000000001 0.6541908884966872
0.5000000000000001 0.4750000000000001 0.4750000000000001 0.6586200953745474
0.5000000000000001 0.4750000000000001 0.4750000000000001 0.6833014768266085
0.5000000000000001 0.4750000000000001 0.4750000000000001 0.6872541640349411
0.5000000000000001 0.4750000000000001 0.4750000000000001 0.7047037379493135
0.5000000000000001 0.4750000000000001 0.4750000000000001 0.7149630374088395
0.5000000000000001 0.4750000000000001 0.4750000000000001 0.7187106158335413
0.5000000000000001 0.4750000000000001 0.4750000000000001 0.7273534755510243
0.5000000000000001 0.4750000000000001 0.4750000000000001 0.7446533303305323
0.5000000000000001 0.4750000000000001 0.4750000000000001 0.7544774805052343
0.5000000000000001 0.4750000000000001 0.4750000000000001 0.7713891642804237
0.5000000000000001 0.4750000000000001 0.4750000000000001 0.7764658525914576
0.5000000000000001 0.4750000000000001 0.4750000000000001 0.7861444981667759
0.5000000000000001 0.4750000000000001 0.4750000000000001 0.7899604867730016
0.5000000000000001 0.4750000000000001 0.4750000000000001 0.8112963658767471
0.5000000000000001 0.4750000000000001 0.4750000000000001 0.8184282443604003
0.5000000000000001 0.4750000000000001 0.4750000000000001 0.8369959148415924
0.5000000000000001 0.4750000000000001 0.4750000000000001 0.8431693140955283
0.5000000000000001 0.4750000000000001 0.4750000000000001 0.8688748196715412
0.5000000000000001 0.4750000000000001 0.4750000000000001 0.8762800116594501
0.5000000000000001 0.4750000000000001 0.4750000000000001 0.8823167438835697
0.5000000000000001 0.4750000000000001 0.4750000000000001 0.8906140218258569
0.5000000000000001 0.4750000000000001 0.4750000000000001 0.905711525686715
0.5000000000000001 0.4750000000000001 0.4750000000000001 0.9121322524933044
0.5000000000000001 0.4750000000000001 0.4750000000000001 0.9263447954145656
0.5000000000000001 0.4750000000000001 0.4750000000000001 0.9323371499874781
0.5000000000000001 0.4750000000000001 0.4750000000000001 0.9590867557293881
0.5000000000000001 0.4750000000000001 0.4750000000000001 0.9630770579104241
0.5000000000000001 0.4750000000000001 0.4750000000000001 0.9805481603292192
0.5000000000000001 0.4750000000000001 0.4750000000000001 0.9863093337603047
0.5000000000000001 0.4750000000000001 0.4750000000000001 0.9987329385251866
0.5000000000000001 0.4750000000000001 0.4750000000000001 1.0050942346340686
0.5000000000000001 0.4750000000000001 0.4750000000000001 1.0315536997124974
0.5000000000000001 0.4750000000000001 0.4750000000000001 1.0397222321370974
0.5000000000000001 0.4750000000000001 0.4750000000000001 1.052035297308429
0.5000000000000001 0.4750000000000001 0.4750000000000001 1.0581889482383267
0.5000000000000001 0.4750000000000001 0.4750000000000001 1.0770465813209755
0.5000000000000001 0.4750000000000001 0.4750000000000001 1.086055525784733
0.5000000000000001 0.4750000000000001 0.4750000000000001 1.09619174221597
0.5000000000000001 0.4750000000000001 0.4750000000000001 1.0982473203385144
0.5000000000000001 0.4750000000000001 0.4750000000000001 1.122321747779556
0.5000000000000001 0.4750000000000001 0.4750000000000001 1.1315704850799913
0.5000000000000001 0.4750000000000001 0.4750000000000001 1.1583188864535483
0.5000000000000001 0.4750000000000001 0.4750000000000001 1.1643151425146325
0.5000000000000001 0.4750000000000001 0.4750000000000001 1.1905363623468421
0.5000000000000001 0.4750000000000001 0.4750000000000001 1.1961224875481975
0.5000000000000001 0.4750000000000001 0.4750000000000001 1.2185399171887146
0.5000000000000001 0.4750000000000001 0.4750000000000001 1.2231442851622345
0.5000000000000001 0.4750000000000001 0.4750000000000001 1.2535295274049183
0.5000000000000001 0.4750000000000001 0.4750000000000001 1.255804732525422
0.5000000000000001 0.4750000000000001 0.4750000000000001 1.274865993883504
0.5000000000000001 0.4750000000000001 0.4750000000000001 1.2769560952281973
0.5000000000000001 0.4750000000000001 0.4750000000000001 1.2997510705803783
0.5000000000000001 0.4750000000000001 0.4750000000000001 1.3023707241904363
0.5000000000000001 0.4750000000000001 0.4750000000000001 1.3237904457955514
0.5000000000000001 0.4750000000000001 0.4750000000000001 1.3299963682550686
0.5000000000000001 0.4750000000000001 0.4750000000000001 1.3622255987221459
0.5000000000000001 0.4750000000000001 0.4750000000000001 1.3656274815616296
0.5000000000000001 0.4750000000000001 0.4750000000000001 1.3912398633647107
0.5000000000000001 0.4750000000000001 0.4750000000000001 1.3937937732007146
0.5000000000000001 0.4750000000000001 0.4750000000000001 1.4162571774787354
0.5000000000000001 0.4750000000000001 0.4750000000000001 1.4214998571372497
0.5000000000000001 0.4750000000000001 0.4750000000000001 1.4268819821431034
0.5000000000000001 0.4750000000000001 0.4750000000000001 1.4324187698339217
0.5000000000000001 0.4750000000000001 0.4750000000000001 1.4482867907432246
0.5000000000000001 0.4750000000000001 0.4750000000000001 1.4537030326576565
0.5000000000000001 0.4750000000000001 0.4750000000000001 1.4678300064506251
0.5000000000000001 0.4750000000000001 0.4750000000000001 1.4709074250183367
0.5000000000000001 0.4750000000000001 0.4750000000000001 1.494693931183179
0.5000000000000001 0.4750000000000001 0.4750000000000001 1.498634250300193
0.5000000000000001 0.4750000000000001 0.4750000000000001 1.5129137372100308
0.5000000000000001 0.4750000000000001 0.4750000000000001 1.516674971669894
0.5000000000000001 0.4750000000000001 0.4750000000000001 1.5342431229462772
0.5000000000000001 0.4750000000000001 0.4750000000000001 1.542961729159174
0.5000000000000001 0.4750000000000001 0.4750000000000001 1.5592893635646283
0.5000000000000001 0.4750000000000001 0.4750000000000001 1.5632724545309458
0.5000000000000001 0.4750000000000001 0.4750000000000001 1.5921422842828785
0.5000000000000001 0.4750000000000001 0.4750000000000001 1.5969030512671112
0.5000000000000001 0.4750000000000001 0.4750000000000001 1.61244478209165
0.5000000000000001 0.4750000000000001 0.4750000000000001 1.6166340849109084
0.5000000000000001 0.4750000000000001 0.4750000000000001 1.6527903403719724
0.5000000000000001 0.4750000000000001 0.4750000000000001 1.6574806488060398
0.5000000000000001 0.4750000000000001 0.4750000000000001 1.6752600601865524
0.5000000000000001 0.4750000000000001 0.4750000000000001 1.6847153955586087
0.5000000000000001 0.4750000000000001 0.4750000000000001 1.727549575723069
0.5000000000000001 0.4750000000000001 0.4750000000000001 1.733708713176295
0.5000000000000001 0.4750000000000001 0.4750000000000001 1.7584600217669333
0.5000000000000001 0.4750000000000001 0.4750000000000001 1.762659704944848
0.5000000000000001 0.4750000000000001 0.4750000000000001 1.7987070704719974
0.5000000000000001 0.4750000000000001 0.4750000000000001 1.8043448136973002
0.5000000000000001 0.4750000000000001 0.4750000000000001 1.863228884489704
0.5000000000000001 0.4750000000000001 0.4750000000000001 1.870507179771816
0.5000000000000001 0.4750000000000001 0.4750000000000001 1.8868138405744768
0.5000000000000001 0.4750000000000001 0.4750000000000001 1.8984949529482762
0.5000000000000001 0.4750000000000001 0.4750000000000001 1.9917445016819277
0.5000000000000001 0.4750000000000001 0.4750000000000001 1.998757542663908
0.5000000000000001 0.4750000000000001 0.4750000000000001 5.050337465865653
0.5000000000000001 0.4750000000000001 0.4750000000000001 5.086155686626841
0.5000000000000001 0.4750000000000001 0.4750000000000001 5.184582631964074
0.5000000000000001 0.4750000000000001 0.4750000000000001 5.239987676671737
0.5000000000000001 0.4750000000000001 0.4750000000000001 5.324341461420232
0.5000000000000001 0.4750000000000001 0.4750000000000001 5.358097686795026
0.5000000000000001 0.4750000000000001 0.4750000000000001 5.37936938556552
0.5000000000000001 0.4750000000000001 0.4750000000000001 5.438298689638046
0.5000000000000001 0.4750000000000001 0.4750000000000001 5.498457905998271
0.5000000000000001 0.4750000000000001 0.4750000000000001 5.529112799335464
0.5000000000000001 0.4750000000000001 0.4750000000000001 5.560701261261886
0.5000000000000001 0.4750000000000001 0.4750000000000001 5.583920863018933
0.5000000000000001 0.4750000000000001 0.4750000000000001 5.683059994134814
0.5000000000000001 0.4750000000000001 0.4750000000000001 5.697313324005121
0.5000000000000001 0.4750000000000001 0.4750000000000001 5.810021712640677
0.5000000000000001 0.4750000000000001 0.4750000000000001 5.851580483570556
0.5000000000000001 0.4750000000000001 0.4750000000000001 6.333118981410738
0.5000000000000001 0.4750000000000001 0.4750000000000001 6.3621521243760695
0.5000000000000001 0.4750000000000001 0.4750000000000001 6.45094030147921
0.5000000000000001 0.4750000000000001 0.4750000000000001 6.4908905036886235
0.5000000000000001 0.4750000000000001 0.4750000000000001 6.544503213159235
0.5000000000000001 0.4750000000000001 0.4750000000000001 6.57756533750199
0.5000000000000001 0.4750000000000001 0.4750000000000001 6.594208030779573
0.5000000000000001 0.4750000000000001 0.4750000000000001 6.625778066561194
0.5000000000000001 0.4750000000000001 0.4750000000000001 6.647213483903187
0.5000000000000001 0.4750000000000001 0.4750000000000001 6.674620904695279
0.5000000000000001 0.4750000000000001 0.4750000000000001 6.697195674997641
0.5000000000000001 0.4750000000000001 0.4750000000000001 6.714523316111809
0.5000000000000001 0.4750000000000001 0.4750000000000001 6.730122696724302
0.5000000000000001 0.4750000000000001 0.4750000000000001 6.750615142203322
0.5000000000000001 0.4750000000000001 0.4750000000000001 6.796241763871792
0.5000000000000001 0.4750000000000001 0.4750000000000001 6.825922978045884
0.5000000000000001 0.4750000000000001 0.4750000000000001 6.856497998523547
0.5000000000000001 0.4750000000000001 0.4750000000000001 6.881184043398664
0.5000000000000001 0.4750000000000001 0.4750000000000001 6.910128236931186
0.5000000000000001 0.4750000000000001 0.4750000000000001 6.936657663586775
0.5000000000000001 0.4750000000000001 0.4750000000000001 6.96204381923156
0.5000000000000001 0.4750000000000001 0.4750000000000001 7.0071017949446555
0.5000000000000001 0.4750000000000001 0.4750000000000001 7.069311994555708
0.5000000000000001 0.4750000000000001 0.4750000000000001 7.106408121331081
0.5000000000000001 0.4750000000000001 0.4750000000000001 7.146927682254724
0.5000000000000001 0.4750000000000001 0.4750000000000001 7.172726200425883
0.5000000000000001 0.4750000000000001 0.4750000000000001 7.184814514922902
0.5000000000000001 0.4750000000000001 0.4750000000000001 7.220839421464585
0.5000000000000001 0.4750000000000001 0.4750000000000001 7.266260674357255
0.5000000000000001 0.4750000000000001 0.4750000000000001 7.289589024365543
0.5000000000000001 0.4750000000000001 0.4750000000000001 7.379363287617651
0.5000000000000001 0.4750000000000001 0.4750000000000001 7.409144106388876
0.5000000000000001 0.45000000000000007 0.45000000000000007 -4.883850382341818
0.5000000000000001 0.45000000000000007 0.45000000000000007 -4.874096987144444
0.5000000000000001 0.45000000000000007 0.45000000000000007 -4.851226526339307
0.5000000000000001 0.45000000000000007 0.45000000000000007 -4.845070553446684
0.5000000000000001 0.45000000000000007 0.45000000000000007 -4.822639278407529
0.5000000000000001 0.45000000000000007 0.45000000000000007 -4.809859946997252
0.5000000000000001 0.45000000000000007 0.45000000000000007 -4.7827965130693855
0.5000000000000001 0.45000000000000007 0.45000000000000007 -4.763119900190876
0.5000000000000001 0.45000000000000007 0.45000000000000007 -4.715292366013239
0.5000000000000001 0.45000000000000007 0.45000000000000007 -4.707731263242186
0.5000000000000001 0.45000000000000007 0.45000000000000007 -4.641504768184492
0.5000000000000001 0.45000000000000007 0.45000000000000007 -4.6365937853421055
0.5000000000000001 0.45000000000000007 0.45000000000000007 -4.626450917298905
0.5000000000000001 0.45000000000000007 0.45000000000000007 -4.606293901717299
0.5000000000000001 0.45000000000000007 0.45000000000000007 -4.576550058340027
0.5000000000000001 0.45000000000000007 0.45000000000000007 -4.532148019016089
0.5000000000000001 0.45000000000000007 0.45000000000000007 -0.5507376719976822
0.5000000000000001 0.45000000000000007 0.45000000000000007 -0.5057545626247935
0.5000000000000001 0.45000000000000007 0.45000000000000007 -0.38505388584275835
0.5000000000000001 0.45000000000000007 0.45000000000000007 -0.3695062212389173
0.5000000000000001 0.45000000000000007 0.45000000000000007 -0.3487064323620386
0.5000000000000001 0.45000000000000007 0.45000000000000007 -0.34027477696052255
0.5000000000000001 0.45000000000000007 0.45000000000000007 -0.3124383597507281
0.5000000000000001 0.45000000000000007 0.45000000000000007 -0.2967506393433075
0.5000000000000001 0.45000000000000007 0.45000000000000007 -0.28713135310672566
0.5000000000000001 0.45000000000000007 0.45000000000000007 -0.26953841862222916
0.5000000000000001 0.45000000000000007 0.45000000000000007 -0.2577408232856797
0.5000000000000001 0.45000000000000007 0.45000000000000007 -0.24315106908917627
0.5000000000000001 0.45000000000000007 0.45000000000000007 -0.21975433333724848
0.5000000000000001 0.45000000000000007 0.45000000000000007 -0.20903998989608485
0.5000000000000001 0.45000000000000007 0.45000000000000007 -0.1686585376074916
0.5000000000000001 0.45000000000000007 0.45000000000000007 -0.16072116965255923
0.5000000000000001 0.45000000000000007 0.45000000000000007 -0.1290338214955815
0.5000000000000001 0.45000000000000007 0.45000000000000007 -0.11857742762425705
0.5000000000000001 0.45000000000000007 0.45000000000000007 -0.0942833919878927
0.5000000000000001 0.45000000000000007 0.45000000000000007 -0.08391300829328063
0.5000000000000001 0.45000000000000007 0.45000000000000007 -0.07605435791873383
0.5000000000000001 0.45000000000000007 0.45000000000000007 -0.062363775569194146
0.5000000000000001 0.45000000000000007 0.45000000000000007 -0.0038283264098897263
0.5000000000000001 0.45000000000000007 0.45000000000000007 0.0054694409957942725
0.5000000000000001 0.45000000000000007 0.45000000000000007 0.031171452497248175
0.5000000000000001 0.45000000000000007 0.45000000000000007 0.04530293898539295
0.5000000000000001 0.45000000000000007 0.45000000000000007 0.09143237540485671
0.5000000000000001 0.45000000000000007 0.45000000000000007 0.09919311152010124
0.5000000000000001 0.45000000000000007 0.45000000000000007 0.13844403420760898
0.5000000000000001 0.45000000000000007 0.45000000000000007 0.15898063848868205
0.5000000000000001 0.45000000000000007 0.45000000000000007 0.16881969766820326
0.5000000000000001 0.45000000000000007 0.45000000000000007 0.18108430969364164
0.5000000000000001 0.45000000000000007 0.45000000000000007 0.20603501963161364
0.5000000000000001 0.45000000000000007 0.45000000000000007 0.22930661385788476
0.5000000000000001 0.45000000000000007 0.45000000000000007 0.2385421866655575
0.5000000000000001 0.45000000000000007 0.45000000000000007 0.2486512675515602
0.5000000000000001 0.45000000000000007 0.45000000000000007 0.2678109903719088
0.5000000000000001 0.45000000000000007 0.45000000000000007 0.2880182467204957
0.5000000000000001 0.45000000000000007 0.45000000000000007 0.30664517479986486
0.5000000000000001 0.45000000000000007 0.45000000000000007 0.31423034908892866
0.5000000000000001 0.45000000000000007 0.45000000000000007 0.3322641167989824
0.5000000000000001 0.45000000000000007 0.45000000000000007 0.34835439947172375
0.5000000000000001 0.45000000000000007 0.45000000000000007 0.36216722418449177
0.5000000000000001 0.45000000000000007 0.45000000000000007 0.37521129888385296
0.5000000000000001 0.45000000000000007 0.45000000000000007 0.3863115945549609
0.5000000000000001 0.45000000000000007 0.45000000000000007 0.4015284570266644
0.5000000000000001 0.45000000000000007 0.45000000000000007 0.47858687111207665
0.5000000000000001 0.45000000000000007 0.45000000000000007 0.4924279579903006
0.5000000000000001 0.45000000000000007 0.45000000000000007 0.6520945453184126
0.5000000000000001 0.45000000000000007 0.45000000000000007 0.6600756294570527
0.5000000000000001 0.45000000000000007 0.45000000000000007 0.6817495644151936
0.5000000000000001 0.45000000000000007 0.45000000000000007 0.6879532767314872
0.5000000000000001 0.45000000000000007 0.45000000000000007 0.699187459324877
0.5000000000000001 0.45000000000000007 0.45000000000000007 0.7120604463875688
0.5000000000000001 0.45000000000000007 0.45000000000000007 0.7218146067873796
0.5000000000000001 0.45000000000000007 0.45000000000000007 0.7318719637444762
0.5000000000000001 0.45000000000000007 0.45000000000000007 0.742704661394133
0.5000000000000001 0.45000000000000007 0.45000000000000007 0.7611056300713352
0.5000000000000001 0.45000000000000007 0.45000000000000007 0.7692228885081374
0.5000000000000001 0.45000000000000007 0.45000000000000007 0.7778706579234811
0.5000000000000001 0.45000000000000007 0.45000000000000007 0.7869473235834515
0.5000000000000001 0.45000000000000007 0.45000000000000007 0.7912572767603618
0.5000000000000001 0.45000000000000007 0.45000000000000007 0.8087676411565958
0.5000000000000001 0.45000000000000007 0.45000000000000007 0.8220652019120598
0.5000000000000001 0.45000000000000007 0.45000000000000007 0.8374441679070568
0.5000000000000001 0.45000000000000007 0.45000000000000007 0.8482078941487723
0.5000000000000001 0.45000000000000007 0.45000000000000007 0.8667492387441431
0.5000000000000001 0.45000000000000007 0.45000000000000007 0.8794835440040848
0.5000000000000001 0.45000000000000007 0.45000000000000007 0.8813769168598259
0.5000000000000001 0.45000000000000007 0.45000000000000007 0.8938305791116585
0.5000000000000001 0.45000000000000007 0.45000000000000007 0.9029205137611322
0.5000000000000001 0.45000000000000007 0.45000000000000007 0.9161221513915141
0.5000000000000001 0.45000000000000007 0.45000000000000007 0.9292909940763421
0.5000000000000001 0.45000000000000007 0.45000000000000007 0.9374594402206009
0.5000000000000001 0.45000000000000007 0.45000000000000007 0.9587194907272556
0.5000000000000001 0.45000000000000007 0.45000000000000007 0.9657643290568538
0.5000000000000001 0.45000000000000007 0.45000000000000007 0.9782568010815744
0.5000000000000001 0.45000000000000007 0.45000000000000007 0.9887178877384928
0.5000000000000001 0.45000000000000007 0.45000000000000007 0.9970198978527414
0.5000000000000001 0.45000000000000007 0.45000000000000007 1.009132040211104
0.5000000000000001 0.45000000000000007 0.45000000000000007 1.0302528356977838
0.5000000000000001 0.45000000000000007 0.45000000000000007 1.0447147139408948
0.5000000000000001 0.45000000000000007 0.45000000000000007 1.0531562554851774
0.5000000000000001 0.45000000000000007 0.45000000000000007 1.0624615349734103
0.5000000000000001 0.45000000000000007 0.45000000000000007 1.0745586789393178
0.5000000000000001 0.45000000000000007 0.45000000000000007 1.0912726354938282
0.5000000000000001 0.45000000000000007 0.45000000000000007 1.098162249828368
0.5000000000000001 0.45000000000000007 0.45000000000000007 1.1025487597091381
0.5000000000000001 0.45000000000000007 0.45000000000000007 1.1184705036049474
0.5000000000000001 0.45000000000000007 0.45000000000000007 1.1357335523672658
0.5000000000000001 0.45000000000000007 0.45000000000000007 1.157403137343758
0.5000000000000001 0.45000000000000007 0.45000000000000007 1.1688133240827918
0.5000000000000001 0.45000000000000007 0.45000000000000007 1.1886402803807323
0.5000000000000001 0.45000000000000007 0.45000000000000007 1.1993233781148218
0.5000000000000001 0.45000000000000007 0.45000000000000007 1.2178499535208394
0.5000000000000001 0.45000000000000007 0.45000000000000007 1.2263707763417813
0.5000000000000001 0.45000000000000007 0.45000000000000007 1.2532714771541473
0.5000000000000001 0.45000000000000007 0.45000000000000007 1.2579956076800065
0.5000000000000001 0.45000000000000007 0.45000000000000007 1.2745510671475049
0.5000000000000001 0.45000000000000007 0.45000000000000007 1.2783382168069921
0.5000000000000001 0.45000000000000007 0.45000000000000007 1.2989541494558554
0.5000000000000001 0.45000000000000007 0.45000000000000007 1.3036682043182433
0.5000000000000001 0.45000000000000007 0.45000000000000007 1.3213432021909641
0.5000000000000001 0.45000000000000007 0.45000000000000007 1.3332093169856982
0.5000000000000001 0.45000000000000007 0.45000000000000007 1.3608096037409556
0.5000000000000001 0.45000000000000007 0.45000000000000007 1.3670143547501246
0.5000000000000001 0.45000000000000007 0.45000000000000007 1.3897221519118972
0.5000000000000001 0.45000000000000007 0.45000000000000007 1.3946326873194748
0.5000000000000001 0.45000000000000007 0.45000000000000007 1.4134655042647424
0.5000000000000001 0.45000000000000007 0.45000000000000007 1.4190918658560967
0.5000000000000001 0.45000000000000007 0.45000000000000007 1.4296503018789428
0.5000000000000001 0.45000000000000007 0.45000000000000007 1.435303157843031
0.5000000000000001 0.45000000000000007 0.45000000000000007 1.4467058313215215
0.5000000000000001 0.45000000000000007 0.45000000000000007 1.455082114839473
0.5000000000000001 0.45000000000000007 0.45000000000000007 1.4686472326735167
0.5000000000000001 0.45000000000000007 0.45000000000000007 1.474221830687687
0.5000000000000001 0.45000000000000007 0.45000000000000007 1.4933390626660623
0.5000000000000001 0.45000000000000007 0.45000000000000007 1.49968678737776
0.5000000000000001 0.45000000000000007 0.45000000000000007 1.5134452009632111
0.5000000000000001 0.45000000000000007 0.45000000000000007 1.5192492167515996
0.5000000000000001 0.45000000000000007 0.45000000000000007 1.5316361865008554
0.5000000000000001 0.45000000000000007 0.45000000000000007 1.5485953051594405
0.5000000000000001 0.45000000000000007 0.45000000000000007 1.558512098898448
0.5000000000000001 0.45000000000000007 0.45000000000000007 1.5655603358122798
0.5000000000000001 0.45000000000000007 0.45000000000000007 1.5905800956888552
0.5000000000000001 0.45000000000000007 0.45000000000000007 1.599001299574983
0.5000000000000001 0.45000000000000007 0.45000000000000007 1.6128803034409316
0.5000000000000001 0.45000000000000007 0.45000000000000007 1.6205895767602287
0.5000000000000001 0.45000000000000007 0.45000000000000007 1.6510442272389287
0.5000000000000001 0.45000000000000007 0.45000000000000007 1.6593440423537569
0.5000000000000001 0.45000000000000007 0.45000000000000007 1.672798337827242
0.5000000000000001 0.45000000000000007 0.45000000000000007 1.6911399468197024
0.5000000000000001 0.45000000000000007 0.45000000000000007 1.725622266786889
0.5000000000000001 0.45000000000000007 0.45000000000000007 1.737565312361249
0.5000000000000001 0.45000000000000007 0.45000000000000007 1.759027820634655
0.5000000000000001 0.45000000000000007 0.45000000000000007 1.7672137784323025
0.5000000000000001 0.45000000000000007 0.45000000000000007 1.799060574220026
0.5000000000000001 0.45000000000000007 0.45000000000000007 1.8106679656373377
0.5000000000000001 0.45000000000000007 0.45000000000000007 1.8552694053904553
0.5000000000000001 0.45000000000000007 0.45000000000000007 1.874332265856756
0.5000000000000001 0.45000000000000007 0.45000000000000007 1.889999068264716
0.5000000000000001 0.45000000000000007 0.45000000000000007 1.9094650214003392
0.5000000000000001 0.45000000000000007 0.45000000000000007 1.9905351988622257
0.5000000000000001 0.45000000000000007 0.45000000000000007 2.004209608569602
0.5000000000000001 0.45000000000000007 0.45000000000000007 5.016629520753469
0.5000000000000001 0.45000000000000007 0.45000000000000007 5.077251867958102
0.5000000000000001 0.45000000000000007 0.45000000000000007 5.149911162328732
0.5000000000000001 0.45000000000000007 0.45000000000000007 5.242942228874545
0.5000000000000001 0.45000000000000007 0.45000000000000007 5.28940989750966
0.5000000000000001 0.45000000000000007 0.45000000000000007 5.329453771037564
0.5000000000000001 0.45000000000000007 0.45000000000000007 5.353173868918885
0.5000000000000001 0.45000000000000007 0.45000000000000007 5.4496891914976855
0.5000000000000001 0.45000000000000007 0.45000000000000007 5.4888075042147255
0.5000000000000001 0.45000000000000007 0.45000000000000007 5.529982811955415
0.5000000000000001 0.45000000000000007 0.45000000000000007 5.563079770174795
0.5000000000000001 0.45000000000000007 0.45000000000000007 5.598997487205078
0.5000000000000001 0.45000000000000007 0.45000000000000007 5.678409928790107
0.5000000000000001 0.45000000000000007 0.45000000000000007 5.706436090543127
0.5000000000000001 0.45000000000000007 0.45000000000000007 5.807232521969858
0.5000000000000001 0.45000000000000007 0.45000000000000007 5.87462696900357
0.5000000000000001 0.45000000000000007 0.45000000000000007 6.304122460230318
0.5000000000000001 0.45000000000000007 0.45000000000000007 6.352835177594366
0.5000000000000001 0.45000000000000007 0.45000000000000007 6.413361324951173
0.5000000000000001 0.45000000000000007 0.45000000000000007 6.467828411697347
0.5000000000000001 0.45000000000000007 0.45000000000000007 6.5223311836258056
0.5000000000000001 0.45000000000000007 0.45000000000000007 6.5538664889476035
0.5000000000000001 0.45000000000000007 0.45000000000000007 6.579950587409386
0.5000000000000001 0.45000000000000007 0.45000000000000007 6.6030107652330585
0.5000000000000001 0.45000000000000007 0.45000000000000007 6.646609134595595
0.5000000000000001 0.45000000000000007 0.45000000000000007 6.662771018822596
0.5000000000000001 0.45000000000000007 0.45000000000000007 6.674456115350555
0.5000000000000001 0.45000000000000007 0.45000000000000007 6.71590560480263
0.5000000000000001 0.45000000000000007 0.45000000000000007 6.74596584302695
0.5000000000000001 0.45000000000000007 0.45000000000000007 6.755956507627534
0.5000000000000001 0.45000000000000007 0.45000000000000007 6.794175206628812
0.5000000000000001 0.45000000000000007 0.45000000000000007 6.827802155413568
0.5000000000000001 0.45000000000000007 0.45000000000000007 6.8633661181658825
0.5000000000000001 0.45000000000000007 0.45000000000000007 6.889919180424916
0.5000000000000001 0.45000000000000007 0.45000000000000007 6.925291635463613
0.5000000000000001 0.45000000000000007 0.45000000000000007 6.946488421893125
0.5000000000000001 0.45000000000000007 0.45000000000000007 6.969000875224113
0.5000000000000001 0.45000000000000007 0.45000000000000007 7.044267102529476
0.5000000000000001 0.45000000000000007 0.45000000000000007 7.089743085869053
0.5000000000000001 0.45000000000000007 0.45000000000000007 7.128729466728179
0.5000000000000001 0.45000000000000007 0.45000000000000007 7.152267492028827
0.5000000000000001 0.45000000000000007 0.45000000000000007 7.186807892907764
0.5000000000000001 0.45000000000000007 0.45000000000000007 7.2102012463275535
0.5000000000000001 0.45000000000000007 0.45000000000000007 7.2429728060428875
0.5000000000000001 0.45000000000000007 0.45000000000000007 7.2987018906759396
0.5000000000000001 0.45000000000000007 0.45000000000000007 7.333619967284355
0.5000000000000001 0.45000000000000007 0.45000000000000007 7.396407598491685
0.5000000000000001 0.45000000000000007 0.45000000000000007 7.4454908462642315
0.5000000000000001 0.42500000000000004 0.42500000000000004 -4.901036665930962
0.5000000000000001 0.42500000000000004 0.42500000000000004 -4.886874897035994
0.5000000000000001 0.42500000000000004 0.42500000000000004 -4.867019829652774
0.5000000000000001 0.42500000000000004 0.42500000000000004 -4.857581961558607
0.5000000000000001 0.42500000000000004 0.42500000000000004 -4.835677081977118
0.5000000000000001 0.42500000000000004 0.42500000000000004 -4.829927078780061
0.5000000000000001 0.42500000000000004 0.42500000000000004 -4.787885298146311
0.5000000000000001 0.42500000000000004 0.42500000000000004 -4.77138767284742
0.5000000000000001 0.42500000000000004 0.42500000000000004 -4.698723698647591
0.5000000000000001 0.42500000000000004 0.42500000000000004 -4.691940936717803
0.5000000000000001 0.42500000000000004 0.42500000000000004 -4.64096514947212
0.5000000000000001 0.42500000000000004 0.42500000000000004 -4.633331474802367
0.5000000000000001 0.42500000000000004 0.42500000000000004 -4.6119788460046385
0.5000000000000001 0.42500000000000004 0.42500000000000004 -4.593426641316971
0.5000000000000001 0.42500000000000004 0.42500000000000004 -4.5414863715033436
0.5000000000000001 0.42500000000000004 0.42500000000000004 -4.480036184161306
0.5000000000000001 0.42500000000000004 0.42500000000000004 -0.5929426153330768
0.5000000000000001 0.42500000000000004 0.42500000000000004 -0.5381793579677572
0.5000000000000001 0.42500000000000004 0.42500000000000004 -0.41074647976855694
0.5000000000000001 0.42500000000000004 0.42500000000000004 -0.38578638160282974
0.5000000000000001 0.42500000000000004 0.42500000000000004 -0.3566073270336618
0.5000000000000001 0.42500000000000004 0.42500000000000004 -0.3452225012859236
0.5000000000000001 0.42500000000000004 0.42500000000000004 -0.32099086644215546
0.5000000000000001 0.42500000000000004 0.42500000000000004 -0.3036135927681524
0.5000000000000001 0.42500000000000004 0.42500000000000004 -0.2959414349396815
0.5000000000000001 0.42500000000000004 0.42500000000000004 -0.28040028107403536
0.5000000000000001 0.42500000000000004 0.42500000000000004 -0.2690276548136188
0.5000000000000001 0.42500000000000004 0.42500000000000004 -0.2520653591280464
0.5000000000000001 0.42500000000000004 0.42500000000000004 -0.23306001575455593
0.5000000000000001 0.42500000000000004 0.42500000000000004 -0.22371769793492113
0.5000000000000001 0.42500000000000004 0.42500000000000004 -0.186284267906359
0.5000000000000001 0.42500000000000004 0.42500000000000004 -0.17402728841330894
0.5000000000000001 0.42500000000000004 0.42500000000000004 -0.14544955385546388
0.5000000000000001 0.42500000000000004 0.42500000000000004 -0.12570613509902095
0.5000000000000001 0.42500000000000004 0.42500000000000004 -0.09669506164311237
0.5000000000000001 0.42500000000000004 0.42500000000000004 -0.08833243861999307
0.5000000000000001 0.42500000000000004 0.42500000000000004 -0.06247767236490631
0.5000000000000001 0.42500000000000004 0.42500000000000004 -0.04933819165403275
0.5000000000000001 0.42500000000000004 0.42500000000000004 -0.004272831766114926
0.5000000000000001 0.42500000000000004 0.42500000000000004 0.007830909810492948
0.5000000000000001 0.42500000000000004 0.42500000000000004 0.03209757751828857
0.5000000000000001 0.42500000000000004 0.42500000000000004 0.04919287143028139
0.5000000000000001 0.42500000000000004 0.42500000000000004 0.09028356821071526
0.5000000000000001 0.42500000000000004 0.42500000000000004 0.0989742446332551
0.5000000000000001 0.42500000000000004 0.42500000000000004 0.12999797920545042
0.5000000000000001 0.42500000000000004 0.42500000000000004 0.14978800787021296
0.5000000000000001 0.42500000000000004 0.42500000000000004 0.18561029259029826
0.5000000000000001 0.42500000000000004 0.42500000000000004 0.19868923049415788
0.5000000000000001 0.42500000000000004 0.42500000000000004 0.21903983081711687
0.5000000000000001 0.42500000000000004 0.42500000000000004 0.2353830080586432
0.5000000000000001 0.42500000000000004 0.42500000000000004 0.2446927301912103
0.5000000000000001 0.42500000000000004 0.42500000000000004 0.2557395715429944
0.5000000000000001 0.42500000000000004 0.42500000000000004 0.28228395951444885
0.5000000000000001 0.42500000000000004 0.42500000000000004 0.29341058555433897
0.5000000000000001 0.42500000000000004 0.42500000000000004 0.3120415044179411
0.5000000000000001 0.42500000000000004 0.42500000000000004 0.3172275690570219
0.5000000000000001 0.42500000000000004 0.42500000000000004 0.34077709517795896
0.5000000000000001 0.42500000000000004 0.42500000000000004 0.35333987585843474
0.5000000000000001 0.42500000000000004 0.42500000000000004 0.3691469191907215
0.5000000000000001 0.42500000000000004 0.42500000000000004 0.38342362867379
0.5000000000000001 0.42500000000000004 0.42500000000000004 0.39469013138842524
0.5000000000000001 0.42500000000000004 0.42500000000000004 0.41085448342678266
0.5000000000000001 0.42500000000000004 0.42500000000000004 0.48247328439767134
0.5000000000000001 0.42500000000000004 0.42500000000000004 0.5016911244886622
0.5000000000000001 0.42500000000000004 0.42500000000000004 0.6502967943019566
0.5000000000000001 0.42500000000000004 0.42500000000000004 0.6605185125877231
0.5000000000000001 0.42500000000000004 0.42500000000000004 0.6803586546902731
0.5000000000000001 0.42500000000000004 0.42500000000000004 0.6867146019216465
0.5000000000000001 0.42500000000000004 0.42500000000000004 0.6954037843227674
0.5000000000000001 0.42500000000000004 0.42500000000000004 0.7099086762757878
0.5000000000000001 0.42500000000000004 0.42500000000000004 0.7239696554204791
0.5000000000000001 0.42500000000000004 0.42500000000000004 0.7350003639227793
0.5000000000000001 0.42500000000000004 0.42500000000000004 0.7438476290981271
0.5000000000000001 0.42500000000000004 0.42500000000000004 0.7641062603913165
0.5000000000000001 0.42500000000000004 0.42500000000000004 0.7712628017853129
0.5000000000000001 0.42500000000000004 0.42500000000000004 0.7782009624624573
0.5000000000000001 0.42500000000000004 0.42500000000000004 0.7885808356360798
0.5000000000000001 0.42500000000000004 0.42500000000000004 0.7932274699881862
0.5000000000000001 0.42500000000000004 0.42500000000000004 0.8085150841849771
0.5000000000000001 0.42500000000000004 0.42500000000000004 0.8256745010601723
0.5000000000000001 0.42500000000000004 0.42500000000000004 0.8397610332486183
0.5000000000000001 0.42500000000000004 0.42500000000000004 0.8527108003993984
0.5000000000000001 0.42500000000000004 0.42500000000000004 0.8668683352504081
0.5000000000000001 0.42500000000000004 0.42500000000000004 0.8790023815170667
0.5000000000000001 0.42500000000000004 0.42500000000000004 0.8865124843760412
0.5000000000000001 0.42500000000000004 0.42500000000000004 0.8963565727611522
0.5000000000000001 0.42500000000000004 0.42500000000000004 0.9011134166109006
0.5000000000000001 0.42500000000000004 0.42500000000000004 0.9207252091381521
0.5000000000000001 0.42500000000000004 0.42500000000000004 0.9353532133732515
0.5000000000000001 0.42500000000000004 0.42500000000000004 0.9416477362337528
0.5000000000000001 0.42500000000000004 0.42500000000000004 0.959837966671202
0.5000000000000001 0.42500000000000004 0.42500000000000004 0.9685213997889761
0.5000000000000001 0.42500000000000004 0.42500000000000004 0.9774782778382924
0.5000000000000001 0.42500000000000004 0.42500000000000004 0.9912315293998596
0.5000000000000001 0.42500000000000004 0.42500000000000004 0.9968400842201947
0.5000000000000001 0.42500000000000004 0.42500000000000004 1.0138959666260012
0.5000000000000001 0.42500000000000004 0.42500000000000004 1.0303316541357601
0.5000000000000001 0.42500000000000004 0.42500000000000004 1.0482205665070543
0.5000000000000001 0.42500000000000004 0.42500000000000004 1.0573790038576778
0.5000000000000001 0.42500000000000004 0.42500000000000004 1.0653207679705652
0.5000000000000001 0.42500000000000004 0.42500000000000004 1.0759212121735908
0.5000000000000001 0.42500000000000004 0.42500000000000004 1.096311805791632
0.5000000000000001 0.42500000000000004 0.42500000000000004 1.1018291222715126
0.5000000000000001 0.42500000000000004 0.42500000000000004 1.1090175748323219
0.5000000000000001 0.42500000000000004 0.42500000000000004 1.115970376516385
0.5000000000000001 0.42500000000000004 0.42500000000000004 1.1391169053234274
0.5000000000000001 0.42500000000000004 0.42500000000000004 1.1578516272881725
0.5000000000000001 0.42500000000000004 0.42500000000000004 1.1741127204886688
0.5000000000000001 0.42500000000000004 0.42500000000000004 1.187302272376085
0.5000000000000001 0.42500000000000004 0.42500000000000004 1.2024551356345947
0.5000000000000001 0.42500000000000004 0.42500000000000004 1.2183995432079913
0.5000000000000001 0.42500000000000004 0.42500000000000004 1.2295731775109768
0.5000000000000001 0.42500000000000004 0.42500000000000004 1.2530903955863906
0.5000000000000001 0.42500000000000004 0.42500000000000004 1.2605556316253352
0.5000000000000001 0.42500000000000004 0.42500000000000004 1.2749541014498753
0.5000000000000001 0.42500000000000004 0.42500000000000004 1.280291534413306
0.5000000000000001 0.42500000000000004 0.42500000000000004 1.298525446495457
0.5000000000000001 0.42500000000000004 0.42500000000000004 1.3042219700364757
0.5000000000000001 0.42500000000000004 0.42500000000000004 1.319982396840314
0.5000000000000001 0.42500000000000004 0.42500000000000004 1.3361304208486446
0.5000000000000001 0.42500000000000004 0.42500000000000004 1.3599806462419863
0.5000000000000001 0.42500000000000004 0.42500000000000004 1.3677986747624349
0.5000000000000001 0.42500000000000004 0.42500000000000004 1.3879884886160747
0.5000000000000001 0.42500000000000004 0.42500000000000004 1.394779447748232
0.5000000000000001 0.42500000000000004 0.42500000000000004 1.4122486401466303
0.5000000000000001 0.42500000000000004 0.42500000000000004 1.4170764252353956
0.5000000000000001 0.42500000000000004 0.42500000000000004 1.4312298731305297
0.5000000000000001 0.42500000000000004 0.42500000000000004 1.437329368829361
0.5000000000000001 0.42500000000000004 0.42500000000000004 1.447093710241087
0.5000000000000001 0.42500000000000004 0.42500000000000004 1.455510408362957
0.5000000000000001 0.42500000000000004 0.42500000000000004 1.4706932387817373
0.5000000000000001 0.42500000000000004 0.42500000000000004 1.4779807349317657
0.5000000000000001 0.42500000000000004 0.42500000000000004 1.493088255045655
0.5000000000000001 0.42500000000000004 0.42500000000000004 1.5001152743368147
0.5000000000000001 0.42500000000000004 0.42500000000000004 1.5155307668468216
0.5000000000000001 0.42500000000000004 0.42500000000000004 1.5214742584609047
0.5000000000000001 0.42500000000000004 0.42500000000000004 1.5308757459091282
0.5000000000000001 0.42500000000000004 0.42500000000000004 1.5531108785629533
0.5000000000000001 0.42500000000000004 0.42500000000000004 1.5605560156902802
0.5000000000000001 0.42500000000000004 0.42500000000000004 1.5675395875155287
0.5000000000000001 0.42500000000000004 0.42500000000000004 1.590232207077742
0.5000000000000001 0.42500000000000004 0.42500000000000004 1.6007768412060077
0.5000000000000001 0.42500000000000004 0.42500000000000004 1.6150638497203902
0.5000000000000001 0.42500000000000004 0.42500000000000004 1.625432128787744
0.5000000000000001 0.42500000000000004 0.42500000000000004 1.6501442605561305
0.5000000000000001 0.42500000000000004 0.42500000000000004 1.6601633610597233
0.5000000000000001 0.42500000000000004 0.42500000000000004 1.672453486837358
0.5000000000000001 0.42500000000000004 0.42500000000000004 1.6985284421655154
0.5000000000000001 0.42500000000000004 0.42500000000000004 1.7246358107201578
0.5000000000000001 0.42500000000000004 0.42500000000000004 1.741554270041755
0.5000000000000001 0.42500000000000004 0.42500000000000004 1.7613543998610401
0.5000000000000001 0.42500000000000004 0.42500000000000004 1.7737293614084955
0.5000000000000001 0.42500000000000004 0.42500000000000004 1.8011814302984401
0.5000000000000001 0.42500000000000004 0.42500000000000004 1.8190580414177226
0.5000000000000001 0.42500000000000004 0.42500000000000004 1.8460069669416779
0.5000000000000001 0.42500000000000004 0.42500000000000004 1.8808400558192542
0.5000000000000001 0.42500000000000004 0.42500000000000004 1.8979918728347478
0.5000000000000001 0.42500000000000004 0.42500000000000004 1.9221715994785935
0.5000000000000001 0.42500000000000004 0.42500000000000004 1.9910898425451515
0.5000000000000001 0.42500000000000004 0.42500000000000004 2.0107581049588203
0.5000000000000001 0.42500000000000004 0.42500000000000004 4.975212020449984
0.5000000000000001 0.42500000000000004 0.42500000000000004 5.04083866000312
0.5000000000000001 0.42500000000000004 0.42500000000000004 5.119048432720533
0.5000000000000001 0.42500000000000004 0.42500000000000004 5.218757371639558
0.5000000000000001 0.42500000000000004 0.42500000000000004 5.2518439869245785
0.5000000000000001 0.42500000000000004 0.42500000000000004 5.297222887050444
0.5000000000000001 0.42500000000000004 0.42500000000000004 5.325739815087331
0.5000000000000001 0.42500000000000004 0.42500000000000004 5.442433808576969
0.5000000000000001 0.42500000000000004 0.42500000000000004 5.47336872333805
0.5000000000000001 0.42500000000000004 0.42500000000000004 5.530365058473901
0.5000000000000001 0.42500000000000004 0.42500000000000004 5.56121497714436
0.5000000000000001 0.42500000000000004 0.42500000000000004 5.624880781443233
0.5000000000000001 0.42500000000000004 0.42500000000000004 5.659260414218055
0.5000000000000001 0.42500000000000004 0.42500000000000004 5.719031474954457
0.5000000000000001 0.42500000000000004 0.42500000000000004 5.824183211559719
0.5000000000000001 0.42500000000000004 0.42500000000000004 5.897428423963289
0.5000000000000001 0.42500000000000004 0.42500000000000004 6.26852646238799
0.5000000000000001 0.42500000000000004 0.42500000000000004 6.317523098800226
0.5000000000000001 0.42500000000000004 0.42500000000000004 6.376408399828457
0.5000000000000001 0.42500000000000004 0.42500000000000004 6.430280964292477
0.5000000000000001 0.42500000000000004 0.42500000000000004 6.493930417952831
0.5000000000000001 0.42500000000000004 0.42500000000000004 6.5229545779772575
0.5000000000000001 0.42500000000000004 0.42500000000000004 6.557742501802457
0.5000000000000001 0.42500000000000004 0.42500000000000004 6.5841211197904865
0.5000000000000001 0.42500000000000004 0.42500000000000004 6.622099013784829
0.5000000000000001 0.42500000000000004 0.42500000000000004 6.642663721743359
0.5000000000000001 0.42500000000000004 0.42500000000000004 6.657494591602387
0.5000000000000001 0.42500000000000004 0.42500000000000004 6.710942100236267
0.5000000000000001 0.42500000000000004 0.42500000000000004 6.759804909314361
0.5000000000000001 0.42500000000000004 0.42500000000000004 6.7646591073035465
0.5000000000000001 0.42500000000000004 0.42500000000000004 6.79262457477422
0.5000000000000001 0.42500000000000004 0.42500000000000004 6.834867424205957
0.5000000000000001 0.42500000000000004 0.42500000000000004 6.863217934219886
0.5000000000000001 0.42500000000000004 0.42500000000000004 6.896213619073533
0.5000000000000001 0.42500000000000004 0.42500000000000004 6.944851742448487
0.5000000000000001 0.42500000000000004 0.42500000000000004 6.974869881812019
0.5000000000000001 0.42500000000000004 0.42500000000000004 6.9956963621595385
0.5000000000000001 0.42500000000000004 0.42500000000000004 7.069961241781709
0.5000000000000001 0.42500000000000004 0.42500000000000004 7.128904513449805
0.5000000000000001 0.42500000000000004 0.42500000000000004 7.164580665118063
0.5000000000000001 0.42500000000000004 0.42500000000000004 7.171838269028772
0.5000000000000001 0.42500000000000004 0.42500000000000004 7.2188099601888505
0.5000000000000001 0.42500000000000004 0.42500000000000004 7.2466376500050345
0.5000000000000001 0.42500000000000004 0.42500000000000004 7.275830790899457
0.5000000000000001 0.42500000000000004 0.42500000000000004 7.349762090070644
0.5000000000000001 0.42500000000000004 0.42500000000000004 7.383495891366432
0.5000000000000001 0.42500000000000004 0.42500000000000004 7.438763870218354
0.5000000000000001 0.42500000000000004 0.42500000000000004 7.4928846184361175
0.5000000000000001 0.4 0.4 -4.92336263466956
0.5000000000000001 0.4 0.4 -4.90787214243172
0.5000000000000001 0.4 0.4 -4.891016052812165
0.5000000000000001 0.4 0.4 -4.878747595988132
0.5000000000000001 0.4 0.4 -4.839840802240674
0.5000000000000001 0.4 0.4 -4.837842628957383
0.5000000000000001 0.4 0.4 -4.7896169533884025
0.5000000000000001 0.4 0.4 -4.775827686514433
0.5000000000000001 0.4 0.4 -4.688938679530926
0.5000000000000001 0.4 0.4 -4.679810409849013
0.5000000000000001 0.4 0.4 -4.64271528469653
0.5000000000000001 0.4 0.4 -4.632027554170909
0.5000000000000001 0.4 0.4 -4.586478645654819
0.5000000000000001 0.4 0.4 -4.5735427631079615
0.5000000000000001 0.4 0.4 -4.499492031433264
0.5000000000000001 0.4 0.4 -4.42102912508641
0.5000000000000001 0.4 0.4 -0.6373713347324719
0.5000000000000001 0.4 0.4 -0.5764220481307136
0.5000000000000001 0.4 0.4 -0.43890489011200096
0.5000000000000001 0.4 0.4 -0.41082570714602173
0.5000000000000001 0.4 0.4 -0.3759480619191464
0.5000000000000001 0.4 0.4 -0.3582839747874047
0.5000000000000001 0.4 0.4 -0.3393958695367312
0.5000000000000001 0.4 0.4 -0.3224468470204558
0.5000000000000001 0.4 0.4 -0.3013552913310349
0.5000000000000001 0.4 0.4 -0.29078040241095504
0.5000000000000001 0.4 0.4 -0.2790715774516128
0.5000000000000001 0.4 0.4 -0.2628502522174365
0.5000000000000001 0.4 0.4 -0.24840377850007034
0.5000000000000001 0.4 0.4 -0.2404405191201917
0.5000000000000001 0.4 0.4 -0.20906551850679023
0.5000000000000001 0.4 0.4 -0.18917037023043637
0.5000000000000001 0.4 0.4 -0.1661453116367433
0.5000000000000001 0.4 0.4 -0.14508038886823993
0.5000000000000001 0.4 0.4 -0.09653010726798039
0.5000000000000001 0.4 0.4 -0.0933291919337268
0.5000000000000001 0.4 0.4 -0.04633641963678503
0.5000000000000001 0.4 0.4 -0.033190317368484656
0.5000000000000001 0.4 0.4 -0.005568057304293994
0.5000000000000001 0.4 0.4 0.0033400240222247746
0.5000000000000001 0.4 0.4 0.042795200258632704
0.5000000000000001 0.4 0.4 0.058653954064825875
0.5000000000000001 0.4 0.4 0.086572873469839
0.5000000000000001 0.4 0.4 0.0983185811453966
0.5000000000000001 0.4 0.4 0.12759700572408672
0.5000000000000001 0.4 0.4 0.14456429568722484
0.5000000000000001 0.4 0.4 0.20180713388597038
0.5000000000000001 0.4 0.4 0.2105323830028718
0.5000000000000001 0.4 0.4 0.24009582506227925
0.5000000000000001 0.4 0.4 0.24332363107527202
0.5000000000000001 0.4 0.4 0.25172968640434856
0.5000000000000001 0.4 0.4 0.2680931036166836
0.5000000000000001 0.4 0.4 0.29245799331908806
0.5000000000000001 0.4 0.4 0.30033665465762116
0.5000000000000001 0.4 0.4 0.31628476312860876
0.5000000000000001 0.4 0.4 0.33018248767367187
0.5000000000000001 0.4 0.4 0.34834857098928396
0.5000000000000001 0.4 0.4 0.3616173143472583
0.5000000000000001 0.4 0.4 0.37768326338457303
0.5000000000000001 0.4 0.4 0.3932281892875258
0.5000000000000001 0.4 0.4 0.4065674739838494
0.5000000000000001 0.4 0.4 0.42179711388325103
0.5000000000000001 0.4 0.4 0.48865707258277613
0.5000000000000001 0.4 0.4 0.5121604792775338
0.5000000000000001 0.4 0.4 0.6487560181690579
0.5000000000000001 0.4 0.4 0.6601008558817609
0.5000000000000001 0.4 0.4 0.6779514207461128
0.5000000000000001 0.4 0.4 0.6850969591559695
0.5000000000000001 0.4 0.4 0.6929516444717709
0.5000000000000001 0.4 0.4 0.7099031614651619
0.5000000000000001 0.4 0.4 0.724728961685333
0.5000000000000001 0.4 0.4 0.7373261851001143
0.5000000000000001 0.4 0.4 0.7468017647522958
0.5000000000000001 0.4 0.4 0.7621739851782516
0.5000000000000001 0.4 0.4 0.7764130865897202
0.5000000000000001 0.4 0.4 0.7808288082251721
0.5000000000000001 0.4 0.4 0.7883736928910379
0.5000000000000001 0.4 0.4 0.797819822389557
0.5000000000000001 0.4 0.4 0.8106288778426967
0.5000000000000001 0.4 0.4 0.8291091261338259
0.5000000000000001 0.4 0.4 0.843260814910229
0.5000000000000001 0.4 0.4 0.8553385034122742
0.5000000000000001 0.4 0.4 0.8710405011305031
0.5000000000000001 0.4 0.4 0.8797554781202255
0.5000000000000001 0.4 0.4 0.8916337176453609
0.5000000000000001 0.4 0.4 0.8970459037637603
0.5000000000000001 0.4 0.4 0.9035468168987654
0.5000000000000001 0.4 0.4 0.9253932989803229
0.5000000000000001 0.4 0.4 0.9417915658465735
0.5000000000000001 0.4 0.4 0.9447992352794677
0.5000000000000001 0.4 0.4 0.9624143658989031
0.5000000000000001 0.4 0.4 0.971200896641526
0.5000000000000001 0.4 0.4 0.9793469419000065
0.5000000000000001 0.4 0.4 0.9932229860283615
0.5000000000000001 0.4 0.4 0.9998409859269497
0.5000000000000001 0.4 0.4 1.0191925905368056
0.5000000000000001 0.4 0.4 1.031279969734424
0.5000000000000001 0.4 0.4 1.0515238687100883
0.5000000000000001 0.4 0.4 1.058808150265797
0.5000000000000001 0.4 0.4 1.0694524558152576
0.5000000000000001 0.4 0.4 1.081328411661164
0.5000000000000001 0.4 0.4 1.1010798232590149
0.5000000000000001 0.4 0.4 1.106327986335153
0.5000000000000001 0.4 0.4 1.1153002059024397
0.5000000000000001 0.4 0.4 1.1174577031487198
0.5000000000000001 0.4 0.4 1.1421449174275429
0.5000000000000001 0.4 0.4 1.1590934610869699
0.5000000000000001 0.4 0.4 1.180087415211097
0.5000000000000001 0.4 0.4 1.1863127996798537
0.5000000000000001 0.4 0.4 1.2056338467747096
0.5000000000000001 0.4 0.4 1.219897452782953
0.5000000000000001 0.4 0.4 1.2320406733265301
0.5000000000000001 0.4 0.4 1.2527431897024321
0.5000000000000001 0.4 0.4 1.2632653570306136
0.5000000000000001 0.4 0.4 1.2754961494515706
0.5000000000000001 0.4 0.4 1.2835858743890718
0.5000000000000001 0.4 0.4 1.298313079303219
0.5000000000000001 0.4 0.4 1.3035410988042535
0.5000000000000001 0.4 0.4 1.3202354113527681
0.5000000000000001 0.4 0.4 1.338347785305066
0.5000000000000001 0.4 0.4 1.360075298600682
0.5000000000000001 0.4 0.4 1.3677558456433747
0.5000000000000001 0.4 0.4 1.3861325695704032
0.5000000000000001 0.4 0.4 1.3941488908023842
0.5000000000000001 0.4 0.4 1.4122314948850418
0.5000000000000001 0.4 0.4 1.4165703564220162
0.5000000000000001 0.4 0.4 1.4304539382974362
0.5000000000000001 0.4 0.4 1.439943008178659
0.5000000000000001 0.4 0.4 1.4479998899133708
0.5000000000000001 0.4 0.4 1.4559214192707364
0.5000000000000001 0.4 0.4 1.4730871813582231
0.5000000000000001 0.4 0.4 1.4815554320211781
0.5000000000000001 0.4 0.4 1.493767600854885
0.5000000000000001 0.4 0.4 1.5010735396363382
0.5000000000000001 0.4 0.4 1.5178968417428147
0.5000000000000001 0.4 0.4 1.523162762553561
0.5000000000000001 0.4 0.4 1.5329370648016765
0.5000000000000001 0.4 0.4 1.5545365561144537
0.5000000000000001 0.4 0.4 1.566240065995265
0.5000000000000001 0.4 0.4 1.5697064649411627
0.5000000000000001 0.4 0.4 1.591712642427754
0.5000000000000001 0.4 0.4 1.6026392017921296
0.5000000000000001 0.4 0.4 1.61856196651559
0.5000000000000001 0.4 0.4 1.6306601471614464
0.5000000000000001 0.4 0.4 1.6503394114912737
0.5000000000000001 0.4 0.4 1.6601851315324287
0.5000000000000001 0.4 0.4 1.6742856529880799
0.5000000000000001 0.4 0.4 1.7067028045765982
0.5000000000000001 0.4 0.4 1.7247422659033598
0.5000000000000001 0.4 0.4 1.7452970660185532
0.5000000000000001 0.4 0.4 1.7648674821100148
0.5000000000000001 0.4 0.4 1.7825669346873143
0.5000000000000001 0.4 0.4 1.8051597742423668
0.5000000000000001 0.4 0.4 1.8281397165176294
0.5000000000000001 0.4 0.4 1.8381502812585806
0.5000000000000001 0.4 0.4 1.890555926974966
0.5000000000000001 0.4 0.4 1.9101368619681462
0.5000000000000001 0.4 0.4 1.9368004569426933
0.5000000000000001 0.4 0.4 1.9935398954986043
0.5000000000000001 0.4 0.4 2.018304639762187
0.5000000000000001 0.4 0.4 4.9272953904021906
0.5000000000000001 0.4 0.4 4.986362068007055
0.5000000000000001 0.4 0.4 5.079542865384352
0.5000000000000001 0.4 0.4 5.180017588643655
0.5000000000000001 0.4 0.4 5.206049325254398
0.5000000000000001 0.4 0.4 5.27630899171308
0.5000000000000001 0.4 0.4 5.293547888432775
0.5000000000000001 0.4 0.4 5.4187778681937555
0.5000000000000001 0.4 0.4 5.454796964260285
0.5000000000000001 0.4 0.4 5.525891905729324
0.5000000000000001 0.4 0.4 5.559531634101868
0.5000000000000001 0.4 0.4 5.615106151947581
0.5000000000000001 0.4 0.4 5.663341750649354
0.5000000000000001 0.4 0.4 5.737404185497507
0.5000000000000001 0.4 0.4 5.849700400046772
0.5000000000000001 0.4 0.4 5.920593522508379
0.5000000000000001 0.4 0.4 6.227042855551746
0.5000000000000001 0.4 0.4 6.264077846666007
0.5000000000000001 0.4 0.4 6.331721011915137
0.5000000000000001 0.4 0.4 6.398645587893263
0.5000000000000001 0.4 0.4 6.460091170008783
0.5000000000000001 0.4 0.4 6.486732903723585
0.5000000000000001 0.4 0.4 6.532512598200837
0.5000000000000001 0.4 0.4 6.567354815340748
0.5000000000000001 0.4 0.4 6.588586798044026
0.5000000000000001 0.4 0.4 6.6196112388177575
0.5000000000000001 0.4 0.4 6.646153868718225
0.5000000000000001 0.4 0.4 6.701591873651223
0.5000000000000001 0.4 0.4 6.757009267761622
0.5000000000000001 0.4 0.4 6.76683992426842
0.5000000000000001 0.4 0.4 6.794331314490209
0.5000000000000001 0.4 0.4 6.829526230034749
0.5000000000000001 0.4 0.4 6.883134389401702
0.5000000000000001 0.4 0.4 6.910276983362982
0.5000000000000001 0.4 0.4 6.960862152120538
0.5000000000000001 0.4 0.4 7.0055119643538575
0.5000000000000001 0.4 0.4 7.044799787350297
0.5000000000000001 0.4 0.4 7.095037455110699
0.5000000000000001 0.4 0.4 7.165501359637544
0.5000000000000001 0.4 0.4 7.197298339702566
0.5000000000000001 0.4 0.4 7.218996404983058
0.5000000000000001 0.4 0.4 7.263473144718926
0.5000000000000001 0.4 0.4 7.293535301327551
0.5000000000000001 0.4 0.4 7.325303233604471
0.5000000000000001 0.4 0.4 7.411457181974565
0.5000000000000001 0.4 0.4 7.4376043702936485
0.5000000000000001 0.4 0.4 7.494392831626798
0.5000000000000001 0.4 0.4 7.552375740895498
0.5000000000000001 0.375 0.375 -4.948073416941045
0.5000000000000001 0.375 0.375 -4.932317449389974
0.5000000000000001 0.375 0.375 -4.917548369631403
0.5000000000000001 0.375 0.375 -4.905649418144672
0.5000000000000001 0.375 0.375 -4.839698321438876
0.5000000000000001 0.375 0.375 -4.838021115326238
0.5000000000000001 0.375 0.375 -4.789487555566631
0.5000000000000001 0.375 0.375 -4.7767862749048176
0.5000000000000001 0.375 0.375 -4.683825082039173
0.5000000000000001 0.375 0.375 -4.67294384801302
0.5000000000000001 0.375 0.375 -4.64417134193308
0.5000000000000001 0.375 0.375 -4.631044160426987
0.5000000000000001 0.375 0.375 -4.55630809678413
0.5000000000000001 0.375 0.375 -4.547809302011031
0.5000000000000001 0.375 0.375 -4.453202979079124
0.5000000000000001 0.375 0.375 -4.358200844569315
0.5000000000000001 0.375 0.375 -0.6818235396832106
0.5000000000000001 0.375 0.375 -0.6164913132549783
0.5000000000000001 0.375 0.375 -0.46830690399798325
0.5000000000000001 0.375 0.375 -0.44002494170323114
0.5000000000000001 0.375 0.375 -0.4020628909682573
0.5000000000000001 0.375 0.375 -0.3809440960074122
0.5000000000000001 0.375 0.375 -0.3637873595679775
0.5000000000000001 0.375 0.375 -0.347074407535481
0.5000000000000001 0.375 0.375 -0.3233769843800989
0.5000000000000001 0.375 0.375 -0.30115905588716974
0.5000000000000001 0.375 0.375 -0.2886229660792745
0.5000000000000001 0.375 0.375 -0.273011790656537
0.5000000000000001 0.375 0.375 -0.26435558824246286
0.5000000000000001 0.375 0.375 -0.25523487436371006
0.5000000000000001 0.375 0.375 -0.22932012132939938
0.5000000000000001 0.375 0.375 -0.20566648415926192
0.5000000000000001 0.375 0.375 -0.18915119889611987
0.5000000000000001 0.375 0.375 -0.16910165426410906
0.5000000000000001 0.375 0.375 -0.1024176929756112
0.5000000000000001 0.375 0.375 -0.09556398583905633
0.5000000000000001 0.375 0.375 -0.03686683312470507
0.5000000000000001 0.375 0.375 -0.020046253767738165
0.5000000000000001 0.375 0.375 -0.008239016496808915
0.5000000000000001 0.375 0.375 0.006488014393727148
0.5000000000000001 0.375 0.375 0.05468100657048591
0.5000000000000001 0.375 0.375 0.06501020095242893
0.5000000000000001 0.375 0.375 0.09024150824583455
0.5000000000000001 0.375 0.375 0.10182127284114095
0.5000000000000001 0.375 0.375 0.13108648522984812
0.5000000000000001 0.375 0.375 0.14574780129696574
0.5000000000000001 0.375 0.375 0.20965425301839158
0.5000000000000001 0.375 0.375 0.21801899766302135
0.5000000000000001 0.375 0.375 0.25186492928605875
0.5000000000000001 0.375 0.375 0.2551073764695591
0.5000000000000001 0.375 0.375 0.2671809742477391
0.5000000000000001 0.375 0.375 0.2856803612603942
0.5000000000000001 0.375 0.375 0.2964940778325742
0.5000000000000001 0.375 0.375 0.3169207395053091
0.5000000000000001 0.375 0.375 0.3238376690004402
0.5000000000000001 0.375 0.375 0.3450849126779598
0.5000000000000001 0.375 0.375 0.35499682839599256
0.5000000000000001 0.375 0.375 0.3702450168099096
0.5000000000000001 0.375 0.375 0.3898890780374318
0.5000000000000001 0.375 0.375 0.4055454634908058
0.5000000000000001 0.375 0.375 0.41849702510544695
0.5000000000000001 0.375 0.375 0.4347779488429202
0.5000000000000001 0.375 0.375 0.49635730596024086
0.5000000000000001 0.375 0.375 0.5233884714734316
0.5000000000000001 0.375 0.375 0.6474222297869021
0.5000000000000001 0.375 0.375 0.6590969047709612
0.5000000000000001 0.375 0.375 0.6751022339207084
0.5000000000000001 0.375 0.375 0.6840984516328518
0.5000000000000001 0.375 0.375 0.6910012717160132
0.5000000000000001 0.375 0.375 0.7116466060637672
0.5000000000000001 0.375 0.375 0.7255978644376224
0.5000000000000001 0.375 0.375 0.7396672900505887
0.5000000000000001 0.375 0.375 0.7489542700237664
0.5000000000000001 0.375 0.375 0.7608465508490294
0.5000000000000001 0.375 0.375 0.7777662053012113
0.5000000000000001 0.375 0.375 0.787580783940753
0.5000000000000001 0.375 0.375 0.7895554791920465
0.5000000000000001 0.375 0.375 0.8025080908903099
0.5000000000000001 0.375 0.375 0.8142198321167369
0.5000000000000001 0.375 0.375 0.8326917056451926
0.5000000000000001 0.375 0.375 0.8473055090431352
0.5000000000000001 0.375 0.375 0.8572704108652927
0.5000000000000001 0.375 0.375 0.8777587707267299
0.5000000000000001 0.375 0.375 0.8814435070530872
0.5000000000000001 0.375 0.375 0.896310186358112
0.5000000000000001 0.375 0.375 0.8980164975072916
0.5000000000000001 0.375 0.375 0.9091620379748679
0.5000000000000001 0.375 0.375 0.9300141881570463
0.5000000000000001 0.375 0.375 0.9446302717602617
0.5000000000000001 0.375 0.375 0.949391559126122
0.5000000000000001 0.375 0.375 0.9667780296782056
0.5000000000000001 0.375 0.375 0.9733011773302132
0.5000000000000001 0.375 0.375 0.9849024857008342
0.5000000000000001 0.375 0.375 0.994737349919288
0.5000000000000001 0.375 0.375 1.0060621239578573
0.5000000000000001 0.375 0.375 1.0244290929946782
0.5000000000000001 0.375 0.375 1.0330059623291348
0.5000000000000001 0.375 0.375 1.0534881781953391
0.5000000000000001 0.375 0.375 1.0591551467345257
0.5000000000000001 0.375 0.375 1.0751866528066092
0.5000000000000001 0.375 0.375 1.0881688712855269
0.5000000000000001 0.375 0.375 1.1051450807303
0.5000000000000001 0.375 0.375 1.1106035231929123
0.5000000000000001 0.375 0.375 1.1191039325479641
0.5000000000000001 0.375 0.375 1.1255291102107317
0.5000000000000001 0.375 0.375 1.1456880317605753
0.5000000000000001 0.375 0.375 1.1606475979026563
0.5000000000000001 0.375 0.375 1.1839338120713434
0.5000000000000001 0.375 0.375 1.1878866352625688
0.5000000000000001 0.375 0.375 1.2092095828740064
0.5000000000000001 0.375 0.375 1.2218943856225994
0.5000000000000001 0.375 0.375 1.2331452946717683
0.5000000000000001 0.375 0.375 1.252203485916823
0.5000000000000001 0.375 0.375 1.2661522085332226
0.5000000000000001 0.375 0.375 1.2755363759217557
0.5000000000000001 0.375 0.375 1.2882613347137921
0.5000000000000001 0.375 0.375 1.2981053134194316
0.5000000000000001 0.375 0.375 1.3020113298906795
0.5000000000000001 0.375 0.375 1.3220886539692867
0.5000000000000001 0.375 0.375 1.3395067964702516
0.5000000000000001 0.375 0.375 1.3612573688106546
0.5000000000000001 0.375 0.375 1.366741417037336
0.5000000000000001 0.375 0.375 1.3844482381105134
0.5000000000000001 0.375 0.375 1.393169608623178
0.5000000000000001 0.375 0.375 1.4116101793375053
0.5000000000000001 0.375 0.375 1.4179316717870591
0.5000000000000001 0.375 0.375 1.4293508997508004
0.5000000000000001 0.375 0.375 1.4420714744645435
0.5000000000000001 0.375 0.375 1.4487982025790362
0.5000000000000001 0.375 0.375 1.4567761561051373
0.5000000000000001 0.375 0.375 1.4749956011810248
0.5000000000000001 0.375 0.375 1.4851540646183246
0.5000000000000001 0.375 0.375 1.4944184920566839
0.5000000000000001 0.375 0.375 1.5030941895207723
0.5000000000000001 0.375 0.375 1.5193985503282939
0.5000000000000001 0.375 0.375 1.525629281161927
0.5000000000000001 0.375 0.375 1.5375878814183155
0.5000000000000001 0.375 0.375 1.5554533134071855
0.5000000000000001 0.375 0.375 1.5683770345322552
0.5000000000000001 0.375 0.375 1.5759205330408
0.5000000000000001 0.375 0.375 1.5959114348786407
0.5000000000000001 0.375 0.375 1.6047099054408571
0.5000000000000001 0.375 0.375 1.6230687298003197
0.5000000000000001 0.375 0.375 1.6354242070311447
0.5000000000000001 0.375 0.375 1.651890008152474
0.5000000000000001 0.375 0.375 1.6602755615594198
0.5000000000000001 0.375 0.375 1.6781420775580127
0.5000000000000001 0.375 0.375 1.715032185669263
0.5000000000000001 0.375 0.375 1.7264259378510785
0.5000000000000001 0.375 0.375 1.7484291184020115
0.5000000000000001 0.375 0.375 1.768647397204834
0.5000000000000001 0.375 0.375 1.7927496921893535
0.5000000000000001 0.375 0.375 1.811808929492157
0.5000000000000001 0.375 0.375 1.8277387935233715
0.5000000000000001 0.375 0.375 1.8435571050610813
0.5000000000000001 0.375 0.375 1.9036073403520186
0.5000000000000001 0.375 0.375 1.9267069275151076
0.5000000000000001 0.375 0.375 1.9537485243317434
0.5000000000000001 0.375 0.375 1.9980105339448695
0.5000000000000001 0.375 0.375 2.026841065508348
0.5000000000000001 0.375 0.375 4.873815669208733
0.5000000000000001 0.375 0.375 4.923988399638668
0.5000000000000001 0.375 0.375 5.025259364944604
0.5000000000000001 0.375 0.375 5.124046554712182
0.5000000000000001 0.375 0.375 5.171712005682296
0.5000000000000001 0.375 0.375 5.25000487631503
0.5000000000000001 0.375 0.375 5.263121448756882
0.5000000000000001 0.375 0.375 5.389908953783358
0.5000000000000001 0.375 0.375 5.427659822402344
0.5000000000000001 0.375 0.375 5.518094724753566
0.5000000000000001 0.375 0.375 5.5450546998866725
0.5000000000000001 0.375 0.375 5.582286139560048
0.5000000000000001 0.375 0.375 5.689066471443491
0.5000000000000001 0.375 0.375 5.758304463224498
0.5000000000000001 0.375 0.375 5.875464864006541
0.5000000000000001 0.375 0.375 5.943021008205154
0.5000000000000001 0.375 0.375 6.179448966276293
0.5000000000000001 0.375 0.375 6.206101520032671
0.5000000000000001 0.375 0.375 6.277648359281416
0.5000000000000001 0.375 0.375 6.371363355408683
0.5000000000000001 0.375 0.375 6.421231622837351
0.5000000000000001 0.375 0.375 6.456319858098138
0.5000000000000001 0.375 0.375 6.504280290302926
0.5000000000000001 0.375 0.375 6.543112278051313
0.5000000000000001 0.375 0.375 6.5646787217070806
0.5000000000000001 0.375 0.375 6.598654669075499
0.5000000000000001 0.375 0.375 6.632651863308727
0.5000000000000001 0.375 0.375 6.692116315700285
0.5000000000000001 0.375 0.375 6.745980267232221
0.5000000000000001 0.375 0.375 6.757807742192906
0.5000000000000001 0.375 0.375 6.795065482052175
0.5000000000000001 0.375 0.375 6.823343103008444
0.5000000000000001 0.375 0.375 6.902650644501721
0.5000000000000001 0.375 0.375 6.932220885142929
0.5000000000000001 0.375 0.375 6.990622487866292
0.5000000000000001 0.375 0.375 7.036865127219707
0.5000000000000001 0.375 0.375 7.092983231441216
0.5000000000000001 0.375 0.375 7.12888844311733
0.5000000000000001 0.375 0.375 7.201948916706273
0.5000000000000001 0.375 0.375 7.235078424911256
0.5000000000000001 0.375 0.375 7.271972695288187
0.5000000000000001 0.375 0.375 7.31334155116754
0.5000000000000001 0.375 0.375 7.353187814602301
0.5000000000000001 0.375 0.375 7.387920122059691
0.5000000000000001 0.375 0.375 7.478173957041007
0.5000000000000001 0.375 0.375 7.499810814472206
0.5000000000000001 0.375 0.375 7.5510552441636705
0.5000000000000001 0.375 0.375 7.623186227347335
0.5000000000000001 0.35 0.35 -4.9735442967224595
0.5000000000000001 0.35 0.35 -4.957442969816927
0.5000000000000001 0.35 0.35 -4.943903811479018
0.5000000000000001 0.35 0.35 -4.933771663378774
0.5000000000000001 0.35 0.35 -4.837348840223508
0.5000000000000001 0.35 0.35 -4.835429231999637
0.5000000000000001 0.35 0.35 -4.788462137936922
0.5000000000000001 0.35 0.35 -4.775675613412621
0.5000000000000001 0.35 0.35 -4.681428210529797
0.5000000000000001 0.35 0.35 -4.6703816571712
0.5000000000000001 0.35 0.35 -4.645525011476276
0.5000000000000001 0.35 0.35 -4.629955545407319
0.5000000000000001 0.35 0.35 -4.523935657074035
0.5000000000000001 0.35 0.35 -4.518283935169557
0.5000000000000001 0.35 0.35 -4.404456132095555
0.5000000000000001 0.35 0.35 -4.294578004788915
0.5000000000000001 0.35 0.35 -0.7249056186021656
0.5000000000000001 0.35 0.35 -0.6563332241281534
0.5000000000000001 0.35 0.35 -0.4981753686302932
0.5000000000000001 0.35 0.35 -0.47137671196273967
0.5000000000000001 0.35 0.35 -0.43202400699194765
0.5000000000000001 0.35 0.35 -0.40910468206375317
0.5000000000000001 0.35 0.35 -0.39083696397451195
0.5000000000000001 0.35 0.35 -0.37615537727721193
0.5000000000000001 0.35 0.35 -0.350254685221544
0.5000000000000001 0.35 0.35 -0.32318126865087304
0.5000000000000001 0.35 0.35 -0.3078728289905799
0.5000000000000001 0.35 0.35 -0.2880451459640536
0.5000000000000001 0.35 0.35 -0.27994207412635497
0.5000000000000001 0.35 0.35 -0.26359643275467004
0.5000000000000001 0.35 0.35 -0.24384216648200763
0.5000000000000001 0.35 0.35 -0.2216897794765318
0.5000000000000001 0.35 0.35 -0.21016631064128166
0.5000000000000001 0.35 0.35 -0.1931786068282344
0.5000000000000001 0.35 0.35 -0.11052392414051848
0.5000000000000001 0.35 0.35 -0.10065446003565182
0.5000000000000001 0.35 0.35 -0.03213702392224693
0.5000000000000001 0.35 0.35 -0.018065354522768473
0.5000000000000001 0.35 0.35 -0.005961790552164281
0.5000000000000001 0.35 0.35 0.018575980933828617
0.5000000000000001 0.35 0.35 0.0563018771102044
0.5000000000000001 0.35 0.35 0.0664725691018635
0.5000000000000001 0.35 0.35 0.10064190328815759
0.5000000000000001 0.35 0.35 0.11812199374149479
0.5000000000000001 0.35 0.35 0.1420638471399167
0.5000000000000001 0.35 0.35 0.15026761418562629
0.5000000000000001 0.35 0.35 0.21193092626768895
0.5000000000000001 0.35 0.35 0.22246291985632638
0.5000000000000001 0.35 0.35 0.25671253660673266
0.5000000000000001 0.35 0.35 0.26563092634150287
0.5000000000000001 0.35 0.35 0.28615537416135695
0.5000000000000001 0.35 0.35 0.29787732284869683
0.5000000000000001 0.35 0.35 0.3102163713155335
0.5000000000000001 0.35 0.35 0.33190537713131113
0.5000000000000001 0.35 0.35 0.3386982244075414
0.5000000000000001 0.35 0.35 0.3583073267522894
0.5000000000000001 0.35 0.35 0.36511149200233595
0.5000000000000001 0.35 0.35 0.3778041511387915
0.5000000000000001 0.35 0.35 0.40593466773649833
0.5000000000000001 0.35 0.35 0.41959130150004853
0.5000000000000001 0.35 0.35 0.4295572780121377
0.5000000000000001 0.35 0.35 0.449888373398311
0.5000000000000001 0.35 0.35 0.5050083133289549
0.5000000000000001 0.35 0.35 0.5351190634421679
0.5000000000000001 0.35 0.35 0.6462602630387293
0.5000000000000001 0.35 0.35 0.6578130617500273
0.5000000000000001 0.35 0.35 0.6730332125421024
0.5000000000000001 0.35 0.35 0.683368252833261
0.5000000000000001 0.35 0.35 0.6898943834024104
0.5000000000000001 0.35 0.35 0.7146665538555705
0.5000000000000001 0.35 0.35 0.7274439247429614
0.5000000000000001 0.35 0.35 0.741745866480505
0.5000000000000001 0.35 0.35 0.7495015048365428
0.5000000000000001 0.35 0.35 0.7618109914485789
0.5000000000000001 0.35 0.35 0.7797969348538221
0.5000000000000001 0.35 0.35 0.7890907922750543
0.5000000000000001 0.35 0.35 0.7969245972267069
0.5000000000000001 0.35 0.35 0.8067137317203601
0.5000000000000001 0.35 0.35 0.818468746795963
0.5000000000000001 0.35 0.35 0.8368559451880859
0.5000000000000001 0.35 0.35 0.851312530739488
0.5000000000000001 0.35 0.35 0.8598704404120792
0.5000000000000001 0.35 0.35 0.8818306226539945
0.5000000000000001 0.35 0.35 0.8867928438659074
0.5000000000000001 0.35 0.35 0.9005520603871863
0.5000000000000001 0.35 0.35 0.9015996725156739
0.5000000000000001 0.35 0.35 0.9155733578217422
0.5000000000000001 0.35 0.35 0.9350967844689233
0.5000000000000001 0.35 0.35 0.9452148746852309
0.5000000000000001 0.35 0.35 0.9540966595786946
0.5000000000000001 0.35 0.35 0.9721967178613113
0.5000000000000001 0.35 0.35 0.9767900691404722
0.5000000000000001 0.35 0.35 0.9922915598470273
0.5000000000000001 0.35 0.35 0.9972202117950872
0.5000000000000001 0.35 0.35 1.013615274639215
0.5000000000000001 0.35 0.35 1.028743605653216
0.5000000000000001 0.35 0.35 1.0357134893221218
0.5000000000000001 0.35 0.35 1.0526521094644057
0.5000000000000001 0.35 0.35 1.062594984904102
0.5000000000000001 0.35 0.35 1.0801851844715396
0.5000000000000001 0.35 0.35 1.0950423574511232
0.5000000000000001 0.35 0.35 1.1082445500885516
0.5000000000000001 0.35 0.35 1.1154839215997656
0.5000000000000001 0.35 0.35 1.1255364580161542
0.5000000000000001 0.35 0.35 1.132943269898317
0.5000000000000001 0.35 0.35 1.1506187263476386
0.5000000000000001 0.35 0.35 1.1623957988480225
0.5000000000000001 0.35 0.35 1.1828497174193062
0.5000000000000001 0.35 0.35 1.194102596344604
0.5000000000000001 0.35 0.35 1.2134053144557653
0.5000000000000001 0.35 0.35 1.224119958905165
0.5000000000000001 0.35 0.35 1.232910837526867
0.5000000000000001 0.35 0.35 1.251394056393912
0.5000000000000001 0.35 0.35 1.2691645032342231
0.5000000000000001 0.35 0.35 1.2750078858426277
0.5000000000000001 0.35 0.35 1.292217334212517
0.5000000000000001 0.35 0.35 1.2982763148155483
0.5000000000000001 0.35 0.35 1.3011471703829618
0.5000000000000001 0.35 0.35 1.3252668462045305
0.5000000000000001 0.35 0.35 1.3395864872984111
0.5000000000000001 0.35 0.35 1.3631322607048104
0.5000000000000001 0.35 0.35 1.3649442888430297
0.5000000000000001 0.35 0.35 1.3831547601994503
0.5000000000000001 0.35 0.35 1.3920523167632757
0.5000000000000001 0.35 0.35 1.4100806161498998
0.5000000000000001 0.35 0.35 1.41970020397192
0.5000000000000001 0.35 0.35 1.4289997243198078
0.5000000000000001 0.35 0.35 1.4429207933535944
0.5000000000000001 0.35 0.35 1.449978322347726
0.5000000000000001 0.35 0.35 1.4580446833314946
0.5000000000000001 0.35 0.35 1.4762479451825827
0.5000000000000001 0.35 0.35 1.488630423377824
0.5000000000000001 0.35 0.35 1.4949077589568844
0.5000000000000001 0.35 0.35 1.505782993465468
0.5000000000000001 0.35 0.35 1.520239717756347
0.5000000000000001 0.35 0.35 1.5292913327778104
0.5000000000000001 0.35 0.35 1.5434245938592897
0.5000000000000001 0.35 0.35 1.5575091307416935
0.5000000000000001 0.35 0.35 1.568762554849962
0.5000000000000001 0.35 0.35 1.5827099686047612
0.5000000000000001 0.35 0.35 1.6032430887095357
0.5000000000000001 0.35 0.35 1.606928909241815
0.5000000000000001 0.35 0.35 1.628492395855222
0.5000000000000001 0.35 0.35 1.6391207579109484
0.5000000000000001 0.35 0.35 1.6544627316885512
0.5000000000000001 0.35 0.35 1.6614494882914528
0.5000000000000001 0.35 0.35 1.6842121424514023
0.5000000000000001 0.35 0.35 1.7215544476893747
0.5000000000000001 0.35 0.35 1.7312721388168075
0.5000000000000001 0.35 0.35 1.7506672026365742
0.5000000000000001 0.35 0.35 1.771864226680564
0.5000000000000001 0.35 0.35 1.7999937958979508
0.5000000000000001 0.35 0.35 1.8207198496752648
0.5000000000000001 0.35 0.35 1.8291130624658791
0.5000000000000001 0.35 0.35 1.857071176270857
0.5000000000000001 0.35 0.35 1.9200773991190818
0.5000000000000001 0.35 0.35 1.9479440655220586
0.5000000000000001 0.35 0.35 1.9730743607199344
0.5000000000000001 0.35 0.35 2.004894471879635
0.5000000000000001 0.35 0.35 2.036527821477452
0.5000000000000001 0.35 0.35 4.8154692467352564
0.5000000000000001 0.35 0.35 4.8581525720365715
0.5000000000000001 0.35 0.35 4.961508252111136
0.5000000000000001 0.35 0.35 5.05702152893527
0.5000000000000001 0.35 0.35 5.142933705933161
0.5000000000000001 0.35 0.35 5.216429359557578
0.5000000000000001 0.35 0.35 5.234685830803635
0.5000000000000001 0.35 0.35 5.3584467460035645
0.5000000000000001 0.35 0.35 5.395358525425764
0.5000000000000001 0.35 0.35 5.498894013000587
0.5000000000000001 0.35 0.35 5.515960977647158
0.5000000000000001 0.35 0.35 5.557250938892288
0.5000000000000001 0.35 0.35 5.714506110324558
0.5000000000000001 0.35 0.35 5.777742084790729
0.5000000000000001 0.35 0.35 5.89819323615308
0.5000000000000001 0.35 0.35 5.959750919791743
0.5000000000000001 0.35 0.35 6.128450348032133
0.5000000000000001 0.35 0.35 6.149570965239995
0.5000000000000001 0.35 0.35 6.2213691602781305
0.5000000000000001 0.35 0.35 6.340249827504035
0.5000000000000001 0.35 0.35 6.380994154575463
0.5000000000000001 0.35 0.35 6.435478754819363
0.5000000000000001 0.35 0.35 6.475491804124293
0.5000000000000001 0.35 0.35 6.514237192132261
0.5000000000000001 0.35 0.35 6.550132031628479
0.5000000000000001 0.35 0.35 6.580178436538035
0.5000000000000001 0.35 0.35 6.618446114365166
0.5000000000000001 0.35 0.35 6.682696337963912
0.5000000000000001 0.35 0.35 6.732253751623707
0.5000000000000001 0.35 0.35 6.745699772744407
0.5000000000000001 0.35 0.35 6.791783259350539
0.5000000000000001 0.35 0.35 6.819439510914426
0.5000000000000001 0.35 0.35 6.906385831976092
0.5000000000000001 0.35 0.35 6.96832031498443
0.5000000000000001 0.35 0.35 7.033060481650148
0.5000000000000001 0.35 0.35 7.069181862059091
0.5000000000000001 0.35 0.35 7.135170332757556
0.5000000000000001 0.35 0.35 7.164023334538446
0.5000000000000001 0.35 0.35 7.244364543046839
0.5000000000000001 0.35 0.35 7.28163004900658
0.5000000000000001 0.35 0.35 7.323698832439227
0.5000000000000001 0.35 0.35 7.371803364021134
0.5000000000000001 0.35 0.35 7.417062529080128
0.5000000000000001 0.35 0.35 7.456871735036127
0.5000000000000001 0.35 0.35 7.545765055551809
0.5000000000000001 0.35 0.35 7.569916277484643
0.5000000000000001 0.35 0.35 7.607702092238057
0.5000000000000001 0.35 0.35 7.700114305820995
0.5000000000000001 0.32499999999999996 0.32499999999999996 -4.99885462663447
0.5000000000000001 0.32499999999999996 0.32499999999999996 -4.982255017812326
0.5000000000000001 0.32499999999999996 0.32499999999999996 -4.96905470325765
0.5000000000000001 0.32499999999999996 0.32499999999999996 -4.961397107336041
0.5000000000000001 0.32499999999999996 0.32499999999999996 -4.8336168562002
0.5000000000000001 0.32499999999999996 0.32499999999999996 -4.831426200665104
0.5000000000000001 0.32499999999999996 0.32499999999999996 -4.7869865132307545
0.5000000000000001 0.32499999999999996 0.32499999999999996 -4.773440637094241
0.5000000000000001 0.32499999999999996 0.32499999999999996 -4.680706062974528
0.5000000000000001 0.32499999999999996 0.32499999999999996 -4.670485306394487
0.5000000000000001 0.32499999999999996 0.32499999999999996 -4.647047637650575
0.5000000000000001 0.32499999999999996 0.32499999999999996 -4.628948645415388
0.5000000000000001 0.32499999999999996 0.32499999999999996 -4.490747671133674
0.5000000000000001 0.32499999999999996 0.32499999999999996 -4.486825774174481
0.5000000000000001 0.32499999999999996 0.32499999999999996 -4.354737560605946
0.5000000000000001 0.32499999999999996 0.32499999999999996 -4.233092698660375
0.5000000000000001 0.32499999999999996 0.32499999999999996 -0.7657801476400508
0.5000000000000001 0.32499999999999996 0.32499999999999996 -0.6948971003728843
0.5000000000000001 0.32499999999999996 0.32499999999999996 -0.527892910154435
0.5000000000000001 0.32499999999999996 0.32499999999999996 -0.5037480614815024
0.5000000000000001 0.32499999999999996 0.32499999999999996 -0.46387795957326894
0.5000000000000001 0.32499999999999996 0.32499999999999996 -0.43982441672044637
0.5000000000000001 0.32499999999999996 0.32499999999999996 -0.41993142676856543
0.5000000000000001 0.32499999999999996 0.32499999999999996 -0.4071878601469816
0.5000000000000001 0.32499999999999996 0.32499999999999996 -0.3796086802628498
0.5000000000000001 0.32499999999999996 0.32499999999999996 -0.34958326795557504
0.5000000000000001 0.32499999999999996 0.32499999999999996 -0.33481364052374474
0.5000000000000001 0.32499999999999996 0.32499999999999996 -0.30977317826961936
0.5000000000000001 0.32499999999999996 0.32499999999999996 -0.2955755327879164
0.5000000000000001 0.32499999999999996 0.32499999999999996 -0.2778198600406263
0.5000000000000001 0.32499999999999996 0.32499999999999996 -0.25596473477455994
0.5000000000000001 0.32499999999999996 0.32499999999999996 -0.24315276995093882
0.5000000000000001 0.32499999999999996 0.32499999999999996 -0.22250377425881496
0.5000000000000001 0.32499999999999996 0.32499999999999996 -0.2074491125491953
0.5000000000000001 0.32499999999999996 0.32499999999999996 -0.11921703558278285
0.5000000000000001 0.32499999999999996 0.32499999999999996 -0.10792009773346578
0.5000000000000001 0.32499999999999996 0.32499999999999996 -0.029497131083601857
0.5000000000000001 0.32499999999999996 0.32499999999999996 -0.017669882735638964
0.5000000000000001 0.32499999999999996 0.32499999999999996 0.00014972681029501445
0.5000000000000001 0.32499999999999996 0.32499999999999996 0.027883526355454435
0.5000000000000001 0.32499999999999996 0.32499999999999996 0.05094925036333198
0.5000000000000001 0.32499999999999996 0.32499999999999996 0.06718771543646085
0.5000000000000001 0.32499999999999996 0.32499999999999996 0.11550180303956559
0.5000000000000001 0.32499999999999996 0.32499999999999996 0.13428915758382143
0.5000000000000001 0.32499999999999996 0.32499999999999996 0.15275964218949234
0.5000000000000001 0.32499999999999996 0.32499999999999996 0.1649722673799472
0.5000000000000001 0.32499999999999996 0.32499999999999996 0.21313836264410213
0.5000000000000001 0.32499999999999996 0.32499999999999996 0.22392604643591962
0.5000000000000001 0.32499999999999996 0.32499999999999996 0.2612179759768276
0.5000000000000001 0.32499999999999996 0.32499999999999996 0.2763465119986579
0.5000000000000001 0.32499999999999996 0.32499999999999996 0.2989843533256602
0.5000000000000001 0.32499999999999996 0.32499999999999996 0.3115814309471867
0.5000000000000001 0.32499999999999996 0.32499999999999996 0.32235922789669846
0.5000000000000001 0.32499999999999996 0.32499999999999996 0.34342570194521116
0.5000000000000001 0.32499999999999996 0.32499999999999996 0.3600428158540584
0.5000000000000001 0.32499999999999996 0.32499999999999996 0.36729958410799723
0.5000000000000001 0.32499999999999996 0.32499999999999996 0.3804996253672727
0.5000000000000001 0.32499999999999996 0.32499999999999996 0.38680190043849744
0.5000000000000001 0.32499999999999996 0.32499999999999996 0.42460354936798517
0.5000000000000001 0.32499999999999996 0.32499999999999996 0.4338057512161386
0.5000000000000001 0.32499999999999996 0.32499999999999996 0.4407565828143318
0.5000000000000001 0.32499999999999996 0.32499999999999996 0.46690888436539346
0.5000000000000001 0.32499999999999996 0.32499999999999996 0.5144400261295337
0.5000000000000001 0.32499999999999996 0.32499999999999996 0.5473134052525275
0.5000000000000001 0.32499999999999996 0.32499999999999996 0.6451198372019089
0.5000000000000001 0.32499999999999996 0.32499999999999996 0.657175989990562
0.5000000000000001 0.32499999999999996 0.32499999999999996 0.671669023750634
0.5000000000000001 0.32499999999999996 0.32499999999999996 0.6824002920315069
0.5000000000000001 0.32499999999999996 0.32499999999999996 0.6908971398576851
0.5000000000000001 0.32499999999999996 0.32499999999999996 0.7190418788159203
0.5000000000000001 0.32499999999999996 0.32499999999999996 0.7300171907973851
0.5000000000000001 0.32499999999999996 0.32499999999999996 0.743070711424676
0.5000000000000001 0.32499999999999996 0.32499999999999996 0.750261285739847
0.5000000000000001 0.32499999999999996 0.32499999999999996 0.7650045947039841
0.5000000000000001 0.32499999999999996 0.32499999999999996 0.7832469311657861
0.5000000000000001 0.32499999999999996 0.32499999999999996 0.7900295635519428
0.5000000000000001 0.32499999999999996 0.32499999999999996 0.8041435562866411
0.5000000000000001 0.32499999999999996 0.32499999999999996 0.8108730585041702
0.5000000000000001 0.32499999999999996 0.32499999999999996 0.8229636408447849
0.5000000000000001 0.32499999999999996 0.32499999999999996 0.8415835009992856
0.5000000000000001 0.32499999999999996 0.32499999999999996 0.8544649933716117
0.5000000000000001 0.32499999999999996 0.32499999999999996 0.8639717142828216
0.5000000000000001 0.32499999999999996 0.32499999999999996 0.8846666181763894
0.5000000000000001 0.32499999999999996 0.32499999999999996 0.89340008462176
0.5000000000000001 0.32499999999999996 0.32499999999999996 0.9049468583900124
0.5000000000000001 0.32499999999999996 0.32499999999999996 0.9074043653634243
0.5000000000000001 0.32499999999999996 0.32499999999999996 0.9221210636503105
0.5000000000000001 0.32499999999999996 0.32499999999999996 0.9400079249990616
0.5000000000000001 0.32499999999999996 0.32499999999999996 0.9464709795953006
0.5000000000000001 0.32499999999999996 0.32499999999999996 0.9583441183423043
0.5000000000000001 0.32499999999999996 0.32499999999999996 0.9763897416976075
0.5000000000000001 0.32499999999999996 0.32499999999999996 0.9837842739185234
0.5000000000000001 0.32499999999999996 0.32499999999999996 0.9983861792683296
0.5000000000000001 0.32499999999999996 0.32499999999999996 1.0021002236541492
0.5000000000000001 0.32499999999999996 0.32499999999999996 1.0214129695224567
0.5000000000000001 0.32499999999999996 0.32499999999999996 1.0315902189703747
0.5000000000000001 0.32499999999999996 0.32499999999999996 1.0389284974170199
0.5000000000000001 0.32499999999999996 0.32499999999999996 1.0528010929261225
0.5000000000000001 0.32499999999999996 0.32499999999999996 1.0667812926863087
0.5000000000000001 0.32499999999999996 0.32499999999999996 1.0841466975112528
0.5000000000000001 0.32499999999999996 0.32499999999999996 1.1009565367709255
0.5000000000000001 0.32499999999999996 0.32499999999999996 1.1119383193182921
0.5000000000000001 0.32499999999999996 0.32499999999999996 1.12082637959901
0.5000000000000001 0.32499999999999996 0.32499999999999996 1.132769334316861
0.5000000000000001 0.32499999999999996 0.32499999999999996 1.1390607070829133
0.5000000000000001 0.32499999999999996 0.32499999999999996 1.1570057865134364
0.5000000000000001 0.32499999999999996 0.32499999999999996 1.1643755958974804
0.5000000000000001 0.32499999999999996 0.32499999999999996 1.1813780439562498
0.5000000000000001 0.32499999999999996 0.32499999999999996 1.1998532930730672
0.5000000000000001 0.32499999999999996 0.32499999999999996 1.2180486327544244
0.5000000000000001 0.32499999999999996 0.32499999999999996 1.226540910191215
0.5000000000000001 0.32499999999999996 0.32499999999999996 1.2321170679432287
0.5000000000000001 0.32499999999999996 0.32499999999999996 1.2502933684954272
0.5000000000000001 0.32499999999999996 0.32499999999999996 1.2714905286899294
0.5000000000000001 0.32499999999999996 0.32499999999999996 1.2745259999196958
0.5000000000000001 0.32499999999999996 0.32499999999999996 1.2915879646081603
0.5000000000000001 0.32499999999999996 0.32499999999999996 1.2991219951784934
0.5000000000000001 0.32499999999999996 0.32499999999999996 1.304160464055806
0.5000000000000001 0.32499999999999996 0.32499999999999996 1.3296036374772298
0.5000000000000001 0.32499999999999996 0.32499999999999996 1.3388127267284888
0.5000000000000001 0.32499999999999996 0.32499999999999996 1.3620113640212217
0.5000000000000001 0.32499999999999996 0.32499999999999996 1.3659030752750856
0.5000000000000001 0.32499999999999996 0.32499999999999996 1.3822551177968103
0.5000000000000001 0.32499999999999996 0.32499999999999996 1.3904751792368657
0.5000000000000001 0.32499999999999996 0.32499999999999996 1.4081819670201368
0.5000000000000001 0.32499999999999996 0.32499999999999996 1.4204040779755047
0.5000000000000001 0.32499999999999996 0.32499999999999996 1.4297342230665464
0.5000000000000001 0.32499999999999996 0.32499999999999996 1.4428862987364397
0.5000000000000001 0.32499999999999996 0.32499999999999996 1.451119976087865
0.5000000000000001 0.32499999999999996 0.32499999999999996 1.4595839707916918
0.5000000000000001 0.32499999999999996 0.32499999999999996 1.4772729208865858
0.5000000000000001 0.32499999999999996 0.32499999999999996 1.490184711508677
0.5000000000000001 0.32499999999999996 0.32499999999999996 1.4961455949541451
0.5000000000000001 0.32499999999999996 0.32499999999999996 1.508999735183095
0.5000000000000001 0.32499999999999996 0.32499999999999996 1.5222809371149397
0.5000000000000001 0.32499999999999996 0.32499999999999996 1.5324433700466162
0.5000000000000001 0.32499999999999996 0.32499999999999996 1.5484518065916753
0.5000000000000001 0.32499999999999996 0.32499999999999996 1.5621674004772812
0.5000000000000001 0.32499999999999996 0.32499999999999996 1.5691526639614954
0.5000000000000001 0.32499999999999996 0.32499999999999996 1.588661646922036
0.5000000000000001 0.32499999999999996 0.32499999999999996 1.6089674512381291
0.5000000000000001 0.32499999999999996 0.32499999999999996 1.6125244839035628
0.5000000000000001 0.32499999999999996 0.32499999999999996 1.6349331025781266
0.5000000000000001 0.32499999999999996 0.32499999999999996 1.6422445951755096
0.5000000000000001 0.32499999999999996 0.32499999999999996 1.6567525527769265
0.5000000000000001 0.32499999999999996 0.32499999999999996 1.6649599145982412
0.5000000000000001 0.32499999999999996 0.32499999999999996 1.6926360054989127
0.5000000000000001 0.32499999999999996 0.32499999999999996 1.7254803834027923
0.5000000000000001 0.32499999999999996 0.32499999999999996 1.7388922382178391
0.5000000000000001 0.32499999999999996 0.32499999999999996 1.7523426049753006
0.5000000000000001 0.32499999999999996 0.32499999999999996 1.7744895386222757
0.5000000000000001 0.32499999999999996 0.32499999999999996 1.8007551002436823
0.5000000000000001 0.32499999999999996 0.32499999999999996 1.8296244631897034
0.5000000000000001 0.32499999999999996 0.32499999999999996 1.843923700271774
0.5000000000000001 0.32499999999999996 0.32499999999999996 1.8736267786138434
0.5000000000000001 0.32499999999999996 0.32499999999999996 1.9399625647869607
0.5000000000000001 0.32499999999999996 0.32499999999999996 1.9734297307203787
0.5000000000000001 0.32499999999999996 0.32499999999999996 1.993569632695344
0.5000000000000001 0.32499999999999996 0.32499999999999996 2.0158366719318686
0.5000000000000001 0.32499999999999996 0.32499999999999996 2.047853848353638
0.5000000000000001 0.32499999999999996 0.32499999999999996 4.752830935813902
0.5000000000000001 0.32499999999999996 0.32499999999999996 4.791213456735218
0.5000000000000001 0.32499999999999996 0.32499999999999996 4.893169416208066
0.5000000000000001 0.32499999999999996 0.32499999999999996 4.985351772028476
0.5000000000000001 0.32499999999999996 0.32499999999999996 5.111863649800835
0.5000000000000001 0.32499999999999996 0.32499999999999996 5.181547469871635
0.5000000000000001 0.32499999999999996 0.32499999999999996 5.203434669389935
0.5000000000000001 0.32499999999999996 0.32499999999999996 5.324056801564452
0.5000000000000001 0.32499999999999996 0.32499999999999996 5.361476652100417
0.5000000000000001 0.32499999999999996 0.32499999999999996 5.456919577233425
0.5000000000000001 0.32499999999999996 0.32499999999999996 5.494686121051546
0.5000000000000001 0.32499999999999996 0.32499999999999996 5.532066432008822
0.5000000000000001 0.32499999999999996 0.32499999999999996 5.737600907519977
0.5000000000000001 0.32499999999999996 0.32499999999999996 5.791883121536528
0.5000000000000001 0.32499999999999996 0.32499999999999996 5.9151981972275385
0.5000000000000001 0.32499999999999996 0.32499999999999996 5.960072685872138
0.5000000000000001 0.32499999999999996 0.32499999999999996 6.083016175960409
0.5000000000000001 0.32499999999999996 0.32499999999999996 6.097817221302535
0.5000000000000001 0.32499999999999996 0.32499999999999996 6.167871779308026
0.5000000000000001 0.32499999999999996 0.32499999999999996 6.300158829434995
0.5000000000000001 0.32499999999999996 0.32499999999999996 6.350088049264434
0.5000000000000001 0.32499999999999996 0.32499999999999996 6.418604922182929
0.5000000000000001 0.32499999999999996 0.32499999999999996 6.450677218198724
0.5000000000000001 0.32499999999999996 0.32499999999999996 6.489313364231571
0.5000000000000001 0.32499999999999996 0.32499999999999996 6.534566788288742
0.5000000000000001 0.32499999999999996 0.32499999999999996 6.5665346438032834
0.5000000000000001 0.32499999999999996 0.32499999999999996 6.604272909562608
0.5000000000000001 0.32499999999999996 0.32499999999999996 6.67326455264586
0.5000000000000001 0.32499999999999996 0.32499999999999996 6.718258247867709
0.5000000000000001 0.32499999999999996 0.32499999999999996 6.733846680169341
0.5000000000000001 0.32499999999999996 0.32499999999999996 6.786991698710956
0.5000000000000001 0.32499999999999996 0.32499999999999996 6.815268139389204
0.5000000000000001 0.32499999999999996 0.32499999999999996 6.908532154033805
0.5000000000000001 0.32499999999999996 0.32499999999999996 7.010079353625362
0.5000000000000001 0.32499999999999996 0.32499999999999996 7.075184914726208
0.5000000000000001 0.32499999999999996 0.32499999999999996 7.105618283446976
0.5000000000000001 0.32499999999999996 0.32499999999999996 7.172320199439874
0.5000000000000001 0.32499999999999996 0.32499999999999996 7.199012263064045
0.5000000000000001 0.32499999999999996 0.32499999999999996 7.290268927493805
0.5000000000000001 0.32499999999999996 0.32499999999999996 7.335736840475224
0.5000000000000001 0.32499999999999996 0.32499999999999996 7.375461171395559
0.5000000000000001 0.32499999999999996 0.32499999999999996 7.436439680343795
0.5000000000000001 0.32499999999999996 0.32499999999999996 7.4821037888022754
0.5000000000000001 0.32499999999999996 0.32499999999999996 7.526018873047551
0.5000000000000001 0.32499999999999996 0.32499999999999996 7.612977475852823
0.5000000000000001 0.32499999999999996 0.32499999999999996 7.642889176989781
0.5000000000000001 0.32499999999999996 0.32499999999999996 7.667268172615668
0.5000000000000001 0.32499999999999996 0.32499999999999996 7.7784335369008
0.5000000000000001 0.29999999999999993 0.29999999999999993 -5.023371133833338
0.5000000000000001 0.29999999999999993 0.29999999999999993 -5.006510355793761
0.5000000000000001 0.29999999999999993 0.29999999999999993 -4.992601493732197
0.5000000000000001 0.29999999999999993 0.29999999999999993 -4.987587667631938
0.5000000000000001 0.29999999999999993 0.29999999999999993 -4.828869795838416
0.5000000000000001 0.29999999999999993 0.29999999999999993 -4.8264628637897475
0.5000000000000001 0.29999999999999993 0.29999999999999993 -4.7851875731412665
0.5000000000000001 0.29999999999999993 0.29999999999999993 -4.770667767157674
0.5000000000000001 0.29999999999999993 0.29999999999999993 -4.681131815325149
0.5000000000000001 0.29999999999999993 0.29999999999999993 -4.672085219515643
0.5000000000000001 0.29999999999999993 0.29999999999999993 -4.6488315607626625
0.5000000000000001 0.29999999999999993 0.29999999999999993 -4.6282427793850065
0.5000000000000001 0.29999999999999993 0.29999999999999993 -4.457650949481797
0.5000000000000001 0.29999999999999993 0.29999999999999993 -4.454769784484929
0.5000000000000001 0.29999999999999993 0.29999999999999993 -4.305384504279495
0.5000000000000001 0.29999999999999993 0.29999999999999993 -4.176009928470746
0.5000000000000001 0.29999999999999993 0.29999999999999993 -0.8039907318693
0.5000000000000001 0.29999999999999993 0.29999999999999993 -0.7316873624860296
0.5000000000000001 0.29999999999999993 0.29999999999999993 -0.5569436369770457
0.5000000000000001 0.29999999999999993 0.29999999999999993 -0.5364266708359349
0.5000000000000001 0.29999999999999993 0.29999999999999993 -0.49624128522938626
0.5000000000000001 0.29999999999999993 0.29999999999999993 -0.47141932822183286
0.5000000000000001 0.29999999999999993 0.29999999999999993 -0.45108700593473827
0.5000000000000001 0.29999999999999993 0.29999999999999993 -0.4381615664859897
0.5000000000000001 0.29999999999999993 0.29999999999999993 -0.4103370519914584
0.5000000000000001 0.29999999999999993 0.29999999999999993 -0.37865085819687927
0.5000000000000001 0.29999999999999993 0.29999999999999993 -0.36258132629605555
0.5000000000000001 0.29999999999999993 0.29999999999999993 -0.3323529540870176
0.5000000000000001 0.29999999999999993 0.29999999999999993 -0.3148115658755124
0.5000000000000001 0.29999999999999993 0.29999999999999993 -0.29861197980316057
0.5000000000000001 0.29999999999999993 0.29999999999999993 -0.2774121027575287
0.5000000000000001 0.29999999999999993 0.29999999999999993 -0.26799223008798734
0.5000000000000001 0.29999999999999993 0.29999999999999993 -0.22537637973869273
0.5000000000000001 0.29999999999999993 0.29999999999999993 -0.20881045670346055
0.5000000000000001 0.29999999999999993 0.29999999999999993 -0.12762666521210697
0.5000000000000001 0.29999999999999993 0.29999999999999993 -0.11562561190543885
0.5000000000000001 0.29999999999999993 0.29999999999999993 -0.027104644284691837
0.5000000000000001 0.29999999999999993 0.29999999999999993 -0.01625313981019083
0.5000000000000001 0.29999999999999993 0.29999999999999993 0.007166086122976978
0.5000000000000001 0.29999999999999993 0.29999999999999993 0.03221956616943533
0.5000000000000001 0.29999999999999993 0.29999999999999993 0.04771734804828842
0.5000000000000001 0.29999999999999993 0.29999999999999993 0.06683783220542061
0.5000000000000001 0.29999999999999993 0.29999999999999993 0.12509462627733914
0.5000000000000001 0.29999999999999993 0.29999999999999993 0.14667682412028427
0.5000000000000001 0.29999999999999993 0.29999999999999993 0.1630320851881093
0.5000000000000001 0.29999999999999993 0.29999999999999993 0.1837335017384012
0.5000000000000001 0.29999999999999993 0.29999999999999993 0.21612736180531122
0.5000000000000001 0.29999999999999993 0.29999999999999993 0.22546512363055804
0.5000000000000001 0.29999999999999993 0.29999999999999993 0.2657044910088686
0.5000000000000001 0.29999999999999993 0.29999999999999993 0.28774761707027174
0.5000000000000001 0.29999999999999993 0.29999999999999993 0.3085389327406629
0.5000000000000001 0.29999999999999993 0.29999999999999993 0.3257360868066776
0.5000000000000001 0.29999999999999993 0.29999999999999993 0.33287173836735745
0.5000000000000001 0.29999999999999993 0.29999999999999993 0.35477837821457925
0.5000000000000001 0.29999999999999993 0.29999999999999993 0.371268948114186
0.5000000000000001 0.29999999999999993 0.29999999999999993 0.38166082454267247
0.5000000000000001 0.29999999999999993 0.29999999999999993 0.3912109709227103
0.5000000000000001 0.29999999999999993 0.29999999999999993 0.4029346971521415
0.5000000000000001 0.29999999999999993 0.29999999999999993 0.4422505871619802
0.5000000000000001 0.29999999999999993 0.29999999999999993 0.4465886304951705
0.5000000000000001 0.29999999999999993 0.29999999999999993 0.4552870479859177
0.5000000000000001 0.29999999999999993 0.29999999999999993 0.48612815625824
0.5000000000000001 0.29999999999999993 0.29999999999999993 0.524904580433275
0.5000000000000001 0.29999999999999993 0.29999999999999993 0.5599972321283317
0.5000000000000001 0.29999999999999993 0.29999999999999993 0.6438964339787248
0.5000000000000001 0.29999999999999993 0.29999999999999993 0.6583789356227898
0.5000000000000001 0.29999999999999993 0.29999999999999993 0.6707529707386364
0.5000000000000001 0.29999999999999993 0.29999999999999993 0.6813724692927972
0.5000000000000001 0.29999999999999993 0.29999999999999993 0.6940053747497812
0.5000000000000001 0.29999999999999993 0.29999999999999993 0.7252696968641938
0.5000000000000001 0.29999999999999993 0.29999999999999993 0.7325023458208051
0.5000000000000001 0.29999999999999993 0.29999999999999993 0.7444210382501693
0.5000000000000001 0.29999999999999993 0.29999999999999993 0.7525184043030428
0.5000000000000001 0.29999999999999993 0.29999999999999993 0.7700005909839716
0.5000000000000001 0.29999999999999993 0.29999999999999993 0.7878416757180702
0.5000000000000001 0.29999999999999993 0.29999999999999993 0.7909901563603535
0.5000000000000001 0.29999999999999993 0.29999999999999993 0.8098179088416454
0.5000000000000001 0.29999999999999993 0.29999999999999993 0.8156430146567671
0.5000000000000001 0.29999999999999993 0.29999999999999993 0.8275988719610332
0.5000000000000001 0.29999999999999993 0.29999999999999993 0.8464846325938131
0.5000000000000001 0.29999999999999993 0.29999999999999993 0.8565100932105194
0.5000000000000001 0.29999999999999993 0.29999999999999993 0.8701109190331984
0.5000000000000001 0.29999999999999993 0.29999999999999993 0.8885173333456091
0.5000000000000001 0.29999999999999993 0.29999999999999993 0.8997854750013463
0.5000000000000001 0.29999999999999993 0.29999999999999993 0.908811121114066
0.5000000000000001 0.29999999999999993 0.29999999999999993 0.9143721970187751
0.5000000000000001 0.29999999999999993 0.29999999999999993 0.9292560938904053
0.5000000000000001 0.29999999999999993 0.29999999999999993 0.9420489590814487
0.5000000000000001 0.29999999999999993 0.29999999999999993 0.9513429882173785
0.5000000000000001 0.29999999999999993 0.29999999999999993 0.9629886077341894
0.5000000000000001 0.29999999999999993 0.29999999999999993 0.9802142242441958
0.5000000000000001 0.29999999999999993 0.29999999999999993 0.9918755842913365
0.5000000000000001 0.29999999999999993 0.29999999999999993 1.0032833582445388
0.5000000000000001 0.29999999999999993 0.29999999999999993 1.0084037083254047
0.5000000000000001 0.29999999999999993 0.29999999999999993 1.0281899289446437
0.5000000000000001 0.29999999999999993 0.29999999999999993 1.0336987436444978
0.5000000000000001 0.29999999999999993 0.29999999999999993 1.0417522510586439
0.5000000000000001 0.29999999999999993 0.29999999999999993 1.055758865043722
0.5000000000000001 0.29999999999999993 0.29999999999999993 1.0707580196114739
0.5000000000000001 0.29999999999999993 0.29999999999999993 1.0874715731296805
0.5000000000000001 0.29999999999999993 0.29999999999999993 1.1054044333952877
0.5000000000000001 0.29999999999999993 0.29999999999999993 1.1169764412543763
0.5000000000000001 0.29999999999999993 0.29999999999999993 1.1259473753891696
0.5000000000000001 0.29999999999999993 0.29999999999999993 1.139651859630738
0.5000000000000001 0.29999999999999993 0.29999999999999993 1.144809043467093
0.5000000000000001 0.29999999999999993 0.29999999999999993 1.1628319796155855
0.5000000000000001 0.29999999999999993 0.29999999999999993 1.1671992935385933
0.5000000000000001 0.29999999999999993 0.29999999999999993 1.1804914645190738
0.5000000000000001 0.29999999999999993 0.29999999999999993 1.2042299352866808
0.5000000000000001 0.29999999999999993 0.29999999999999993 1.222453996064953
0.5000000000000001 0.29999999999999993 0.29999999999999993 1.22853409757752
0.5000000000000001 0.29999999999999993 0.29999999999999993 1.232470941232879
0.5000000000000001 0.29999999999999993 0.29999999999999993 1.2491917755501998
0.5000000000000001 0.29999999999999993 0.29999999999999993 1.2709431750870168
0.5000000000000001 0.29999999999999993 0.29999999999999993 1.2759076215764962
0.5000000000000001 0.29999999999999993 0.29999999999999993 1.289280792034046
0.5000000000000001 0.29999999999999993 0.29999999999999993 1.2992132265406982
0.5000000000000001 0.29999999999999993 0.29999999999999993 1.309536131116392
0.5000000000000001 0.29999999999999993 0.29999999999999993 1.334670486290819
0.5000000000000001 0.29999999999999993 0.29999999999999993 1.3375393036711378
0.5000000000000001 0.29999999999999993 0.29999999999999993 1.3594206899248427
0.5000000000000001 0.29999999999999993 0.29999999999999993 1.3682038239575451
0.5000000000000001 0.29999999999999993 0.29999999999999993 1.3817249221499377
0.5000000000000001 0.29999999999999993 0.29999999999999993 1.3881001567044209
0.5000000000000001 0.29999999999999993 0.29999999999999993 1.4063756979543136
0.5000000000000001 0.29999999999999993 0.29999999999999993 1.4197940461753333
0.5000000000000001 0.29999999999999993 0.29999999999999993 1.4312897479878712
0.5000000000000001 0.29999999999999993 0.29999999999999993 1.4424983562121714
0.5000000000000001 0.29999999999999993 0.29999999999999993 1.4517664223012003
0.5000000000000001 0.29999999999999993 0.29999999999999993 1.4609499798971326
0.5000000000000001 0.29999999999999993 0.29999999999999993 1.4784093464238532
0.5000000000000001 0.29999999999999993 0.29999999999999993 1.4896787733349344
0.5000000000000001 0.29999999999999993 0.29999999999999993 1.497509100668541
0.5000000000000001 0.29999999999999993 0.29999999999999993 1.5118881615468442
0.5000000000000001 0.29999999999999993 0.29999999999999993 1.5272848464187838
0.5000000000000001 0.29999999999999993 0.29999999999999993 1.5344833026834497
0.5000000000000001 0.29999999999999993 0.29999999999999993 1.5518024627659015
0.5000000000000001 0.29999999999999993 0.29999999999999993 1.5670707153410368
0.5000000000000001 0.29999999999999993 0.29999999999999993 1.5719287273198586
0.5000000000000001 0.29999999999999993 0.29999999999999993 1.5941408440107159
0.5000000000000001 0.29999999999999993 0.29999999999999993 1.611181410739544
0.5000000000000001 0.29999999999999993 0.29999999999999993 1.6208334689943529
0.5000000000000001 0.29999999999999993 0.29999999999999993 1.6414429263721255
0.5000000000000001 0.29999999999999993 0.29999999999999993 1.6469444149752934
0.5000000000000001 0.29999999999999993 0.29999999999999993 1.6588000947392674
0.5000000000000001 0.29999999999999993 0.29999999999999993 1.6709400001706491
0.5000000000000001 0.29999999999999993 0.29999999999999993 1.703052079864138
0.5000000000000001 0.29999999999999993 0.29999999999999993 1.728690876942757
0.5000000000000001 0.29999999999999993 0.29999999999999993 1.7433147459894673
0.5000000000000001 0.29999999999999993 0.29999999999999993 1.7566739025393412
0.5000000000000001 0.29999999999999993 0.29999999999999993 1.7776767453237259
0.5000000000000001 0.29999999999999993 0.29999999999999993 1.7996545089653075
0.5000000000000001 0.29999999999999993 0.29999999999999993 1.8423220147931056
0.5000000000000001 0.29999999999999993 0.29999999999999993 1.8626698780677344
0.5000000000000001 0.29999999999999993 0.29999999999999993 1.8939383075114993
0.5000000000000001 0.29999999999999993 0.29999999999999993 1.962356529801946
0.5000000000000001 0.29999999999999993 0.29999999999999993 2.0008997386219516
0.5000000000000001 0.29999999999999993 0.29999999999999993 2.01363636366706
0.5000000000000001 0.29999999999999993 0.29999999999999993 2.034120907871258
0.5000000000000001 0.29999999999999993 0.29999999999999993 2.062099356974577
0.5000000000000001 0.29999999999999993 0.29999999999999993 4.686726215298437
0.5000000000000001 0.29999999999999993 0.29999999999999993 4.724624145446361
0.5000000000000001 0.29999999999999993 0.29999999999999993 4.822857664032394
0.5000000000000001 0.29999999999999993 0.29999999999999993 4.911096384145209
0.5000000000000001 0.29999999999999993 0.29999999999999993 5.0775738497781
0.5000000000000001 0.29999999999999993 0.29999999999999993 5.14594244114004
0.5000000000000001 0.29999999999999993 0.29999999999999993 5.169504825299727
0.5000000000000001 0.29999999999999993 0.29999999999999993 5.286717570724045
0.5000000000000001 0.29999999999999993 0.29999999999999993 5.327480571477697
0.5000000000000001 0.29999999999999993 0.29999999999999993 5.410222336312067
0.5000000000000001 0.29999999999999993 0.29999999999999993 5.471314687478839
0.5000000000000001 0.29999999999999993 0.29999999999999993 5.502617244353242
0.5000000000000001 0.29999999999999993 0.29999999999999993 5.756297884073936
0.5000000000000001 0.29999999999999993 0.29999999999999993 5.796093812419509
0.5000000000000001 0.29999999999999993 0.29999999999999993 5.914051467998917
0.5000000000000001 0.29999999999999993 0.29999999999999993 5.942535507444688
0.5000000000000001 0.29999999999999993 0.29999999999999993 6.033792219493109
0.5000000000000001 0.29999999999999993 0.29999999999999993 6.0718952376672854
0.5000000000000001 0.29999999999999993 0.29999999999999993 6.123051417347522
0.5000000000000001 0.29999999999999993 0.29999999999999993 6.258035432565685
0.5000000000000001 0.29999999999999993 0.29999999999999993 6.3280400853834
0.5000000000000001 0.29999999999999993 0.29999999999999993 6.401721565394373
0.5000000000000001 0.29999999999999993 0.29999999999999993 6.432769213478359
0.5000000000000001 0.29999999999999993 0.29999999999999993 6.468588901950923
0.5000000000000001 0.29999999999999993 0.29999999999999993 6.5182548897348545
0.5000000000000001 0.29999999999999993 0.29999999999999993 6.555641537805382
0.5000000000000001 0.29999999999999993 0.29999999999999993 6.59149970231551
0.5000000000000001 0.29999999999999993 0.29999999999999993 6.664451470257118
0.5000000000000001 0.29999999999999993 0.29999999999999993 6.70501971166634
0.5000000000000001 0.29999999999999993 0.29999999999999993 6.722720926335075
0.5000000000000001 0.29999999999999993 0.29999999999999993 6.780473508574545
0.5000000000000001 0.29999999999999993 0.29999999999999993 6.81190153876882
0.5000000000000001 0.29999999999999993 0.29999999999999993 6.91671592697454
0.5000000000000001 0.29999999999999993 0.29999999999999993 7.052294562011733
0.5000000000000001 0.29999999999999993 0.29999999999999993 7.108678513455611
0.5000000000000001 0.29999999999999993 0.29999999999999993 7.149279340207531
0.5000000000000001 0.29999999999999993 0.29999999999999993 7.202930479558454
0.5000000000000001 0.29999999999999993 0.29999999999999993 7.240342387441071
0.5000000000000001 0.29999999999999993 0.29999999999999993 7.336495828703523
0.5000000000000001 0.29999999999999993 0.29999999999999993 7.39253996884904
0.5000000000000001 0.29999999999999993 0.29999999999999993 7.428682138945922
0.5000000000000001 0.29999999999999993 0.29999999999999993 7.501673937744177
0.5000000000000001 0.29999999999999993 0.29999999999999993 7.5474268687857196
0.5000000000000001 0.29999999999999993 0.29999999999999993 7.592856253269159
0.5000000000000001 0.29999999999999993 0.29999999999999993 7.678890036073382
0.5000000000000001 0.29999999999999993 0.29999999999999993 7.7109427595521645
0.5000000000000001 0.29999999999999993 0.29999999999999993 7.73446138133229
0.5000000000000001 0.29999999999999993 0.29999999999999993 7.855223460165
0.5000000000000001 0.2749999999999999 0.2749999999999999 -5.0465795364611505
0.5000000000000001 0.2749999999999999 0.2749999999999999 -5.03024877533049
0.5000000000000001 0.2749999999999999 0.2749999999999999 -5.014422146147223
0.5000000000000001 0.2749999999999999 0.2749999999999999 -5.011595521334138
0.5000000000000001 0.2749999999999999 0.2749999999999999 -4.8233256051429905
0.5000000000000001 0.2749999999999999 0.2749999999999999 -4.820757213338187
0.5000000000000001 0.2749999999999999 0.2749999999999999 -4.783054486501948
0.5000000000000001 0.2749999999999999 0.2749999999999999 -4.767732753370947
0.5000000000000001 0.2749999999999999 0.2749999999999999 -4.682430732007158
0.5000000000000001 0.2749999999999999 0.2749999999999999 -4.674540917043615
0.5000000000000001 0.2749999999999999 0.2749999999999999 -4.650823509922239
0.5000000000000001 0.2749999999999999 0.2749999999999999 -4.627940497548769
0.5000000000000001 0.2749999999999999 0.2749999999999999 -4.425312930569283
0.5000000000000001 0.2749999999999999 0.2749999999999999 -4.423053386723201
0.5000000000000001 0.2749999999999999 0.2749999999999999 -4.257544612795034
0.5000000000000001 0.2749999999999999 0.2749999999999999 -4.124575668333014
0.5000000000000001 0.2749999999999999 0.2749999999999999 -0.8393080402699304
0.5000000000000001 0.2749999999999999 0.2749999999999999 -0.7664998292933909
0.5000000000000001 0.2749999999999999 0.2749999999999999 -0.5849053714188432
0.5000000000000001 0.2749999999999999 0.2749999999999999 -0.5689513836315694
0.5000000000000001 0.2749999999999999 0.2749999999999999 -0.528181776603903
0.5000000000000001 0.2749999999999999 0.2749999999999999 -0.5029097529122897
0.5000000000000001 0.2749999999999999 0.2749999999999999 -0.48334068946052966
0.5000000000000001 0.2749999999999999 0.2749999999999999 -0.4687165245234475
0.5000000000000001 0.2749999999999999 0.2749999999999999 -0.44140363415438166
0.5000000000000001 0.2749999999999999 0.2749999999999999 -0.4086978928011309
0.5000000000000001 0.2749999999999999 0.2749999999999999 -0.3894403331719243
0.5000000000000001 0.2749999999999999 0.2749999999999999 -0.3557711293590593
0.5000000000000001 0.2749999999999999 0.2749999999999999 -0.33572601750060826
0.5000000000000001 0.2749999999999999 0.2749999999999999 -0.3217308954168363
0.5000000000000001 0.2749999999999999 0.2749999999999999 -0.30274659723301767
0.5000000000000001 0.2749999999999999 0.2749999999999999 -0.2943375417475611
0.5000000000000001 0.2749999999999999 0.2749999999999999 -0.2218658986262998
0.5000000000000001 0.2749999999999999 0.2749999999999999 -0.20658023461311004
0.5000000000000001 0.2749999999999999 0.2749999999999999 -0.13514388698209778
0.5000000000000001 0.2749999999999999 0.2749999999999999 -0.12303312636568897
0.5000000000000001 0.2749999999999999 0.2749999999999999 -0.024504896403494847
0.5000000000000001 0.2749999999999999 0.2749999999999999 -0.014243443736861039
0.5000000000000001 0.2749999999999999 0.2749999999999999 0.01385313978187952
0.5000000000000001 0.2749999999999999 0.2749999999999999 0.032436231106017566
0.5000000000000001 0.2749999999999999 0.2749999999999999 0.047125539587351106
0.5000000000000001 0.2749999999999999 0.2749999999999999 0.06862376361388911
0.5000000000000001 0.2749999999999999 0.2749999999999999 0.13015301573534543
0.5000000000000001 0.2749999999999999 0.2749999999999999 0.14934725313339392
0.5000000000000001 0.2749999999999999 0.2749999999999999 0.17744083093885177
0.5000000000000001 0.2749999999999999 0.2749999999999999 0.1938314180831231
0.5000000000000001 0.2749999999999999 0.2749999999999999 0.22274268205071746
0.5000000000000001 0.2749999999999999 0.2749999999999999 0.23114087752747725
0.5000000000000001 0.2749999999999999 0.2749999999999999 0.2699334234300865
0.5000000000000001 0.2749999999999999 0.2749999999999999 0.2992460015433229
0.5000000000000001 0.2749999999999999 0.2749999999999999 0.3160731958945471
0.5000000000000001 0.2749999999999999 0.2749999999999999 0.3368691267358557
0.5000000000000001 0.2749999999999999 0.2749999999999999 0.3460628526376599
0.5000000000000001 0.2749999999999999 0.2749999999999999 0.36576696569052736
0.5000000000000001 0.2749999999999999 0.2749999999999999 0.3786039567191555
0.5000000000000001 0.2749999999999999 0.2749999999999999 0.39264595022303794
0.5000000000000001 0.2749999999999999 0.2749999999999999 0.40173888327663665
0.5000000000000001 0.2749999999999999 0.2749999999999999 0.4199532969156703
0.5000000000000001 0.2749999999999999 0.2749999999999999 0.45247629219797325
0.5000000000000001 0.2749999999999999 0.2749999999999999 0.46040611937393994
0.5000000000000001 0.2749999999999999 0.2749999999999999 0.4738405767933349
0.5000000000000001 0.2749999999999999 0.2749999999999999 0.5077218802382726
0.5000000000000001 0.2749999999999999 0.2749999999999999 0.5372159802137251
0.5000000000000001 0.2749999999999999 0.2749999999999999 0.5729081768912501
0.5000000000000001 0.2749999999999999 0.2749999999999999 0.6429783906694668
0.5000000000000001 0.2749999999999999 0.2749999999999999 0.661846310064881
0.5000000000000001 0.2749999999999999 0.2749999999999999 0.6703831907338529
0.5000000000000001 0.2749999999999999 0.2749999999999999 0.6813972576181682
0.5000000000000001 0.2749999999999999 0.2749999999999999 0.6978782183800769
0.5000000000000001 0.2749999999999999 0.2749999999999999 0.731903547337175
0.5000000000000001 0.2749999999999999 0.2749999999999999 0.7359566553428888
0.5000000000000001 0.2749999999999999 0.2749999999999999 0.7471665984035587
0.5000000000000001 0.2749999999999999 0.2749999999999999 0.7562832056794244
0.5000000000000001 0.2749999999999999 0.2749999999999999 0.7764268773714402
0.5000000000000001 0.2749999999999999 0.2749999999999999 0.7918985013333585
0.5000000000000001 0.2749999999999999 0.2749999999999999 0.7938485003310367
0.5000000000000001 0.2749999999999999 0.2749999999999999 0.813490776280152
0.5000000000000001 0.2749999999999999 0.2749999999999999 0.8211306723140863
0.5000000000000001 0.2749999999999999 0.2749999999999999 0.8325852270813998
0.5000000000000001 0.2749999999999999 0.2749999999999999 0.8507409207990122
0.5000000000000001 0.2749999999999999 0.2749999999999999 0.8593273398483463
0.5000000000000001 0.2749999999999999 0.2749999999999999 0.8771999175005991
0.5000000000000001 0.2749999999999999 0.2749999999999999 0.8934557736407758
0.5000000000000001 0.2749999999999999 0.2749999999999999 0.907071543608985
0.5000000000000001 0.2749999999999999 0.2749999999999999 0.9123275545158461
0.5000000000000001 0.2749999999999999 0.2749999999999999 0.9208241931819252
0.5000000000000001 0.2749999999999999 0.2749999999999999 0.9374864045640112
0.5000000000000001 0.2749999999999999 0.2749999999999999 0.9432088938441938
0.5000000000000001 0.2749999999999999 0.2749999999999999 0.9571192276583371
0.5000000000000001 0.2749999999999999 0.2749999999999999 0.9689186596517372
0.5000000000000001 0.2749999999999999 0.2749999999999999 0.9839716133847576
0.5000000000000001 0.2749999999999999 0.2749999999999999 0.998683755500819
0.5000000000000001 0.2749999999999999 0.2749999999999999 1.0084167006501368
0.5000000000000001 0.2749999999999999 0.2749999999999999 1.0148754845637722
0.5000000000000001 0.2749999999999999 0.2749999999999999 1.0323290345249407
0.5000000000000001 0.2749999999999999 0.2749999999999999 1.0360336381781465
0.5000000000000001 0.2749999999999999 0.2749999999999999 1.0457436005234015
0.5000000000000001 0.2749999999999999 0.2749999999999999 1.0604627767111436
0.5000000000000001 0.2749999999999999 0.2749999999999999 1.074277092269103
0.5000000000000001 0.2749999999999999 0.2749999999999999 1.0906272476875944
0.5000000000000001 0.2749999999999999 0.2749999999999999 1.1089635745286426
0.5000000000000001 0.2749999999999999 0.2749999999999999 1.1224366544125424
0.5000000000000001 0.2749999999999999 0.2749999999999999 1.130833996079991
0.5000000000000001 0.2749999999999999 0.2749999999999999 1.1456250136894983
0.5000000000000001 0.2749999999999999 0.2749999999999999 1.151026027803789
0.5000000000000001 0.2749999999999999 0.2749999999999999 1.1647959068358178
0.5000000000000001 0.2749999999999999 0.2749999999999999 1.1722004757882072
0.5000000000000001 0.2749999999999999 0.2749999999999999 1.1811525986940614
0.5000000000000001 0.2749999999999999 0.2749999999999999 1.2072841899902595
0.5000000000000001 0.2749999999999999 0.2749999999999999 1.225149139177082
0.5000000000000001 0.2749999999999999 0.2749999999999999 1.2302519422966847
0.5000000000000001 0.2749999999999999 0.2749999999999999 1.2348661205986806
0.5000000000000001 0.2749999999999999 0.2749999999999999 1.2487213825343693
0.5000000000000001 0.2749999999999999 0.2749999999999999 1.2690079558029002
0.5000000000000001 0.2749999999999999 0.2749999999999999 1.2771560359078693
0.5000000000000001 0.2749999999999999 0.2749999999999999 1.2878555274467223
0.5000000000000001 0.2749999999999999 0.2749999999999999 1.2993964631496686
0.5000000000000001 0.2749999999999999 0.2749999999999999 1.3144084009482473
0.5000000000000001 0.2749999999999999 0.2749999999999999 1.335177335853522
0.5000000000000001 0.2749999999999999 0.2749999999999999 1.3405258231970787
0.5000000000000001 0.2749999999999999 0.2749999999999999 1.3572685939404128
0.5000000000000001 0.2749999999999999 0.2749999999999999 1.3702605486037962
0.5000000000000001 0.2749999999999999 0.2749999999999999 1.3816041333132598
0.5000000000000001 0.2749999999999999 0.2749999999999999 1.3851503199987696
0.5000000000000001 0.2749999999999999 0.2749999999999999 1.4049077463635502
0.5000000000000001 0.2749999999999999 0.2749999999999999 1.4183842196032206
0.5000000000000001 0.2749999999999999 0.2749999999999999 1.4329620200152533
0.5000000000000001 0.2749999999999999 0.2749999999999999 1.442009294640755
0.5000000000000001 0.2749999999999999 0.2749999999999999 1.4519493196013666
0.5000000000000001 0.2749999999999999 0.2749999999999999 1.4617818009337258
0.5000000000000001 0.2749999999999999 0.2749999999999999 1.4796872624808657
0.5000000000000001 0.2749999999999999 0.2749999999999999 1.4886091599047067
0.5000000000000001 0.2749999999999999 0.2749999999999999 1.498080859807109
0.5000000000000001 0.2749999999999999 0.2749999999999999 1.513744292206586
0.5000000000000001 0.2749999999999999 0.2749999999999999 1.5324165635599918
0.5000000000000001 0.2749999999999999 0.2749999999999999 1.538209726960893
0.5000000000000001 0.2749999999999999 0.2749999999999999 1.5545266744853077
0.5000000000000001 0.2749999999999999 0.2749999999999999 1.568189026732922
0.5000000000000001 0.2749999999999999 0.2749999999999999 1.5786700811855718
0.5000000000000001 0.2749999999999999 0.2749999999999999 1.5990896302466728
0.5000000000000001 0.2749999999999999 0.2749999999999999 1.6134241664013533
0.5000000000000001 0.2749999999999999 0.2749999999999999 1.6269300317900806
0.5000000000000001 0.2749999999999999 0.2749999999999999 1.6451672456235071
0.5000000000000001 0.2749999999999999 0.2749999999999999 1.6559825839972726
0.5000000000000001 0.2749999999999999 0.2749999999999999 1.661993390157129
0.5000000000000001 0.2749999999999999 0.2749999999999999 1.6788863434972994
0.5000000000000001 0.2749999999999999 0.2749999999999999 1.7143794470200504
0.5000000000000001 0.2749999999999999 0.2749999999999999 1.7314568354550053
0.5000000000000001 0.2749999999999999 0.2749999999999999 1.7431488112086573
0.5000000000000001 0.2749999999999999 0.2749999999999999 1.7643036599959077
0.5000000000000001 0.2749999999999999 0.2749999999999999 1.7832560753768858
0.5000000000000001 0.2749999999999999 0.2749999999999999 1.800686558237425
0.5000000000000001 0.2749999999999999 0.2749999999999999 1.8574813920580713
0.5000000000000001 0.2749999999999999 0.2749999999999999 1.881353868205486
0.5000000000000001 0.2749999999999999 0.2749999999999999 1.9180570116304283
0.5000000000000001 0.2749999999999999 0.2749999999999999 1.9838858164245092
0.5000000000000001 0.2749999999999999 0.2749999999999999 2.024333421562816
0.5000000000000001 0.2749999999999999 0.2749999999999999 2.041126288937164
0.5000000000000001 0.2749999999999999 0.2749999999999999 2.0572394879021525
0.5000000000000001 0.2749999999999999 0.2749999999999999 2.0823198391862103
0.5000000000000001 0.2749999999999999 0.2749999999999999 4.618571854555584
0.5000000000000001 0.2749999999999999 0.2749999999999999 4.659110717840953
0.5000000000000001 0.2749999999999999 0.2749999999999999 4.752034695304561
0.5000000000000001 0.2749999999999999 0.2749999999999999 4.835564439323714
0.5000000000000001 0.2749999999999999 0.2749999999999999 5.0412140370788325
0.5000000000000001 0.2749999999999999 0.2749999999999999 5.108874890181816
0.5000000000000001 0.2749999999999999 0.2749999999999999 5.134110966654866
0.5000000000000001 0.2749999999999999 0.2749999999999999 5.247053704721391
0.5000000000000001 0.2749999999999999 0.2749999999999999 5.2936859000215275
0.5000000000000001 0.2749999999999999 0.2749999999999999 5.364843436138397
0.5000000000000001 0.2749999999999999 0.2749999999999999 5.443566697063339
0.5000000000000001 0.2749999999999999 0.2749999999999999 5.469451878653712
0.5000000000000001 0.2749999999999999 0.2749999999999999 5.7669995328149035
0.5000000000000001 0.2749999999999999 0.2749999999999999 5.784861937502222
0.5000000000000001 0.2749999999999999 0.2749999999999999 5.873968459493803
0.5000000000000001 0.2749999999999999 0.2749999999999999 5.929871025868211
0.5000000000000001 0.2749999999999999 0.2749999999999999 5.991364544610058
0.5000000000000001 0.2749999999999999 0.2749999999999999 6.051207803109034
0.5000000000000001 0.2749999999999999 0.2749999999999999 6.10150409293713
0.5000000000000001 0.2749999999999999 0.2749999999999999 6.224069180797898
0.5000000000000001 0.2749999999999999 0.2749999999999999 6.310875713377462
0.5000000000000001 0.2749999999999999 0.2749999999999999 6.384646928582012
0.5000000000000001 0.2749999999999999 0.2749999999999999 6.420475752036771
0.5000000000000001 0.2749999999999999 0.2749999999999999 6.451361384392361
0.5000000000000001 0.2749999999999999 0.2749999999999999 6.503221811734325
0.5000000000000001 0.2749999999999999 0.2749999999999999 6.544507689445071
0.5000000000000001 0.2749999999999999 0.2749999999999999 6.581841387126168
0.5000000000000001 0.2749999999999999 0.2749999999999999 6.656519032415767
0.5000000000000001 0.2749999999999999 0.2749999999999999 6.692744988052144
0.5000000000000001 0.2749999999999999 0.2749999999999999 6.712628318180805
0.5000000000000001 0.2749999999999999 0.2749999999999999 6.772595422888864
0.5000000000000001 0.2749999999999999 0.2749999999999999 6.809417699402546
0.5000000000000001 0.2749999999999999 0.2749999999999999 6.933879532100679
0.5000000000000001 0.2749999999999999 0.2749999999999999 7.090417773660555
0.5000000000000001 0.2749999999999999 0.2749999999999999 7.138109237033751
0.5000000000000001 0.2749999999999999 0.2749999999999999 7.192934879221906
0.5000000000000001 0.2749999999999999 0.2749999999999999 7.233289764259981
0.5000000000000001 0.2749999999999999 0.2749999999999999 7.2851838437580225
0.5000000000000001 0.2749999999999999 0.2749999999999999 7.381708639160802
0.5000000000000001 0.2749999999999999 0.2749999999999999 7.448434721774345
0.5000000000000001 0.2749999999999999 0.2749999999999999 7.4828859971432795
0.5000000000000001 0.2749999999999999 0.2749999999999999 7.5634596053671315
0.5000000000000001 0.2749999999999999 0.2749999999999999 7.6118207884244775
0.5000000000000001 0.2749999999999999 0.2749999999999999 7.656812585807516
0.5000000000000001 0.2749999999999999 0.2749999999999999 7.742454122410014
0.5000000000000001 0.2749999999999999 0.2749999999999999 7.7725303299033435
0.5000000000000001 0.2749999999999999 0.2749999999999999 7.8078016170892015
0.5000000000000001 0.2749999999999999 0.2749999999999999 7.9285653659235855
0.5000000000000001 0.24999999999999992 0.24999999999999992 -5.068053923235558
0.5000000000000001 0.24999999999999992 0.24999999999999992 -5.053335093505238
0.5000000000000001 0.24999999999999992 0.24999999999999992 -5.034532924537242
0.5000000000000001 0.24999999999999992 0.24999999999999992 -5.032961129375673
0.5000000000000001 0.24999999999999992 0.24999999999999992 -4.81715350377709
0.5000000000000001 0.24999999999999992 0.24999999999999992 -4.814460762171661
0.5000000000000001 0.24999999999999992 0.24999999999999992 -4.78055346718306
0.5000000000000001 0.24999999999999992 0.24999999999999992 -4.764872377537294
0.5000000000000001 0.24999999999999992 0.24999999999999992 -4.684432522178358
0.5000000000000001 0.24999999999999992 0.24999999999999992 -4.6775412392038715
0.5000000000000001 0.24999999999999992 0.24999999999999992 -4.652934291769364
0.5000000000000001 0.24999999999999992 0.24999999999999992 -4.628056851727138
0.5000000000000001 0.24999999999999992 0.24999999999999992 -4.394278770118484
0.5000000000000001 0.24999999999999992 0.24999999999999992 -4.392368679096204
0.5000000000000001 0.24999999999999992 0.24999999999999992 -4.212050001467649
0.5000000000000001 0.24999999999999992 0.24999999999999992 -4.07923358045055
0.5000000000000001 0.24999999999999992 0.24999999999999992 -0.8716137534590835
0.5000000000000001 0.24999999999999992 0.24999999999999992 -0.799265243457576
0.5000000000000001 0.24999999999999992 0.24999999999999992 -0.6114522099240975
0.5000000000000001 0.24999999999999992 0.24999999999999992 -0.6009539638772416
0.5000000000000001 0.24999999999999992 0.24999999999999992 -0.5591421338031957
0.5000000000000001 0.24999999999999992 0.24999999999999992 -0.5336844423614622
0.5000000000000001 0.24999999999999992 0.24999999999999992 -0.5152076354678226
0.5000000000000001 0.24999999999999992 0.24999999999999992 -0.4992673080472656
0.5000000000000001 0.24999999999999992 0.24999999999999992 -0.47191008118826794
0.5000000000000001 0.24999999999999992 0.24999999999999992 -0.43816174341583825
0.5000000000000001 0.24999999999999992 0.24999999999999992 -0.415104183427502
0.5000000000000001 0.24999999999999992 0.24999999999999992 -0.38063842872169573
0.5000000000000001 0.24999999999999992 0.24999999999999992 -0.3576949446504756
0.5000000000000001 0.24999999999999992 0.24999999999999992 -0.3444858447275134
0.5000000000000001 0.24999999999999992 0.24999999999999992 -0.3272400284600285
0.5000000000000001 0.24999999999999992 0.24999999999999992 -0.31957579935691155
0.5000000000000001 0.24999999999999992 0.24999999999999992 -0.21707367756913598
0.5000000000000001 0.24999999999999992 0.24999999999999992 -0.20366879058765086
0.5000000000000001 0.24999999999999992 0.24999999999999992 -0.14156819912998664
0.5000000000000001 0.24999999999999992 0.24999999999999992 -0.12988831412555157
0.5000000000000001 0.24999999999999992 0.24999999999999992 -0.021773610484002504
0.5000000000000001 0.24999999999999992 0.24999999999999992 -0.011949840915816523
0.5000000000000001 0.24999999999999992 0.24999999999999992 0.01922259244288327
0.5000000000000001 0.24999999999999992 0.24999999999999992 0.0312548850529204
0.5000000000000001 0.24999999999999992 0.24999999999999992 0.04795912646217726
0.5000000000000001 0.24999999999999992 0.24999999999999992 0.07265920408903082
0.5000000000000001 0.24999999999999992 0.24999999999999992 0.13298682617937718
0.5000000000000001 0.24999999999999992 0.24999999999999992 0.14878698268571178
0.5000000000000001 0.24999999999999992 0.24999999999999992 0.18461104509112136
0.5000000000000001 0.24999999999999992 0.24999999999999992 0.19756580456629003
0.5000000000000001 0.24999999999999992 0.24999999999999992 0.2319192061335169
0.5000000000000001 0.24999999999999992 0.24999999999999992 0.24070981973559924
0.5000000000000001 0.24999999999999992 0.24999999999999992 0.27367164712111514
0.5000000000000001 0.24999999999999992 0.24999999999999992 0.3095822425757282
0.5000000000000001 0.24999999999999992 0.24999999999999992 0.3210880913495844
0.5000000000000001 0.24999999999999992 0.24999999999999992 0.34675285101059306
0.5000000000000001 0.24999999999999992 0.24999999999999992 0.35997669837201496
0.5000000000000001 0.24999999999999992 0.24999999999999992 0.37646303704189954
0.5000000000000001 0.24999999999999992 0.24999999999999992 0.38590027998810594
0.5000000000000001 0.24999999999999992 0.24999999999999992 0.40119133597951784
0.5000000000000001 0.24999999999999992 0.24999999999999992 0.411362266709272
0.5000000000000001 0.24999999999999992 0.24999999999999992 0.4334456824395616
0.5000000000000001 0.24999999999999992 0.24999999999999992 0.4597639037290193
0.5000000000000001 0.24999999999999992 0.24999999999999992 0.4721926932161411
0.5000000000000001 0.24999999999999992 0.24999999999999992 0.49305287784829765
0.5000000000000001 0.24999999999999992 0.24999999999999992 0.5291889859888217
0.5000000000000001 0.24999999999999992 0.24999999999999992 0.553048675330432
0.5000000000000001 0.24999999999999992 0.24999999999999992 0.5854379323359158
0.5000000000000001 0.24999999999999992 0.24999999999999992 0.642996414741245
0.5000000000000001 0.24999999999999992 0.24999999999999992 0.6668382973791996
0.5000000000000001 0.24999999999999992 0.24999999999999992 0.6707309723165435
0.5000000000000001 0.24999999999999992 0.24999999999999992 0.6838488736656814
0.5000000000000001 0.24999999999999992 0.24999999999999992 0.7017378570164432
0.5000000000000001 0.24999999999999992 0.24999999999999992 0.7343192393711719
0.5000000000000001 0.24999999999999992 0.24999999999999992 0.7439130531824949
0.5000000000000001 0.24999999999999992 0.24999999999999992 0.7513430503092389
0.5000000000000001 0.24999999999999992 0.24999999999999992 0.7622983250093336
0.5000000000000001 0.24999999999999992 0.24999999999999992 0.7831604859050616
0.5000000000000001 0.24999999999999992 0.24999999999999992 0.7948797690533893
0.5000000000000001 0.24999999999999992 0.24999999999999992 0.8001410992350937
0.5000000000000001 0.24999999999999992 0.24999999999999992 0.8158871688817699
0.5000000000000001 0.24999999999999992 0.24999999999999992 0.8261853054289148
0.5000000000000001 0.24999999999999992 0.24999999999999992 0.8382886631600179
0.5000000000000001 0.24999999999999992 0.24999999999999992 0.8545277627705214
0.5000000000000001 0.24999999999999992 0.24999999999999992 0.8640922451986075
0.5000000000000001 0.24999999999999992 0.24999999999999992 0.8841450979097747
0.5000000000000001 0.24999999999999992 0.24999999999999992 0.8988067591737376
0.5000000000000001 0.24999999999999992 0.24999999999999992 0.9145600997520152
0.5000000000000001 0.24999999999999992 0.24999999999999992 0.9174179131742175
0.5000000000000001 0.24999999999999992 0.24999999999999992 0.9269718552754611
0.5000000000000001 0.24999999999999992 0.24999999999999992 0.9448380602462862
0.5000000000000001 0.24999999999999992 0.24999999999999992 0.9467085768786085
0.5000000000000001 0.24999999999999992 0.24999999999999992 0.961830857266178
0.5000000000000001 0.24999999999999992 0.24999999999999992 0.9759342545612082
0.5000000000000001 0.24999999999999992 0.24999999999999992 0.9876244941863588
0.5000000000000001 0.24999999999999992 0.24999999999999992 1.0033275311772343
0.5000000000000001 0.24999999999999992 0.24999999999999992 1.0122999563723454
0.5000000000000001 0.24999999999999992 0.24999999999999992 1.0224933390474673
0.5000000000000001 0.24999999999999992 0.24999999999999992 1.0355988721520963
0.5000000000000001 0.24999999999999992 0.24999999999999992 1.0381785991144212
0.5000000000000001 0.24999999999999992 0.24999999999999992 1.0512189113024384
0.5000000000000001 0.24999999999999992 0.24999999999999992 1.065620142577255
0.5000000000000001 0.24999999999999992 0.24999999999999992 1.0772533966568218
0.5000000000000001 0.24999999999999992 0.24999999999999992 1.0938477367155963
0.5000000000000001 0.24999999999999992 0.24999999999999992 1.1123714887049214
0.5000000000000001 0.24999999999999992 0.24999999999999992 1.1271944748627414
0.5000000000000001 0.24999999999999992 0.24999999999999992 1.1358461207123094
0.5000000000000001 0.24999999999999992 0.24999999999999992 1.1508981885360157
0.5000000000000001 0.24999999999999992 0.24999999999999992 1.1567551084323484
0.5000000000000001 0.24999999999999992 0.24999999999999992 1.1654747346279883
0.5000000000000001 0.24999999999999992 0.24999999999999992 1.176255885203937
0.5000000000000001 0.24999999999999992 0.24999999999999992 1.183758541896884
0.5000000000000001 0.24999999999999992 0.24999999999999992 1.2097176570759736
0.5000000000000001 0.24999999999999992 0.24999999999999992 1.2256102150064256
0.5000000000000001 0.24999999999999992 0.24999999999999992 1.2331074562359277
0.5000000000000001 0.24999999999999992 0.24999999999999992 1.2375187230637203
0.5000000000000001 0.24999999999999992 0.24999999999999992 1.2493891565333248
0.5000000000000001 0.24999999999999992 0.24999999999999992 1.2668656891880987
0.5000000000000001 0.24999999999999992 0.24999999999999992 1.2771222178261912
0.5000000000000001 0.24999999999999992 0.24999999999999992 1.2879823529616674
0.5000000000000001 0.24999999999999992 0.24999999999999992 1.2999134058099449
0.5000000000000001 0.24999999999999992 0.24999999999999992 1.3180595288473906
0.5000000000000001 0.24999999999999992 0.24999999999999992 1.3332201728725304
0.5000000000000001 0.24999999999999992 0.24999999999999992 1.3448520866383538
0.5000000000000001 0.24999999999999992 0.24999999999999992 1.3562128853451352
0.5000000000000001 0.24999999999999992 0.24999999999999992 1.3718569347847271
0.5000000000000001 0.24999999999999992 0.24999999999999992 1.381576814362712
0.5000000000000001 0.24999999999999992 0.24999999999999992 1.3827033214175675
0.5000000000000001 0.24999999999999992 0.24999999999999992 1.403842049550219
0.5000000000000001 0.24999999999999992 0.24999999999999992 1.4168325104487733
0.5000000000000001 0.24999999999999992 0.24999999999999992 1.4340140561676709
0.5000000000000001 0.24999999999999992 0.24999999999999992 1.4415243491222371
0.5000000000000001 0.24999999999999992 0.24999999999999992 1.4519496711127076
0.5000000000000001 0.24999999999999992 0.24999999999999992 1.4621977861330455
0.5000000000000001 0.24999999999999992 0.24999999999999992 1.480583496059828
0.5000000000000001 0.24999999999999992 0.24999999999999992 1.4881198688243966
0.5000000000000001 0.24999999999999992 0.24999999999999992 1.4981880514674328
0.5000000000000001 0.24999999999999992 0.24999999999999992 1.5148280898295337
0.5000000000000001 0.24999999999999992 0.24999999999999992 1.53330606730586
0.5000000000000001 0.24999999999999992 0.24999999999999992 1.5460300487511391
0.5000000000000001 0.24999999999999992 0.24999999999999992 1.5575360919251802
0.5000000000000001 0.24999999999999992 0.24999999999999992 1.568933516109234
0.5000000000000001 0.24999999999999992 0.24999999999999992 1.5843410016703263
0.5000000000000001 0.24999999999999992 0.24999999999999992 1.6029364728171966
0.5000000000000001 0.24999999999999992 0.24999999999999992 1.6161183949899582
0.5000000000000001 0.24999999999999992 0.24999999999999992 1.6311189392395553
0.5000000000000001 0.24999999999999992 0.24999999999999992 1.6474265645927835
0.5000000000000001 0.24999999999999992 0.24999999999999992 1.6637904861741901
0.5000000000000001 0.24999999999999992 0.24999999999999992 1.669677499444276
0.5000000000000001 0.24999999999999992 0.24999999999999992 1.6885107994582693
0.5000000000000001 0.24999999999999992 0.24999999999999992 1.7230485864004992
0.5000000000000001 0.24999999999999992 0.24999999999999992 1.734078509973835
0.5000000000000001 0.24999999999999992 0.24999999999999992 1.7448076028016626
0.5000000000000001 0.24999999999999992 0.24999999999999992 1.7713240580765914
0.5000000000000001 0.24999999999999992 0.24999999999999992 1.7920024813454791
0.5000000000000001 0.24999999999999992 0.24999999999999992 1.8058198238682648
0.5000000000000001 0.24999999999999992 0.24999999999999992 1.8740125902717484
0.5000000000000001 0.24999999999999992 0.24999999999999992 1.899293394693033
0.5000000000000001 0.24999999999999992 0.24999999999999992 1.9440759946865462
0.5000000000000001 0.24999999999999992 0.24999999999999992 1.9996017729040618
0.5000000000000001 0.24999999999999992 0.24999999999999992 2.050653441359393
0.5000000000000001 0.24999999999999992 0.24999999999999992 2.072653605739987
0.5000000000000001 0.24999999999999992 0.24999999999999992 2.082483316231568
0.5000000000000001 0.24999999999999992 0.24999999999999992 2.1109920485423013
0.5000000000000001 0.24999999999999992 0.24999999999999992 4.550183201986785
0.5000000000000001 0.24999999999999992 0.24999999999999992 4.59507543064239
0.5000000000000001 0.24999999999999992 0.24999999999999992 4.681687058249404
0.5000000000000001 0.24999999999999992 0.24999999999999992 4.75994634100166
0.5000000000000001 0.24999999999999992 0.24999999999999992 5.004191974050521
0.5000000000000001 0.24999999999999992 0.24999999999999992 5.070258712107403
0.5000000000000001 0.24999999999999992 0.24999999999999992 5.098283459052358
0.5000000000000001 0.24999999999999992 0.24999999999999992 5.2056999258088466
0.5000000000000001 0.24999999999999992 0.24999999999999992 5.260562169474165
0.5000000000000001 0.24999999999999992 0.24999999999999992 5.322605579282998
0.5000000000000001 0.24999999999999992 0.24999999999999992 5.412183980093621
0.5000000000000001 0.24999999999999992 0.24999999999999992 5.433960898905367
0.5000000000000001 0.24999999999999992 0.24999999999999992 5.749213158798151
0.5000000000000001 0.24999999999999992 0.24999999999999992 5.770850920792336
0.5000000000000001 0.24999999999999992 0.24999999999999992 5.824467749814896
0.5000000000000001 0.24999999999999992 0.24999999999999992 5.891684583059425
0.5000000000000001 0.24999999999999992 0.24999999999999992 5.977933265073227
0.5000000000000001 0.24999999999999992 0.24999999999999992 6.024092197568272
0.5000000000000001 0.24999999999999992 0.24999999999999992 6.1021386393942745
0.5000000000000001 0.24999999999999992 0.24999999999999992 6.203325343331521
0.5000000000000001 0.24999999999999992 0.24999999999999992 6.296969797461443
0.5000000000000001 0.24999999999999992 0.24999999999999992 6.368297817256118
0.5000000000000001 0.24999999999999992 0.24999999999999992 6.411486179782173
0.5000000000000001 0.24999999999999992 0.24999999999999992 6.436851204026134
0.5000000000000001 0.24999999999999992 0.24999999999999992 6.490348840961073
0.5000000000000001 0.24999999999999992 0.24999999999999992 6.532442224754041
0.5000000000000001 0.24999999999999992 0.24999999999999992 6.575822346921849
0.5000000000000001 0.24999999999999992 0.24999999999999992 6.649207662589539
0.5000000000000001 0.24999999999999992 0.24999999999999992 6.681629978173575
0.5000000000000001 0.24999999999999992 0.24999999999999992 6.703950468989702
0.5000000000000001 0.24999999999999992 0.24999999999999992 6.76505844625632
0.5000000000000001 0.24999999999999992 0.24999999999999992 6.80656905769559
0.5000000000000001 0.24999999999999992 0.24999999999999992 6.959649338875627
0.5000000000000001 0.24999999999999992 0.24999999999999992 7.11911179074243
0.5000000000000001 0.24999999999999992 0.24999999999999992 7.169635760294898
0.5000000000000001 0.24999999999999992 0.24999999999999992 7.229283142390262
0.5000000000000001 0.24999999999999992 0.24999999999999992 7.2688681709183145
0.5000000000000001 0.24999999999999992 0.24999999999999992 7.329383338699638
0.5000000000000001 0.24999999999999992 0.24999999999999992 7.4252163921891166
0.5000000000000001 0.24999999999999992 0.24999999999999992 7.501774461995482
0.5000000000000001 0.24999999999999992 0.24999999999999992 7.536899853272691
0.5000000000000001 0.24999999999999992 0.24999999999999992 7.620055267653271
0.5000000000000001 0.24999999999999992 0.24999999999999992 7.67356759540106
0.5000000000000001 0.24999999999999992 0.24999999999999992 7.717569445002671
0.5000000000000001 0.24999999999999992 0.24999999999999992 7.803151619854522
0.5000000000000001 0.24999999999999992 0.24999999999999992 7.830523341143826
0.5000000000000001 0.24999999999999992 0.24999999999999992 7.881395650154547
0.5000000000000001 0.24999999999999992 0.24999999999999992 7.9973295838748815
0.5000000000000001 0.22499999999999992 0.22499999999999992 -5.087472874831591
0.5000000000000001 0.22499999999999992 0.22499999999999992 -5.0752248909214766
0.5000000000000001 0.22499999999999992 0.22499999999999992 -5.052947312974654
0.5000000000000001 0.22499999999999992 0.22499999999999992 -5.0517169833469175
0.5000000000000001 0.22499999999999992 0.22499999999999992 -4.8105037854664605
0.5000000000000001 0.22499999999999992 0.22499999999999992 -4.807714497831301
0.5000000000000001 0.22499999999999992 0.22499999999999992 -4.777679232014915
0.5000000000000001 0.22499999999999992 0.22499999999999992 -4.762223445248209
0.5000000000000001 0.22499999999999992 0.22499999999999992 -4.687011086089705
0.5000000000000001 0.22499999999999992 0.22499999999999992 -4.680951086981342
0.5000000000000001 0.22499999999999992 0.22499999999999992 -4.655086273067909
0.5000000000000001 0.22499999999999992 0.22499999999999992 -4.628613808300065
0.5000000000000001 0.22499999999999992 0.22499999999999992 -4.365012958481983
0.5000000000000001 0.22499999999999992 0.22499999999999992 -4.363268483007453
0.5000000000000001 0.22499999999999992 0.22499999999999992 -4.169317312414833
0.5000000000000001 0.22499999999999992 0.22499999999999992 -4.04013803621484
0.5000000000000001 0.22499999999999992 0.22499999999999992 -0.900841890571181
0.5000000000000001 0.22499999999999992 0.22499999999999992 -0.8299834653420213
0.5000000000000001 0.22499999999999992 0.22499999999999992 -0.6363964591464877
0.5000000000000001 0.22499999999999992 0.22499999999999992 -0.6319616299447209
0.5000000000000001 0.22499999999999992 0.22499999999999992 -0.5888582353019256
0.5000000000000001 0.22499999999999992 0.22499999999999992 -0.5633451460889471
0.5000000000000001 0.22499999999999992 0.22499999999999992 -0.5455866139492098
0.5000000000000001 0.22499999999999992 0.22499999999999992 -0.5298025578438406
0.5000000000000001 0.22499999999999992 0.22499999999999992 -0.5011222579553483
0.5000000000000001 0.22499999999999992 0.22499999999999992 -0.46614860236212685
0.5000000000000001 0.22499999999999992 0.22499999999999992 -0.43941530910060145
0.5000000000000001 0.22499999999999992 0.22499999999999992 -0.40738865487838183
0.5000000000000001 0.22499999999999992 0.22499999999999992 -0.3794147245992292
0.5000000000000001 0.22499999999999992 0.22499999999999992 -0.36527604390795076
0.5000000000000001 0.22499999999999992 0.22499999999999992 -0.3498762761352409
0.5000000000000001 0.22499999999999992 0.22499999999999992 -0.3430602379749147
0.5000000000000001 0.22499999999999992 0.22499999999999992 -0.21238539629561082
0.5000000000000001 0.22499999999999992 0.22499999999999992 -0.20085638773950976
0.5000000000000001 0.22499999999999992 0.22499999999999992 -0.14693174498410144
0.5000000000000001 0.22499999999999992 0.22499999999999992 -0.13607865097959504
0.5000000000000001 0.22499999999999992 0.22499999999999992 -0.019027825311951574
0.5000000000000001 0.22499999999999992 0.22499999999999992 -0.009592317371959425
0.5000000000000001 0.22499999999999992 0.22499999999999992 0.02253501783059392
0.5000000000000001 0.22499999999999992 0.22499999999999992 0.03021153252013747
0.5000000000000001 0.22499999999999992 0.22499999999999992 0.050318240339016995
0.5000000000000001 0.22499999999999992 0.22499999999999992 0.07779401085953808
0.5000000000000001 0.22499999999999992 0.22499999999999992 0.13427418243887423
0.5000000000000001 0.22499999999999992 0.22499999999999992 0.14714374346396397
0.5000000000000001 0.22499999999999992 0.22499999999999992 0.18608027701132457
0.5000000000000001 0.22499999999999992 0.22499999999999992 0.1981533341260846
0.5000000000000001 0.22499999999999992 0.22499999999999992 0.24184466556486495
0.5000000000000001 0.22499999999999992 0.22499999999999992 0.2499988994802873
0.5000000000000001 0.22499999999999992 0.22499999999999992 0.2768024278339336
0.5000000000000001 0.22499999999999992 0.22499999999999992 0.31648880763913034
0.5000000000000001 0.22499999999999992 0.22499999999999992 0.3258136357003769
0.5000000000000001 0.22499999999999992 0.22499999999999992 0.35441166949039715
0.5000000000000001 0.22499999999999992 0.22499999999999992 0.37307526393491663
0.5000000000000001 0.22499999999999992 0.22499999999999992 0.38574082030911594
0.5000000000000001 0.22499999999999992 0.22499999999999992 0.3937918555432063
0.5000000000000001 0.22499999999999992 0.22499999999999992 0.4097588225894455
0.5000000000000001 0.22499999999999992 0.22499999999999992 0.4192816323241786
0.5000000000000001 0.22499999999999992 0.22499999999999992 0.4428006759935341
0.5000000000000001 0.22499999999999992 0.22499999999999992 0.4651149091978004
0.5000000000000001 0.22499999999999992 0.22499999999999992 0.48203141209260725
0.5000000000000001 0.22499999999999992 0.22499999999999992 0.5117161241049839
0.5000000000000001 0.22499999999999992 0.22499999999999992 0.5468160249450076
0.5000000000000001 0.22499999999999992 0.22499999999999992 0.5728849065310833
0.5000000000000001 0.22499999999999992 0.22499999999999992 0.5973221129537292
0.5000000000000001 0.22499999999999992 0.22499999999999992 0.644396210113686
0.5000000000000001 0.22499999999999992 0.22499999999999992 0.6696794541263208
0.5000000000000001 0.22499999999999992 0.22499999999999992 0.6738451463951973
0.5000000000000001 0.22499999999999992 0.22499999999999992 0.6901912037372995
0.5000000000000001 0.22499999999999992 0.22499999999999992 0.7054051375582633
0.5000000000000001 0.22499999999999992 0.22499999999999992 0.736243324982155
0.5000000000000001 0.22499999999999992 0.22499999999999992 0.7513654150868135
0.5000000000000001 0.22499999999999992 0.22499999999999992 0.7560248683687492
0.5000000000000001 0.22499999999999992 0.22499999999999992 0.7711534691414652
0.5000000000000001 0.22499999999999992 0.22499999999999992 0.7884574044773718
0.5000000000000001 0.22499999999999992 0.22499999999999992 0.8000251074283531
0.5000000000000001 0.22499999999999992 0.22499999999999992 0.8077027892500102
0.5000000000000001 0.22499999999999992 0.22499999999999992 0.8181812830847095
0.5000000000000001 0.22499999999999992 0.22499999999999992 0.830406835988498
0.5000000000000001 0.22499999999999992 0.22499999999999992 0.8445554067195804
0.5000000000000001 0.22499999999999992 0.22499999999999992 0.8596856780900568
0.5000000000000001 0.22499999999999992 0.22499999999999992 0.869669240752529
0.5000000000000001 0.22499999999999992 0.22499999999999992 0.8907907635478463
0.5000000000000001 0.22499999999999992 0.22499999999999992 0.9036621074992661
0.5000000000000001 0.22499999999999992 0.22499999999999992 0.9186891661985523
0.5000000000000001 0.22499999999999992 0.22499999999999992 0.9279512397188405
0.5000000000000001 0.22499999999999992 0.22499999999999992 0.9339606415783172
0.5000000000000001 0.22499999999999992 0.22499999999999992 0.9474911880960679
0.5000000000000001 0.22499999999999992 0.22499999999999992 0.9557808274282564
0.5000000000000001 0.22499999999999992 0.22499999999999992 0.9657963776584628
0.5000000000000001 0.22499999999999992 0.22499999999999992 0.9824102148703497
0.5000000000000001 0.22499999999999992 0.22499999999999992 0.9916177922927112
0.5000000000000001 0.22499999999999992 0.22499999999999992 1.00592890353583
0.5000000000000001 0.22499999999999992 0.22499999999999992 1.015950010427101
0.5000000000000001 0.22499999999999992 0.22499999999999992 1.0286927877700087
0.5000000000000001 0.22499999999999992 0.22499999999999992 1.038650508818481
0.5000000000000001 0.22499999999999992 0.22499999999999992 1.0422835879640973
0.5000000000000001 0.22499999999999992 0.22499999999999992 1.056719160823298
0.5000000000000001 0.22499999999999992 0.22499999999999992 1.0710882366398335
0.5000000000000001 0.22499999999999992 0.22499999999999992 1.0798598049885246
0.5000000000000001 0.22499999999999992 0.22499999999999992 1.0972056712767948
0.5000000000000001 0.22499999999999992 0.22499999999999992 1.1158899350812863
0.5000000000000001 0.22499999999999992 0.22499999999999992 1.1308762529896734
0.5000000000000001 0.22499999999999992 0.22499999999999992 1.140815552918605
0.5000000000000001 0.22499999999999992 0.22499999999999992 1.1550146278497637
0.5000000000000001 0.22499999999999992 0.22499999999999992 1.1603182284792957
0.5000000000000001 0.22499999999999992 0.22499999999999992 1.168383567983601
0.5000000000000001 0.22499999999999992 0.22499999999999992 1.1785003047261373
0.5000000000000001 0.22499999999999992 0.22499999999999992 1.1871598090768734
0.5000000000000001 0.22499999999999992 0.22499999999999992 1.2121241638943578
0.5000000000000001 0.22499999999999992 0.22499999999999992 1.2257461032294517
0.5000000000000001 0.22499999999999992 0.22499999999999992 1.2343578948490563
0.5000000000000001 0.22499999999999992 0.22499999999999992 1.241427412837032
0.5000000000000001 0.22499999999999992 0.22499999999999992 1.2505940053813234
0.5000000000000001 0.22499999999999992 0.22499999999999992 1.264987637589722
0.5000000000000001 0.22499999999999992 0.22499999999999992 1.276601179646133
0.5000000000000001 0.22499999999999992 0.22499999999999992 1.2886700978148253
0.5000000000000001 0.22499999999999992 0.22499999999999992 1.3008037802666115
0.5000000000000001 0.22499999999999992 0.22499999999999992 1.3201501326389264
0.5000000000000001 0.22499999999999992 0.22499999999999992 1.3317144105262448
0.5000000000000001 0.22499999999999992 0.22499999999999992 1.3474270705991067
0.5000000000000001 0.22499999999999992 0.22499999999999992 1.3564445492030996
0.5000000000000001 0.22499999999999992 0.22499999999999992 1.3725519850382355
0.5000000000000001 0.22499999999999992 0.22499999999999992 1.3802693486862738
0.5000000000000001 0.22499999999999992 0.22499999999999992 1.3830696395710238
0.5000000000000001 0.22499999999999992 0.22499999999999992 1.4031163010651628
0.5000000000000001 0.22499999999999992 0.22499999999999992 1.4158730355828366
0.5000000000000001 0.22499999999999992 0.22499999999999992 1.434049830283921
0.5000000000000001 0.22499999999999992 0.22499999999999992 1.440638350983731
0.5000000000000001 0.22499999999999992 0.22499999999999992 1.452373925077235
0.5000000000000001 0.22499999999999992 0.22499999999999992 1.4626092192508802
0.5000000000000001 0.22499999999999992 0.22499999999999992 1.4802451054059604
0.5000000000000001 0.22499999999999992 0.22499999999999992 1.4889983380462866
0.5000000000000001 0.22499999999999992 0.22499999999999992 1.4984566953201153
0.5000000000000001 0.22499999999999992 0.22499999999999992 1.515296432780282
0.5000000000000001 0.22499999999999992 0.22499999999999992 1.533240003029145
0.5000000000000001 0.22499999999999992 0.22499999999999992 1.552758167233792
0.5000000000000001 0.22499999999999992 0.22499999999999992 1.5613508382849899
0.5000000000000001 0.22499999999999992 0.22499999999999992 1.570308369484903
0.5000000000000001 0.22499999999999992 0.22499999999999992 1.58783183851029
0.5000000000000001 0.22499999999999992 0.22499999999999992 1.60511927761576
0.5000000000000001 0.22499999999999992 0.22499999999999992 1.6194879248135603
0.5000000000000001 0.22499999999999992 0.22499999999999992 1.6347063107759672
0.5000000000000001 0.22499999999999992 0.22499999999999992 1.6488235676628449
0.5000000000000001 0.22499999999999992 0.22499999999999992 1.6685605813378084
0.5000000000000001 0.22499999999999992 0.22499999999999992 1.6806126687147884
0.5000000000000001 0.22499999999999992 0.22499999999999992 1.6994406128590933
0.5000000000000001 0.22499999999999992 0.22499999999999992 1.7240636175415984
0.5000000000000001 0.22499999999999992 0.22499999999999992 1.7382794562336938
0.5000000000000001 0.22499999999999992 0.22499999999999992 1.7528635507502814
0.5000000000000001 0.22499999999999992 0.22499999999999992 1.778449272175278
0.5000000000000001 0.22499999999999992 0.22499999999999992 1.8019363875377934
0.5000000000000001 0.22499999999999992 0.22499999999999992 1.8162280968517184
0.5000000000000001 0.22499999999999992 0.22499999999999992 1.891191187088535
0.5000000000000001 0.22499999999999992 0.22499999999999992 1.9165582747780823
0.5000000000000001 0.22499999999999992 0.22499999999999992 1.9690318217516145
0.5000000000000001 0.22499999999999992 0.22499999999999992 2.009519853503032
0.5000000000000001 0.22499999999999992 0.22499999999999992 2.0834590465209857
0.5000000000000001 0.22499999999999992 0.22499999999999992 2.0981206576329887
0.5000000000000001 0.22499999999999992 0.22499999999999992 2.117092521577452
0.5000000000000001 0.22499999999999992 0.22499999999999992 2.145214415392685
0.5000000000000001 0.22499999999999992 0.22499999999999992 4.4833980750075195
0.5000000000000001 0.22499999999999992 0.22499999999999992 4.533042444352635
0.5000000000000001 0.22499999999999992 0.22499999999999992 4.6126457235069465
0.5000000000000001 0.22499999999999992 0.22499999999999992 4.685443503013561
0.5000000000000001 0.22499999999999992 0.22499999999999992 4.967679096140767
0.5000000000000001 0.22499999999999992 0.22499999999999992 5.030807789536717
0.5000000000000001 0.22499999999999992 0.22499999999999992 5.062859146897347
0.5000000000000001 0.22499999999999992 0.22499999999999992 5.163261829846529
0.5000000000000001 0.22499999999999992 0.22499999999999992 5.229062376850523
0.5000000000000001 0.22499999999999992 0.22499999999999992 5.284270186309264
0.5000000000000001 0.22499999999999992 0.22499999999999992 5.378224226721617
0.5000000000000001 0.22499999999999992 0.22499999999999992 5.397598608450345
0.5000000000000001 0.22499999999999992 0.22499999999999992 5.703242191298928
0.5000000000000001 0.22499999999999992 0.22499999999999992 5.754237503005761
0.5000000000000001 0.22499999999999992 0.22499999999999992 5.775892005666044
0.5000000000000001 0.22499999999999992 0.22499999999999992 5.838735493003634
0.5000000000000001 0.22499999999999992 0.22499999999999992 5.978491542124992
0.5000000000000001 0.22499999999999992 0.22499999999999992 6.006220938007425
0.5000000000000001 0.22499999999999992 0.22499999999999992 6.109376358284255
0.5000000000000001 0.22499999999999992 0.22499999999999992 6.194328407311573
0.5000000000000001 0.22499999999999992 0.22499999999999992 6.285643170387532
0.5000000000000001 0.22499999999999992 0.22499999999999992 6.352791904879775
0.5000000000000001 0.22499999999999992 0.22499999999999992 6.404623317491984
0.5000000000000001 0.22499999999999992 0.22499999999999992 6.424452867379385
0.5000000000000001 0.22499999999999992 0.22499999999999992 6.479838297817068
0.5000000000000001 0.22499999999999992 0.22499999999999992 6.520303360720864
0.5000000000000001 0.22499999999999992 0.22499999999999992 6.57265888214428
0.5000000000000001 0.22499999999999992 0.22499999999999992 6.642148158031901
0.5000000000000001 0.22499999999999992 0.22499999999999992 6.672073908600135
0.5000000000000001 0.22499999999999992 0.22499999999999992 6.696735770118588
0.5000000000000001 0.22499999999999992 0.22499999999999992 6.759178838094412
0.5000000000000001 0.22499999999999992 0.22499999999999992 6.802965833897305
0.5000000000000001 0.22499999999999992 0.22499999999999992 6.990384243744631
0.5000000000000001 0.22499999999999992 0.22499999999999992 7.136789276938503
0.5000000000000001 0.22499999999999992 0.22499999999999992 7.203343920551512
0.5000000000000001 0.22499999999999992 0.22499999999999992 7.258526719315153
0.5000000000000001 0.22499999999999992 0.22499999999999992 7.307807166530419
0.5000000000000001 0.22499999999999992 0.22499999999999992 7.370173256633166
0.5000000000000001 0.22499999999999992 0.22499999999999992 7.467501888569197
0.5000000000000001 0.22499999999999992 0.22499999999999992 7.551590830598633
0.5000000000000001 0.22499999999999992 0.22499999999999992 7.589519954833736
0.5000000000000001 0.22499999999999992 0.22499999999999992 7.67133941679864
0.5000000000000001 0.22499999999999992 0.22499999999999992 7.731203908768213
0.5000000000000001 0.22499999999999992 0.22499999999999992 7.774636850034349
0.5000000000000001 0.22499999999999992 0.22499999999999992 7.86065435859281
0.5000000000000001 0.22499999999999992 0.22499999999999992 7.8846682353249955
0.5000000000000001 0.22499999999999992 0.22499999999999992 7.953219840630773
0.5000000000000001 0.22499999999999992 0.22499999999999992 8.06130749952547
0.5000000000000001 0.19999999999999993 0.19999999999999993 -5.104638324266453
0.5000000000000001 0.19999999999999993 0.19999999999999993 -5.095233188396172
0.5000000000000001 0.19999999999999993 0.19999999999999993 -5.069512959194153
0.5000000000000001 0.19999999999999993 0.19999999999999993 -5.068263850201581
0.5000000000000001 0.19999999999999993 0.19999999999999993 -4.803516569046196
0.5000000000000001 0.19999999999999993 0.19999999999999993 -4.8006652765469395
0.5000000000000001 0.19999999999999993 0.19999999999999993 -4.774468854254348
0.5000000000000001 0.19999999999999993 0.19999999999999993 -4.759854078073911
0.5000000000000001 0.19999999999999993 0.19999999999999993 -4.690082035677449
0.5000000000000001 0.19999999999999993 0.19999999999999993 -4.68472672769941
0.5000000000000001 0.19999999999999993 0.19999999999999993 -4.657186739880826
0.5000000000000001 0.19999999999999993 0.19999999999999993 -4.629722241548583
0.5000000000000001 0.19999999999999993 0.19999999999999993 -4.33791701157246
0.5000000000000001 0.19999999999999993 0.19999999999999993 -4.336215589221319
0.5000000000000001 0.19999999999999993 0.19999999999999993 -4.129342665371636
0.5000000000000001 0.19999999999999993 0.19999999999999993 -4.007424063193513
0.5000000000000001 0.19999999999999993 0.19999999999999993 -0.926968419700593
0.5000000000000001 0.19999999999999993 0.19999999999999993 -0.858719647671526
0.5000000000000001 0.19999999999999993 0.19999999999999993 -0.6620839082041006
0.5000000000000001 0.19999999999999993 0.19999999999999993 -0.658892746593581
0.5000000000000001 0.19999999999999993 0.19999999999999993 -0.6172353141135449
0.5000000000000001 0.19999999999999993 0.19999999999999993 -0.5916260895539907
0.5000000000000001 0.19999999999999993 0.19999999999999993 -0.5737892529597151
0.5000000000000001 0.19999999999999993 0.19999999999999993 -0.559802502416856
0.5000000000000001 0.19999999999999993 0.19999999999999993 -0.5284181336782794
0.5000000000000001 0.19999999999999993 0.19999999999999993 -0.49228618412215575
0.5000000000000001 0.19999999999999993 0.19999999999999993 -0.46222864154928267
0.5000000000000001 0.19999999999999993 0.19999999999999993 -0.4351427295739523
0.5000000000000001 0.19999999999999993 0.19999999999999993 -0.3993429877336432
0.5000000000000001 0.19999999999999993 0.19999999999999993 -0.38420097862310243
0.5000000000000001 0.19999999999999993 0.19999999999999993 -0.3707023009315547
0.5000000000000001 0.19999999999999993 0.19999999999999993 -0.3646375586093007
0.5000000000000001 0.19999999999999993 0.19999999999999993 -0.20818362313197625
0.5000000000000001 0.19999999999999993 0.19999999999999993 -0.19841735505754876
0.5000000000000001 0.19999999999999993 0.19999999999999993 -0.15134098486649705
0.5000000000000001 0.19999999999999993 0.19999999999999993 -0.1415688760430065
0.5000000000000001 0.19999999999999993 0.19999999999999993 -0.01635390211907506
0.5000000000000001 0.19999999999999993 0.19999999999999993 -0.007339806742139743
0.5000000000000001 0.19999999999999993 0.19999999999999993 0.02388556682746501
0.5000000000000001 0.19999999999999993 0.19999999999999993 0.02951156827379312
0.5000000000000001 0.19999999999999993 0.19999999999999993 0.05429223639591818
0.5000000000000001 0.19999999999999993 0.19999999999999993 0.08312622586015905
0.5000000000000001 0.19999999999999993 0.19999999999999993 0.13432846621866812
0.5000000000000001 0.19999999999999993 0.19999999999999993 0.14514332403415686
0.5000000000000001 0.19999999999999993 0.19999999999999993 0.1856390269784809
0.5000000000000001 0.19999999999999993 0.19999999999999993 0.19693715161421022
0.5000000000000001 0.19999999999999993 0.19999999999999993 0.2501818706544191
0.5000000000000001 0.19999999999999993 0.19999999999999993 0.2578033999327241
0.5000000000000001 0.19999999999999993 0.19999999999999993 0.2793760702575323
0.5000000000000001 0.19999999999999993 0.19999999999999993 0.31823155482988863
0.5000000000000001 0.19999999999999993 0.19999999999999993 0.33251256926915485
0.5000000000000001 0.19999999999999993 0.19999999999999993 0.3596176914133977
0.5000000000000001 0.19999999999999993 0.19999999999999993 0.3837336109126248
0.5000000000000001 0.19999999999999993 0.19999999999999993 0.39330064635503437
0.5000000000000001 0.19999999999999993 0.19999999999999993 0.4013509957713959
0.5000000000000001 0.19999999999999993 0.19999999999999993 0.41854918957450793
0.5000000000000001 0.19999999999999993 0.19999999999999993 0.42602573238559954
0.5000000000000001 0.19999999999999993 0.19999999999999993 0.4489346410043309
0.5000000000000001 0.19999999999999993 0.19999999999999993 0.46864544580438317
0.5000000000000001 0.19999999999999993 0.19999999999999993 0.4898479309842738
0.5000000000000001 0.19999999999999993 0.19999999999999993 0.5296171522506068
0.5000000000000001 0.19999999999999993 0.19999999999999993 0.5608677118469112
0.5000000000000001 0.19999999999999993 0.19999999999999993 0.5924178154781279
0.5000000000000001 0.19999999999999993 0.19999999999999993 0.6094627963748573
0.5000000000000001 0.19999999999999993 0.19999999999999993 0.6473444287913237
0.5000000000000001 0.19999999999999993 0.19999999999999993 0.6702777371029596
0.5000000000000001 0.19999999999999993 0.19999999999999993 0.6787832908004763
0.5000000000000001 0.19999999999999993 0.19999999999999993 0.7001687529932266
0.5000000000000001 0.19999999999999993 0.19999999999999993 0.7087999090956787
0.5000000000000001 0.19999999999999993 0.19999999999999993 0.7388101205426523
0.5000000000000001 0.19999999999999993 0.19999999999999993 0.7580109375565979
0.5000000000000001 0.19999999999999993 0.19999999999999993 0.760462246725098
0.5000000000000001 0.19999999999999993 0.19999999999999993 0.7803082708329905
0.5000000000000001 0.19999999999999993 0.19999999999999993 0.7931752059467172
0.5000000000000001 0.19999999999999993 0.19999999999999993 0.8055456379897645
0.5000000000000001 0.19999999999999993 0.19999999999999993 0.8142240879294675
0.5000000000000001 0.19999999999999993 0.19999999999999993 0.8237352132300382
0.5000000000000001 0.19999999999999993 0.19999999999999993 0.8347837088165946
0.5000000000000001 0.19999999999999993 0.19999999999999993 0.85114730131908
0.5000000000000001 0.19999999999999993 0.19999999999999993 0.8664215693919219
0.5000000000000001 0.19999999999999993 0.19999999999999993 0.8749688608153248
0.5000000000000001 0.19999999999999993 0.19999999999999993 0.8973878287117047
0.5000000000000001 0.19999999999999993 0.19999999999999993 0.9079730769507197
0.5000000000000001 0.19999999999999993 0.19999999999999993 0.9236430323020643
0.5000000000000001 0.19999999999999993 0.19999999999999993 0.9369509001061491
0.5000000000000001 0.19999999999999993 0.19999999999999993 0.9443778982238232
0.5000000000000001 0.19999999999999993 0.19999999999999993 0.9506879571491442
0.5000000000000001 0.19999999999999993 0.19999999999999993 0.9640463165289018
0.5000000000000001 0.19999999999999993 0.19999999999999993 0.970061205769016
0.5000000000000001 0.19999999999999993 0.19999999999999993 0.9870868438291414
0.5000000000000001 0.19999999999999993 0.19999999999999993 0.9959448838273381
0.5000000000000001 0.19999999999999993 0.19999999999999993 1.0078085139488753
0.5000000000000001 0.19999999999999993 0.19999999999999993 1.0205563201197752
0.5000000000000001 0.19999999999999993 0.19999999999999993 1.0319796450518082
0.5000000000000001 0.19999999999999993 0.19999999999999993 1.04086512193315
0.5000000000000001 0.19999999999999993 0.19999999999999993 1.0484561240102375
0.5000000000000001 0.19999999999999993 0.19999999999999993 1.0618654325011407
0.5000000000000001 0.19999999999999993 0.19999999999999993 1.0770260905930167
0.5000000000000001 0.19999999999999993 0.19999999999999993 1.0830545358604333
0.5000000000000001 0.19999999999999993 0.19999999999999993 1.1006939997444798
0.5000000000000001 0.19999999999999993 0.19999999999999993 1.1193022219973692
0.5000000000000001 0.19999999999999993 0.19999999999999993 1.1336621518752432
0.5000000000000001 0.19999999999999993 0.19999999999999993 1.1446738642531447
0.5000000000000001 0.19999999999999993 0.19999999999999993 1.1569771366206956
0.5000000000000001 0.19999999999999993 0.19999999999999993 1.163983200704715
0.5000000000000001 0.19999999999999993 0.19999999999999993 1.1728187723258023
0.5000000000000001 0.19999999999999993 0.19999999999999993 1.179698050192445
0.5000000000000001 0.19999999999999993 0.19999999999999993 1.1904400957107217
0.5000000000000001 0.19999999999999993 0.19999999999999993 1.2142167456639807
0.5000000000000001 0.19999999999999993 0.19999999999999993 1.2255733574821015
0.5000000000000001 0.19999999999999993 0.19999999999999993 1.236090559258023
0.5000000000000001 0.19999999999999993 0.19999999999999993 1.245131698804575
0.5000000000000001 0.19999999999999993 0.19999999999999993 1.2517399346815847
0.5000000000000001 0.19999999999999993 0.19999999999999993 1.2638078987242585
0.5000000000000001 0.19999999999999993 0.19999999999999993 1.2761278438394736
0.5000000000000001 0.19999999999999993 0.19999999999999993 1.2889162985012383
0.5000000000000001 0.19999999999999993 0.19999999999999993 1.3018347662267837
0.5000000000000001 0.19999999999999993 0.19999999999999993 1.320806954203551
0.5000000000000001 0.19999999999999993 0.19999999999999993 1.3311803381414382
0.5000000000000001 0.19999999999999993 0.19999999999999993 1.3490675789663653
0.5000000000000001 0.19999999999999993 0.19999999999999993 1.356906096423371
0.5000000000000001 0.19999999999999993 0.19999999999999993 1.3720663396358193
0.5000000000000001 0.19999999999999993 0.19999999999999993 1.379328107231998
0.5000000000000001 0.19999999999999993 0.19999999999999993 1.384842633589833
0.5000000000000001 0.19999999999999993 0.19999999999999993 1.4024868648827704
0.5000000000000001 0.19999999999999993 0.19999999999999993 1.4161937502573334
0.5000000000000001 0.19999999999999993 0.19999999999999993 1.433180117986782
0.5000000000000001 0.19999999999999993 0.19999999999999993 1.4388628892508253
0.5000000000000001 0.19999999999999993 0.19999999999999993 1.4535512163889948
0.5000000000000001 0.19999999999999993 0.19999999999999993 1.463402447563145
0.5000000000000001 0.19999999999999993 0.19999999999999993 1.4789259131402277
0.5000000000000001 0.19999999999999993 0.19999999999999993 1.4904432737415556
0.5000000000000001 0.19999999999999993 0.19999999999999993 1.499436577868317
0.5000000000000001 0.19999999999999993 0.19999999999999993 1.5154105628614518
0.5000000000000001 0.19999999999999993 0.19999999999999993 1.5331670452731432
0.5000000000000001 0.19999999999999993 0.19999999999999993 1.5570581883686128
0.5000000000000001 0.19999999999999993 0.19999999999999993 1.5651322821545284
0.5000000000000001 0.19999999999999993 0.19999999999999993 1.5729405367444755
0.5000000000000001 0.19999999999999993 0.19999999999999993 1.589542444623202
0.5000000000000001 0.19999999999999993 0.19999999999999993 1.6058785981947787
0.5000000000000001 0.19999999999999993 0.19999999999999993 1.6227480841159787
0.5000000000000001 0.19999999999999993 0.19999999999999993 1.6390157921150408
0.5000000000000001 0.19999999999999993 0.19999999999999993 1.6496306671661074
0.5000000000000001 0.19999999999999993 0.19999999999999993 1.6719628974782825
0.5000000000000001 0.19999999999999993 0.19999999999999993 1.6904541595361797
0.5000000000000001 0.19999999999999993 0.19999999999999993 1.7099222799158529
0.5000000000000001 0.19999999999999993 0.19999999999999993 1.7235240328655443
0.5000000000000001 0.19999999999999993 0.19999999999999993 1.7415907157991608
0.5000000000000001 0.19999999999999993 0.19999999999999993 1.765731331826994
0.5000000000000001 0.19999999999999993 0.19999999999999993 1.7872755526907218
0.5000000000000001 0.19999999999999993 0.19999999999999993 1.8122958758537475
0.5000000000000001 0.19999999999999993 0.19999999999999993 1.8305697893453212
0.5000000000000001 0.19999999999999993 0.19999999999999993 1.9083809270617822
0.5000000000000001 0.19999999999999993 0.19999999999999993 1.9330282204591516
0.5000000000000001 0.19999999999999993 0.19999999999999993 1.9902462324611658
0.5000000000000001 0.19999999999999993 0.19999999999999993 2.0163304278358476
0.5000000000000001 0.19999999999999993 0.19999999999999993 2.1191299003397766
0.5000000000000001 0.19999999999999993 0.19999999999999993 2.1249721811343654
0.5000000000000001 0.19999999999999993 0.19999999999999993 2.155102352745386
0.5000000000000001 0.19999999999999993 0.19999999999999993 2.181530291557844
0.5000000000000001 0.19999999999999993 0.19999999999999993 4.419950285367305
0.5000000000000001 0.19999999999999993 0.19999999999999993 4.473772758872182
0.5000000000000001 0.19999999999999993 0.19999999999999993 4.545750002958721
0.5000000000000001 0.19999999999999993 0.19999999999999993 4.613274959077298
0.5000000000000001 0.19999999999999993 0.19999999999999993 4.932639291564817
0.5000000000000001 0.19999999999999993 0.19999999999999993 4.9915632549307265
0.5000000000000001 0.19999999999999993 0.19999999999999993 5.028693933162194
0.5000000000000001 0.19999999999999993 0.19999999999999993 5.120647399948991
0.5000000000000001 0.19999999999999993 0.19999999999999993 5.200196402186045
0.5000000000000001 0.19999999999999993 0.19999999999999993 5.2500522574063275
0.5000000000000001 0.19999999999999993 0.19999999999999993 5.342918043150302
0.5000000000000001 0.19999999999999993 0.19999999999999993 5.361574351909487
0.5000000000000001 0.19999999999999993 0.19999999999999993 5.651536549311892
0.5000000000000001 0.19999999999999993 0.19999999999999993 5.718038384181481
0.5000000000000001 0.19999999999999993 0.19999999999999993 5.732841275867308
0.5000000000000001 0.19999999999999993 0.19999999999999993 5.783107264040445
0.5000000000000001 0.19999999999999993 0.19999999999999993 5.9803513714391965
0.5000000000000001 0.19999999999999993 0.19999999999999993 6.002566809605701
0.5000000000000001 0.19999999999999993 0.19999999999999993 6.1186645924391145
0.5000000000000001 0.19999999999999993 0.19999999999999993 6.192088183052216
0.5000000000000001 0.19999999999999993 0.19999999999999993 6.276611926655937
0.5000000000000001 0.19999999999999993 0.19999999999999993 6.338066732066071
0.5000000000000001 0.19999999999999993 0.19999999999999993 6.399008314464321
0.5000000000000001 0.19999999999999993 0.19999999999999993 6.41402610141332
0.5000000000000001 0.19999999999999993 0.19999999999999993 6.47163606659638
0.5000000000000001 0.19999999999999993 0.19999999999999993 6.508966530952949
0.5000000000000001 0.19999999999999993 0.19999999999999993 6.571431304092803
0.5000000000000001 0.19999999999999993 0.19999999999999993 6.635046539827764
0.5000000000000001 0.19999999999999993 0.19999999999999993 6.66463231030856
0.5000000000000001 0.19999999999999993 0.19999999999999993 6.69060513925832
0.5000000000000001 0.19999999999999993 0.19999999999999993 6.755601475719837
0.5000000000000001 0.19999999999999993 0.19999999999999993 6.798921929234367
0.5000000000000001 0.19999999999999993 0.19999999999999993 7.019723298248527
0.5000000000000001 0.19999999999999993 0.19999999999999993 7.144458604151158
0.5000000000000001 0.19999999999999993 0.19999999999999993 7.235622082608335
0.5000000000000001 0.19999999999999993 0.19999999999999993 7.284593611128794
0.5000000000000001 0.19999999999999993 0.19999999999999993 7.34565926210945
0.5000000000000001 0.19999999999999993 0.19999999999999993 7.4058468101223545
0.5000000000000001 0.19999999999999993 0.19999999999999993 7.509933119726172
0.5000000000000001 0.19999999999999993 0.19999999999999993 7.597287037286033
0.5000000000000001 0.19999999999999993 0.19999999999999993 7.6396188292320195
0.5000000000000001 0.19999999999999993 0.19999999999999993 7.717694629381715
0.5000000000000001 0.19999999999999993 0.19999999999999993 7.784179339816794
0.5000000000000001 0.19999999999999993 0.19999999999999993 7.827478498688183
0.5000000000000001 0.19999999999999993 0.19999999999999993 7.914714749224122
0.5000000000000001 0.19999999999999993 0.19999999999999993 7.93445477177319
0.5000000000000001 0.19999999999999993 0.19999999999999993 8.022711453011219
0.5000000000000001 0.19999999999999993 0.19999999999999993 8.120978980979787
0.5000000000000001 0.17499999999999993 0.17499999999999993 -5.1194809312830065
0.5000000000000001 0.17499999999999993 0.17499999999999993 -5.1128323704305565
0.5000000000000001 0.17499999999999993 0.17499999999999993 -5.084143080945974
0.5000000000000001 0.17499999999999993 0.17499999999999993 -5.082884867075375
0.5000000000000001 0.17499999999999993 0.17499999999999993 -4.796326192147047
0.5000000000000001 0.17499999999999993 0.17499999999999993 -4.793464204870255
0.5000000000000001 0.17499999999999993 0.17499999999999993 -4.771002495822671
0.5000000000000001 0.17499999999999993 0.17499999999999993 -4.7578033772235955
0.5000000000000001 0.17499999999999993 0.17499999999999993 -4.693616241445626
0.5000000000000001 0.17499999999999993 0.17499999999999993 -4.6888718250084285
0.5000000000000001 0.17499999999999993 0.17499999999999993 -4.659083003158161
0.5000000000000001 0.17499999999999993 0.17499999999999993 -4.631589477081683
0.5000000000000001 0.17499999999999993 0.17499999999999993 -4.313337357888036
0.5000000000000001 0.17499999999999993 0.17499999999999993 -4.311593434257845
0.5000000000000001 0.17499999999999993 0.17499999999999993 -4.0918803982604235
0.5000000000000001 0.17499999999999993 0.17499999999999993 -3.9810674328121998
0.5000000000000001 0.17499999999999993 0.17499999999999993 -0.9500123454309612
0.5000000000000001 0.17499999999999993 0.17499999999999993 -0.8856100731917351
0.5000000000000001 0.17499999999999993 0.17499999999999993 -0.6894454810436432
0.5000000000000001 0.17499999999999993 0.17499999999999993 -0.6799679093119959
0.5000000000000001 0.17499999999999993 0.17499999999999993 -0.6441975035551337
0.5000000000000001 0.17499999999999993 0.17499999999999993 -0.6183480792733338
0.5000000000000001 0.17499999999999993 0.17499999999999993 -0.5994252884148388
0.5000000000000001 0.17499999999999993 0.17499999999999993 -0.5884765067852857
0.5000000000000001 0.17499999999999993 0.17499999999999993 -0.553190433194894
0.5000000000000001 0.17499999999999993 0.17499999999999993 -0.5164993547836119
0.5000000000000001 0.17499999999999993 0.17499999999999993 -0.4834183516033619
0.5000000000000001 0.17499999999999993 0.17499999999999993 -0.4622227028795365
0.5000000000000001 0.17499999999999993 0.17499999999999993 -0.4170423932488738
0.5000000000000001 0.17499999999999993 0.17499999999999993 -0.4016194707712657
0.5000000000000001 0.17499999999999993 0.17499999999999993 -0.3897312726855815
0.5000000000000001 0.17499999999999993 0.17499999999999993 -0.38418746617225774
0.5000000000000001 0.17499999999999993 0.17499999999999993 -0.20457434453845794
0.5000000000000001 0.17499999999999993 0.17499999999999993 -0.19645161387295337
0.5000000000000001 0.17499999999999993 0.17499999999999993 -0.15491642336387734
0.5000000000000001 0.17499999999999993 0.17499999999999993 -0.1463815541502349
0.5000000000000001 0.17499999999999993 0.17499999999999993 -0.01381638788249262
0.5000000000000001 0.17499999999999993 0.17499999999999993 -0.00531593551139764
0.5000000000000001 0.17499999999999993 0.17499999999999993 0.024112151177651406
0.5000000000000001 0.17499999999999993 0.17499999999999993 0.028953484536450014
0.5000000000000001 0.17499999999999993 0.17499999999999993 0.05922653102508235
0.5000000000000001 0.17499999999999993 0.17499999999999993 0.08811952311477889
0.5000000000000001 0.17499999999999993 0.17499999999999993 0.13347952456678236
0.5000000000000001 0.17499999999999993 0.17499999999999993 0.14315079677607656
0.5000000000000001 0.17499999999999993 0.17499999999999993 0.18469410158356592
0.5000000000000001 0.17499999999999993 0.17499999999999993 0.19476912394296875
0.5000000000000001 0.17499999999999993 0.17499999999999993 0.2565771176053466
0.5000000000000001 0.17499999999999993 0.17499999999999993 0.2639869267809008
0.5000000000000001 0.17499999999999993 0.17499999999999993 0.2815398774780258
0.5000000000000001 0.17499999999999993 0.17499999999999993 0.31715223749744936
0.5000000000000001 0.17499999999999993 0.17499999999999993 0.3392831387916022
0.5000000000000001 0.17499999999999993 0.17499999999999993 0.36306491445739386
0.5000000000000001 0.17499999999999993 0.17499999999999993 0.39086575250876976
0.5000000000000001 0.17499999999999993 0.17499999999999993 0.40027501117011943
0.5000000000000001 0.17499999999999993 0.17499999999999993 0.4070776921649151
0.5000000000000001 0.17499999999999993 0.17499999999999993 0.4266744161587622
0.5000000000000001 0.17499999999999993 0.17499999999999993 0.432104170050347
0.5000000000000001 0.17499999999999993 0.17499999999999993 0.4528282269158961
0.5000000000000001 0.17499999999999993 0.17499999999999993 0.4710063663525492
0.5000000000000001 0.17499999999999993 0.17499999999999993 0.49544692212521557
0.5000000000000001 0.17499999999999993 0.17499999999999993 0.545955453856136
0.5000000000000001 0.17499999999999993 0.17499999999999993 0.5723519387279357
0.5000000000000001 0.17499999999999993 0.17499999999999993 0.6076520314193727
0.5000000000000001 0.17499999999999993 0.17499999999999993 0.6230547493180225
0.5000000000000001 0.17499999999999993 0.17499999999999993 0.6517461946925946
0.5000000000000001 0.17499999999999993 0.17499999999999993 0.6708292113391474
0.5000000000000001 0.17499999999999993 0.17499999999999993 0.6836867750798401
0.5000000000000001 0.17499999999999993 0.17499999999999993 0.7109244205974521
0.5000000000000001 0.17499999999999993 0.17499999999999993 0.7120573411481472
0.5000000000000001 0.17499999999999993 0.17499999999999993 0.7422463181269059
0.5000000000000001 0.17499999999999993 0.17499999999999993 0.764035455286067
0.5000000000000001 0.17499999999999993 0.17499999999999993 0.7650833595572568
0.5000000000000001 0.17499999999999993 0.17499999999999993 0.7864392828688036
0.5000000000000001 0.17499999999999993 0.17499999999999993 0.7990735814639285
0.5000000000000001 0.17499999999999993 0.17499999999999993 0.8099875634625846
0.5000000000000001 0.17499999999999993 0.17499999999999993 0.8180098002541509
0.5000000000000001 0.17499999999999993 0.17499999999999993 0.8326372381012153
0.5000000000000001 0.17499999999999993 0.17499999999999993 0.841664064304589
0.5000000000000001 0.17499999999999993 0.17499999999999993 0.8581274085433703
0.5000000000000001 0.17499999999999993 0.17499999999999993 0.8734376147944375
0.5000000000000001 0.17499999999999993 0.17499999999999993 0.8791999598711422
0.5000000000000001 0.17499999999999993 0.17499999999999993 0.9040062554716135
0.5000000000000001 0.17499999999999993 0.17499999999999993 0.9124761259124412
0.5000000000000001 0.17499999999999993 0.17499999999999993 0.9299953248516939
0.5000000000000001 0.17499999999999993 0.17499999999999993 0.943766479315796
0.5000000000000001 0.17499999999999993 0.17499999999999993 0.9531688335705085
0.5000000000000001 0.17499999999999993 0.17499999999999993 0.957716294782
0.5000000000000001 0.17499999999999993 0.17499999999999993 0.9693530413470937
0.5000000000000001 0.17499999999999993 0.17499999999999993 0.9767904643540692
0.5000000000000001 0.17499999999999993 0.17499999999999993 0.9910630269220784
0.5000000000000001 0.17499999999999993 0.17499999999999993 0.9984609752441935
0.5000000000000001 0.17499999999999993 0.17499999999999993 1.0112914166595637
0.5000000000000001 0.17499999999999993 0.17499999999999993 1.0255309409011204
0.5000000000000001 0.17499999999999993 0.17499999999999993 1.0343273888860907
0.5000000000000001 0.17499999999999993 0.17499999999999993 1.043185733089179
0.5000000000000001 0.17499999999999993 0.17499999999999993 1.0532199804348812
0.5000000000000001 0.17499999999999993 0.17499999999999993 1.0664477772235852
0.5000000000000001 0.17499999999999993 0.17499999999999993 1.0822737418043125
0.5000000000000001 0.17499999999999993 0.17499999999999993 1.08930905095262
0.5000000000000001 0.17499999999999993 0.17499999999999993 1.104126974479298
0.5000000000000001 0.17499999999999993 0.17499999999999993 1.1221059273580725
0.5000000000000001 0.17499999999999993 0.17499999999999993 1.1357097531023657
0.5000000000000001 0.17499999999999993 0.17499999999999993 1.1464841463175004
0.5000000000000001 0.17499999999999993 0.17499999999999993 1.1588547559623734
0.5000000000000001 0.17499999999999993 0.17499999999999993 1.1679118394641552
0.5000000000000001 0.17499999999999993 0.17499999999999993 1.176218704197958
0.5000000000000001 0.17499999999999993 0.17499999999999993 1.180724428359512
0.5000000000000001 0.17499999999999993 0.17499999999999993 1.1940705988970635
0.5000000000000001 0.17499999999999993 0.17499999999999993 1.215124159304878
0.5000000000000001 0.17499999999999993 0.17499999999999993 1.2250471612170113
0.5000000000000001 0.17499999999999993 0.17499999999999993 1.2400470975206965
0.5000000000000001 0.17499999999999993 0.17499999999999993 1.2464904103969208
0.5000000000000001 0.17499999999999993 0.17499999999999993 1.2536000190624623
0.5000000000000001 0.17499999999999993 0.17499999999999993 1.2635995631402714
0.5000000000000001 0.17499999999999993 0.17499999999999993 1.275395976019337
0.5000000000000001 0.17499999999999993 0.17499999999999993 1.2886326088408406
0.5000000000000001 0.17499999999999993 0.17499999999999993 1.3027611480097567
0.5000000000000001 0.17499999999999993 0.17499999999999993 1.3205568185889867
0.5000000000000001 0.17499999999999993 0.17499999999999993 1.3317165422206845
0.5000000000000001 0.17499999999999993 0.17499999999999993 1.350596025077717
0.5000000000000001 0.17499999999999993 0.17499999999999993 1.3568355820494544
0.5000000000000001 0.17499999999999993 0.17499999999999993 1.3714044888310883
0.5000000000000001 0.17499999999999993 0.17499999999999993 1.377903773211083
0.5000000000000001 0.17499999999999993 0.17499999999999993 1.3873930610439045
0.5000000000000001 0.17499999999999993 0.17499999999999993 1.4018354364447374
0.5000000000000001 0.17499999999999993 0.17499999999999993 1.4178102549603002
0.5000000000000001 0.17499999999999993 0.17499999999999993 1.43152324681992
0.5000000000000001 0.17499999999999993 0.17499999999999993 1.4367374847143033
0.5000000000000001 0.17499999999999993 0.17499999999999993 1.4550137697762704
0.5000000000000001 0.17499999999999993 0.17499999999999993 1.4646690677575842
0.5000000000000001 0.17499999999999993 0.17499999999999993 1.4773598265944372
0.5000000000000001 0.17499999999999993 0.17499999999999993 1.4913361006378167
0.5000000000000001 0.17499999999999993 0.17499999999999993 1.501176190861413
0.5000000000000001 0.17499999999999993 0.17499999999999993 1.515518125110769
0.5000000000000001 0.17499999999999993 0.17499999999999993 1.5336187793628158
0.5000000000000001 0.17499999999999993 0.17499999999999993 1.559457209591856
0.5000000000000001 0.17499999999999993 0.17499999999999993 1.5682260699192545
0.5000000000000001 0.17499999999999993 0.17499999999999993 1.5759478788088401
0.5000000000000001 0.17499999999999993 0.17499999999999993 1.5906218118287834
0.5000000000000001 0.17499999999999993 0.17499999999999993 1.6058539748959095
0.5000000000000001 0.17499999999999993 0.17499999999999993 1.6249879624982553
0.5000000000000001 0.17499999999999993 0.17499999999999993 1.6442267773639565
0.5000000000000001 0.17499999999999993 0.17499999999999993 1.6503289505346335
0.5000000000000001 0.17499999999999993 0.17499999999999993 1.6735067377987551
0.5000000000000001 0.17499999999999993 0.17499999999999993 1.6983334337399585
0.5000000000000001 0.17499999999999993 0.17499999999999993 1.7142610606794548
0.5000000000000001 0.17499999999999993 0.17499999999999993 1.728666166072438
0.5000000000000001 0.17499999999999993 0.17499999999999993 1.7459970914728151
0.5000000000000001 0.17499999999999993 0.17499999999999993 1.7797768475900195
0.5000000000000001 0.17499999999999993 0.17499999999999993 1.7981775339211783
0.5000000000000001 0.17499999999999993 0.17499999999999993 1.8235208478334268
0.5000000000000001 0.17499999999999993 0.17499999999999993 1.8463872063340494
0.5000000000000001 0.17499999999999993 0.17499999999999993 1.9249627530281144
0.5000000000000001 0.17499999999999993 0.17499999999999993 1.9483606041770036
0.5000000000000001 0.17499999999999993 0.17499999999999993 2.006304085144989
0.5000000000000001 0.17499999999999993 0.17499999999999993 2.0215475334358164
0.5000000000000001 0.17499999999999993 0.17499999999999993 2.152262115104743
0.5000000000000001 0.17499999999999993 0.17499999999999993 2.1585223287706716
0.5000000000000001 0.17499999999999993 0.17499999999999993 2.1930194188644663
0.5000000000000001 0.17499999999999993 0.17499999999999993 2.21776059811107
0.5000000000000001 0.17499999999999993 0.17499999999999993 4.361471495861123
0.5000000000000001 0.17499999999999993 0.17499999999999993 4.418206469415816
0.5000000000000001 0.17499999999999993 0.17499999999999993 4.481940204986472
0.5000000000000001 0.17499999999999993 0.17499999999999993 4.5446403879416035
0.5000000000000001 0.17499999999999993 0.17499999999999993 4.899939050732897
0.5000000000000001 0.17499999999999993 0.17499999999999993 4.953588720921649
0.5000000000000001 0.17499999999999993 0.17499999999999993 4.9966841844805785
0.5000000000000001 0.17499999999999993 0.17499999999999993 5.0790583606931765
0.5000000000000001 0.17499999999999993 0.17499999999999993 5.174723400501545
0.5000000000000001 0.17499999999999993 0.17499999999999993 5.2199844191748905
0.5000000000000001 0.17499999999999993 0.17499999999999993 5.30767751040508
0.5000000000000001 0.17499999999999993 0.17499999999999993 5.3267495519965795
0.5000000000000001 0.17499999999999993 0.17499999999999993 5.601038796666934
0.5000000000000001 0.17499999999999993 0.17499999999999993 5.67202596131472
0.5000000000000001 0.17499999999999993 0.17499999999999993 5.691403954847683
0.5000000000000001 0.17499999999999993 0.17499999999999993 5.728037657552592
0.5000000000000001 0.17499999999999993 0.17499999999999993 5.984171136426596
0.5000000000000001 0.17499999999999993 0.17499999999999993 6.006986866094888
0.5000000000000001 0.17499999999999993 0.17499999999999993 6.128296178755343
0.5000000000000001 0.17499999999999993 0.17499999999999993 6.192375607139488
0.5000000000000001 0.17499999999999993 0.17499999999999993 6.269761994072163
0.5000000000000001 0.17499999999999993 0.17499999999999993 6.324257158203713
0.5000000000000001 0.17499999999999993 0.17499999999999993 6.39381417759228
0.5000000000000001 0.17499999999999993 0.17499999999999993 6.40573276017227
0.5000000000000001 0.17499999999999993 0.17499999999999993 6.46557446213379
0.5000000000000001 0.17499999999999993 0.17499999999999993 6.498896252888959
0.5000000000000001 0.17499999999999993 0.17499999999999993 6.571550521414701
0.5000000000000001 0.17499999999999993 0.17499999999999993 6.627775637394043
0.5000000000000001 0.17499999999999993 0.17499999999999993 6.659736404050427
0.5000000000000001 0.17499999999999993 0.17499999999999993 6.685117922572051
0.5000000000000001 0.17499999999999993 0.17499999999999993 6.754448487623859
0.5000000000000001 0.17499999999999993 0.17499999999999993 6.794809499173085
0.5000000000000001 0.17499999999999993 0.17499999999999993 7.039359240332902
0.5000000000000001 0.17499999999999993 0.17499999999999993 7.141045387030444
0.5000000000000001 0.17499999999999993 0.17499999999999993 7.265407441695546
0.5000000000000001 0.17499999999999993 0.17499999999999993 7.309921891722683
0.5000000000000001 0.17499999999999993 0.17499999999999993 7.380765792394815
0.5000000000000001 0.17499999999999993 0.17499999999999993 7.4367196744235
0.5000000000000001 0.17499999999999993 0.17499999999999993 7.553240225697369
0.5000000000000001 0.17499999999999993 0.17499999999999993 7.638537303578345
0.5000000000000001 0.17499999999999993 0.17499999999999993 7.686321036582332
0.5000000000000001 0.17499999999999993 0.17499999999999993 7.759403830321611
0.5000000000000001 0.17499999999999993 0.17499999999999993 7.832824007072491
0.5000000000000001 0.17499999999999993 0.17499999999999993 7.875651847659835
0.5000000000000001 0.17499999999999993 0.17499999999999993 7.965329896204767
0.5000000000000001 0.17499999999999993 0.17499999999999993 7.980082416577702
0.5000000000000001 0.17499999999999993 0.17499999999999993 8.089398320901914
0.5000000000000001 0.17499999999999993 0.17499999999999993 8.17679836200327
0.5000000000000001 0.14999999999999994 0.14999999999999994 -5.132043698236179
0.5000000000000001 0.14999999999999994 0.14999999999999994 -5.127740448787811
0.5000000000000001 0.14999999999999994 0.14999999999999994 -5.0968456856840545
0.5000000000000001 0.14999999999999994 0.14999999999999994 -5.095671339980479
0.5000000000000001 0.14999999999999994 0.14999999999999994 -4.789072622899872
0.5000000000000001 0.14999999999999994 0.14999999999999994 -4.786262115621114
0.5000000000000001 0.14999999999999994 0.14999999999999994 -4.767393558074334
0.5000000000000001 0.14999999999999994 0.14999999999999994 -4.756110114682065
0.5000000000000001 0.14999999999999994 0.14999999999999994 -4.697629872049672
0.5000000000000001 0.14999999999999994 0.14999999999999994 -4.693411956133517
0.5000000000000001 0.14999999999999994 0.14999999999999994 -4.6605814343879075
0.5000000000000001 0.14999999999999994 0.14999999999999994 -4.634425507248377
0.5000000000000001 0.14999999999999994 0.14999999999999994 -4.291555706246129
0.5000000000000001 0.14999999999999994 0.14999999999999994 -4.289714810620259
0.5000000000000001 0.14999999999999994 0.14999999999999994 -4.0568431193822825
0.5000000000000001 0.14999999999999994 0.14999999999999994 -3.9607021922857513
0.5000000000000001 0.14999999999999994 0.14999999999999994 -0.970009578303971
0.5000000000000001 0.14999999999999994 0.14999999999999994 -0.9108248894201054
0.5000000000000001 0.14999999999999994 0.14999999999999994 -0.7140849093675108
0.5000000000000001 0.14999999999999994 0.14999999999999994 -0.6986492619750955
0.5000000000000001 0.14999999999999994 0.14999999999999994 -0.6695648063665907
0.5000000000000001 0.14999999999999994 0.14999999999999994 -0.6434075311764484
0.5000000000000001 0.14999999999999994 0.14999999999999994 -0.6222960887482882
0.5000000000000001 0.14999999999999994 0.14999999999999994 -0.6149089856991385
0.5000000000000001 0.14999999999999994 0.14999999999999994 -0.5748483611079287
0.5000000000000001 0.14999999999999994 0.14999999999999994 -0.538828681138412
0.5000000000000001 0.14999999999999994 0.14999999999999994 -0.5028222052091866
0.5000000000000001 0.14999999999999994 0.14999999999999994 -0.48722992985556424
0.5000000000000001 0.14999999999999994 0.14999999999999994 -0.43248420056766257
0.5000000000000001 0.14999999999999994 0.14999999999999994 -0.41762680085842696
0.5000000000000001 0.14999999999999994 0.14999999999999994 -0.40676431578729266
0.5000000000000001 0.14999999999999994 0.14999999999999994 -0.40160426418098993
0.5000000000000001 0.14999999999999994 0.14999999999999994 -0.2015673792926017
0.5000000000000001 0.14999999999999994 0.14999999999999994 -0.19497440182141837
0.5000000000000001 0.14999999999999994 0.14999999999999994 -0.15777795520278728
0.5000000000000001 0.14999999999999994 0.14999999999999994 -0.15056499139342133
0.5000000000000001 0.14999999999999994 0.14999999999999994 -0.011464502811515172
0.5000000000000001 0.14999999999999994 0.14999999999999994 -0.0036058081452593326
0.5000000000000001 0.14999999999999994 0.14999999999999994 0.023917362552366754
0.5000000000000001 0.14999999999999994 0.14999999999999994 0.028399194286860045
0.5000000000000001 0.14999999999999994 0.14999999999999994 0.0644317946769899
0.5000000000000001 0.14999999999999994 0.14999999999999994 0.09237647049938325
0.5000000000000001 0.14999999999999994 0.14999999999999994 0.1321840382090116
0.5000000000000001 0.14999999999999994 0.14999999999999994 0.1413105123573537
0.5000000000000001 0.14999999999999994 0.14999999999999994 0.18362681506241785
0.5000000000000001 0.14999999999999994 0.14999999999999994 0.1921216219664288
0.5000000000000001 0.14999999999999994 0.14999999999999994 0.2614903760260179
0.5000000000000001 0.14999999999999994 0.14999999999999994 0.2686353859500702
0.5000000000000001 0.14999999999999994 0.14999999999999994 0.28343425438746994
0.5000000000000001 0.14999999999999994 0.14999999999999994 0.3147066743180069
0.5000000000000001 0.14999999999999994 0.14999999999999994 0.34510886504933413
0.5000000000000001 0.14999999999999994 0.14999999999999994 0.36527085274973636
0.5000000000000001 0.14999999999999994 0.14999999999999994 0.39540190264692576
0.5000000000000001 0.14999999999999994 0.14999999999999994 0.405921036373605
0.5000000000000001 0.14999999999999994 0.14999999999999994 0.4113247788120113
0.5000000000000001 0.14999999999999994 0.14999999999999994 0.43317106126385774
0.5000000000000001 0.14999999999999994 0.14999999999999994 0.43750269876665226
0.5000000000000001 0.14999999999999994 0.14999999999999994 0.45500840100328777
0.5000000000000001 0.14999999999999994 0.14999999999999994 0.47313877888864475
0.5000000000000001 0.14999999999999994 0.14999999999999994 0.4988997604892287
0.5000000000000001 0.14999999999999994 0.14999999999999994 0.5599470074325437
0.5000000000000001 0.14999999999999994 0.14999999999999994 0.5813291141536032
0.5000000000000001 0.14999999999999994 0.14999999999999994 0.6193898567089553
0.5000000000000001 0.14999999999999994 0.14999999999999994 0.6363938694765787
0.5000000000000001 0.14999999999999994 0.14999999999999994 0.657291286363292
0.5000000000000001 0.14999999999999994 0.14999999999999994 0.671587488552059
0.5000000000000001 0.14999999999999994 0.14999999999999994 0.6886676170436488
0.5000000000000001 0.14999999999999994 0.14999999999999994 0.7143888345275978
0.5000000000000001 0.14999999999999994 0.14999999999999994 0.720404325004649
0.5000000000000001 0.14999999999999994 0.14999999999999994 0.7465022716864471
0.5000000000000001 0.14999999999999994 0.14999999999999994 0.7685199189559666
0.5000000000000001 0.14999999999999994 0.14999999999999994 0.770822971100612
0.5000000000000001 0.14999999999999994 0.14999999999999994 0.7893661438595831
0.5000000000000001 0.14999999999999994 0.14999999999999994 0.803880631478024
0.5000000000000001 0.14999999999999994 0.14999999999999994 0.8150031557948356
0.5000000000000001 0.14999999999999994 0.14999999999999994 0.8225068806784268
0.5000000000000001 0.14999999999999994 0.14999999999999994 0.8387771607855461
0.5000000000000001 0.14999999999999994 0.14999999999999994 0.8521663173621663
0.5000000000000001 0.14999999999999994 0.14999999999999994 0.8660122062954505
0.5000000000000001 0.14999999999999994 0.14999999999999994 0.8795230850139403
0.5000000000000001 0.14999999999999994 0.14999999999999994 0.8820069912014271
0.5000000000000001 0.14999999999999994 0.14999999999999994 0.9096197141266797
0.5000000000000001 0.14999999999999994 0.14999999999999994 0.9181851941624153
0.5000000000000001 0.14999999999999994 0.14999999999999994 0.9373477231388909
0.5000000000000001 0.14999999999999994 0.14999999999999994 0.9499851727533422
0.5000000000000001 0.14999999999999994 0.14999999999999994 0.9572877228347165
0.5000000000000001 0.14999999999999994 0.14999999999999994 0.9666272909455211
0.5000000000000001 0.14999999999999994 0.14999999999999994 0.97325877880929
0.5000000000000001 0.14999999999999994 0.14999999999999994 0.9856650484590208
0.5000000000000001 0.14999999999999994 0.14999999999999994 0.9960362514214681
0.5000000000000001 0.14999999999999994 0.14999999999999994 0.9990001924552858
0.5000000000000001 0.14999999999999994 0.14999999999999994 1.0158805526457702
0.5000000000000001 0.14999999999999994 0.14999999999999994 1.029231806281361
0.5000000000000001 0.14999999999999994 0.14999999999999994 1.0384387372286255
0.5000000000000001 0.14999999999999994 0.14999999999999994 1.0452378888683174
0.5000000000000001 0.14999999999999994 0.14999999999999994 1.0570876200054462
0.5000000000000001 0.14999999999999994 0.14999999999999994 1.0698349975328298
0.5000000000000001 0.14999999999999994 0.14999999999999994 1.0873304392554726
0.5000000000000001 0.14999999999999994 0.14999999999999994 1.0979653689250277
0.5000000000000001 0.14999999999999994 0.14999999999999994 1.1073904374636614
0.5000000000000001 0.14999999999999994 0.14999999999999994 1.1237331326254116
0.5000000000000001 0.14999999999999994 0.14999999999999994 1.1371598594049814
0.5000000000000001 0.14999999999999994 0.14999999999999994 1.147000050006362
0.5000000000000001 0.14999999999999994 0.14999999999999994 1.1610293727328171
0.5000000000000001 0.14999999999999994 0.14999999999999994 1.170429974020125
0.5000000000000001 0.14999999999999994 0.14999999999999994 1.1773799253888702
0.5000000000000001 0.14999999999999994 0.14999999999999994 1.1833505250836978
0.5000000000000001 0.14999999999999994 0.14999999999999994 1.1984155419046614
0.5000000000000001 0.14999999999999994 0.14999999999999994 1.2144498053402604
0.5000000000000001 0.14999999999999994 0.14999999999999994 1.225208987332346
0.5000000000000001 0.14999999999999994 0.14999999999999994 1.243339625577244
0.5000000000000001 0.14999999999999994 0.14999999999999994 1.2474210525753844
0.5000000000000001 0.14999999999999994 0.14999999999999994 1.256088066157365
0.5000000000000001 0.14999999999999994 0.14999999999999994 1.2639937319586982
0.5000000000000001 0.14999999999999994 0.14999999999999994 1.2741681993042162
0.5000000000000001 0.14999999999999994 0.14999999999999994 1.288575131747531
0.5000000000000001 0.14999999999999994 0.14999999999999994 1.3034964050808222
0.5000000000000001 0.14999999999999994 0.14999999999999994 1.3196607532883364
0.5000000000000001 0.14999999999999994 0.14999999999999994 1.3331572826080018
0.5000000000000001 0.14999999999999994 0.14999999999999994 1.351382001435698
0.5000000000000001 0.14999999999999994 0.14999999999999994 1.3568463653337368
0.5000000000000001 0.14999999999999994 0.14999999999999994 1.371320506684188
0.5000000000000001 0.14999999999999994 0.14999999999999994 1.375927061109716
0.5000000000000001 0.14999999999999994 0.14999999999999994 1.3896828093321707
0.5000000000000001 0.14999999999999994 0.14999999999999994 1.4013493215840551
0.5000000000000001 0.14999999999999994 0.14999999999999994 1.419495244191519
0.5000000000000001 0.14999999999999994 0.14999999999999994 1.4294752342243293
0.5000000000000001 0.14999999999999994 0.14999999999999994 1.4352794478987432
0.5000000000000001 0.14999999999999994 0.14999999999999994 1.4562652393191717
0.5000000000000001 0.14999999999999994 0.14999999999999994 1.4659425112855482
0.5000000000000001 0.14999999999999994 0.14999999999999994 1.4761550917983408
0.5000000000000001 0.14999999999999994 0.14999999999999994 1.4915207907710277
0.5000000000000001 0.14999999999999994 0.14999999999999994 1.503083648095461
0.5000000000000001 0.14999999999999994 0.14999999999999994 1.515668425572433
0.5000000000000001 0.14999999999999994 0.14999999999999994 1.5351945965679805
0.5000000000000001 0.14999999999999994 0.14999999999999994 1.5604271295698267
0.5000000000000001 0.14999999999999994 0.14999999999999994 1.571196366141474
0.5000000000000001 0.14999999999999994 0.14999999999999994 1.5775400882908857
0.5000000000000001 0.14999999999999994 0.14999999999999994 1.5923428438921414
0.5000000000000001 0.14999999999999994 0.14999999999999994 1.605448203402263
0.5000000000000001 0.14999999999999994 0.14999999999999994 1.6262065463040773
0.5000000000000001 0.14999999999999994 0.14999999999999994 1.6475169797765958
0.5000000000000001 0.14999999999999994 0.14999999999999994 1.652898027393942
0.5000000000000001 0.14999999999999994 0.14999999999999994 1.6734757059156857
0.5000000000000001 0.14999999999999994 0.14999999999999994 1.704044222933157
0.5000000000000001 0.14999999999999994 0.14999999999999994 1.7136221883032556
0.5000000000000001 0.14999999999999994 0.14999999999999994 1.7378565885390058
0.5000000000000001 0.14999999999999994 0.14999999999999994 1.7527400489228437
0.5000000000000001 0.14999999999999994 0.14999999999999994 1.7936672713250807
0.5000000000000001 0.14999999999999994 0.14999999999999994 1.810728409376436
0.5000000000000001 0.14999999999999994 0.14999999999999994 1.8353556601698964
0.5000000000000001 0.14999999999999994 0.14999999999999994 1.8619515067255783
0.5000000000000001 0.14999999999999994 0.14999999999999994 1.940366888330403
0.5000000000000001 0.14999999999999994 0.14999999999999994 1.962135606578685
0.5000000000000001 0.14999999999999994 0.14999999999999994 2.0171804145486973
0.5000000000000001 0.14999999999999994 0.14999999999999994 2.026007406860482
0.5000000000000001 0.14999999999999994 0.14999999999999994 2.184255179089857
0.5000000000000001 0.14999999999999994 0.14999999999999994 2.194215805054924
0.5000000000000001 0.14999999999999994 0.14999999999999994 2.2293323568560144
0.5000000000000001 0.14999999999999994 0.14999999999999994 2.252236535468473
0.5000000000000001 0.14999999999999994 0.14999999999999994 4.30947613823629
0.5000000000000001 0.14999999999999994 0.14999999999999994 4.367385120844004
0.5000000000000001 0.14999999999999994 0.14999999999999994 4.422313550430999
0.5000000000000001 0.14999999999999994 0.14999999999999994 4.480675213151359
0.5000000000000001 0.14999999999999994 0.14999999999999994 4.87040392396389
0.5000000000000001 0.14999999999999994 0.14999999999999994 4.917883806810247
0.5000000000000001 0.14999999999999994 0.14999999999999994 4.967698119442753
0.5000000000000001 0.14999999999999994 0.14999999999999994 5.039718759604098
0.5000000000000001 0.14999999999999994 0.14999999999999994 5.153169681447472
0.5000000000000001 0.14999999999999994 0.14999999999999994 5.194080802228093
0.5000000000000001 0.14999999999999994 0.14999999999999994 5.273937799691684
0.5000000000000001 0.14999999999999994 0.14999999999999994 5.293794019218495
0.5000000000000001 0.14999999999999994 0.14999999999999994 5.555297885335577
0.5000000000000001 0.14999999999999994 0.14999999999999994 5.6274035566790035
0.5000000000000001 0.14999999999999994 0.14999999999999994 5.6483412581279655
0.5000000000000001 0.14999999999999994 0.14999999999999994 5.675275379830718
0.5000000000000001 0.14999999999999994 0.14999999999999994 5.990816984197268
0.5000000000000001 0.14999999999999994 0.14999999999999994 6.013211117033066
0.5000000000000001 0.14999999999999994 0.14999999999999994 6.137245338007464
0.5000000000000001 0.14999999999999994 0.14999999999999994 6.192754514762587
0.5000000000000001 0.14999999999999994 0.14999999999999994 6.264939121560392
0.5000000000000001 0.14999999999999994 0.14999999999999994 6.311644099752384
0.5000000000000001 0.14999999999999994 0.14999999999999994 6.388880729356507
0.5000000000000001 0.14999999999999994 0.14999999999999994 6.399385912630263
0.5000000000000001 0.14999999999999994 0.14999999999999994 6.461400488086102
0.5000000000000001 0.14999999999999994 0.14999999999999994 6.490278618013282
0.5000000000000001 0.14999999999999994 0.14999999999999994 6.572660994230385
0.5000000000000001 0.14999999999999994 0.14999999999999994 6.620523044915063
0.5000000000000001 0.14999999999999994 0.14999999999999994 6.657316203807643
0.5000000000000001 0.14999999999999994 0.14999999999999994 6.680143892390194
0.5000000000000001 0.14999999999999994 0.14999999999999994 6.755362224622198
0.5000000000000001 0.14999999999999994 0.14999999999999994 6.790842136032786
0.5000000000000001 0.14999999999999994 0.14999999999999994 7.042271228834009
0.5000000000000001 0.14999999999999994 0.14999999999999994 7.124678314892707
0.5000000000000001 0.14999999999999994 0.14999999999999994 7.294623120485395
0.5000000000000001 0.14999999999999994 0.14999999999999994 7.334983589288546
0.5000000000000001 0.14999999999999994 0.14999999999999994 7.413317293224668
0.5000000000000001 0.14999999999999994 0.14999999999999994 7.464749117717922
0.5000000000000001 0.14999999999999994 0.14999999999999994 7.596609187859436
0.5000000000000001 0.14999999999999994 0.14999999999999994 7.67508937191325
0.5000000000000001 0.14999999999999994 0.14999999999999994 7.72916040378236
0.5000000000000001 0.14999999999999994 0.14999999999999994 7.796467721124929
0.5000000000000001 0.14999999999999994 0.14999999999999994 7.877800894917275
0.5000000000000001 0.14999999999999994 0.14999999999999994 7.918833452797331
0.5000000000000001 0.14999999999999994 0.14999999999999994 8.012445789349727
0.5000000000000001 0.14999999999999994 0.14999999999999994 8.022051083765314
0.5000000000000001 0.14999999999999994 0.14999999999999994 8.152507872116407
0.5000000000000001 0.14999999999999994 0.14999999999999994 8.228560499705663
0.5000000000000001 0.12499999999999994 0.12499999999999994 -5.142443420914723
0.5000000000000001 0.12499999999999994 0.12499999999999994 -5.139897309867151
0.5000000000000001 0.12499999999999994 0.12499999999999994 -5.107632397280455
0.5000000000000001 0.12499999999999994 0.12499999999999994 -5.106638083878551
0.5000000000000001 0.12499999999999994 0.12499999999999994 -4.781929430446726
0.5000000000000001 0.12499999999999994 0.12499999999999994 -4.7792223862365075
0.5000000000000001 0.12499999999999994 0.12499999999999994 -4.763753677506405
0.5000000000000001 0.12499999999999994 0.12499999999999994 -4.754780790043524
0.5000000000000001 0.12499999999999994 0.12499999999999994 -4.702133755680065
0.5000000000000001 0.12499999999999994 0.12499999999999994 -4.698365711762248
0.5000000000000001 0.12499999999999994 0.12499999999999994 -4.661555592305897
0.5000000000000001 0.12499999999999994 0.12499999999999994 -4.638290781240443
0.5000000000000001 0.12499999999999994 0.12499999999999994 -4.272777682318376
0.5000000000000001 0.12499999999999994 0.12499999999999994 -4.270839357732819
0.5000000000000001 0.12499999999999994 0.12499999999999994 -4.024733637871336
0.5000000000000001 0.12499999999999994 0.12499999999999994 -3.945765563920162
0.5000000000000001 0.12499999999999994 0.12499999999999994 -0.9869475231665028
0.5000000000000001 0.12499999999999994 0.12499999999999994 -0.9344658018539285
0.5000000000000001 0.12499999999999994 0.12499999999999994 -0.7351282037648339
0.5000000000000001 0.12499999999999994 0.12499999999999994 -0.714874542168868
0.5000000000000001 0.12499999999999994 0.12499999999999994 -0.692982423643068
0.5000000000000001 0.12499999999999994 0.12499999999999994 -0.6667330642010327
0.5000000000000001 0.12499999999999994 0.12499999999999994 -0.6422657023649267
0.5000000000000001 0.12499999999999994 0.12499999999999994 -0.638143516500843
0.5000000000000001 0.12499999999999994 0.12499999999999994 -0.5929112763458964
0.5000000000000001 0.12499999999999994 0.12499999999999994 -0.5592748410028161
0.5000000000000001 0.12499999999999994 0.12499999999999994 -0.5201806219247338
0.5000000000000001 0.12499999999999994 0.12499999999999994 -0.5092387947033181
0.5000000000000001 0.12499999999999994 0.12499999999999994 -0.44560330501916035
0.5000000000000001 0.12499999999999994 0.12499999999999994 -0.43212215504156504
0.5000000000000001 0.12499999999999994 0.12499999999999994 -0.42151460525692624
0.5000000000000001 0.12499999999999994 0.12499999999999994 -0.41679014284878313
0.5000000000000001 0.12499999999999994 0.12499999999999994 -0.1991316844236604
0.5000000000000001 0.12499999999999994 0.12499999999999994 -0.1939484265512553
0.5000000000000001 0.12499999999999994 0.12499999999999994 -0.16003692280982484
0.5000000000000001 0.12499999999999994 0.12499999999999994 -0.15416451423151784
0.5000000000000001 0.12499999999999994 0.12499999999999994 -0.009330445349314905
0.5000000000000001 0.12499999999999994 0.12499999999999994 -0.0022677906543843475
0.5000000000000001 0.12499999999999994 0.12499999999999994 0.023643550413604584
0.5000000000000001 0.12499999999999994 0.12499999999999994 0.027810016554574053
0.5000000000000001 0.12499999999999994 0.12499999999999994 0.0695103752702444
0.5000000000000001 0.12499999999999994 0.12499999999999994 0.0955078492096817
0.5000000000000001 0.12499999999999994 0.12499999999999994 0.13098656363423977
0.5000000000000001 0.12499999999999994 0.12499999999999994 0.13964406335308155
0.5000000000000001 0.12499999999999994 0.12499999999999994 0.1825225492872662
0.5000000000000001 0.12499999999999994 0.12499999999999994 0.18928130101529367
0.5000000000000001 0.12499999999999994 0.12499999999999994 0.26530973495561966
0.5000000000000001 0.12499999999999994 0.12499999999999994 0.27200613057246725
0.5000000000000001 0.12499999999999994 0.12499999999999994 0.28515698569079095
0.5000000000000001 0.12499999999999994 0.12499999999999994 0.31149620322358285
0.5000000000000001 0.12499999999999994 0.12499999999999994 0.34986573982550695
0.5000000000000001 0.12499999999999994 0.12499999999999994 0.3665017555461567
0.5000000000000001 0.12499999999999994 0.12499999999999994 0.398572907815935
0.5000000000000001 0.12499999999999994 0.12499999999999994 0.4088592750178968
0.5000000000000001 0.12499999999999994 0.12499999999999994 0.4155681715302701
0.5000000000000001 0.12499999999999994 0.12499999999999994 0.4378302525937152
0.5000000000000001 0.12499999999999994 0.12499999999999994 0.441687320631776
0.5000000000000001 0.12499999999999994 0.12499999999999994 0.45577538987483557
0.5000000000000001 0.12499999999999994 0.12499999999999994 0.47578834514149104
0.5000000000000001 0.12499999999999994 0.12499999999999994 0.5004983707205808
0.5000000000000001 0.12499999999999994 0.12499999999999994 0.5713579882867714
0.5000000000000001 0.12499999999999994 0.12499999999999994 0.5879515574032395
0.5000000000000001 0.12499999999999994 0.12499999999999994 0.6294166184328063
0.5000000000000001 0.12499999999999994 0.12499999999999994 0.6471398313893291
0.5000000000000001 0.12499999999999994 0.12499999999999994 0.6633856902864883
0.5000000000000001 0.12499999999999994 0.12499999999999994 0.6726913232333382
0.5000000000000001 0.12499999999999994 0.12499999999999994 0.6938338824231591
0.5000000000000001 0.12499999999999994 0.12499999999999994 0.7166858679319823
0.5000000000000001 0.12499999999999994 0.12499999999999994 0.7265866263459948
0.5000000000000001 0.12499999999999994 0.12499999999999994 0.7505276255314071
0.5000000000000001 0.12499999999999994 0.12499999999999994 0.7731227535839298
0.5000000000000001 0.12499999999999994 0.12499999999999994 0.775890833235366
0.5000000000000001 0.12499999999999994 0.12499999999999994 0.7903145562486609
0.5000000000000001 0.12499999999999994 0.12499999999999994 0.8065038677686367
0.5000000000000001 0.12499999999999994 0.12499999999999994 0.8208866034851185
0.5000000000000001 0.12499999999999994 0.12499999999999994 0.8284852349829936
0.5000000000000001 0.12499999999999994 0.12499999999999994 0.8427784735063399
0.5000000000000001 0.12499999999999994 0.12499999999999994 0.8615506870898368
0.5000000000000001 0.12499999999999994 0.12499999999999994 0.8755238102686744
0.5000000000000001 0.12499999999999994 0.12499999999999994 0.8826826131140797
0.5000000000000001 0.12499999999999994 0.12499999999999994 0.8855858205591003
0.5000000000000001 0.12499999999999994 0.12499999999999994 0.9133296170193343
0.5000000000000001 0.12499999999999994 0.12499999999999994 0.9246192367069712
0.5000000000000001 0.12499999999999994 0.12499999999999994 0.9449579919140989
0.5000000000000001 0.12499999999999994 0.12499999999999994 0.95559798647766
0.5000000000000001 0.12499999999999994 0.12499999999999994 0.961503241106255
0.5000000000000001 0.12499999999999994 0.12499999999999994 0.9704092284986885
0.5000000000000001 0.12499999999999994 0.12499999999999994 0.9778858825931449
0.5000000000000001 0.12499999999999994 0.12499999999999994 0.9947546205007013
0.5000000000000001 0.12499999999999994 0.12499999999999994 0.9990109020170818
0.5000000000000001 0.12499999999999994 0.12499999999999994 1.0031995920871428
0.5000000000000001 0.12499999999999994 0.12499999999999994 1.019410729656549
0.5000000000000001 0.12499999999999994 0.12499999999999994 1.031759863091204
0.5000000000000001 0.12499999999999994 0.12499999999999994 1.0447088561064903
0.5000000000000001 0.12499999999999994 0.12499999999999994 1.0467020121666488
0.5000000000000001 0.12499999999999994 0.12499999999999994 1.061674328543897
0.5000000000000001 0.12499999999999994 0.12499999999999994 1.0725745114833325
0.5000000000000001 0.12499999999999994 0.12499999999999994 1.0930683568322257
0.5000000000000001 0.12499999999999994 0.12499999999999994 1.1052814852428612
0.5000000000000001 0.12499999999999994 0.12499999999999994 1.1113261767701086
0.5000000000000001 0.12499999999999994 0.12499999999999994 1.1239948623265619
0.5000000000000001 0.12499999999999994 0.12499999999999994 1.1381690787815906
0.5000000000000001 0.12499999999999994 0.12499999999999994 1.1473334836876594
0.5000000000000001 0.12499999999999994 0.12499999999999994 1.162700003231536
0.5000000000000001 0.12499999999999994 0.12499999999999994 1.1706551361170126
0.5000000000000001 0.12499999999999994 0.12499999999999994 1.1772567014155213
0.5000000000000001 0.12499999999999994 0.12499999999999994 1.188002327087328
0.5000000000000001 0.12499999999999994 0.12499999999999994 1.2027681202269571
0.5000000000000001 0.12499999999999994 0.12499999999999994 1.2130921931801968
0.5000000000000001 0.12499999999999994 0.12499999999999994 1.2260168056104366
0.5000000000000001 0.12499999999999994 0.12499999999999994 1.24279584411821
0.5000000000000001 0.12499999999999994 0.12499999999999994 1.24928547269157
0.5000000000000001 0.12499999999999994 0.12499999999999994 1.2599334956266837
0.5000000000000001 0.12499999999999994 0.12499999999999994 1.2638771735762797
0.5000000000000001 0.12499999999999994 0.12499999999999994 1.2735599026965998
0.5000000000000001 0.12499999999999994 0.12499999999999994 1.2894845998357267
0.5000000000000001 0.12499999999999994 0.12499999999999994 1.3038340503841077
0.5000000000000001 0.12499999999999994 0.12499999999999994 1.318334734311085
0.5000000000000001 0.12499999999999994 0.12499999999999994 1.3348355529048277
0.5000000000000001 0.12499999999999994 0.12499999999999994 1.3505664466470435
0.5000000000000001 0.12499999999999994 0.12499999999999994 1.3578126006347597
0.5000000000000001 0.12499999999999994 0.12499999999999994 1.3711145072010125
0.5000000000000001 0.12499999999999994 0.12499999999999994 1.374697792516453
0.5000000000000001 0.12499999999999994 0.12499999999999994 1.391244084955967
0.5000000000000001 0.12499999999999994 0.12499999999999994 1.4010873168295879
0.5000000000000001 0.12499999999999994 0.12499999999999994 1.4188292468824688
0.5000000000000001 0.12499999999999994 0.12499999999999994 1.4287076935940601
0.5000000000000001 0.12499999999999994 0.12499999999999994 1.4349694012246226
0.5000000000000001 0.12499999999999994 0.12499999999999994 1.4571980086953653
0.5000000000000001 0.12499999999999994 0.12499999999999994 1.4663570027403123
0.5000000000000001 0.12499999999999994 0.12499999999999994 1.4759357221168479
0.5000000000000001 0.12499999999999994 0.12499999999999994 1.4912288354406904
0.5000000000000001 0.12499999999999994 0.12499999999999994 1.504730327740539
0.5000000000000001 0.12499999999999994 0.12499999999999994 1.5155097526731671
0.5000000000000001 0.12499999999999994 0.12499999999999994 1.5382303435702767
0.5000000000000001 0.12499999999999994 0.12499999999999994 1.5604983343229701
0.5000000000000001 0.12499999999999994 0.12499999999999994 1.5734551269823296
0.5000000000000001 0.12499999999999994 0.12499999999999994 1.5782255007739887
0.5000000000000001 0.12499999999999994 0.12499999999999994 1.5947906615002285
0.5000000000000001 0.12499999999999994 0.12499999999999994 1.604822534203298
0.5000000000000001 0.12499999999999994 0.12499999999999994 1.626773142431336
0.5000000000000001 0.12499999999999994 0.12499999999999994 1.647380911177354
0.5000000000000001 0.12499999999999994 0.12499999999999994 1.6573017881988283
0.5000000000000001 0.12499999999999994 0.12499999999999994 1.6728514953619964
0.5000000000000001 0.12499999999999994 0.12499999999999994 1.7074821795605373
0.5000000000000001 0.12499999999999994 0.12499999999999994 1.7128764565534376
0.5000000000000001 0.12499999999999994 0.12499999999999994 1.7471469428643696
0.5000000000000001 0.12499999999999994 0.12499999999999994 1.7607697776636693
0.5000000000000001 0.12499999999999994 0.12499999999999994 1.8069083858486463
0.5000000000000001 0.12499999999999994 0.12499999999999994 1.8238374204065861
0.5000000000000001 0.12499999999999994 0.12499999999999994 1.8473162364021904
0.5000000000000001 0.12499999999999994 0.12499999999999994 1.875933959700986
0.5000000000000001 0.12499999999999994 0.12499999999999994 1.9541487905372614
0.5000000000000001 0.12499999999999994 0.12499999999999994 1.973957684798683
0.5000000000000001 0.12499999999999994 0.12499999999999994 2.0237497717497055
0.5000000000000001 0.12499999999999994 0.12499999999999994 2.0301370020013447
0.5000000000000001 0.12499999999999994 0.12499999999999994 2.2158660097044844
0.5000000000000001 0.12499999999999994 0.12499999999999994 2.2274828272916274
0.5000000000000001 0.12499999999999994 0.12499999999999994 2.262798295045818
0.5000000000000001 0.12499999999999994 0.12499999999999994 2.283500781607681
0.5000000000000001 0.12499999999999994 0.12499999999999994 4.265309515806915
0.5000000000000001 0.12499999999999994 0.12499999999999994 4.322336246891872
0.5000000000000001 0.12499999999999994 0.12499999999999994 4.368177681587405
0.5000000000000001 0.12499999999999994 0.12499999999999994 4.422426080465877
0.5000000000000001 0.12499999999999994 0.12499999999999994 4.84480489179961
0.5000000000000001 0.12499999999999994 0.12499999999999994 4.885364036547745
0.5000000000000001 0.12499999999999994 0.12499999999999994 4.942547915576946
0.5000000000000001 0.12499999999999994 0.12499999999999994 5.003678420356059
0.5000000000000001 0.12499999999999994 0.12499999999999994 5.135902647519505
0.5000000000000001 0.12499999999999994 0.12499999999999994 5.17232427243562
0.5000000000000001 0.12499999999999994 0.12499999999999994 5.243014365876164
0.5000000000000001 0.12499999999999994 0.12499999999999994 5.263349995873193
0.5000000000000001 0.12499999999999994 0.12499999999999994 5.516461614062529
0.5000000000000001 0.12499999999999994 0.12499999999999994 5.586930188480185
0.5000000000000001 0.12499999999999994 0.12499999999999994 5.606895137676964
0.5000000000000001 0.12499999999999994 0.12499999999999994 5.626236224567974
0.5000000000000001 0.12499999999999994 0.12499999999999994 5.998764309460423
0.5000000000000001 0.12499999999999994 0.12499999999999994 6.019035141615486
0.5000000000000001 0.12499999999999994 0.12499999999999994 6.145041514205946
0.5000000000000001 0.12499999999999994 0.12499999999999994 6.192059801682678
0.5000000000000001 0.12499999999999994 0.12499999999999994 6.261833832892301
0.5000000000000001 0.12499999999999994 0.12499999999999994 6.300489986928078
0.5000000000000001 0.12499999999999994 0.12499999999999994 6.384754247762776
0.5000000000000001 0.12499999999999994 0.12499999999999994 6.394312881077689
0.5000000000000001 0.12499999999999994 0.12499999999999994 6.458793226271981
0.5000000000000001 0.12499999999999994 0.12499999999999994 6.483142542585057
0.5000000000000001 0.12499999999999994 0.12499999999999994 6.574463012598259
0.5000000000000001 0.12499999999999994 0.12499999999999994 6.613661822564342
0.5000000000000001 0.12499999999999994 0.12499999999999994 6.6568013817521825
0.5000000000000001 0.12499999999999994 0.12499999999999994 6.6758606907953935
0.5000000000000001 0.12499999999999994 0.12499999999999994 6.757654949751352
0.5000000000000001 0.12499999999999994 0.12499999999999994 6.787130060291036
0.5000000000000001 0.12499999999999994 0.12499999999999994 7.02821181728833
0.5000000000000001 0.12499999999999994 0.12499999999999994 7.096042728861814
0.5000000000000001 0.12499999999999994 0.12499999999999994 7.324162254924706
0.5000000000000001 0.12499999999999994 0.12499999999999994 7.358611526383952
0.5000000000000001 0.12499999999999994 0.12499999999999994 7.444170185931963
0.5000000000000001 0.12499999999999994 0.12499999999999994 7.491208712071497
0.5000000000000001 0.12499999999999994 0.12499999999999994 7.638296380560922
0.5000000000000001 0.12499999999999994 0.12499999999999994 7.706580027362465
0.5000000000000001 0.12499999999999994 0.12499999999999994 7.768012867524713
0.5000000000000001 0.12499999999999994 0.12499999999999994 7.82857129858991
0.5000000000000001 0.12499999999999994 0.12499999999999994 7.919362451447983
0.5000000000000001 0.12499999999999994 0.12499999999999994 7.95664732448289
0.5000000000000001 0.12499999999999994 0.12499999999999994 8.055437921147504
0.5000000000000001 0.12499999999999994 0.12499999999999994 8.060594080102724
0.5000000000000001 0.12499999999999994 0.12499999999999994 8.210909190991012
0.5000000000000001 0.12499999999999994 0.12499999999999994 8.275273547408625
0.5000000000000001 0.09999999999999995 0.09999999999999995 -5.150821873067223
0.5000000000000001 0.09999999999999995 0.09999999999999995 -5.149394794215724
0.5000000000000001 0.09999999999999995 0.09999999999999995 -5.116506863340045
0.5000000000000001 0.09999999999999995 0.09999999999999995 -5.115753451035445
0.5000000000000001 0.09999999999999995 0.09999999999999995 -4.775156093992659
0.5000000000000001 0.09999999999999995 0.09999999999999995 -4.772578669561695
0.5000000000000001 0.09999999999999995 0.09999999999999995 -4.760129768632966
0.5000000000000001 0.09999999999999995 0.09999999999999995 -4.753687495712196
0.5000000000000001 0.09999999999999995 0.09999999999999995 -4.707060741126923
0.5000000000000001 0.09999999999999995 0.09999999999999995 -4.703698635771823
0.5000000000000001 0.09999999999999995 0.09999999999999995 -4.6620405996352865
0.5000000000000001 0.09999999999999995 0.09999999999999995 -4.642983061552458
0.5000000000000001 0.09999999999999995 0.09999999999999995 -4.257140365476191
0.5000000000000001 0.09999999999999995 0.09999999999999995 -4.255190056476793
0.5000000000000001 0.09999999999999995 0.09999999999999995 -3.9967068944845803
0.5000000000000001 0.09999999999999995 0.09999999999999995 -3.9358170943697264
0.5000000000000001 0.09999999999999995 0.09999999999999995 -1.0006815960658102
0.5000000000000001 0.09999999999999995 0.09999999999999995 -0.9564244319674398
0.5000000000000001 0.09999999999999995 0.09999999999999995 -0.7519220515412499
0.5000000000000001 0.09999999999999995 0.09999999999999995 -0.7285500720738636
0.5000000000000001 0.09999999999999995 0.09999999999999995 -0.7138234714507803
0.5000000000000001 0.09999999999999995 0.09999999999999995 -0.688099710024968
0.5000000000000001 0.09999999999999995 0.09999999999999995 -0.6591821054298094
0.5000000000000001 0.09999999999999995 0.09999999999999995 -0.657366730513062
0.5000000000000001 0.09999999999999995 0.09999999999999995 -0.6070727736641288
0.5000000000000001 0.09999999999999995 0.09999999999999995 -0.5776809362684805
0.5000000000000001 0.09999999999999995 0.09999999999999995 -0.5351224894204903
0.5000000000000001 0.09999999999999995 0.09999999999999995 -0.5277011675873053
0.5000000000000001 0.09999999999999995 0.09999999999999995 -0.45628130916377785
0.5000000000000001 0.09999999999999995 0.09999999999999995 -0.44485268718102233
0.5000000000000001 0.09999999999999995 0.09999999999999995 -0.43374551906856623
0.5000000000000001 0.09999999999999995 0.09999999999999995 -0.4296322548702491
0.5000000000000001 0.09999999999999995 0.09999999999999995 -0.19721409609734827
0.5000000000000001 0.09999999999999995 0.09999999999999995 -0.19330635900881532
0.5000000000000001 0.09999999999999995 0.09999999999999995 -0.16178211727618194
0.5000000000000001 0.09999999999999995 0.09999999999999995 -0.15721078868773533
0.5000000000000001 0.09999999999999995 0.09999999999999995 -0.007426218835291016
0.5000000000000001 0.09999999999999995 0.09999999999999995 -0.0013445190092125263
0.5000000000000001 0.09999999999999995 0.09999999999999995 0.023436939758970796
0.5000000000000001 0.09999999999999995 0.09999999999999995 0.027170586779188984
0.5000000000000001 0.09999999999999995 0.09999999999999995 0.07428876374626725
0.5000000000000001 0.09999999999999995 0.09999999999999995 0.09714904341744379
0.5000000000000001 0.09999999999999995 0.09999999999999995 0.13037102293098174
0.5000000000000001 0.09999999999999995 0.09999999999999995 0.13814720676818332
0.5000000000000001 0.09999999999999995 0.09999999999999995 0.1814005307497644
0.5000000000000001 0.09999999999999995 0.09999999999999995 0.18644719641344784
0.5000000000000001 0.09999999999999995 0.09999999999999995 0.26829200609168635
0.5000000000000001 0.09999999999999995 0.09999999999999995 0.2743295469932934
0.5000000000000001 0.09999999999999995 0.09999999999999995 0.28680916669298284
0.5000000000000001 0.09999999999999995 0.09999999999999995 0.3079219720564961
0.5000000000000001 0.09999999999999995 0.09999999999999995 0.3536531017756346
0.5000000000000001 0.09999999999999995 0.09999999999999995 0.36690766249215123
0.5000000000000001 0.09999999999999995 0.09999999999999995 0.4009570078508693
0.5000000000000001 0.09999999999999995 0.09999999999999995 0.40964437752458505
0.5000000000000001 0.09999999999999995 0.09999999999999995 0.41995612320116216
0.5000000000000001 0.09999999999999995 0.09999999999999995 0.44062661950515747
0.5000000000000001 0.09999999999999995 0.09999999999999995 0.44453436213659386
0.5000000000000001 0.09999999999999995 0.09999999999999995 0.455578683188425
0.5000000000000001 0.09999999999999995 0.09999999999999995 0.479101841545301
0.5000000000000001 0.09999999999999995 0.09999999999999995 0.5006299623504296
0.5000000000000001 0.09999999999999995 0.09999999999999995 0.5803667874968097
0.5000000000000001 0.09999999999999995 0.09999999999999995 0.5926551312925312
0.5000000000000001 0.09999999999999995 0.09999999999999995 0.6380935859716121
0.5000000000000001 0.09999999999999995 0.09999999999999995 0.6546500133740825
0.5000000000000001 0.09999999999999995 0.09999999999999995 0.6687483610128493
0.5000000000000001 0.09999999999999995 0.09999999999999995 0.6744787852401808
0.5000000000000001 0.09999999999999995 0.09999999999999995 0.6993292217055291
0.5000000000000001 0.09999999999999995 0.09999999999999995 0.7185840347454544
0.5000000000000001 0.09999999999999995 0.09999999999999995 0.7306045551557752
0.5000000000000001 0.09999999999999995 0.09999999999999995 0.752807013865743
0.5000000000000001 0.09999999999999995 0.09999999999999995 0.7765310628898447
0.5000000000000001 0.09999999999999995 0.09999999999999995 0.7804212824095853
0.5000000000000001 0.09999999999999995 0.09999999999999995 0.7910765140644438
0.5000000000000001 0.09999999999999995 0.09999999999999995 0.8087504054682677
0.5000000000000001 0.09999999999999995 0.09999999999999995 0.8258279349310662
0.5000000000000001 0.09999999999999995 0.09999999999999995 0.835065044395388
0.5000000000000001 0.09999999999999995 0.09999999999999995 0.845558877517453
0.5000000000000001 0.09999999999999995 0.09999999999999995 0.8678686133582447
0.5000000000000001 0.09999999999999995 0.09999999999999995 0.8808659931337816
0.5000000000000001 0.09999999999999995 0.09999999999999995 0.8862927592764817
0.5000000000000001 0.09999999999999995 0.09999999999999995 0.8918493435585633
0.5000000000000001 0.09999999999999995 0.09999999999999995 0.9161057518133546
0.5000000000000001 0.09999999999999995 0.09999999999999995 0.9296709598103572
0.5000000000000001 0.09999999999999995 0.09999999999999995 0.9515978551411797
0.5000000000000001 0.09999999999999995 0.09999999999999995 0.9599954419265531
0.5000000000000001 0.09999999999999995 0.09999999999999995 0.9655198657559786
0.5000000000000001 0.09999999999999995 0.09999999999999995 0.9723408219955356
0.5000000000000001 0.09999999999999995 0.09999999999999995 0.9825888684201134
0.5000000000000001 0.09999999999999995 0.09999999999999995 0.9968232812396618
0.5000000000000001 0.09999999999999995 0.09999999999999995 1.0046108182371494
0.5000000000000001 0.09999999999999995 0.09999999999999995 1.0113196964928735
0.5000000000000001 0.09999999999999995 0.09999999999999995 1.0210143880026008
0.5000000000000001 0.09999999999999995 0.09999999999999995 1.0349455045154263
0.5000000000000001 0.09999999999999995 0.09999999999999995 1.0474648126760477
0.5000000000000001 0.09999999999999995 0.09999999999999995 1.0519150293541624
0.5000000000000001 0.09999999999999995 0.09999999999999995 1.0667958965113735
0.5000000000000001 0.09999999999999995 0.09999999999999995 1.0759245140799223
0.5000000000000001 0.09999999999999995 0.09999999999999995 1.0990075686724854
0.5000000000000001 0.09999999999999995 0.09999999999999995 1.108447737127828
0.5000000000000001 0.09999999999999995 0.09999999999999995 1.1163044146218084
0.5000000000000001 0.09999999999999995 0.09999999999999995 1.1241488627861393
0.5000000000000001 0.09999999999999995 0.09999999999999995 1.138280046815054
0.5000000000000001 0.09999999999999995 0.09999999999999995 1.148161381034341
0.5000000000000001 0.09999999999999995 0.09999999999999995 1.1636137535429993
0.5000000000000001 0.09999999999999995 0.09999999999999995 1.169288109652649
0.5000000000000001 0.09999999999999995 0.09999999999999995 1.1771956574559583
0.5000000000000001 0.09999999999999995 0.09999999999999995 1.1933938752088746
0.5000000000000001 0.09999999999999995 0.09999999999999995 1.205853034676842
0.5000000000000001 0.09999999999999995 0.09999999999999995 1.2125289502529195
0.5000000000000001 0.09999999999999995 0.09999999999999995 1.2266299803436738
0.5000000000000001 0.09999999999999995 0.09999999999999995 1.2419373435410832
0.5000000000000001 0.09999999999999995 0.09999999999999995 1.2480517179648545
0.5000000000000001 0.09999999999999995 0.09999999999999995 1.2608075148212974
0.5000000000000001 0.09999999999999995 0.09999999999999995 1.2671737512556978
0.5000000000000001 0.09999999999999995 0.09999999999999995 1.2749649162536691
0.5000000000000001 0.09999999999999995 0.09999999999999995 1.2913073955034449
0.5000000000000001 0.09999999999999995 0.09999999999999995 1.3035070931000963
0.5000000000000001 0.09999999999999995 0.09999999999999995 1.316725925772758
0.5000000000000001 0.09999999999999995 0.09999999999999995 1.3359522181898376
0.5000000000000001 0.09999999999999995 0.09999999999999995 1.3490317915272625
0.5000000000000001 0.09999999999999995 0.09999999999999995 1.3590341328468627
0.5000000000000001 0.09999999999999995 0.09999999999999995 1.3692740536242207
0.5000000000000001 0.09999999999999995 0.09999999999999995 1.3761570712284958
0.5000000000000001 0.09999999999999995 0.09999999999999995 1.3921746207175891
0.5000000000000001 0.09999999999999995 0.09999999999999995 1.4008476905545901
0.5000000000000001 0.09999999999999995 0.09999999999999995 1.4154968844357612
0.5000000000000001 0.09999999999999995 0.09999999999999995 1.4291331465300632
0.5000000000000001 0.09999999999999995 0.09999999999999995 1.4358144019267147
0.5000000000000001 0.09999999999999995 0.09999999999999995 1.4578839021435526
0.5000000000000001 0.09999999999999995 0.09999999999999995 1.4656983681486135
0.5000000000000001 0.09999999999999995 0.09999999999999995 1.476781388838745
0.5000000000000001 0.09999999999999995 0.09999999999999995 1.4906160113956837
0.5000000000000001 0.09999999999999995 0.09999999999999995 1.5060748642477
0.5000000000000001 0.09999999999999995 0.09999999999999995 1.5148023669535036
0.5000000000000001 0.09999999999999995 0.09999999999999995 1.5423759118657356
0.5000000000000001 0.09999999999999995 0.09999999999999995 1.560028936932964
0.5000000000000001 0.09999999999999995 0.09999999999999995 1.5739590044972602
0.5000000000000001 0.09999999999999995 0.09999999999999995 1.579896675481316
0.5000000000000001 0.09999999999999995 0.09999999999999995 1.59709443007106
0.5000000000000001 0.09999999999999995 0.09999999999999995 1.604061884500105
0.5000000000000001 0.09999999999999995 0.09999999999999995 1.6270347314395295
0.5000000000000001 0.09999999999999995 0.09999999999999995 1.6459088979013323
0.5000000000000001 0.09999999999999995 0.09999999999999995 1.6603158003166616
0.5000000000000001 0.09999999999999995 0.09999999999999995 1.6724177916407514
0.5000000000000001 0.09999999999999995 0.09999999999999995 1.708759606775578
0.5000000000000001 0.09999999999999995 0.09999999999999995 1.7136032519523385
0.5000000000000001 0.09999999999999995 0.09999999999999995 1.756069098386714
0.5000000000000001 0.09999999999999995 0.09999999999999995 1.7684712415600456
0.5000000000000001 0.09999999999999995 0.09999999999999995 1.8192413703300296
0.5000000000000001 0.09999999999999995 0.09999999999999995 1.8359457978572085
0.5000000000000001 0.09999999999999995 0.09999999999999995 1.8590542928672464
0.5000000000000001 0.09999999999999995 0.09999999999999995 1.8872189622030255
0.5000000000000001 0.09999999999999995 0.09999999999999995 1.9660610073033356
0.5000000000000001 0.09999999999999995 0.09999999999999995 1.9834962100599167
0.5000000000000001 0.09999999999999995 0.09999999999999995 2.0277368322699663
0.5000000000000001 0.09999999999999995 0.09999999999999995 2.033454743319017
0.5000000000000001 0.09999999999999995 0.09999999999999995 2.2452024704217415
0.5000000000000001 0.09999999999999995 0.09999999999999995 2.2565881609184144
0.5000000000000001 0.09999999999999995 0.09999999999999995 2.2923277158186384
0.5000000000000001 0.09999999999999995 0.09999999999999995 2.3102657745647814
0.5000000000000001 0.09999999999999995 0.09999999999999995 4.230078479324076
0.5000000000000001 0.09999999999999995 0.09999999999999995 4.283800212913079
0.5000000000000001 0.09999999999999995 0.09999999999999995 4.32120025588266
0.5000000000000001 0.09999999999999995 0.09999999999999995 4.370868184074773
0.5000000000000001 0.09999999999999995 0.09999999999999995 4.823806203978981
0.5000000000000001 0.09999999999999995 0.09999999999999995 4.856841480762708
0.5000000000000001 0.09999999999999995 0.09999999999999995 4.921989084936461
0.5000000000000001 0.09999999999999995 0.09999999999999995 4.9717702129290835
0.5000000000000001 0.09999999999999995 0.09999999999999995 5.123141630764739
0.5000000000000001 0.09999999999999995 0.09999999999999995 5.154593147810394
0.5000000000000001 0.09999999999999995 0.09999999999999995 5.2161084096193235
0.5000000000000001 0.09999999999999995 0.09999999999999995 5.236058299045601
0.5000000000000001 0.09999999999999995 0.09999999999999995 5.48597357844345
0.5000000000000001 0.09999999999999995 0.09999999999999995 5.551939141706786
0.5000000000000001 0.09999999999999995 0.09999999999999995 5.569611270690487
0.5000000000000001 0.09999999999999995 0.09999999999999995 5.582136697342478
0.5000000000000001 0.09999999999999995 0.09999999999999995 6.006634400218257
0.5000000000000001 0.09999999999999995 0.09999999999999995 6.023712637357737
0.5000000000000001 0.09999999999999995 0.09999999999999995 6.1516506296334175
0.5000000000000001 0.09999999999999995 0.09999999999999995 6.189920749571611
0.5000000000000001 0.09999999999999995 0.09999999999999995 6.260053408256195
0.5000000000000001 0.09999999999999995 0.09999999999999995 6.290878896109518
0.5000000000000001 0.09999999999999995 0.09999999999999995 6.381795156682611
0.5000000000000001 0.09999999999999995 0.09999999999999995 6.39002717495875
0.5000000000000001 0.09999999999999995 0.09999999999999995 6.457435069513991
0.5000000000000001 0.09999999999999995 0.09999999999999995 6.477363562509853
0.5000000000000001 0.09999999999999995 0.09999999999999995 6.576629971974002
0.5000000000000001 0.09999999999999995 0.09999999999999995 6.60743145411095
0.5000000000000001 0.09999999999999995 0.09999999999999995 6.65742180935246
0.5000000000000001 0.09999999999999995 0.09999999999999995 6.6724881438145065
0.5000000000000001 0.09999999999999995 0.09999999999999995 6.760602830651823
0.5000000000000001 0.09999999999999995 0.09999999999999995 6.78379324453668
0.5000000000000001 0.09999999999999995 0.09999999999999995 7.004365459426693
0.5000000000000001 0.09999999999999995 0.09999999999999995 7.060278409445993
0.5000000000000001 0.09999999999999995 0.09999999999999995 7.351921614941462
0.5000000000000001 0.09999999999999995 0.09999999999999995 7.379154903625773
0.5000000000000001 0.09999999999999995 0.09999999999999995 7.473774871431428
0.5000000000000001 0.09999999999999995 0.09999999999999995 7.515444611574305
0.5000000000000001 0.09999999999999995 0.09999999999999995 7.676437865949401
0.5000000000000001 0.09999999999999995 0.09999999999999995 7.7324476468795496
0.5000000000000001 0.09999999999999995 0.09999999999999995 7.802821913633157
0.5000000000000001 0.09999999999999995 0.09999999999999995 7.855101677110158
0.5000000000000001 0.09999999999999995 0.09999999999999995 7.9569143509635065
0.5000000000000001 0.09999999999999995 0.09999999999999995 7.988496441946688
0.5000000000000001 0.09999999999999995 0.09999999999999995 8.092745342008316
0.5000000000000001 0.09999999999999995 0.09999999999999995 8.095615807821176
0.5000000000000001 0.09999999999999995 0.09999999999999995 8.263162959398949
0.5000000000000001 0.09999999999999995 0.09999999999999995 8.315421791260311
0.5000000000000001 0.07499999999999996 0.07499999999999996 -5.157287810544586
0.5000000000000001 0.07499999999999996 0.07499999999999996 -5.156417769185606
0.5000000000000001 0.07499999999999996 0.07499999999999996 -5.123462381788691
0.5000000000000001 0.07499999999999996 0.07499999999999996 -5.122951937803498
0.5000000000000001 0.07499999999999996 0.07499999999999996 -4.769171635671935
0.5000000000000001 0.07499999999999996 0.07499999999999996 -4.766770599571532
0.5000000000000001 0.07499999999999996 0.07499999999999996 -4.756450470521261
0.5000000000000001 0.07499999999999996 0.07499999999999996 -4.752454210957986
0.5000000000000001 0.07499999999999996 0.07499999999999996 -4.712198014506546
0.5000000000000001 0.07499999999999996 0.07499999999999996 -4.709265821141288
0.5000000000000001 0.07499999999999996 0.07499999999999996 -4.662171164513085
0.5000000000000001 0.07499999999999996 0.07499999999999996 -4.648040039778744
0.5000000000000001 0.07499999999999996 0.07499999999999996 -4.244739939393238
0.5000000000000001 0.07499999999999996 0.07499999999999996 -4.2429554973148145
0.5000000000000001 0.07499999999999996 0.07499999999999996 -3.974012891795514
0.5000000000000001 0.07499999999999996 0.07499999999999996 -3.930574969738382
0.5000000000000001 0.07499999999999996 0.07499999999999996 -1.0108755275272454
0.5000000000000001 0.07499999999999996 0.07499999999999996 -0.9762694966150764
0.5000000000000001 0.07499999999999996 0.07499999999999996 -0.7639941563706518
0.5000000000000001 0.07499999999999996 0.07499999999999996 -0.7402939960404851
0.5000000000000001 0.07499999999999996 0.07499999999999996 -0.7306047013415746
0.5000000000000001 0.07499999999999996 0.07499999999999996 -0.7069474328742036
0.5000000000000001 0.07499999999999996 0.07499999999999996 -0.6729113403058011
0.5000000000000001 0.07499999999999996 0.07499999999999996 -0.6720773744595618
0.5000000000000001 0.07499999999999996 0.07499999999999996 -0.6171807990594811
0.5000000000000001 0.07499999999999996 0.07499999999999996 -0.5936992437155109
0.5000000000000001 0.07499999999999996 0.07499999999999996 -0.5472098319284247
0.5000000000000001 0.07499999999999996 0.07499999999999996 -0.5423449012656244
0.5000000000000001 0.07499999999999996 0.07499999999999996 -0.4643888516040473
0.5000000000000001 0.07499999999999996 0.07499999999999996 -0.45549295673918344
0.5000000000000001 0.07499999999999996 0.07499999999999996 -0.4432976907131837
0.5000000000000001 0.07499999999999996 0.07499999999999996 -0.43999582288158695
0.5000000000000001 0.07499999999999996 0.07499999999999996 -0.1957473301967237
0.5000000000000001 0.07499999999999996 0.07499999999999996 -0.19297382196756202
0.5000000000000001 0.07499999999999996 0.07499999999999996 -0.16306246712175934
0.5000000000000001 0.07499999999999996 0.07499999999999996 -0.15971911969531669
0.5000000000000001 0.07499999999999996 0.07499999999999996 -0.005745712894768836
0.5000000000000001 0.07499999999999996 0.07499999999999996 -0.0008651868511933888
0.5000000000000001 0.07499999999999996 0.07499999999999996 0.023361865566369093
0.5000000000000001 0.07499999999999996 0.07499999999999996 0.026468062940671513
0.5000000000000001 0.07499999999999996 0.07499999999999996 0.07871770328155492
0.5000000000000001 0.07499999999999996 0.07499999999999996 0.0971401834034129
0.5000000000000001 0.07499999999999996 0.07499999999999996 0.13055401787429352
0.5000000000000001 0.07499999999999996 0.07499999999999996 0.13682247515295876
0.5000000000000001 0.07499999999999996 0.07499999999999996 0.18030772937062464
0.5000000000000001 0.07499999999999996 0.07499999999999996 0.18379477958929363
0.5000000000000001 0.07499999999999996 0.07499999999999996 0.2706423049099732
0.5000000000000001 0.07499999999999996 0.07499999999999996 0.27570903845599987
0.5000000000000001 0.07499999999999996 0.07499999999999996 0.2885241923889641
0.5000000000000001 0.07499999999999996 0.07499999999999996 0.3042970204988169
0.5000000000000001 0.07499999999999996 0.07499999999999996 0.35665541048127114
0.5000000000000001 0.07499999999999996 0.07499999999999996 0.36661444796352516
0.5000000000000001 0.07499999999999996 0.07499999999999996 0.402815543649594
0.5000000000000001 0.07499999999999996 0.07499999999999996 0.40938751608703466
0.5000000000000001 0.07499999999999996 0.07499999999999996 0.42408067106006087
0.5000000000000001 0.07499999999999996 0.07499999999999996 0.44126498389684554
0.5000000000000001 0.07499999999999996 0.07499999999999996 0.44673497002622536
0.5000000000000001 0.07499999999999996 0.07499999999999996 0.45492602543413074
0.5000000000000001 0.07499999999999996 0.07499999999999996 0.4827700501197274
0.5000000000000001 0.07499999999999996 0.07499999999999996 0.4996779002899432
0.5000000000000001 0.07499999999999996 0.07499999999999996 0.5872707897760758
0.5000000000000001 0.07499999999999996 0.07499999999999996 0.5958462014351324
0.5000000000000001 0.07499999999999996 0.07499999999999996 0.6454104042006259
0.5000000000000001 0.07499999999999996 0.07499999999999996 0.6592177081516892
0.5000000000000001 0.07499999999999996 0.07499999999999996 0.6721825793260521
0.5000000000000001 0.07499999999999996 0.07499999999999996 0.6769968754099858
0.5000000000000001 0.07499999999999996 0.07499999999999996 0.7051534752455932
0.5000000000000001 0.07499999999999996 0.07499999999999996 0.7199677277545229
0.5000000000000001 0.07499999999999996 0.07499999999999996 0.7336817781803333
0.5000000000000001 0.07499999999999996 0.07499999999999996 0.7529619649698835
0.5000000000000001 0.07499999999999996 0.07499999999999996 0.7775400912314415
0.5000000000000001 0.07499999999999996 0.07499999999999996 0.7825867387532381
0.5000000000000001 0.07499999999999996 0.07499999999999996 0.7948997390037276
0.5000000000000001 0.07499999999999996 0.07499999999999996 0.8109291574606319
0.5000000000000001 0.07499999999999996 0.07499999999999996 0.8297856181879695
0.5000000000000001 0.07499999999999996 0.07499999999999996 0.8396745271521624
0.5000000000000001 0.07499999999999996 0.07499999999999996 0.8485872824795413
0.5000000000000001 0.07499999999999996 0.07499999999999996 0.8714645329511024
0.5000000000000001 0.07499999999999996 0.07499999999999996 0.8809893073662076
0.5000000000000001 0.07499999999999996 0.07499999999999996 0.8892125732661542
0.5000000000000001 0.07499999999999996 0.07499999999999996 0.9014186993981284
0.5000000000000001 0.07499999999999996 0.07499999999999996 0.9186744456115257
0.5000000000000001 0.07499999999999996 0.07499999999999996 0.9328847318017184
0.5000000000000001 0.07499999999999996 0.07499999999999996 0.9547349797154547
0.5000000000000001 0.07499999999999996 0.07499999999999996 0.9628683079657729
0.5000000000000001 0.07499999999999996 0.07499999999999996 0.9688594597632719
0.5000000000000001 0.07499999999999996 0.07499999999999996 0.9754661747284256
0.5000000000000001 0.07499999999999996 0.07499999999999996 0.9867468275427145
0.5000000000000001 0.07499999999999996 0.07499999999999996 0.9971061803071652
0.5000000000000001 0.07499999999999996 0.07499999999999996 1.008932074528265
0.5000000000000001 0.07499999999999996 0.07499999999999996 1.0192830334328196
0.5000000000000001 0.07499999999999996 0.07499999999999996 1.0222913703584726
0.5000000000000001 0.07499999999999996 0.07499999999999996 1.0383879057296026
0.5000000000000001 0.07499999999999996 0.07499999999999996 1.049038865856093
0.5000000000000001 0.07499999999999996 0.07499999999999996 1.0585539792373275
0.5000000000000001 0.07499999999999996 0.07499999999999996 1.0708297041995456
0.5000000000000001 0.07499999999999996 0.07499999999999996 1.0806257738829235
0.5000000000000001 0.07499999999999996 0.07499999999999996 1.1043623767012565
0.5000000000000001 0.07499999999999996 0.07499999999999996 1.1089553374487415
0.5000000000000001 0.07499999999999996 0.07499999999999996 1.1186092430471613
0.5000000000000001 0.07499999999999996 0.07499999999999996 1.1266502902143305
0.5000000000000001 0.07499999999999996 0.07499999999999996 1.136907581422741
0.5000000000000001 0.07499999999999996 0.07499999999999996 1.1497531445020863
0.5000000000000001 0.07499999999999996 0.07499999999999996 1.162820534397282
0.5000000000000001 0.07499999999999996 0.07499999999999996 1.168845889409702
0.5000000000000001 0.07499999999999996 0.07499999999999996 1.1771835313242978
0.5000000000000001 0.07499999999999996 0.07499999999999996 1.1984344096224149
0.5000000000000001 0.07499999999999996 0.07499999999999996 1.2071273181401443
0.5000000000000001 0.07499999999999996 0.07499999999999996 1.2135097757891673
0.5000000000000001 0.07499999999999996 0.07499999999999996 1.2263895792962627
0.5000000000000001 0.07499999999999996 0.07499999999999996 1.2412440679439767
0.5000000000000001 0.07499999999999996 0.07499999999999996 1.2450524603365978
0.5000000000000001 0.07499999999999996 0.07499999999999996 1.2599639907128903
0.5000000000000001 0.07499999999999996 0.07499999999999996 1.2707694559143867
0.5000000000000001 0.07499999999999996 0.07499999999999996 1.2793776181722718
0.5000000000000001 0.07499999999999996 0.07499999999999996 1.2935281613398786
0.5000000000000001 0.07499999999999996 0.07499999999999996 1.3025495592174856
0.5000000000000001 0.07499999999999996 0.07499999999999996 1.314575401364496
0.5000000000000001 0.07499999999999996 0.07499999999999996 1.3363321607284266
0.5000000000000001 0.07499999999999996 0.07499999999999996 1.3475573774143976
0.5000000000000001 0.07499999999999996 0.07499999999999996 1.3598427659400514
0.5000000000000001 0.07499999999999996 0.07499999999999996 1.3673303249577815
0.5000000000000001 0.07499999999999996 0.07499999999999996 1.379067104399189
0.5000000000000001 0.07499999999999996 0.07499999999999996 1.3926030407624221
0.5000000000000001 0.07499999999999996 0.07499999999999996 1.4005014907517612
0.5000000000000001 0.07499999999999996 0.07499999999999996 1.4112806375903588
0.5000000000000001 0.07499999999999996 0.07499999999999996 1.42961954198009
0.5000000000000001 0.07499999999999996 0.07499999999999996 1.4368252191202204
0.5000000000000001 0.07499999999999996 0.07499999999999996 1.4584616591864312
0.5000000000000001 0.07499999999999996 0.07499999999999996 1.4646161383661602
0.5000000000000001 0.07499999999999996 0.07499999999999996 1.4782016492227381
0.5000000000000001 0.07499999999999996 0.07499999999999996 1.4896850536225141
0.5000000000000001 0.07499999999999996 0.07499999999999996 1.5071607740999415
0.5000000000000001 0.07499999999999996 0.07499999999999996 1.513673019769743
0.5000000000000001 0.07499999999999996 0.07499999999999996 1.5467521079021358
0.5000000000000001 0.07499999999999996 0.07499999999999996 1.559159720209835
0.5000000000000001 0.07499999999999996 0.07499999999999996 1.5740761511958485
0.5000000000000001 0.07499999999999996 0.07499999999999996 1.5819083647413015
0.5000000000000001 0.07499999999999996 0.07499999999999996 1.5985220020322148
0.5000000000000001 0.07499999999999996 0.07499999999999996 1.6032818583563484
0.5000000000000001 0.07499999999999996 0.07499999999999996 1.6274139057768577
0.5000000000000001 0.07499999999999996 0.07499999999999996 1.6434827845168796
0.5000000000000001 0.07499999999999996 0.07499999999999996 1.661923458366946
0.5000000000000001 0.07499999999999996 0.07499999999999996 1.6718631493409513
0.5000000000000001 0.07499999999999996 0.07499999999999996 1.7096471237731365
0.5000000000000001 0.07499999999999996 0.07499999999999996 1.7147375902734512
0.5000000000000001 0.07499999999999996 0.07499999999999996 1.7642683584699261
0.5000000000000001 0.07499999999999996 0.07499999999999996 1.7747714044632437
0.5000000000000001 0.07499999999999996 0.07499999999999996 1.8303989553221918
0.5000000000000001 0.07499999999999996 0.07499999999999996 1.8455393146325898
0.5000000000000001 0.07499999999999996 0.07499999999999996 1.870284373990657
0.5000000000000001 0.07499999999999996 0.07499999999999996 1.8949831368541963
0.5000000000000001 0.07499999999999996 0.07499999999999996 1.9760582968848848
0.5000000000000001 0.07499999999999996 0.07499999999999996 1.990477576436784
0.5000000000000001 0.07499999999999996 0.07499999999999996 2.030587860623232
0.5000000000000001 0.07499999999999996 0.07499999999999996 2.0354661098509124
0.5000000000000001 0.07499999999999996 0.07499999999999996 2.270464980123802
0.5000000000000001 0.07499999999999996 0.07499999999999996 2.280202774148097
0.5000000000000001 0.07499999999999996 0.07499999999999996 2.3169964294882215
0.5000000000000001 0.07499999999999996 0.07499999999999996 2.3314544487292865
0.5000000000000001 0.07499999999999996 0.07499999999999996 4.204587163647534
0.5000000000000001 0.07499999999999996 0.07499999999999996 4.251645442585548
0.5000000000000001 0.07499999999999996 0.07499999999999996 4.2838223553737445
0.5000000000000001 0.07499999999999996 0.07499999999999996 4.326962859353919
0.5000000000000001 0.07499999999999996 0.07499999999999996 4.807925873475855
0.5000000000000001 0.07499999999999996 0.07499999999999996 4.8329993638555315
0.5000000000000001 0.07499999999999996 0.07499999999999996 4.906704277683826
0.5000000000000001 0.07499999999999996 0.07499999999999996 4.9446590579345315
0.5000000000000001 0.07499999999999996 0.07499999999999996 5.114936882191261
0.5000000000000001 0.07499999999999996 0.07499999999999996 5.140571518556213
0.5000000000000001 0.07499999999999996 0.07499999999999996 5.194403538928426
0.5000000000000001 0.07499999999999996 0.07499999999999996 5.212540452220822
0.5000000000000001 0.07499999999999996 0.07499999999999996 5.464805351349314
0.5000000000000001 0.07499999999999996 0.07499999999999996 5.523207138937593
0.5000000000000001 0.07499999999999996 0.07499999999999996 5.537768302692239
0.5000000000000001 0.07499999999999996 0.07499999999999996 5.5445616836141065
0.5000000000000001 0.07499999999999996 0.07499999999999996 6.0136408276470945
0.5000000000000001 0.07499999999999996 0.07499999999999996 6.026930038445887
0.5000000000000001 0.07499999999999996 0.07499999999999996 6.157310423620618
0.5000000000000001 0.07499999999999996 0.07499999999999996 6.186468857985835
0.5000000000000001 0.07499999999999996 0.07499999999999996 6.259330983003226
0.5000000000000001 0.07499999999999996 0.07499999999999996 6.282652702232779
0.5000000000000001 0.07499999999999996 0.07499999999999996 6.379906832168581
0.5000000000000001 0.07499999999999996 0.07499999999999996 6.386385887359855
0.5000000000000001 0.07499999999999996 0.07499999999999996 6.457115494535423
0.5000000000000001 0.07499999999999996 0.07499999999999996 6.472636295420774
0.5000000000000001 0.07499999999999996 0.07499999999999996 6.5789018380112205
0.5000000000000001 0.07499999999999996 0.07499999999999996 6.601793194998098
0.5000000000000001 0.07499999999999996 0.07499999999999996 6.6585380553249305
0.5000000000000001 0.07499999999999996 0.07499999999999996 6.66998152162484
0.5000000000000001 0.07499999999999996 0.07499999999999996 6.763730121478208
0.5000000000000001 0.07499999999999996 0.07499999999999996 6.780943896552276
0.5000000000000001 0.07499999999999996 0.07499999999999996 6.980421037665911
0.5000000000000001 0.07499999999999996 0.07499999999999996 7.024903453887278
0.5000000000000001 0.07499999999999996 0.07499999999999996 7.37537332642908
0.5000000000000001 0.07499999999999996 0.07499999999999996 7.395241200876425
0.5000000000000001 0.07499999999999996 0.07499999999999996 7.501385956077131
0.5000000000000001 0.07499999999999996 0.07499999999999996 7.535598078200037
0.5000000000000001 0.07499999999999996 0.07499999999999996 7.70940421362647
0.5000000000000001 0.07499999999999996 0.07499999999999996 7.751987864350643
0.5000000000000001 0.07499999999999996 0.07499999999999996 7.833264926005861
0.5000000000000001 0.07499999999999996 0.07499999999999996 7.87522725546909
0.5000000000000001 0.07499999999999996 0.07499999999999996 7.989175248601703
0.5000000000000001 0.07499999999999996 0.07499999999999996 8.013607849989258
0.5000000000000001 0.07499999999999996 0.07499999999999996 8.122821976679795
0.5000000000000001 0.07499999999999996 0.07499999999999996 8.126044395473654
0.5000000000000001 0.07499999999999996 0.07499999999999996 8.307645389814343
0.5000000000000001 0.07499999999999996 0.07499999999999996 8.347324365024676
0.5000000000000001 0.049999999999999954 0.049999999999999954 -5.1618460837550195
0.5000000000000001 0.049999999999999954 0.049999999999999954 -5.161243214237884
0.5000000000000001 0.049999999999999954 0.049999999999999954 -5.12847089736798
0.5000000000000001 0.049999999999999954 0.049999999999999954 -5.128161503323174
0.5000000000000001 0.049999999999999954 0.049999999999999954 -4.764538714965847
0.5000000000000001 0.049999999999999954 0.049999999999999954 -4.762564909506256
0.5000000000000001 0.049999999999999954 0.049999999999999954 -4.752642999281335
0.5000000000000001 0.049999999999999954 0.049999999999999954 -4.750510926388857
0.5000000000000001 0.049999999999999954 0.049999999999999954 -4.717092671573804
0.5000000000000001 0.049999999999999954 0.049999999999999954 -4.714730630287683
0.5000000000000001 0.049999999999999954 0.049999999999999954 -4.661983119533872
0.5000000000000001 0.049999999999999954 0.049999999999999954 -4.65285396564473
0.5000000000000001 0.049999999999999954 0.049999999999999954 -4.235660708087832
0.5000000000000001 0.049999999999999954 0.049999999999999954 -4.2342764813647396
0.5000000000000001 0.049999999999999954 0.049999999999999954 -3.957133028807247
0.5000000000000001 0.049999999999999954 0.049999999999999954 -3.929597750373091
0.5000000000000001 0.049999999999999954 0.049999999999999954 -1.0170145163422823
0.5000000000000001 0.049999999999999954 0.049999999999999954 -0.9932457286632239
0.5000000000000001 0.049999999999999954 0.049999999999999954 -0.7710790460136927
0.5000000000000001 0.049999999999999954 0.049999999999999954 -0.7522287826059113
0.5000000000000001 0.049999999999999954 0.049999999999999954 -0.7402674968852576
0.5000000000000001 0.049999999999999954 0.049999999999999954 -0.7224922449302902
0.5000000000000001 0.049999999999999954 0.049999999999999954 -0.6830719056517944
0.5000000000000001 0.049999999999999954 0.049999999999999954 -0.682350859106582
0.5000000000000001 0.049999999999999954 0.049999999999999954 -0.6231761295640101
0.5000000000000001 0.049999999999999954 0.049999999999999954 -0.6068629511409398
0.5000000000000001 0.049999999999999954 0.049999999999999954 -0.5560139015367003
0.5000000000000001 0.049999999999999954 0.049999999999999954 -0.5530550241782106
0.5000000000000001 0.049999999999999954 0.049999999999999954 -0.46981376137254355
0.5000000000000001 0.049999999999999954 0.049999999999999954 -0.4637486304132192
0.5000000000000001 0.049999999999999954 0.049999999999999954 -0.4500472140700713
0.5000000000000001 0.049999999999999954 0.049999999999999954 -0.447732935333881
0.5000000000000001 0.049999999999999954 0.049999999999999954 -0.19465737157949525
0.5000000000000001 0.049999999999999954 0.049999999999999954 -0.19288906669052355
0.5000000000000001 0.049999999999999954 0.049999999999999954 -0.16387720702750433
0.5000000000000001 0.049999999999999954 0.049999999999999954 -0.16168860913708116
0.5000000000000001 0.049999999999999954 0.049999999999999954 -0.0042755083738938784
0.5000000000000001 0.049999999999999954 0.049999999999999954 -0.0008361048137656511
0.5000000000000001 0.049999999999999954 0.049999999999999954 0.023457660285148313
0.5000000000000001 0.049999999999999954 0.049999999999999954 0.025709486476895863
0.5000000000000001 0.049999999999999954 0.049999999999999954 0.08281020995411126
0.5000000000000001 0.049999999999999954 0.049999999999999954 0.09568004684964748
0.5000000000000001 0.049999999999999954 0.049999999999999954 0.13137370319793243
0.5000000000000001 0.049999999999999954 0.049999999999999954 0.13566036569963005
0.5000000000000001 0.049999999999999954 0.049999999999999954 0.1793772572986933
0.5000000000000001 0.049999999999999954 0.049999999999999954 0.18152420985524492
0.5000000000000001 0.049999999999999954 0.049999999999999954 0.2725246766685118
0.5000000000000001 0.049999999999999954 0.049999999999999954 0.27621678859883114
0.5000000000000001 0.049999999999999954 0.049999999999999954 0.29041813237981096
0.5000000000000001 0.049999999999999954 0.049999999999999954 0.3008545931634572
0.5000000000000001 0.049999999999999954 0.049999999999999954 0.3590867512779107
0.5000000000000001 0.049999999999999954 0.049999999999999954 0.36576040946084604
0.5000000000000001 0.049999999999999954 0.049999999999999954 0.4043005745701066
0.5000000000000001 0.049999999999999954 0.049999999999999954 0.40863997690805687
0.5000000000000001 0.049999999999999954 0.049999999999999954 0.4279060609538963
0.5000000000000001 0.049999999999999954 0.049999999999999954 0.44005656719758246
0.5000000000000001 0.049999999999999954 0.049999999999999954 0.44868820123948827
0.5000000000000001 0.049999999999999954 0.049999999999999954 0.4540778107667631
0.5000000000000001 0.049999999999999954 0.049999999999999954 0.48643459013962165
0.5000000000000001 0.049999999999999954 0.049999999999999954 0.4979567042862332
0.5000000000000001 0.049999999999999954 0.049999999999999954 0.5923423210471843
0.5000000000000001 0.049999999999999954 0.049999999999999954 0.5977427725429113
0.5000000000000001 0.049999999999999954 0.049999999999999954 0.6513855355054927
0.5000000000000001 0.049999999999999954 0.049999999999999954 0.6612362472005486
0.5000000000000001 0.049999999999999954 0.049999999999999954 0.6745958466516754
0.5000000000000001 0.049999999999999954 0.049999999999999954 0.678828051111592
0.5000000000000001 0.049999999999999954 0.049999999999999954 0.7108245041724768
0.5000000000000001 0.049999999999999954 0.049999999999999954 0.7206309335578593
0.5000000000000001 0.049999999999999954 0.049999999999999954 0.7366944037807528
0.5000000000000001 0.049999999999999954 0.049999999999999954 0.7512668372957316
0.5000000000000001 0.049999999999999954 0.049999999999999954 0.7775438811569481
0.5000000000000001 0.049999999999999954 0.049999999999999954 0.7820257025442191
0.5000000000000001 0.049999999999999954 0.049999999999999954 0.8010682716341018
0.5000000000000001 0.049999999999999954 0.049999999999999954 0.8124766107264083
0.5000000000000001 0.049999999999999954 0.049999999999999954 0.8329677898277978
0.5000000000000001 0.049999999999999954 0.049999999999999954 0.8405509422295028
0.5000000000000001 0.049999999999999954 0.049999999999999954 0.8533577881914471
0.5000000000000001 0.049999999999999954 0.049999999999999954 0.871346063777585
0.5000000000000001 0.049999999999999954 0.049999999999999954 0.8822654845697491
0.5000000000000001 0.049999999999999954 0.049999999999999954 0.8900168275898039
0.5000000000000001 0.049999999999999954 0.049999999999999954 0.910014978034237
0.5000000000000001 0.049999999999999954 0.049999999999999954 0.9207634514741461
0.5000000000000001 0.049999999999999954 0.049999999999999954 0.9353665473168116
0.5000000000000001 0.049999999999999954 0.049999999999999954 0.9527456840349213
0.5000000000000001 0.049999999999999954 0.049999999999999954 0.9658614223995321
0.5000000000000001 0.049999999999999954 0.049999999999999954 0.9710140326624644
0.5000000000000001 0.049999999999999954 0.049999999999999954 0.9795118561107818
0.5000000000000001 0.049999999999999954 0.049999999999999954 0.9889579722177215
0.5000000000000001 0.049999999999999954 0.049999999999999954 0.9988488608411545
0.5000000000000001 0.049999999999999954 0.049999999999999954 1.0097858244881888
0.5000000000000001 0.049999999999999954 0.049999999999999954 1.0236637121978076
0.5000000000000001 0.049999999999999954 0.049999999999999954 1.026172793452039
0.5000000000000001 0.049999999999999954 0.049999999999999954 1.0416312859475578
0.5000000000000001 0.049999999999999954 0.049999999999999954 1.0507371337806068
0.5000000000000001 0.049999999999999954 0.049999999999999954 1.0646789759038482
0.5000000000000001 0.049999999999999954 0.049999999999999954 1.0734111393781642
0.5000000000000001 0.049999999999999954 0.049999999999999954 1.085761909102228
0.5000000000000001 0.049999999999999954 0.049999999999999954 1.1043758169516755
0.5000000000000001 0.049999999999999954 0.049999999999999954 1.1114942663239498
0.5000000000000001 0.049999999999999954 0.049999999999999954 1.1202196625329224
0.5000000000000001 0.049999999999999954 0.049999999999999954 1.1294522423519393
0.5000000000000001 0.049999999999999954 0.049999999999999954 1.1345778779403937
0.5000000000000001 0.049999999999999954 0.049999999999999954 1.151450904101555
0.5000000000000001 0.049999999999999954 0.049999999999999954 1.160124714496102
0.5000000000000001 0.049999999999999954 0.049999999999999954 1.1705780974921838
0.5000000000000001 0.049999999999999954 0.049999999999999954 1.17696603579739
0.5000000000000001 0.049999999999999954 0.049999999999999954 1.2023342770533179
0.5000000000000001 0.049999999999999954 0.049999999999999954 1.207865451312562
0.5000000000000001 0.049999999999999954 0.049999999999999954 1.215128307975644
0.5000000000000001 0.049999999999999954 0.049999999999999954 1.2251357437344454
0.5000000000000001 0.049999999999999954 0.049999999999999954 1.239525533133501
0.5000000000000001 0.049999999999999954 0.049999999999999954 1.2426049796459386
0.5000000000000001 0.049999999999999954 0.049999999999999954 1.2609687660008202
0.5000000000000001 0.049999999999999954 0.049999999999999954 1.2713438081016974
0.5000000000000001 0.049999999999999954 0.049999999999999954 1.2857940985294833
0.5000000000000001 0.049999999999999954 0.049999999999999954 1.2957118929959295
0.5000000000000001 0.049999999999999954 0.049999999999999954 1.3013067069881288
0.5000000000000001 0.049999999999999954 0.049999999999999954 1.3114424605374424
0.5000000000000001 0.049999999999999954 0.049999999999999954 1.3367598920468735
0.5000000000000001 0.049999999999999954 0.049999999999999954 1.3458055880247324
0.5000000000000001 0.049999999999999954 0.049999999999999954 1.3604937430000936
0.5000000000000001 0.049999999999999954 0.049999999999999954 1.3659220273666604
0.5000000000000001 0.049999999999999954 0.049999999999999954 1.3825621646595474
0.5000000000000001 0.049999999999999954 0.049999999999999954 1.3924295601428955
0.5000000000000001 0.049999999999999954 0.049999999999999954 1.4001982155542607
0.5000000000000001 0.049999999999999954 0.049999999999999954 1.4071353590448925
0.5000000000000001 0.049999999999999954 0.049999999999999954 1.4304039586441875
0.5000000000000001 0.049999999999999954 0.049999999999999954 1.4368003006227843
0.5000000000000001 0.049999999999999954 0.049999999999999954 1.459169097579092
0.5000000000000001 0.049999999999999954 0.049999999999999954 1.4635542940090087
0.5000000000000001 0.049999999999999954 0.049999999999999954 1.4799561301412298
0.5000000000000001 0.049999999999999954 0.049999999999999954 1.4883292431260413
0.5000000000000001 0.049999999999999954 0.049999999999999954 1.5080720876096667
0.5000000000000001 0.049999999999999954 0.049999999999999954 1.512381729645876
0.5000000000000001 0.049999999999999954 0.049999999999999954 1.5504575603995017
0.5000000000000001 0.049999999999999954 0.049999999999999954 1.5579636591538764
0.5000000000000001 0.049999999999999954 0.049999999999999954 1.5752527083944763
0.5000000000000001 0.049999999999999954 0.049999999999999954 1.5830609836163596
0.5000000000000001 0.049999999999999954 0.049999999999999954 1.5989912331513707
0.5000000000000001 0.049999999999999954 0.049999999999999954 1.6024819991531942
0.5000000000000001 0.049999999999999954 0.049999999999999954 1.6284349032920877
0.5000000000000001 0.049999999999999954 0.049999999999999954 1.6403214598965636
0.5000000000000001 0.049999999999999954 0.049999999999999954 1.663203239884762
0.5000000000000001 0.049999999999999954 0.049999999999999954 1.670583919737008
0.5000000000000001 0.049999999999999954 0.049999999999999954 1.711063725039372
0.5000000000000001 0.049999999999999954 0.049999999999999954 1.715273817428518
0.5000000000000001 0.049999999999999954 0.049999999999999954 1.7712785998848553
0.5000000000000001 0.049999999999999954 0.049999999999999954 1.7789897546454254
0.5000000000000001 0.049999999999999954 0.049999999999999954 1.8400063040869492
0.5000000000000001 0.049999999999999954 0.049999999999999954 1.8516311314376956
0.5000000000000001 0.049999999999999954 0.049999999999999954 1.8805336258184875
0.5000000000000001 0.049999999999999954 0.049999999999999954 1.8988355617025254
0.5000000000000001 0.049999999999999954 0.049999999999999954 1.984182856806373
0.5000000000000001 0.049999999999999954 0.049999999999999954 1.994674072011784
0.5000000000000001 0.049999999999999954 0.049999999999999954 2.0328158354086
0.5000000000000001 0.049999999999999954 0.049999999999999954 2.036314243362842
0.5000000000000001 0.049999999999999954 0.049999999999999954 2.2901930709060982
0.5000000000000001 0.049999999999999954 0.049999999999999954 2.2972593366721474
0.5000000000000001 0.049999999999999954 0.049999999999999954 2.336048289646734
0.5000000000000001 0.049999999999999954 0.049999999999999954 2.346258415657693
0.5000000000000001 0.049999999999999954 0.049999999999999954 4.189293112543483
0.5000000000000001 0.049999999999999954 0.049999999999999954 4.224733169473925
0.5000000000000001 0.049999999999999954 0.049999999999999954 4.259214407215134
0.5000000000000001 0.049999999999999954 0.049999999999999954 4.291719793144528
0.5000000000000001 0.049999999999999954 0.049999999999999954 4.797537728129762
0.5000000000000001 0.049999999999999954 0.049999999999999954 4.814373003246802
0.5000000000000001 0.049999999999999954 0.049999999999999954 4.897261659901621
0.5000000000000001 0.049999999999999954 0.049999999999999954 4.922907879311577
0.5000000000000001 0.049999999999999954 0.049999999999999954 5.111137374068935
0.5000000000000001 0.049999999999999954 0.049999999999999954 5.129677135683263
0.5000000000000001 0.049999999999999954 0.049999999999999954 5.179156621195331
0.5000000000000001 0.049999999999999954 0.049999999999999954 5.193438425397005
0.5000000000000001 0.049999999999999954 0.049999999999999954 5.453536326402318
0.5000000000000001 0.049999999999999954 0.049999999999999954 5.499646808136053
0.5000000000000001 0.049999999999999954 0.049999999999999954 5.511739554568797
0.5000000000000001 0.049999999999999954 0.049999999999999954 5.517185852258555
0.5000000000000001 0.049999999999999954 0.049999999999999954 6.019432942713138
0.5000000000000001 0.049999999999999954 0.049999999999999954 6.028546643461477
0.5000000000000001 0.049999999999999954 0.049999999999999954 6.162395946454648
0.5000000000000001 0.049999999999999954 0.049999999999999954 6.182092740828649
0.5000000000000001 0.049999999999999954 0.049999999999999954 6.259692242807632
0.5000000000000001 0.049999999999999954 0.049999999999999954 6.275549876043982
0.5000000000000001 0.049999999999999954 0.049999999999999954 6.378890430565524
0.5000000000000001 0.049999999999999954 0.049999999999999954 6.383370032152767
0.5000000000000001 0.049999999999999954 0.049999999999999954 6.457766062803661
0.5000000000000001 0.049999999999999954 0.049999999999999954 6.4685816342377365
0.5000000000000001 0.049999999999999954 0.049999999999999954 6.581279372146032
0.5000000000000001 0.049999999999999954 0.049999999999999954 6.596575227756402
0.5000000000000001 0.049999999999999954 0.049999999999999954 6.659912921021032
0.5000000000000001 0.049999999999999954 0.049999999999999954 6.667907948538555
0.5000000000000001 0.049999999999999954 0.049999999999999954 6.766899651537573
0.5000000000000001 0.049999999999999954 0.049999999999999954 6.7784788449284665
0.5000000000000001 0.049999999999999954 0.049999999999999954 6.963920739012576
0.5000000000000001 0.049999999999999954 0.049999999999999954 6.995724125929918
0.5000000000000001 0.049999999999999954 0.049999999999999954 7.393209356341708
0.5000000000000001 0.049999999999999954 0.049999999999999954 7.4060826590669535
0.5000000000000001 0.049999999999999954 0.049999999999999954 7.525236493517527
0.5000000000000001 0.049999999999999954 0.049999999999999954 7.549647501017769
0.5000000000000001 0.049999999999999954 0.049999999999999954 7.735909933327524
0.5000000000000001 0.049999999999999954 0.049999999999999954 7.764493198406059
0.5000000000000001 0.049999999999999954 0.049999999999999954 7.858572709018313
0.5000000000000001 0.049999999999999954 0.049999999999999954 7.888059494162172
0.5000000000000001 0.049999999999999954 0.049999999999999954 8.014667597672508
0.5000000000000001 0.049999999999999954 0.049999999999999954 8.031167459076363
0.5000000000000001 0.049999999999999954 0.049999999999999954 8.145688785318399
0.5000000000000001 0.049999999999999954 0.049999999999999954 8.14896103545714
0.5000000000000001 0.049999999999999954 0.049999999999999954 8.342748318933042
0.5000000000000001 0.049999999999999954 0.049999999999999954 8.369430225996796
0.5000000000000001 0.024999999999999953 0.024999999999999953 -5.164470980272462
0.5000000000000001 0.024999999999999953 0.024999999999999953 -5.1641353363824125
0.5000000000000001 0.024999999999999953 0.024999999999999953 -5.131480630777132
0.5000000000000001 0.024999999999999953 0.024999999999999953 -5.13133255525616
0.5000000000000001 0.024999999999999953 0.024999999999999953 -4.761612822096233
0.5000000000000001 0.024999999999999953 0.024999999999999953 -4.760515763309946
0.5000000000000001 0.024999999999999953 0.024999999999999953 -4.749122637041241
0.5000000000000001 0.024999999999999953 0.024999999999999953 -4.7480885211310335
0.5000000000000001 0.024999999999999953 0.024999999999999953 -4.720819820984117
0.5000000000000001 0.024999999999999953 0.024999999999999953 -4.719377389491199
0.5000000000000001 0.024999999999999953 0.024999999999999953 -4.661270415055809
0.5000000000000001 0.024999999999999953 0.024999999999999953 -4.656846459243092
0.5000000000000001 0.024999999999999953 0.024999999999999953 -4.229989679387579
0.5000000000000001 0.024999999999999953 0.024999999999999953 -4.229229004898586
0.5000000000000001 0.024999999999999953 0.024999999999999953 -3.9453694298414828
0.5000000000000001 0.024999999999999953 0.024999999999999953 -3.9321040454767395
0.5000000000000001 0.024999999999999953 0.024999999999999953 -1.018528100224298
0.5000000000000001 0.024999999999999953 0.024999999999999953 -1.0064308341909936
0.5000000000000001 0.024999999999999953 0.024999999999999953 -0.7731243988929233
0.5000000000000001 0.024999999999999953 0.024999999999999953 -0.7630254583228222
0.5000000000000001 0.024999999999999953 0.024999999999999953 -0.7432107000387944
0.5000000000000001 0.024999999999999953 0.024999999999999953 -0.7340083400268362
0.5000000000000001 0.024999999999999953 0.024999999999999953 -0.6890930967387854
0.5000000000000001 0.024999999999999953 0.024999999999999953 -0.6886274071903336
0.5000000000000001 0.024999999999999953 0.024999999999999953 -0.6250509525222913
0.5000000000000001 0.024999999999999953 0.024999999999999953 -0.6167052643940201
0.5000000000000001 0.024999999999999953 0.024999999999999953 -0.5611821744514214
0.5000000000000001 0.024999999999999953 0.024999999999999953 -0.5597749578100178
0.5000000000000001 0.024999999999999953 0.024999999999999953 -0.4724762919258636
0.5000000000000001 0.024999999999999953 0.024999999999999953 -0.4694071437423476
0.5000000000000001 0.024999999999999953 0.024999999999999953 -0.4538925540206355
0.5000000000000001 0.024999999999999953 0.024999999999999953 -0.45269905728876947
0.5000000000000001 0.024999999999999953 0.024999999999999953 -0.1938733753898234
0.5000000000000001 0.024999999999999953 0.024999999999999953 -0.1930141698360327
0.5000000000000001 0.024999999999999953 0.024999999999999953 -0.164185396693553
0.5000000000000001 0.024999999999999953 0.024999999999999953 -0.16310194115190835
0.5000000000000001 0.024999999999999953 0.024999999999999953 -0.0030119907983687175
0.5000000000000001 0.024999999999999953 0.024999999999999953 -0.0012280801771847132
0.5000000000000001 0.024999999999999953 0.024999999999999953 0.02375647120880245
0.5000000000000001 0.024999999999999953 0.024999999999999953 0.024945840978548555
0.5000000000000001 0.024999999999999953 0.024999999999999953 0.08659925153637395
0.5000000000000001 0.024999999999999953 0.024999999999999953 0.09319698413828348
0.5000000000000001 0.024999999999999953 0.024999999999999953 0.13246959251217544
0.5000000000000001 0.024999999999999953 0.024999999999999953 0.13460858537589276
0.5000000000000001 0.024999999999999953 0.024999999999999953 0.17884016699593136
0.5000000000000001 0.024999999999999953 0.024999999999999953 0.17985395101092286
0.5000000000000001 0.024999999999999953 0.024999999999999953 0.2740418248965366
0.5000000000000001 0.024999999999999953 0.024999999999999953 0.27599308884372237
0.5000000000000001 0.024999999999999953 0.024999999999999953 0.29255427617712515
0.5000000000000001 0.024999999999999953 0.024999999999999953 0.29773403083022026
0.5000000000000001 0.024999999999999953 0.024999999999999953 0.3611378124665143
0.5000000000000001 0.024999999999999953 0.024999999999999953 0.3644913840239629
0.5000000000000001 0.024999999999999953 0.024999999999999953 0.40553814065692606
0.5000000000000001 0.024999999999999953 0.024999999999999953 0.4076811672053187
0.5000000000000001 0.024999999999999953 0.024999999999999953 0.43147318000994855
0.5000000000000001 0.024999999999999953 0.024999999999999953 0.43772688252641345
0.5000000000000001 0.024999999999999953 0.024999999999999953 0.4503876870445636
0.5000000000000001 0.024999999999999953 0.024999999999999953 0.4530597360780129
0.5000000000000001 0.024999999999999953 0.024999999999999953 0.48986868376963333
0.5000000000000001 0.024999999999999953 0.024999999999999953 0.49568055422063406
0.5000000000000001 0.024999999999999953 0.024999999999999953 0.5957930630668471
0.5000000000000001 0.024999999999999953 0.024999999999999953 0.5983985698833915
0.5000000000000001 0.024999999999999953 0.024999999999999953 0.6560329711518662
0.5000000000000001 0.024999999999999953 0.024999999999999953 0.6611322173772607
0.5000000000000001 0.024999999999999953 0.024999999999999953 0.6767197509104314
0.5000000000000001 0.024999999999999953 0.024999999999999953 0.6792202105129228
0.5000000000000001 0.024999999999999953 0.024999999999999953 0.7155296072302489
0.5000000000000001 0.024999999999999953 0.024999999999999953 0.7203107930810302
0.5000000000000001 0.024999999999999953 0.024999999999999953 0.740164313788819
0.5000000000000001 0.024999999999999953 0.024999999999999953 0.7481116582087735
0.5000000000000001 0.024999999999999953 0.024999999999999953 0.777882692806714
0.5000000000000001 0.024999999999999953 0.024999999999999953 0.7805492328280393
0.5000000000000001 0.024999999999999953 0.024999999999999953 0.806782565298637
0.5000000000000001 0.024999999999999953 0.024999999999999953 0.8126420955538436
0.5000000000000001 0.024999999999999953 0.024999999999999953 0.8355001274916155
0.5000000000000001 0.024999999999999953 0.024999999999999953 0.8393934132961581
0.5000000000000001 0.024999999999999953 0.024999999999999953 0.8586580504748715
0.5000000000000001 0.024999999999999953 0.024999999999999953 0.8681739374127124
0.5000000000000001 0.024999999999999953 0.024999999999999953 0.8849331382180634
0.5000000000000001 0.024999999999999953 0.024999999999999953 0.8893687264025675
0.5000000000000001 0.024999999999999953 0.024999999999999953 0.9163036971948954
0.5000000000000001 0.024999999999999953 0.024999999999999953 0.921457397058012
0.5000000000000001 0.024999999999999953 0.024999999999999953 0.9385419650400859
0.5000000000000001 0.024999999999999953 0.024999999999999953 0.9481514052658104
0.5000000000000001 0.024999999999999953 0.024999999999999953 0.9686012810913379
0.5000000000000001 0.024999999999999953 0.024999999999999953 0.9715428009754098
0.5000000000000001 0.024999999999999953 0.024999999999999953 0.983241388148811
0.5000000000000001 0.024999999999999953 0.024999999999999953 0.9885344344851624
0.5000000000000001 0.024999999999999953 0.024999999999999953 1.0021416266373655
0.5000000000000001 0.024999999999999953 0.024999999999999953 1.0083001955375375
0.5000000000000001 0.024999999999999953 0.024999999999999953 1.0266705990542893
0.5000000000000001 0.024999999999999953 0.024999999999999953 1.028687794077482
0.5000000000000001 0.024999999999999953 0.024999999999999953 1.045298384926177
0.5000000000000001 0.024999999999999953 0.024999999999999953 1.0508565233907898
0.5000000000000001 0.024999999999999953 0.024999999999999953 1.0700458974781717
0.5000000000000001 0.024999999999999953 0.024999999999999953 1.0746548834089098
0.5000000000000001 0.024999999999999953 0.024999999999999953 1.0903615159161157
0.5000000000000001 0.024999999999999953 0.024999999999999953 1.0998148889738895
0.5000000000000001 0.024999999999999953 0.024999999999999953 1.1161900941716112
0.5000000000000001 0.024999999999999953 0.024999999999999953 1.1214333186459258
0.5000000000000001 0.024999999999999953 0.024999999999999953 1.130757457661387
0.5000000000000001 0.024999999999999953 0.024999999999999953 1.1326307511595357
0.5000000000000001 0.024999999999999953 0.024999999999999953 1.1528926981954892
0.5000000000000001 0.024999999999999953 0.024999999999999953 1.157119098315541
0.5000000000000001 0.024999999999999953 0.024999999999999953 1.1730095972449048
0.5000000000000001 0.024999999999999953 0.024999999999999953 1.1763344394041542
0.5000000000000001 0.024999999999999953 0.024999999999999953 1.2050432326958427
0.5000000000000001 0.024999999999999953 0.024999999999999953 1.208090287276043
0.5000000000000001 0.024999999999999953 0.024999999999999953 1.2172351475625647
0.5000000000000001 0.024999999999999953 0.024999999999999953 1.2229022528927571
0.5000000000000001 0.024999999999999953 0.024999999999999953 1.238205734024929
0.5000000000000001 0.024999999999999953 0.024999999999999953 1.240619822527647
0.5000000000000001 0.024999999999999953 0.024999999999999953 1.263748347176982
0.5000000000000001 0.024999999999999953 0.024999999999999953 1.269944623187106
0.5000000000000001 0.024999999999999953 0.024999999999999953 1.2917976379071536
0.5000000000000001 0.024999999999999953 0.024999999999999953 1.2973784567177042
0.5000000000000001 0.024999999999999953 0.024999999999999953 1.300519564005531
0.5000000000000001 0.024999999999999953 0.024999999999999953 1.3073255733103617
0.5000000000000001 0.024999999999999953 0.024999999999999953 1.3381128394769393
0.5000000000000001 0.024999999999999953 0.024999999999999953 1.343319906439937
0.5000000000000001 0.024999999999999953 0.024999999999999953 1.3616157022762945
0.5000000000000001 0.024999999999999953 0.024999999999999953 1.364644064161653
0.5000000000000001 0.024999999999999953 0.024999999999999953 1.3861297506576542
0.5000000000000001 0.024999999999999953 0.024999999999999953 1.3913870209871833
0.5000000000000001 0.024999999999999953 0.024999999999999953 1.4003190578587317
0.5000000000000001 0.024999999999999953 0.024999999999999953 1.4036564741204904
0.5000000000000001 0.024999999999999953 0.024999999999999953 1.4317565457154202
0.5000000000000001 0.024999999999999953 0.024999999999999953 1.4355290277247097
0.5000000000000001 0.024999999999999953 0.024999999999999953 1.4601644760746249
0.5000000000000001 0.024999999999999953 0.024999999999999953 1.4624956503329267
0.5000000000000001 0.024999999999999953 0.024999999999999953 1.4820222255833932
0.5000000000000001 0.024999999999999953 0.024999999999999953 1.4864879298391507
0.5000000000000001 0.024999999999999953 0.024999999999999953 1.5089637296636174
0.5000000000000001 0.024999999999999953 0.024999999999999953 1.5111181438747106
0.5000000000000001 0.024999999999999953 0.024999999999999953 1.553104676812266
0.5000000000000001 0.024999999999999953 0.024999999999999953 1.556549511104557
0.5000000000000001 0.024999999999999953 0.024999999999999953 1.577690818059686
0.5000000000000001 0.024999999999999953 0.024999999999999953 1.5826331503602122
0.5000000000000001 0.024999999999999953 0.024999999999999953 1.5993348947224093
0.5000000000000001 0.024999999999999953 0.024999999999999953 1.6014271490349263
0.5000000000000001 0.024999999999999953 0.024999999999999953 1.6304371415886125
0.5000000000000001 0.024999999999999953 0.024999999999999953 1.6367921543246788
0.5000000000000001 0.024999999999999953 0.024999999999999953 1.6647447582648818
0.5000000000000001 0.024999999999999953 0.024999999999999953 1.6686934595529868
0.5000000000000001 0.024999999999999953 0.024999999999999953 1.712705801274419
0.5000000000000001 0.024999999999999953 0.024999999999999953 1.7150480427628723
0.5000000000000001 0.024999999999999953 0.024999999999999953 1.7766289727075382
0.5000000000000001 0.024999999999999953 0.024999999999999953 1.7807302521047377
0.5000000000000001 0.024999999999999953 0.024999999999999953 1.8475402924399527
0.5000000000000001 0.024999999999999953 0.024999999999999953 1.8538703479807972
0.5000000000000001 0.024999999999999953 0.024999999999999953 1.8891381576320736
0.5000000000000001 0.024999999999999953 0.024999999999999953 1.8988531896368483
0.5000000000000001 0.024999999999999953 0.024999999999999953 1.9903855962812618
0.5000000000000001 0.024999999999999953 0.024999999999999953 1.9959621097219693
0.5000000000000001 0.024999999999999953 0.024999999999999953 2.0345173047648673
0.5000000000000001 0.024999999999999953 0.024999999999999953 2.036319008185226
0.5000000000000001 0.024999999999999953 0.024999999999999953 2.3032873537415144
0.5000000000000001 0.024999999999999953 0.024999999999999953 2.3069959247532887
0.5000000000000001 0.024999999999999953 0.024999999999999953 2.3488783564154754
0.5000000000000001 0.024999999999999953 0.024999999999999953 2.3541775092317794
0.5000000000000001 0.024999999999999953 0.024999999999999953 4.1842803402684385
0.5000000000000001 0.024999999999999953 0.024999999999999953 4.203250444721114
0.5000000000000001 0.024999999999999953 0.024999999999999953 4.24878310443277
0.5000000000000001 0.024999999999999953 0.024999999999999953 4.266212329257681
0.5000000000000001 0.024999999999999953 0.024999999999999953 4.792897318296033
0.5000000000000001 0.024999999999999953 0.024999999999999953 4.8013459116003805
0.5000000000000001 0.024999999999999953 0.024999999999999953 4.894064792428318
0.5000000000000001 0.024999999999999953 0.024999999999999953 4.907001615160633
0.5000000000000001 0.024999999999999953 0.024999999999999953 5.111354002049911
0.5000000000000001 0.024999999999999953 0.024999999999999953 5.121221083785205
0.5000000000000001 0.024999999999999953 0.024999999999999953 5.171510307782324
0.5000000000000001 0.024999999999999953 0.024999999999999953 5.179534829644721
0.5000000000000001 0.024999999999999953 0.024999999999999953 5.452331111932191
0.5000000000000001 0.024999999999999953 0.024999999999999953 5.47772152973589
0.5000000000000001 0.024999999999999953 0.024999999999999953 5.4969885041623
0.5000000000000001 0.024999999999999953 0.024999999999999953 5.500772852654851
0.5000000000000001 0.024999999999999953 0.024999999999999953 6.023889292257801
0.5000000000000001 0.024999999999999953 0.024999999999999953 6.02853432942193
0.5000000000000001 0.024999999999999953 0.024999999999999953 6.167287666478087
0.5000000000000001 0.024999999999999953 0.024999999999999953 6.177227669524285
0.5000000000000001 0.024999999999999953 0.024999999999999953 6.261398991991892
0.5000000000000001 0.024999999999999953 0.024999999999999953 6.269488320247159
0.5000000000000001 0.024999999999999953 0.024999999999999953 6.378708689583998
0.5000000000000001 0.024999999999999953 0.024999999999999953 6.381012649268631
0.5000000000000001 0.024999999999999953 0.024999999999999953 6.459369916402149
0.5000000000000001 0.024999999999999953 0.024999999999999953 6.464971486487475
0.5000000000000001 0.024999999999999953 0.024999999999999953 6.584048550999424
0.5000000000000001 0.024999999999999953 0.024999999999999953 6.591753477036139
0.5000000000000001 0.024999999999999953 0.024999999999999953 6.661613507018437
0.5000000000000001 0.024999999999999953 0.024999999999999953 6.665813841846313
0.5000000000000001 0.024999999999999953 0.024999999999999953 6.770103769033696
0.5000000000000001 0.024999999999999953 0.024999999999999953 6.776008973078435
0.5000000000000001 0.024999999999999953 0.024999999999999953 6.95802743166038
0.5000000000000001 0.024999999999999953 0.024999999999999953 6.974848535214265
0.5000000000000001 0.024999999999999953 0.024999999999999953 7.405091452058228
0.5000000000000001 0.024999999999999953 0.024999999999999953 7.411395252571251
0.5000000000000001 0.024999999999999953 0.024999999999999953 7.543291225453716
0.5000000000000001 0.024999999999999953 0.024999999999999953 7.556014168726107
0.5000000000000001 0.024999999999999953 0.024999999999999953 7.7550443523784285
0.5000000000000001 0.024999999999999953 0.024999999999999953 7.769378686780303
0.5000000000000001 0.024999999999999953 0.024999999999999953 7.877634190032708
0.5000000000000001 0.024999999999999953 0.024999999999999953 7.8928718349932065
0.5000000000000001 0.024999999999999953 0.024999999999999953 8.032145644327953
0.5000000000000001 0.024999999999999953 0.024999999999999953 8.040425504469729
0.5000000000000001 0.024999999999999953 0.024999999999999953 8.16057680794026
0.5000000000000001 0.024999999999999953 0.024999999999999953 8.16263933345332
0.5000000000000001 0.024999999999999953 0.024999999999999953 8.3671116877107
0.5000000000000001 0.024999999999999953 0.024999999999999953 8.380517538689107
0.5000000000000001 -4.85722573273506e-17 -4.85722573273506e-17 -5.165212513741515
0.5000000000000001 -4.85722573273506e-17 -4.85722573273506e-17 -5.165212112973435
0.5000000000000001 -4.85722573273506e-17 -4.85722573273506e-17 -5.132441573049684
0.5000000000000001 -4.85722573273506e-17 -4.85722573273506e-17 -5.132440852709096
0.5000000000000001 -4.85722573273506e-17 -4.85722573273506e-17 -4.760304765447968
0.5000000000000001 -4.85722573273506e-17 -4.85722573273506e-17 -4.760304381679098
0.5000000000000001 -4.85722573273506e-17 -4.85722573273506e-17 -4.747206881139705
0.5000000000000001 -4.85722573273506e-17 -4.85722573273506e-17 -4.747206610843047
0.5000000000000001 -4.85722573273506e-17 -4.85722573273506e-17 -4.721829763248165
0.5000000000000001 -4.85722573273506e-17 -4.85722573273506e-17 -4.721829662946086
0.5000000000000001 -4.85722573273506e-17 -4.85722573273506e-17 -4.659656649812813
0.5000000000000001 -4.85722573273506e-17 -4.85722573273506e-17 -4.659656462144914
0.5000000000000001 -4.85722573273506e-17 -4.85722573273506e-17 -4.227818289385935
0.5000000000000001 -4.85722573273506e-17 -4.85722573273506e-17 -4.227817317384505
0.5000000000000001 -4.85722573273506e-17 -4.85722573273506e-17 -3.937359115753826
0.5000000000000001 -4.85722573273506e-17 -4.85722573273506e-17 -3.9373586383649264
0.5000000000000001 -4.85722573273506e-17 -4.85722573273506e-17 -1.015008478386425
0.5000000000000001 -4.85722573273506e-17 -4.85722573273506e-17 -1.0150083429967578
0.5000000000000001 -4.85722573273506e-17 -4.85722573273506e-17 -0.770297827154197
0.5000000000000001 -4.85722573273506e-17 -4.85722573273506e-17 -0.7702974045634128
0.5000000000000001 -4.85722573273506e-17 -4.85722573273506e-17 -0.7410040219950235
0.5000000000000001 -4.85722573273506e-17 -4.85722573273506e-17 -0.7410036485630687
0.5000000000000001 -4.85722573273506e-17 -4.85722573273506e-17 -0.6909127743803012
0.5000000000000001 -4.85722573273506e-17 -4.85722573273506e-17 -0.690912512614394
0.5000000000000001 -4.85722573273506e-17 -4.85722573273506e-17 -0.6228507364336098
0.5000000000000001 -4.85722573273506e-17 -4.85722573273506e-17 -0.6228505924787466
0.5000000000000001 -4.85722573273506e-17 -4.85722573273506e-17 -0.5624758250629521
0.5000000000000001 -4.85722573273506e-17 -4.85722573273506e-17 -0.5624757046927835
0.5000000000000001 -4.85722573273506e-17 -4.85722573273506e-17 -0.4723379100145798
0.5000000000000001 -4.85722573273506e-17 -4.85722573273506e-17 -0.47233756169763846
0.5000000000000001 -4.85722573273506e-17 -4.85722573273506e-17 -0.4547754682983716
0.5000000000000001 -4.85722573273506e-17 -4.85722573273506e-17 -0.4547749774923862
0.5000000000000001 -4.85722573273506e-17 -4.85722573273506e-17 -0.19333806900017309
0.5000000000000001 -4.85722573273506e-17 -4.85722573273506e-17 -0.1933375933760026
0.5000000000000001 -4.85722573273506e-17 -4.85722573273506e-17 -0.16393655214048666
0.5000000000000001 -4.85722573273506e-17 -4.85722573273506e-17 -0.16393582497703763
0.5000000000000001 -4.85722573273506e-17 -4.85722573273506e-17 -0.001978044598184148
0.5000000000000001 -4.85722573273506e-17 -4.85722573273506e-17 -0.0019777529751307103
0.5000000000000001 -4.85722573273506e-17 -4.85722573273506e-17 0.024266096513347733
0.5000000000000001 -4.85722573273506e-17 -4.85722573273506e-17 0.024266434533500452
0.5000000000000001 -4.85722573273506e-17 -4.85722573273506e-17 0.0900900713619784
0.5000000000000001 -4.85722573273506e-17 -4.85722573273506e-17 0.090090325655836
0.5000000000000001 -4.85722573273506e-17 -4.85722573273506e-17 0.1335698715665379
0.5000000000000001 -4.85722573273506e-17 -4.85722573273506e-17 0.1335700888563858
0.5000000000000001 -4.85722573273506e-17 -4.85722573273506e-17 0.1789498164666917
0.5000000000000001 -4.85722573273506e-17 -4.85722573273506e-17 0.17895035585271823
0.5000000000000001 -4.85722573273506e-17 -4.85722573273506e-17 0.27521917395919326
0.5000000000000001 -4.85722573273506e-17 -4.85722573273506e-17 0.2752194439156162
0.5000000000000001 -4.85722573273506e-17 -4.85722573273506e-17 0.2949764907594151
0.5000000000000001 -4.85722573273506e-17 -4.85722573273506e-17 0.2949766637157402
0.5000000000000001 -4.85722573273506e-17 -4.85722573273506e-17 0.3629298198259952
0.5000000000000001 -4.85722573273506e-17 -4.85722573273506e-17 0.3629302737411607
0.5000000000000001 -4.85722573273506e-17 -4.85722573273506e-17 0.406641770769607
0.5000000000000001 -4.85722573273506e-17 -4.85722573273506e-17 0.4066419646187775
0.5000000000000001 -4.85722573273506e-17 -4.85722573273506e-17 0.4347794160392115
0.5000000000000001 -4.85722573273506e-17 -4.85722573273506e-17 0.43477983129102304
0.5000000000000001 -4.85722573273506e-17 -4.85722573273506e-17 0.4518380222163478
0.5000000000000001 -4.85722573273506e-17 -4.85722573273506e-17 0.451838250603576
0.5000000000000001 -4.85722573273506e-17 -4.85722573273506e-17 0.4929663763543375
0.5000000000000001 -4.85722573273506e-17 -4.85722573273506e-17 0.492966540278718
0.5000000000000001 -4.85722573273506e-17 -4.85722573273506e-17 0.5977749855570663
0.5000000000000001 -4.85722573273506e-17 -4.85722573273506e-17 0.5977757007648701
0.5000000000000001 -4.85722573273506e-17 -4.85722573273506e-17 0.6593174515351434
0.5000000000000001 -4.85722573273506e-17 -4.85722573273506e-17 0.6593177434634081
0.5000000000000001 -4.85722573273506e-17 -4.85722573273506e-17 0.6783850920175803
0.5000000000000001 -4.85722573273506e-17 -4.85722573273506e-17 0.6783855029418668
0.5000000000000001 -4.85722573273506e-17 -4.85722573273506e-17 0.718701659384606
0.5000000000000001 -4.85722573273506e-17 -4.85722573273506e-17 0.7187019742268694
0.5000000000000001 -4.85722573273506e-17 -4.85722573273506e-17 0.7441444073619518
0.5000000000000001 -4.85722573273506e-17 -4.85722573273506e-17 0.7441445749837104
0.5000000000000001 -4.85722573273506e-17 -4.85722573273506e-17 0.7789797436976021
0.5000000000000001 -4.85722573273506e-17 -4.85722573273506e-17 0.7789798333023901
0.5000000000000001 -4.85722573273506e-17 -4.85722573273506e-17 0.8107974889544528
0.5000000000000001 -4.85722573273506e-17 -4.85722573273506e-17 0.8107976913744688
0.5000000000000001 -4.85722573273506e-17 -4.85722573273506e-17 0.8375909498174943
0.5000000000000001 -4.85722573273506e-17 -4.85722573273506e-17 0.8375912277024746
0.5000000000000001 -4.85722573273506e-17 -4.85722573273506e-17 0.8637008274699784
0.5000000000000001 -4.85722573273506e-17 -4.85722573273506e-17 0.8637011344147416
0.5000000000000001 -4.85722573273506e-17 -4.85722573273506e-17 0.8875459099241714
0.5000000000000001 -4.85722573273506e-17 -4.85722573273506e-17 0.8875462821622406
0.5000000000000001 -4.85722573273506e-17 -4.85722573273506e-17 0.9200697736985163
0.5000000000000001 -4.85722573273506e-17 -4.85722573273506e-17 0.9200699511705478
0.5000000000000001 -4.85722573273506e-17 -4.85722573273506e-17 0.9430034779310632
0.5000000000000001 -4.85722573273506e-17 -4.85722573273506e-17 0.9430037209020382
0.5000000000000001 -4.85722573273506e-17 -4.85722573273506e-17 0.9705995835332635
0.5000000000000001 -4.85722573273506e-17 -4.85722573273506e-17 0.9705997348513397
0.5000000000000001 -4.85722573273506e-17 -4.85722573273506e-17 0.98636330240716
0.5000000000000001 -4.85722573273506e-17 -4.85722573273506e-17 0.9863634276992558
0.5000000000000001 -4.85722573273506e-17 -4.85722573273506e-17 1.005581229148031
0.5000000000000001 -4.85722573273506e-17 -4.85722573273506e-17 1.0055814705630384
0.5000000000000001 -4.85722573273506e-17 -4.85722573273506e-17 1.0286065998769147
0.5000000000000001 -4.85722573273506e-17 -4.85722573273506e-17 1.0286067012812778
0.5000000000000001 -4.85722573273506e-17 -4.85722573273506e-17 1.0487824473532474
0.5000000000000001 -4.85722573273506e-17 -4.85722573273506e-17 1.0487827726467491
0.5000000000000001 -4.85722573273506e-17 -4.85722573273506e-17 1.0737009892295593
0.5000000000000001 -4.85722573273506e-17 -4.85722573273506e-17 1.0737010642648706
0.5000000000000001 -4.85722573273506e-17 -4.85722573273506e-17 1.0948385781678072
0.5000000000000001 -4.85722573273506e-17 -4.85722573273506e-17 1.0948388859556772
0.5000000000000001 -4.85722573273506e-17 -4.85722573273506e-17 1.119986387686945
0.5000000000000001 -4.85722573273506e-17 -4.85722573273506e-17 1.1199867004933395
0.5000000000000001 -4.85722573273506e-17 -4.85722573273506e-17 1.1315400129385098
0.5000000000000001 -4.85722573273506e-17 -4.85722573273506e-17 1.1315401811741148
0.5000000000000001 -4.85722573273506e-17 -4.85722573273506e-17 1.1546314185489215
0.5000000000000001 -4.85722573273506e-17 -4.85722573273506e-17 1.1546316281869393
0.5000000000000001 -4.85722573273506e-17 -4.85722573273506e-17 1.1750528691895241
0.5000000000000001 -4.85722573273506e-17 -4.85722573273506e-17 1.175053158484087
0.5000000000000001 -4.85722573273506e-17 -4.85722573273506e-17 1.2070354031599464
0.5000000000000001 -4.85722573273506e-17 -4.85722573273506e-17 1.2070356385411198
0.5000000000000001 -4.85722573273506e-17 -4.85722573273506e-17 1.220014559817532
0.5000000000000001 -4.85722573273506e-17 -4.85722573273506e-17 1.2200149122888075
0.5000000000000001 -4.85722573273506e-17 -4.85722573273506e-17 1.2388134504233257
0.5000000000000001 -4.85722573273506e-17 -4.85722573273506e-17 1.238813595969167
0.5000000000000001 -4.85722573273506e-17 -4.85722573273506e-17 1.2671347936942714
0.5000000000000001 -4.85722573273506e-17 -4.85722573273506e-17 1.2671349319446252
0.5000000000000001 -4.85722573273506e-17 -4.85722573273506e-17 1.295981926729654
0.5000000000000001 -4.85722573273506e-17 -4.85722573273506e-17 1.2959822649769348
0.5000000000000001 -4.85722573273506e-17 -4.85722573273506e-17 1.3029886527470294
0.5000000000000001 -4.85722573273506e-17 -4.85722573273506e-17 1.3029887265889946
0.5000000000000001 -4.85722573273506e-17 -4.85722573273506e-17 1.3404903675480355
0.5000000000000001 -4.85722573273506e-17 -4.85722573273506e-17 1.340490424064434
0.5000000000000001 -4.85722573273506e-17 -4.85722573273506e-17 1.3631507203027067
0.5000000000000001 -4.85722573273506e-17 -4.85722573273506e-17 1.3631509435675113
0.5000000000000001 -4.85722573273506e-17 -4.85722573273506e-17 1.3892400223266832
0.5000000000000001 -4.85722573273506e-17 -4.85722573273506e-17 1.3892403020335324
0.5000000000000001 -4.85722573273506e-17 -4.85722573273506e-17 1.4013486608300003
0.5000000000000001 -4.85722573273506e-17 -4.85722573273506e-17 1.401348872816543
0.5000000000000001 -4.85722573273506e-17 -4.85722573273506e-17 1.4336090953012381
0.5000000000000001 -4.85722573273506e-17 -4.85722573273506e-17 1.4336093551805482
0.5000000000000001 -4.85722573273506e-17 -4.85722573273506e-17 1.4613404960500718
0.5000000000000001 -4.85722573273506e-17 -4.85722573273506e-17 1.4613406269002636
0.5000000000000001 -4.85722573273506e-17 -4.85722573273506e-17 1.4842894480692126
0.5000000000000001 -4.85722573273506e-17 -4.85722573273506e-17 1.4842898211322313
0.5000000000000001 -4.85722573273506e-17 -4.85722573273506e-17 1.5099679488640254
0.5000000000000001 -4.85722573273506e-17 -4.85722573273506e-17 1.5099681055934804
0.5000000000000001 -4.85722573273506e-17 -4.85722573273506e-17 1.55498646581576
0.5000000000000001 -4.85722573273506e-17 -4.85722573273506e-17 1.5549867500995347
0.5000000000000001 -4.85722573273506e-17 -4.85722573273506e-17 1.5805593097582542
0.5000000000000001 -4.85722573273506e-17 -4.85722573273506e-17 1.580559529049329
0.5000000000000001 -4.85722573273506e-17 -4.85722573273506e-17 1.6002174544369423
0.5000000000000001 -4.85722573273506e-17 -4.85722573273506e-17 1.600217755149015
0.5000000000000001 -4.85722573273506e-17 -4.85722573273506e-17 1.6333445481187427
0.5000000000000001 -4.85722573273506e-17 -4.85722573273506e-17 1.6333447489225206
0.5000000000000001 -4.85722573273506e-17 -4.85722573273506e-17 1.666630797119218
0.5000000000000001 -4.85722573273506e-17 -4.85722573273506e-17 1.6666309557346486
0.5000000000000001 -4.85722573273506e-17 -4.85722573273506e-17 1.7141330389156402
0.5000000000000001 -4.85722573273506e-17 -4.85722573273506e-17 1.714133237977353
0.5000000000000001 -4.85722573273506e-17 -4.85722573273506e-17 1.7798906504578715
0.5000000000000001 -4.85722573273506e-17 -4.85722573273506e-17 1.779890862012508
0.5000000000000001 -4.85722573273506e-17 -4.85722573273506e-17 1.8523653578676706
0.5000000000000001 -4.85722573273506e-17 -4.85722573273506e-17 1.8523658641263894
0.5000000000000001 -4.85722573273506e-17 -4.85722573273506e-17 1.8954408736071187
0.5000000000000001 -4.85722573273506e-17 -4.85722573273506e-17 1.8954411039398191
0.5000000000000001 -4.85722573273506e-17 -4.85722573273506e-17 1.9944311676796902
0.5000000000000001 -4.85722573273506e-17 -4.85722573273506e-17 1.9944315302029567
0.5000000000000001 -4.85722573273506e-17 -4.85722573273506e-17 2.035692643873017
0.5000000000000001 -4.85722573273506e-17 -4.85722573273506e-17 2.0356929988067907
0.5000000000000001 -4.85722573273506e-17 -4.85722573273506e-17 2.309010393591783
0.5000000000000001 -4.85722573273506e-17 -4.85722573273506e-17 2.309010861267722
0.5000000000000001 -4.85722573273506e-17 -4.85722573273506e-17 2.355021875309992
0.5000000000000001 -4.85722573273506e-17 -4.85722573273506e-17 2.3550225250140744
0.5000000000000001 -4.85722573273506e-17 -4.85722573273506e-17 4.189219617783063
0.5000000000000001 -4.85722573273506e-17 -4.85722573273506e-17 4.189219816800219
0.5000000000000001 -4.85722573273506e-17 -4.85722573273506e-17 4.251533039992486
0.5000000000000001 -4.85722573273506e-17 -4.85722573273506e-17 4.251533595068296
0.5000000000000001 -4.85722573273506e-17 -4.85722573273506e-17 4.794154953862967
0.5000000000000001 -4.85722573273506e-17 -4.85722573273506e-17 4.794155268378245
0.5000000000000001 -4.85722573273506e-17 -4.85722573273506e-17 4.897315460478109
0.5000000000000001 -4.85722573273506e-17 -4.85722573273506e-17 4.8973161753806185
0.5000000000000001 -4.85722573273506e-17 -4.85722573273506e-17 5.114960354970186
0.5000000000000001 -4.85722573273506e-17 -4.85722573273506e-17 5.114961160603417
0.5000000000000001 -4.85722573273506e-17 -4.85722573273506e-17 5.171852256207382
0.5000000000000001 -4.85722573273506e-17 -4.85722573273506e-17 5.171852812359452
0.5000000000000001 -4.85722573273506e-17 -4.85722573273506e-17 5.460808089397477
0.5000000000000001 -4.85722573273506e-17 -4.85722573273506e-17 5.460808557847398
0.5000000000000001 -4.85722573273506e-17 -4.85722573273506e-17 5.493925775597196
0.5000000000000001 -4.85722573273506e-17 -4.85722573273506e-17 5.493926236619618
0.5000000000000001 -4.85722573273506e-17 -4.85722573273506e-17 6.026949678556857
0.5000000000000001 -4.85722573273506e-17 -4.85722573273506e-17 6.026950544440735
0.5000000000000001 -4.85722573273506e-17 -4.85722573273506e-17 6.172226332711945
0.5000000000000001 -4.85722573273506e-17 -4.85722573273506e-17 6.172226686905491
0.5000000000000001 -4.85722573273506e-17 -4.85722573273506e-17 6.26467896292543
0.5000000000000001 -4.85722573273506e-17 -4.85722573273506e-17 6.264679178899307
0.5000000000000001 -4.85722573273506e-17 -4.85722573273506e-17 6.379420705368115
0.5000000000000001 -4.85722573273506e-17 -4.85722573273506e-17 6.379421152935841
0.5000000000000001 -4.85722573273506e-17 -4.85722573273506e-17 6.461835845827456
0.5000000000000001 -4.85722573273506e-17 -4.85722573273506e-17 6.461836470269511
0.5000000000000001 -4.85722573273506e-17 -4.85722573273506e-17 6.5875179156451935
0.5000000000000001 -4.85722573273506e-17 -4.85722573273506e-17 6.587518378407348
0.5000000000000001 -4.85722573273506e-17 -4.85722573273506e-17 6.6636425026295765
0.5000000000000001 -4.85722573273506e-17 -4.85722573273506e-17 6.663642787927198
0.5000000000000001 -4.85722573273506e-17 -4.85722573273506e-17 6.773210487489546
0.5000000000000001 -4.85722573273506e-17 -4.85722573273506e-17 6.773210754278914
0.5000000000000001 -4.85722573273506e-17 -4.85722573273506e-17 6.9621712311008634
0.5000000000000001 -4.85722573273506e-17 -4.85722573273506e-17 6.962171596993209
0.5000000000000001 -4.85722573273506e-17 -4.85722573273506e-17 7.411098828193128
0.5000000000000001 -4.85722573273506e-17 -4.85722573273506e-17 7.411099211758004
0.5000000000000001 -4.85722573273506e-17 -4.85722573273506e-17 7.553871173889724
0.5000000000000001 -4.85722573273506e-17 -4.85722573273506e-17 7.553871638590649
0.5000000000000001 -4.85722573273506e-17 -4.85722573273506e-17 7.766266348529329
0.5000000000000001 -4.85722573273506e-17 -4.85722573273506e-17 7.766266443324363
0.5000000000000001 -4.85722573273506e-17 -4.85722573273506e-17 7.889325258579266
0.5000000000000001 -4.85722573273506e-17 -4.85722573273506e-17 7.889325567358522
0.5000000000000001 -4.85722573273506e-17 -4.85722573273506e-17 8.040820902265613
0.5000000000000001 -4.85722573273506e-17 -4.85722573273506e-17 8.040821500189288
0.5000000000000001 -4.85722573273506e-17 -4.85722573273506e-17 8.166463168869617
0.5000000000000001 -4.85722573273506e-17 -4.85722573273506e-17 8.166463652862275
0.5000000000000001 -4.85722573273506e-17 -4.85722573273506e-17 8.379820139122259
0.5000000000000001 -4.85722573273506e-17 -4.85722573273506e-17 8.379820282673863
0.4750000000000001 -4.85722573273506e-17 -4.85722573273506e-17 -5.173531330234222
0.4750000000000001 -4.85722573273506e-17 -4.85722573273506e-17 -5.167420282053261
0.4750000000000001 -4.85722573273506e-17 -4.85722573273506e-17 -5.130513892095393
0.4750000000000001 -4.85722573273506e-17 -4.85722573273506e-17 -5.123584195077097
0.4750000000000001 -4.85722573273506e-17 -4.85722573273506e-17 -4.7687624166219
0.4750000000000001 -4.85722573273506e-17 -4.85722573273506e-17 -4.764405141673574
0.4750000000000001 -4.85722573273506e-17 -4.85722573273506e-17 -4.752401637134829
0.4750000000000001 -4.85722573273506e-17 -4.85722573273506e-17 -4.743150285605348
0.4750000000000001 -4.85722573273506e-17 -4.85722573273506e-17 -4.718680177663965
0.4750000000000001 -4.85722573273506e-17 -4.85722573273506e-17 -4.716347122274269
0.4750000000000001 -4.85722573273506e-17 -4.85722573273506e-17 -4.662804125550143
0.4750000000000001 -4.85722573273506e-17 -4.85722573273506e-17 -4.650819260183041
0.4750000000000001 -4.85722573273506e-17 -4.85722573273506e-17 -4.2407923040876145
0.4750000000000001 -4.85722573273506e-17 -4.85722573273506e-17 -4.218367437864028
0.4750000000000001 -4.85722573273506e-17 -4.85722573273506e-17 -3.95326940658531
0.4750000000000001 -4.85722573273506e-17 -4.85722573273506e-17 -3.9182474801099616
0.4750000000000001 -4.85722573273506e-17 -4.85722573273506e-17 -1.0170693135089486
0.4750000000000001 -4.85722573273506e-17 -4.85722573273506e-17 -1.0130983698530145
0.4750000000000001 -4.85722573273506e-17 -4.85722573273506e-17 -0.7722305733267807
0.4750000000000001 -4.85722573273506e-17 -4.85722573273506e-17 -0.7690606765726264
0.4750000000000001 -4.85722573273506e-17 -4.85722573273506e-17 -0.7425538631901674
0.4750000000000001 -4.85722573273506e-17 -4.85722573273506e-17 -0.7392050528162598
0.4750000000000001 -4.85722573273506e-17 -4.85722573273506e-17 -0.69142726516476
0.4750000000000001 -4.85722573273506e-17 -4.85722573273506e-17 -0.6907896818973539
0.4750000000000001 -4.85722573273506e-17 -4.85722573273506e-17 -0.6235308193656366
0.4750000000000001 -4.85722573273506e-17 -4.85722573273506e-17 -0.6222540918880667
0.4750000000000001 -4.85722573273506e-17 -4.85722573273506e-17 -0.5632744717023042
0.4750000000000001 -4.85722573273506e-17 -4.85722573273506e-17 -0.5615742600731615
0.4750000000000001 -4.85722573273506e-17 -4.85722573273506e-17 -0.4769752350389806
0.4750000000000001 -4.85722573273506e-17 -4.85722573273506e-17 -0.46845870341433093
0.4750000000000001 -4.85722573273506e-17 -4.85722573273506e-17 -0.4582364964392999
0.4750000000000001 -4.85722573273506e-17 -4.85722573273506e-17 -0.45120604268524167
0.4750000000000001 -4.85722573273506e-17 -4.85722573273506e-17 -0.20944794317445137
0.4750000000000001 -4.85722573273506e-17 -4.85722573273506e-17 -0.20027985954291339
0.4750000000000001 -4.85722573273506e-17 -4.85722573273506e-17 -0.17277897553253693
0.4750000000000001 -4.85722573273506e-17 -4.85722573273506e-17 -0.16760351547060678
0.4750000000000001 -4.85722573273506e-17 -4.85722573273506e-17 -0.0060145891403218235
0.4750000000000001 -4.85722573273506e-17 -4.85722573273506e-17 -0.001362032365501103
0.4750000000000001 -4.85722573273506e-17 -4.85722573273506e-17 0.017172236956698412
0.4750000000000001 -4.85722573273506e-17 -4.85722573273506e-17 0.02048510678311225
0.4750000000000001 -4.85722573273506e-17 -4.85722573273506e-17 0.08538594140782862
0.4750000000000001 -4.85722573273506e-17 -4.85722573273506e-17 0.097319990428268
0.4750000000000001 -4.85722573273506e-17 -4.85722573273506e-17 0.13390519321886152
0.4750000000000001 -4.85722573273506e-17 -4.85722573273506e-17 0.1417447667192013
0.4750000000000001 -4.85722573273506e-17 -4.85722573273506e-17 0.1842794957053081
0.4750000000000001 -4.85722573273506e-17 -4.85722573273506e-17 0.1921929058210747
0.4750000000000001 -4.85722573273506e-17 -4.85722573273506e-17 0.27315403215161105
0.4750000000000001 -4.85722573273506e-17 -4.85722573273506e-17 0.28258486561760776
0.4750000000000001 -4.85722573273506e-17 -4.85722573273506e-17 0.29502413285995305
0.4750000000000001 -4.85722573273506e-17 -4.85722573273506e-17 0.3002635201752017
0.4750000000000001 -4.85722573273506e-17 -4.85722573273506e-17 0.358304727342297
0.4750000000000001 -4.85722573273506e-17 -4.85722573273506e-17 0.369532410299076
0.4750000000000001 -4.85722573273506e-17 -4.85722573273506e-17 0.40290816900232757
0.4750000000000001 -4.85722573273506e-17 -4.85722573273506e-17 0.4105161734353459
0.4750000000000001 -4.85722573273506e-17 -4.85722573273506e-17 0.43241733057175985
0.4750000000000001 -4.85722573273506e-17 -4.85722573273506e-17 0.4375121352332063
0.4750000000000001 -4.85722573273506e-17 -4.85722573273506e-17 0.45133503303767764
0.4750000000000001 -4.85722573273506e-17 -4.85722573273506e-17 0.4541567495467342
0.4750000000000001 -4.85722573273506e-17 -4.85722573273506e-17 0.4916620653792907
0.4750000000000001 -4.85722573273506e-17 -4.85722573273506e-17 0.4959043890521677
0.4750000000000001 -4.85722573273506e-17 -4.85722573273506e-17 0.5967458141611558
0.4750000000000001 -4.85722573273506e-17 -4.85722573273506e-17 0.6003445014890939
0.4750000000000001 -4.85722573273506e-17 -4.85722573273506e-17 0.6581059612129226
0.4750000000000001 -4.85722573273506e-17 -4.85722573273506e-17 0.660476853934912
0.4750000000000001 -4.85722573273506e-17 -4.85722573273506e-17 0.676536959875778
0.4750000000000001 -4.85722573273506e-17 -4.85722573273506e-17 0.6813425740964566
0.4750000000000001 -4.85722573273506e-17 -4.85722573273506e-17 0.7172868578012789
0.4750000000000001 -4.85722573273506e-17 -4.85722573273506e-17 0.7199947308639627
0.4750000000000001 -4.85722573273506e-17 -4.85722573273506e-17 0.7434346481989567
0.4750000000000001 -4.85722573273506e-17 -4.85722573273506e-17 0.7458230064021499
0.4750000000000001 -4.85722573273506e-17 -4.85722573273506e-17 0.7770948072381416
0.4750000000000001 -4.85722573273506e-17 -4.85722573273506e-17 0.7812086374133395
0.4750000000000001 -4.85722573273506e-17 -4.85722573273506e-17 0.8094883342710566
0.4750000000000001 -4.85722573273506e-17 -4.85722573273506e-17 0.8124979187606365
0.4750000000000001 -4.85722573273506e-17 -4.85722573273506e-17 0.8371726119702239
0.4750000000000001 -4.85722573273506e-17 -4.85722573273506e-17 0.8384589836828443
0.4750000000000001 -4.85722573273506e-17 -4.85722573273506e-17 0.8614904515297782
0.4750000000000001 -4.85722573273506e-17 -4.85722573273506e-17 0.866303182241399
0.4750000000000001 -4.85722573273506e-17 -4.85722573273506e-17 0.886081586733064
0.4750000000000001 -4.85722573273506e-17 -4.85722573273506e-17 0.8893440820290669
0.4750000000000001 -4.85722573273506e-17 -4.85722573273506e-17 0.9192005310334506
0.4750000000000001 -4.85722573273506e-17 -4.85722573273506e-17 0.9209579716493209
0.4750000000000001 -4.85722573273506e-17 -4.85722573273506e-17 0.940800693662859
0.4750000000000001 -4.85722573273506e-17 -4.85722573273506e-17 0.9456976365558445
0.4750000000000001 -4.85722573273506e-17 -4.85722573273506e-17 0.9692728526454227
0.4750000000000001 -4.85722573273506e-17 -4.85722573273506e-17 0.9716879525031129
0.4750000000000001 -4.85722573273506e-17 -4.85722573273506e-17 0.9848207516973384
0.4750000000000001 -4.85722573273506e-17 -4.85722573273506e-17 0.9879165828794139
0.4750000000000001 -4.85722573273506e-17 -4.85722573273506e-17 1.0049076625621243
0.4750000000000001 -4.85722573273506e-17 -4.85722573273506e-17 1.0064948634125033
0.4750000000000001 -4.85722573273506e-17 -4.85722573273506e-17 1.0262793081577286
0.4750000000000001 -4.85722573273506e-17 -4.85722573273506e-17 1.0308877751821819
0.4750000000000001 -4.85722573273506e-17 -4.85722573273506e-17 1.046755356220505
0.4750000000000001 -4.85722573273506e-17 -4.85722573273506e-17 1.0508593834039144
0.4750000000000001 -4.85722573273506e-17 -4.85722573273506e-17 1.0726798522677945
0.4750000000000001 -4.85722573273506e-17 -4.85722573273506e-17 1.0748597409781482
0.4750000000000001 -4.85722573273506e-17 -4.85722573273506e-17 1.094177295960948
0.4750000000000001 -4.85722573273506e-17 -4.85722573273506e-17 1.095086343426776
0.4750000000000001 -4.85722573273506e-17 -4.85722573273506e-17 1.1189230243561048
0.4750000000000001 -4.85722573273506e-17 -4.85722573273506e-17 1.1207890032739896
0.4750000000000001 -4.85722573273506e-17 -4.85722573273506e-17 1.1308848968271121
0.4750000000000001 -4.85722573273506e-17 -4.85722573273506e-17 1.1324736062700742
0.4750000000000001 -4.85722573273506e-17 -4.85722573273506e-17 1.153175450213051
0.4750000000000001 -4.85722573273506e-17 -4.85722573273506e-17 1.1561357620352224
0.4750000000000001 -4.85722573273506e-17 -4.85722573273506e-17 1.1726614290649864
0.4750000000000001 -4.85722573273506e-17 -4.85722573273506e-17 1.1777188585372071
0.4750000000000001 -4.85722573273506e-17 -4.85722573273506e-17 1.2064861530052702
0.4750000000000001 -4.85722573273506e-17 -4.85722573273506e-17 1.2076523402449812
0.4750000000000001 -4.85722573273506e-17 -4.85722573273506e-17 1.218113355249827
0.4750000000000001 -4.85722573273506e-17 -4.85722573273506e-17 1.2219712264584044
0.4750000000000001 -4.85722573273506e-17 -4.85722573273506e-17 1.235355532199639
0.4750000000000001 -4.85722573273506e-17 -4.85722573273506e-17 1.2423352350599277
0.4750000000000001 -4.85722573273506e-17 -4.85722573273506e-17 1.2642140550397067
0.4750000000000001 -4.85722573273506e-17 -4.85722573273506e-17 1.2697919088361997
0.4750000000000001 -4.85722573273506e-17 -4.85722573273506e-17 1.2943892886428698
0.4750000000000001 -4.85722573273506e-17 -4.85722573273506e-17 1.2969679110344836
0.4750000000000001 -4.85722573273506e-17 -4.85722573273506e-17 1.3020402947479772
0.4750000000000001 -4.85722573273506e-17 -4.85722573273506e-17 1.3045780075860156
0.4750000000000001 -4.85722573273506e-17 -4.85722573273506e-17 1.3389107872641892
0.4750000000000001 -4.85722573273506e-17 -4.85722573273506e-17 1.3415142125721946
0.4750000000000001 -4.85722573273506e-17 -4.85722573273506e-17 1.3589303195572136
0.4750000000000001 -4.85722573273506e-17 -4.85722573273506e-17 1.367491915073435
0.4750000000000001 -4.85722573273506e-17 -4.85722573273506e-17 1.388304746742767
0.4750000000000001 -4.85722573273506e-17 -4.85722573273506e-17 1.3897110453785455
0.4750000000000001 -4.85722573273506e-17 -4.85722573273506e-17 1.3984300556147076
0.4750000000000001 -4.85722573273506e-17 -4.85722573273506e-17 1.405110146548778
0.4750000000000001 -4.85722573273506e-17 -4.85722573273506e-17 1.4315282034804377
0.4750000000000001 -4.85722573273506e-17 -4.85722573273506e-17 1.4358796521845125
0.4750000000000001 -4.85722573273506e-17 -4.85722573273506e-17 1.4603527994899592
0.4750000000000001 -4.85722573273506e-17 -4.85722573273506e-17 1.4625868376862532
0.4750000000000001 -4.85722573273506e-17 -4.85722573273506e-17 1.4817580765039138
0.4750000000000001 -4.85722573273506e-17 -4.85722573273506e-17 1.4872980544797434
0.4750000000000001 -4.85722573273506e-17 -4.85722573273506e-17 1.5074741107627145
0.4750000000000001 -4.85722573273506e-17 -4.85722573273506e-17 1.512675821454567
0.4750000000000001 -4.85722573273506e-17 -4.85722573273506e-17 1.553648619930557
0.4750000000000001 -4.85722573273506e-17 -4.85722573273506e-17 1.5562474532644626
0.4750000000000001 -4.85722573273506e-17 -4.85722573273506e-17 1.5789699408390514
0.4750000000000001 -4.85722573273506e-17 -4.85722573273506e-17 1.5821528685233612
0.4750000000000001 -4.85722573273506e-17 -4.85722573273506e-17 1.5977354223759617
0.4750000000000001 -4.85722573273506e-17 -4.85722573273506e-17 1.6028444783097222
0.4750000000000001 -4.85722573273506e-17 -4.85722573273506e-17 1.6321615226074835
0.4750000000000001 -4.85722573273506e-17 -4.85722573273506e-17 1.6351267269164371
0.4750000000000001 -4.85722573273506e-17 -4.85722573273506e-17 1.6647059298222764
0.4750000000000001 -4.85722573273506e-17 -4.85722573273506e-17 1.6684903104097952
0.4750000000000001 -4.85722573273506e-17 -4.85722573273506e-17 1.7125474569896801
0.4750000000000001 -4.85722573273506e-17 -4.85722573273506e-17 1.716216970779522
0.4750000000000001 -4.85722573273506e-17 -4.85722573273506e-17 1.7778174594547553
0.4750000000000001 -4.85722573273506e-17 -4.85722573273506e-17 1.7816951904869838
0.4750000000000001 -4.85722573273506e-17 -4.85722573273506e-17 1.8485928431403948
0.4750000000000001 -4.85722573273506e-17 -4.85722573273506e-17 1.856623267376901
0.4750000000000001 -4.85722573273506e-17 -4.85722573273506e-17 1.8938565742786366
0.4750000000000001 -4.85722573273506e-17 -4.85722573273506e-17 1.896898240214734
0.4750000000000001 -4.85722573273506e-17 -4.85722573273506e-17 1.994055945193173
0.4750000000000001 -4.85722573273506e-17 -4.85722573273506e-17 1.9975863665423497
0.4750000000000001 -4.85722573273506e-17 -4.85722573273506e-17 2.0355665972380788
0.4750000000000001 -4.85722573273506e-17 -4.85722573273506e-17 2.0377193748473528
0.4750000000000001 -4.85722573273506e-17 -4.85722573273506e-17 2.3026330916341227
0.4750000000000001 -4.85722573273506e-17 -4.85722573273506e-17 2.3118382213678164
0.4750000000000001 -4.85722573273506e-17 -4.85722573273506e-17 2.3545020466703495
0.4750000000000001 -4.85722573273506e-17 -4.85722573273506e-17 2.3610948711438384
0.4750000000000001 -4.85722573273506e-17 -4.85722573273506e-17 4.165745189104225
0.4750000000000001 -4.85722573273506e-17 -4.85722573273506e-17 4.211244376859518
0.4750000000000001 -4.85722573273506e-17 -4.85722573273506e-17 4.231149127540597
0.4750000000000001 -4.85722573273506e-17 -4.85722573273506e-17 4.271424739001769
0.4750000000000001 -4.85722573273506e-17 -4.85722573273506e-17 4.790369872950362
0.4750000000000001 -4.85722573273506e-17 -4.85722573273506e-17 4.793265763857257
0.4750000000000001 -4.85722573273506e-17 -4.85722573273506e-17 4.889952749199249
0.4750000000000001 -4.85722573273506e-17 -4.85722573273506e-17 4.900529753544763
0.4750000000000001 -4.85722573273506e-17 -4.85722573273506e-17 5.11296529070702
0.4750000000000001 -4.85722573273506e-17 -4.85722573273506e-17 5.119371811020519
0.4750000000000001 -4.85722573273506e-17 -4.85722573273506e-17 5.169280006230924
0.4750000000000001 -4.85722573273506e-17 -4.85722573273506e-17 5.176135468195719
0.4750000000000001 -4.85722573273506e-17 -4.85722573273506e-17 5.4484720987034745
0.4750000000000001 -4.85722573273506e-17 -4.85722573273506e-17 5.465511484377524
0.4750000000000001 -4.85722573273506e-17 -4.85722573273506e-17 5.491323711640499
0.4750000000000001 -4.85722573273506e-17 -4.85722573273506e-17 5.504264892374667
0.4750000000000001 -4.85722573273506e-17 -4.85722573273506e-17 6.004193539428739
0.4750000000000001 -4.85722573273506e-17 -4.85722573273506e-17 6.018002781308361
0.4750000000000001 -4.85722573273506e-17 -4.85722573273506e-17 6.1397091031716
0.4750000000000001 -4.85722573273506e-17 -4.85722573273506e-17 6.200011434398393
0.4750000000000001 -4.85722573273506e-17 -4.85722573273506e-17 6.233500925430096
0.4750000000000001 -4.85722573273506e-17 -4.85722573273506e-17 6.265573048565053
0.4750000000000001 -4.85722573273506e-17 -4.85722573273506e-17 6.360945730826996
0.4750000000000001 -4.85722573273506e-17 -4.85722573273506e-17 6.411490404665327
0.4750000000000001 -4.85722573273506e-17 -4.85722573273506e-17 6.442989072606551
0.4750000000000001 -4.85722573273506e-17 -4.85722573273506e-17 6.47850806837501
0.4750000000000001 -4.85722573273506e-17 -4.85722573273506e-17 6.553207787958487
0.4750000000000001 -4.85722573273506e-17 -4.85722573273506e-17 6.603997542659237
0.4750000000000001 -4.85722573273506e-17 -4.85722573273506e-17 6.661643337477331
0.4750000000000001 -4.85722573273506e-17 -4.85722573273506e-17 6.708026984158028
0.4750000000000001 -4.85722573273506e-17 -4.85722573273506e-17 6.778029037691823
0.4750000000000001 -4.85722573273506e-17 -4.85722573273506e-17 6.792037257619739
0.4750000000000001 -4.85722573273506e-17 -4.85722573273506e-17 6.955653481215854
0.4750000000000001 -4.85722573273506e-17 -4.85722573273506e-17 6.9658195247486745
0.4750000000000001 -4.85722573273506e-17 -4.85722573273506e-17 7.401417238965292
0.4750000000000001 -4.85722573273506e-17 -4.85722573273506e-17 7.418354747901954
0.4750000000000001 -4.85722573273506e-17 -4.85722573273506e-17 7.547932545686191
0.4750000000000001 -4.85722573273506e-17 -4.85722573273506e-17 7.562028302060489
0.4750000000000001 -4.85722573273506e-17 -4.85722573273506e-17 7.7582246327636275
0.4750000000000001 -4.85722573273506e-17 -4.85722573273506e-17 7.776045094908245
0.4750000000000001 -4.85722573273506e-17 -4.85722573273506e-17 7.8877248051806506
0.4750000000000001 -4.85722573273506e-17 -4.85722573273506e-17 7.892541390716671
0.4750000000000001 -4.85722573273506e-17 -4.85722573273506e-17 8.030714252918076
0.4750000000000001 -4.85722573273506e-17 -4.85722573273506e-17 8.050878440319293
0.4750000000000001 -4.85722573273506e-17 -4.85722573273506e-17 8.16419820105812
0.4750000000000001 -4.85722573273506e-17 -4.85722573273506e-17 8.172337999559598
0.4750000000000001 -4.85722573273506e-17 -4.85722573273506e-17 8.376603911321915
0.4750000000000001 -4.85722573273506e-17 -4.85722573273506e-17 8.383938318849419
0.45000000000000007 -4.85722573273506e-17 -4.85722573273506e-17 -5.185587784225805
0.45000000000000007 -4.85722573273506e-17 -4.85722573273506e-17 -5.1779058193044305
0.45000000000000007 -4.85722573273506e-17 -4.85722573273506e-17 -5.120038747588074
0.45000000000000007 -4.85722573273506e-17 -4.85722573273506e-17 -5.1107380615126
0.45000000000000007 -4.85722573273506e-17 -4.85722573273506e-17 -4.781269181929334
0.45000000000000007 -4.85722573273506e-17 -4.85722573273506e-17 -4.776136466606604
0.45000000000000007 -4.85722573273506e-17 -4.85722573273506e-17 -4.761928191858363
0.45000000000000007 -4.85722573273506e-17 -4.85722573273506e-17 -4.744275637151409
0.45000000000000007 -4.85722573273506e-17 -4.85722573273506e-17 -4.709124727962221
0.45000000000000007 -4.85722573273506e-17 -4.85722573273506e-17 -4.705115368714134
0.45000000000000007 -4.85722573273506e-17 -4.85722573273506e-17 -4.658924164002579
0.45000000000000007 -4.85722573273506e-17 -4.85722573273506e-17 -4.638736452877211
0.45000000000000007 -4.85722573273506e-17 -4.85722573273506e-17 -4.256100347224448
0.45000000000000007 -4.85722573273506e-17 -4.85722573273506e-17 -4.213895113144016
0.45000000000000007 -4.85722573273506e-17 -4.85722573273506e-17 -3.964575734194904
0.45000000000000007 -4.85722573273506e-17 -4.85722573273506e-17 -3.8972189540664584
0.45000000000000007 -4.85722573273506e-17 -4.85722573273506e-17 -1.0192704377798194
0.45000000000000007 -4.85722573273506e-17 -4.85722573273506e-17 -1.0113415802147574
0.45000000000000007 -4.85722573273506e-17 -4.85722573273506e-17 -0.7747355248415407
0.45000000000000007 -4.85722573273506e-17 -4.85722573273506e-17 -0.7686543071647515
0.45000000000000007 -4.85722573273506e-17 -4.85722573273506e-17 -0.7437173291385791
0.45000000000000007 -4.85722573273506e-17 -4.85722573273506e-17 -0.7372922624802187
0.45000000000000007 -4.85722573273506e-17 -4.85722573273506e-17 -0.6923274467305441
0.45000000000000007 -4.85722573273506e-17 -4.85722573273506e-17 -0.6910497204587694
0.45000000000000007 -4.85722573273506e-17 -4.85722573273506e-17 -0.6243025657498384
0.45000000000000007 -4.85722573273506e-17 -4.85722573273506e-17 -0.6217607406426338
0.45000000000000007 -4.85722573273506e-17 -4.85722573273506e-17 -0.5639864143017125
0.45000000000000007 -4.85722573273506e-17 -4.85722573273506e-17 -0.5605700919357072
0.45000000000000007 -4.85722573273506e-17 -4.85722573273506e-17 -0.4821305454600644
0.45000000000000007 -4.85722573273506e-17 -4.85722573273506e-17 -0.46660073489942194
0.45000000000000007 -4.85722573273506e-17 -4.85722573273506e-17 -0.4604221941924321
0.45000000000000007 -4.85722573273506e-17 -4.85722573273506e-17 -0.4477329748455894
0.45000000000000007 -4.85722573273506e-17 -4.85722573273506e-17 -0.24096972689864415
0.45000000000000007 -4.85722573273506e-17 -4.85722573273506e-17 -0.22593087970527037
0.45000000000000007 -4.85722573273506e-17 -4.85722573273506e-17 -0.19362766301718892
0.45000000000000007 -4.85722573273506e-17 -4.85722573273506e-17 -0.1837025365223539
0.45000000000000007 -4.85722573273506e-17 -4.85722573273506e-17 -0.024286873653935004
0.45000000000000007 -4.85722573273506e-17 -4.85722573273506e-17 -0.015037273655009287
0.45000000000000007 -4.85722573273506e-17 -4.85722573273506e-17 0.0020024059937835403
0.45000000000000007 -4.85722573273506e-17 -4.85722573273506e-17 0.015079732122442735
0.45000000000000007 -4.85722573273506e-17 -4.85722573273506e-17 0.09081960583921145
0.45000000000000007 -4.85722573273506e-17 -4.85722573273506e-17 0.10915806140666895
0.45000000000000007 -4.85722573273506e-17 -4.85722573273506e-17 0.14481044699564727
0.45000000000000007 -4.85722573273506e-17 -4.85722573273506e-17 0.15961869923711802
0.45000000000000007 -4.85722573273506e-17 -4.85722573273506e-17 0.20370905234983283
0.45000000000000007 -4.85722573273506e-17 -4.85722573273506e-17 0.21535108264716385
0.45000000000000007 -4.85722573273506e-17 -4.85722573273506e-17 0.2759510104485443
0.45000000000000007 -4.85722573273506e-17 -4.85722573273506e-17 0.2898267223453139
0.45000000000000007 -4.85722573273506e-17 -4.85722573273506e-17 0.30183878286639754
0.45000000000000007 -4.85722573273506e-17 -4.85722573273506e-17 0.3120914291829351
0.45000000000000007 -4.85722573273506e-17 -4.85722573273506e-17 0.3557416362279824
0.45000000000000007 -4.85722573273506e-17 -4.85722573273506e-17 0.3781571275647462
0.45000000000000007 -4.85722573273506e-17 -4.85722573273506e-17 0.3997280534897065
0.45000000000000007 -4.85722573273506e-17 -4.85722573273506e-17 0.4139273228606477
0.45000000000000007 -4.85722573273506e-17 -4.85722573273506e-17 0.43162472966990695
0.45000000000000007 -4.85722573273506e-17 -4.85722573273506e-17 0.4401521428077304
0.45000000000000007 -4.85722573273506e-17 -4.85722573273506e-17 0.4528491549164245
0.45000000000000007 -4.85722573273506e-17 -4.85722573273506e-17 0.45793813725141086
0.45000000000000007 -4.85722573273506e-17 -4.85722573273506e-17 0.49197672828486994
0.45000000000000007 -4.85722573273506e-17 -4.85722573273506e-17 0.500392164271533
0.45000000000000007 -4.85722573273506e-17 -4.85722573273506e-17 0.597168092363263
0.45000000000000007 -4.85722573273506e-17 -4.85722573273506e-17 0.6046420956851128
0.45000000000000007 -4.85722573273506e-17 -4.85722573273506e-17 0.6571390075940384
0.45000000000000007 -4.85722573273506e-17 -4.85722573273506e-17 0.661277239067741
0.45000000000000007 -4.85722573273506e-17 -4.85722573273506e-17 0.6759356312674525
0.45000000000000007 -4.85722573273506e-17 -4.85722573273506e-17 0.6852202738867197
0.45000000000000007 -4.85722573273506e-17 -4.85722573273506e-17 0.7159325613795624
0.45000000000000007 -4.85722573273506e-17 -4.85722573273506e-17 0.7211485193365004
0.45000000000000007 -4.85722573273506e-17 -4.85722573273506e-17 0.7436367455675883
0.45000000000000007 -4.85722573273506e-17 -4.85722573273506e-17 0.7484309631017739
0.45000000000000007 -4.85722573273506e-17 -4.85722573273506e-17 0.7756494007521084
0.45000000000000007 -4.85722573273506e-17 -4.85722573273506e-17 0.7836741895507542
0.45000000000000007 -4.85722573273506e-17 -4.85722573273506e-17 0.8085907958423658
0.45000000000000007 -4.85722573273506e-17 -4.85722573273506e-17 0.8145587108256487
0.45000000000000007 -4.85722573273506e-17 -4.85722573273506e-17 0.837266551476615
0.45000000000000007 -4.85722573273506e-17 -4.85722573273506e-17 0.8397072992387778
0.45000000000000007 -4.85722573273506e-17 -4.85722573273506e-17 0.859681338326407
0.45000000000000007 -4.85722573273506e-17 -4.85722573273506e-17 0.8692234986157423
0.45000000000000007 -4.85722573273506e-17 -4.85722573273506e-17 0.8850400816589276
0.45000000000000007 -4.85722573273506e-17 -4.85722573273506e-17 0.8914179456234187
0.45000000000000007 -4.85722573273506e-17 -4.85722573273506e-17 0.9183685218548646
0.45000000000000007 -4.85722573273506e-17 -4.85722573273506e-17 0.9218344654507186
0.45000000000000007 -4.85722573273506e-17 -4.85722573273506e-17 0.939109971003167
0.45000000000000007 -4.85722573273506e-17 -4.85722573273506e-17 0.9488448821690172
0.45000000000000007 -4.85722573273506e-17 -4.85722573273506e-17 0.9677895496165153
0.45000000000000007 -4.85722573273506e-17 -4.85722573273506e-17 0.9724270161982437
0.45000000000000007 -4.85722573273506e-17 -4.85722573273506e-17 0.9832460556726828
0.45000000000000007 -4.85722573273506e-17 -4.85722573273506e-17 0.9895142946845712
0.45000000000000007 -4.85722573273506e-17 -4.85722573273506e-17 1.004558603375236
0.45000000000000007 -4.85722573273506e-17 -4.85722573273506e-17 1.0075652945950584
0.45000000000000007 -4.85722573273506e-17 -4.85722573273506e-17 1.0240483557061681
0.45000000000000007 -4.85722573273506e-17 -4.85722573273506e-17 1.0329324384001533
0.45000000000000007 -4.85722573273506e-17 -4.85722573273506e-17 1.0448269780341777
0.45000000000000007 -4.85722573273506e-17 -4.85722573273506e-17 1.05296367875275
0.45000000000000007 -4.85722573273506e-17 -4.85722573273506e-17 1.0718799042394649
0.45000000000000007 -4.85722573273506e-17 -4.85722573273506e-17 1.076081173464991
0.45000000000000007 -4.85722573273506e-17 -4.85722573273506e-17 1.0931999608865817
0.45000000000000007 -4.85722573273506e-17 -4.85722573273506e-17 1.0948982157865048
0.45000000000000007 -4.85722573273506e-17 -4.85722573273506e-17 1.117781963577112
0.45000000000000007 -4.85722573273506e-17 -4.85722573273506e-17 1.1211196504158671
0.45000000000000007 -4.85722573273506e-17 -4.85722573273506e-17 1.1302927788641033
0.45000000000000007 -4.85722573273506e-17 -4.85722573273506e-17 1.1338357975235764
0.45000000000000007 -4.85722573273506e-17 -4.85722573273506e-17 1.1519871784602629
0.45000000000000007 -4.85722573273506e-17 -4.85722573273506e-17 1.1574946886699997
0.45000000000000007 -4.85722573273506e-17 -4.85722573273506e-17 1.1706234980947148
0.45000000000000007 -4.85722573273506e-17 -4.85722573273506e-17 1.1805258711315858
0.45000000000000007 -4.85722573273506e-17 -4.85722573273506e-17 1.2060253995780326
0.45000000000000007 -4.85722573273506e-17 -4.85722573273506e-17 1.2083099748034392
0.45000000000000007 -4.85722573273506e-17 -4.85722573273506e-17 1.2163602693067173
0.45000000000000007 -4.85722573273506e-17 -4.85722573273506e-17 1.2238229530073585
0.45000000000000007 -4.85722573273506e-17 -4.85722573273506e-17 1.2321648085525068
0.45000000000000007 -4.85722573273506e-17 -4.85722573273506e-17 1.2457270713168551
0.45000000000000007 -4.85722573273506e-17 -4.85722573273506e-17 1.2612269531497375
0.45000000000000007 -4.85722573273506e-17 -4.85722573273506e-17 1.2720380006549155
0.45000000000000007 -4.85722573273506e-17 -4.85722573273506e-17 1.2925119835985845
0.45000000000000007 -4.85722573273506e-17 -4.85722573273506e-17 1.2972453643236357
0.45000000000000007 -4.85722573273506e-17 -4.85722573273506e-17 1.301250707574181
0.45000000000000007 -4.85722573273506e-17 -4.85722573273506e-17 1.3070424475178715
0.45000000000000007 -4.85722573273506e-17 -4.85722573273506e-17 1.336628932021591
0.45000000000000007 -4.85722573273506e-17 -4.85722573273506e-17 1.341948615405423
0.45000000000000007 -4.85722573273506e-17 -4.85722573273506e-17 1.3554679079552674
0.45000000000000007 -4.85722573273506e-17 -4.85722573273506e-17 1.3713743895480972
0.45000000000000007 -4.85722573273506e-17 -4.85722573273506e-17 1.3872736982183713
0.45000000000000007 -4.85722573273506e-17 -4.85722573273506e-17 1.389346994385242
0.45000000000000007 -4.85722573273506e-17 -4.85722573273506e-17 1.397073581409467
0.45000000000000007 -4.85722573273506e-17 -4.85722573273506e-17 1.4090992818749806
0.45000000000000007 -4.85722573273506e-17 -4.85722573273506e-17 1.4295561321720047
0.45000000000000007 -4.85722573273506e-17 -4.85722573273506e-17 1.4383456530371808
0.45000000000000007 -4.85722573273506e-17 -4.85722573273506e-17 1.459553129570217
0.45000000000000007 -4.85722573273506e-17 -4.85722573273506e-17 1.4641290555300452
0.45000000000000007 -4.85722573273506e-17 -4.85722573273506e-17 1.47993454216002
0.45000000000000007 -4.85722573273506e-17 -4.85722573273506e-17 1.4904928148595147
0.45000000000000007 -4.85722573273506e-17 -4.85722573273506e-17 1.5052955159352184
0.45000000000000007 -4.85722573273506e-17 -4.85722573273506e-17 1.515542112918098
0.45000000000000007 -4.85722573273506e-17 -4.85722573273506e-17 1.552360756768168
0.45000000000000007 -4.85722573273506e-17 -4.85722573273506e-17 1.5572519180063842
0.45000000000000007 -4.85722573273506e-17 -4.85722573273506e-17 1.5774397027690248
0.45000000000000007 -4.85722573273506e-17 -4.85722573273506e-17 1.5836657502748472
0.45000000000000007 -4.85722573273506e-17 -4.85722573273506e-17 1.5958197062336215
0.45000000000000007 -4.85722573273506e-17 -4.85722573273506e-17 1.6053291539212164
0.45000000000000007 -4.85722573273506e-17 -4.85722573273506e-17 1.6316202729226652
0.45000000000000007 -4.85722573273506e-17 -4.85722573273506e-17 1.6373900550805272
0.45000000000000007 -4.85722573273506e-17 -4.85722573273506e-17 1.6627835036369278
0.45000000000000007 -4.85722573273506e-17 -4.85722573273506e-17 1.670249546503868
0.45000000000000007 -4.85722573273506e-17 -4.85722573273506e-17 1.7115175332972532
0.45000000000000007 -4.85722573273506e-17 -4.85722573273506e-17 1.7187081582177184
0.45000000000000007 -4.85722573273506e-17 -4.85722573273506e-17 1.775649397375795
0.45000000000000007 -4.85722573273506e-17 -4.85722573273506e-17 1.7831089802985298
0.45000000000000007 -4.85722573273506e-17 -4.85722573273506e-17 1.8453768940818627
0.45000000000000007 -4.85722573273506e-17 -4.85722573273506e-17 1.8611160486796283
0.45000000000000007 -4.85722573273506e-17 -4.85722573273506e-17 1.8921990299638478
0.45000000000000007 -4.85722573273506e-17 -4.85722573273506e-17 1.898402802705812
0.45000000000000007 -4.85722573273506e-17 -4.85722573273506e-17 1.996656882869698
0.45000000000000007 -4.85722573273506e-17 -4.85722573273506e-17 2.0030847719739313
0.45000000000000007 -4.85722573273506e-17 -4.85722573273506e-17 2.0374972699480254
0.45000000000000007 -4.85722573273506e-17 -4.85722573273506e-17 2.0415691036338957
0.45000000000000007 -4.85722573273506e-17 -4.85722573273506e-17 2.294832478462009
0.45000000000000007 -4.85722573273506e-17 -4.85722573273506e-17 2.3101960311497427
0.45000000000000007 -4.85722573273506e-17 -4.85722573273506e-17 2.360452309165698
0.45000000000000007 -4.85722573273506e-17 -4.85722573273506e-17 2.370600482978362
0.45000000000000007 -4.85722573273506e-17 -4.85722573273506e-17 4.141421424145094
0.45000000000000007 -4.85722573273506e-17 -4.85722573273506e-17 4.207359265355127
0.45000000000000007 -4.85722573273506e-17 -4.85722573273506e-17 4.2346797472656466
0.45000000000000007 -4.85722573273506e-17 -4.85722573273506e-17 4.290262911464621
0.45000000000000007 -4.85722573273506e-17 -4.85722573273506e-17 4.782013767526291
0.45000000000000007 -4.85722573273506e-17 -4.85722573273506e-17 4.787845174755924
0.45000000000000007 -4.85722573273506e-17 -4.85722573273506e-17 4.878837179910311
0.45000000000000007 -4.85722573273506e-17 -4.85722573273506e-17 4.899343222664449
0.45000000000000007 -4.85722573273506e-17 -4.85722573273506e-17 5.113502084971941
0.45000000000000007 -4.85722573273506e-17 -4.85722573273506e-17 5.125817675547895
0.45000000000000007 -4.85722573273506e-17 -4.85722573273506e-17 5.168606583309194
0.45000000000000007 -4.85722573273506e-17 -4.85722573273506e-17 5.181757934623374
0.45000000000000007 -4.85722573273506e-17 -4.85722573273506e-17 5.434379317923988
0.45000000000000007 -4.85722573273506e-17 -4.85722573273506e-17 5.458803684094253
0.45000000000000007 -4.85722573273506e-17 -4.85722573273506e-17 5.500141074309917
0.45000000000000007 -4.85722573273506e-17 -4.85722573273506e-17 5.516470477895507
0.45000000000000007 -4.85722573273506e-17 -4.85722573273506e-17 5.960149313498858
0.45000000000000007 -4.85722573273506e-17 -4.85722573273506e-17 5.98284275910867
0.45000000000000007 -4.85722573273506e-17 -4.85722573273506e-17 6.096470711634565
0.45000000000000007 -4.85722573273506e-17 -4.85722573273506e-17 6.170806067093057
0.45000000000000007 -4.85722573273506e-17 -4.85722573273506e-17 6.225696301290856
0.45000000000000007 -4.85722573273506e-17 -4.85722573273506e-17 6.257352062780313
0.45000000000000007 -4.85722573273506e-17 -4.85722573273506e-17 6.3459458471682115
0.45000000000000007 -4.85722573273506e-17 -4.85722573273506e-17 6.399340284133367
0.45000000000000007 -4.85722573273506e-17 -4.85722573273506e-17 6.430535767745919
0.45000000000000007 -4.85722573273506e-17 -4.85722573273506e-17 6.505322819086768
0.45000000000000007 -4.85722573273506e-17 -4.85722573273506e-17 6.547334645329834
0.45000000000000007 -4.85722573273506e-17 -4.85722573273506e-17 6.6090431358020165
0.45000000000000007 -4.85722573273506e-17 -4.85722573273506e-17 6.709029619055509
0.45000000000000007 -4.85722573273506e-17 -4.85722573273506e-17 6.754914621255366
0.45000000000000007 -4.85722573273506e-17 -4.85722573273506e-17 6.805718232368642
0.45000000000000007 -4.85722573273506e-17 -4.85722573273506e-17 6.825004869758732
0.45000000000000007 -4.85722573273506e-17 -4.85722573273506e-17 6.951505912539073
0.45000000000000007 -4.85722573273506e-17 -4.85722573273506e-17 6.966538600553945
0.45000000000000007 -4.85722573273506e-17 -4.85722573273506e-17 7.391281707890558
0.45000000000000007 -4.85722573273506e-17 -4.85722573273506e-17 7.421838653159173
0.45000000000000007 -4.85722573273506e-17 -4.85722573273506e-17 7.54541831742937
0.45000000000000007 -4.85722573273506e-17 -4.85722573273506e-17 7.571248776465563
0.45000000000000007 -4.85722573273506e-17 -4.85722573273506e-17 7.752292223605661
0.45000000000000007 -4.85722573273506e-17 -4.85722573273506e-17 7.786879234988458
0.45000000000000007 -4.85722573273506e-17 -4.85722573273506e-17 7.888573118361191
0.45000000000000007 -4.85722573273506e-17 -4.85722573273506e-17 7.896746206360131
0.45000000000000007 -4.85722573273506e-17 -4.85722573273506e-17 8.021605636417902
0.45000000000000007 -4.85722573273506e-17 -4.85722573273506e-17 8.06012662878879
0.45000000000000007 -4.85722573273506e-17 -4.85722573273506e-17 8.1662185035865
0.45000000000000007 -4.85722573273506e-17 -4.85722573273506e-17 8.18117672757686
0.45000000000000007 -4.85722573273506e-17 -4.85722573273506e-17 8.374375039979437
0.45000000000000007 -4.85722573273506e-17 -4.85722573273506e-17 8.388892398613502
0.42500000000000004 -4.85722573273506e-17 -4.85722573273506e-17 -5.1984847300293895
0.42500000000000004 -4.85722573273506e-17 -4.85722573273506e-17 -5.190641213280563
0.42500000000000004 -4.85722573273506e-17 -4.85722573273506e-17 -5.10702431677353
0.42500000000000004 -4.85722573273506e-17 -4.85722573273506e-17 -5.09680001310816
0.42500000000000004 -4.85722573273506e-17 -4.85722573273506e-17 -4.7945531395006205
0.42500000000000004 -4.85722573273506e-17 -4.85722573273506e-17 -4.789490942915441
0.42500000000000004 -4.85722573273506e-17 -4.85722573273506e-17 -4.773886287645402
0.42500000000000004 -4.85722573273506e-17 -4.85722573273506e-17 -4.751809912944349
0.42500000000000004 -4.85722573273506e-17 -4.85722573273506e-17 -4.696398233027912
0.42500000000000004 -4.85722573273506e-17 -4.85722573273506e-17 -4.69162685542016
0.42500000000000004 -4.85722573273506e-17 -4.85722573273506e-17 -4.6496309673210074
0.42500000000000004 -4.85722573273506e-17 -4.85722573273506e-17 -4.625060161868525
0.42500000000000004 -4.85722573273506e-17 -4.85722573273506e-17 -4.272888222597162
0.42500000000000004 -4.85722573273506e-17 -4.85722573273506e-17 -4.215735546293741
0.42500000000000004 -4.85722573273506e-17 -4.85722573273506e-17 -3.970067470314259
0.42500000000000004 -4.85722573273506e-17 -4.85722573273506e-17 -3.875352476863558
0.42500000000000004 -4.85722573273506e-17 -4.85722573273506e-17 -1.0215903030573603
0.42500000000000004 -4.85722573273506e-17 -4.85722573273506e-17 -1.0097347683511213
0.42500000000000004 -4.85722573273506e-17 -4.85722573273506e-17 -0.7777202808390731
0.42500000000000004 -4.85722573273506e-17 -4.85722573273506e-17 -0.7691643487944662
0.42500000000000004 -4.85722573273506e-17 -4.85722573273506e-17 -0.7444143279812193
0.42500000000000004 -4.85722573273506e-17 -4.85722573273506e-17 -0.7353747096869956
0.42500000000000004 -4.85722573273506e-17 -4.85722573273506e-17 -0.6935951599872675
0.42500000000000004 -4.85722573273506e-17 -4.85722573273506e-17 -0.6916678194570007
0.42500000000000004 -4.85722573273506e-17 -4.85722573273506e-17 -0.6252048442685523
0.42500000000000004 -4.85722573273506e-17 -4.85722573273506e-17 -0.6214144702101232
0.42500000000000004 -4.85722573273506e-17 -4.85722573273506e-17 -0.5646458473911785
0.42500000000000004 -4.85722573273506e-17 -4.85722573273506e-17 -0.5594796398203508
0.42500000000000004 -4.85722573273506e-17 -4.85722573273506e-17 -0.48774607007359805
0.42500000000000004 -4.85722573273506e-17 -4.85722573273506e-17 -0.46894155362984513
0.42500000000000004 -4.85722573273506e-17 -4.85722573273506e-17 -0.4593262054403411
0.42500000000000004 -4.85722573273506e-17 -4.85722573273506e-17 -0.44443736208973483
0.42500000000000004 -4.85722573273506e-17 -4.85722573273506e-17 -0.2797570422823199
0.42500000000000004 -4.85722573273506e-17 -4.85722573273506e-17 -0.2612034335811124
0.42500000000000004 -4.85722573273506e-17 -4.85722573273506e-17 -0.22317541295601195
0.42500000000000004 -4.85722573273506e-17 -4.85722573273506e-17 -0.2093711322654208
0.42500000000000004 -4.85722573273506e-17 -4.85722573273506e-17 -0.05604645168265243
0.42500000000000004 -4.85722573273506e-17 -4.85722573273506e-17 -0.041664102802311476
0.42500000000000004 -4.85722573273506e-17 -4.85722573273506e-17 -0.01881868082270799
0.42500000000000004 -4.85722573273506e-17 -4.85722573273506e-17 -0.0020050349440641213
0.42500000000000004 -4.85722573273506e-17 -4.85722573273506e-17 0.1107940704513588
0.42500000000000004 -4.85722573273506e-17 -4.85722573273506e-17 0.13222592640333453
0.42500000000000004 -4.85722573273506e-17 -4.85722573273506e-17 0.1635920888422273
0.42500000000000004 -4.85722573273506e-17 -4.85722573273506e-17 0.18390167051824413
0.42500000000000004 -4.85722573273506e-17 -4.85722573273506e-17 0.22771262852815433
0.42500000000000004 -4.85722573273506e-17 -4.85722573273506e-17 0.2395363969434534
0.42500000000000004 -4.85722573273506e-17 -4.85722573273506e-17 0.2797317433673516
0.42500000000000004 -4.85722573273506e-17 -4.85722573273506e-17 0.2988315991225665
0.42500000000000004 -4.85722573273506e-17 -4.85722573273506e-17 0.3134999642423999
0.42500000000000004 -4.85722573273506e-17 -4.85722573273506e-17 0.3286258363668608
0.42500000000000004 -4.85722573273506e-17 -4.85722573273506e-17 0.35580708045077714
0.42500000000000004 -4.85722573273506e-17 -4.85722573273506e-17 0.38830463571412466
0.42500000000000004 -4.85722573273506e-17 -4.85722573273506e-17 0.3976492091814503
0.42500000000000004 -4.85722573273506e-17 -4.85722573273506e-17 0.4163696593278514
0.42500000000000004 -4.85722573273506e-17 -4.85722573273506e-17 0.433738469977226
0.42500000000000004 -4.85722573273506e-17 -4.85722573273506e-17 0.44330426529952316
0.42500000000000004 -4.85722573273506e-17 -4.85722573273506e-17 0.45584920988134614
0.42500000000000004 -4.85722573273506e-17 -4.85722573273506e-17 0.4631585189855809
0.42500000000000004 -4.85722573273506e-17 -4.85722573273506e-17 0.4937498419363342
0.42500000000000004 -4.85722573273506e-17 -4.85722573273506e-17 0.5062737833104389
0.42500000000000004 -4.85722573273506e-17 -4.85722573273506e-17 0.5990483594049625
0.42500000000000004 -4.85722573273506e-17 -4.85722573273506e-17 0.6109175222881147
0.42500000000000004 -4.85722573273506e-17 -4.85722573273506e-17 0.6566171599481334
0.42500000000000004 -4.85722573273506e-17 -4.85722573273506e-17 0.661622557067709
0.42500000000000004 -4.85722573273506e-17 -4.85722573273506e-17 0.6765521525370577
0.42500000000000004 -4.85722573273506e-17 -4.85722573273506e-17 0.6897547563981243
0.42500000000000004 -4.85722573273506e-17 -4.85722573273506e-17 0.7149602431089379
0.42500000000000004 -4.85722573273506e-17 -4.85722573273506e-17 0.7223120217491114
0.42500000000000004 -4.85722573273506e-17 -4.85722573273506e-17 0.7446259898699656
0.42500000000000004 -4.85722573273506e-17 -4.85722573273506e-17 0.7518649654158125
0.42500000000000004 -4.85722573273506e-17 -4.85722573273506e-17 0.7747265988729186
0.42500000000000004 -4.85722573273506e-17 -4.85722573273506e-17 0.7862563542566141
0.42500000000000004 -4.85722573273506e-17 -4.85722573273506e-17 0.808123177826336
0.42500000000000004 -4.85722573273506e-17 -4.85722573273506e-17 0.8169433274990183
0.42500000000000004 -4.85722573273506e-17 -4.85722573273506e-17 0.8378940852075238
0.42500000000000004 -4.85722573273506e-17 -4.85722573273506e-17 0.841282513948142
0.42500000000000004 -4.85722573273506e-17 -4.85722573273506e-17 0.8582540421349316
0.42500000000000004 -4.85722573273506e-17 -4.85722573273506e-17 0.8722659029957853
0.42500000000000004 -4.85722573273506e-17 -4.85722573273506e-17 0.8846097810806217
0.42500000000000004 -4.85722573273506e-17 -4.85722573273506e-17 0.893707506076006
0.42500000000000004 -4.85722573273506e-17 -4.85722573273506e-17 0.9175973448425921
0.42500000000000004 -4.85722573273506e-17 -4.85722573273506e-17 0.9226561344497956
0.42500000000000004 -4.85722573273506e-17 -4.85722573273506e-17 0.9379571270607423
0.42500000000000004 -4.85722573273506e-17 -4.85722573273506e-17 0.9523557906974434
0.42500000000000004 -4.85722573273506e-17 -4.85722573273506e-17 0.9662207555129
0.42500000000000004 -4.85722573273506e-17 -4.85722573273506e-17 0.9726828520595725
0.42500000000000004 -4.85722573273506e-17 -4.85722573273506e-17 0.981633974527587
0.42500000000000004 -4.85722573273506e-17 -4.85722573273506e-17 0.9911511401085873
0.42500000000000004 -4.85722573273506e-17 -4.85722573273506e-17 1.0045826942892084
0.42500000000000004 -4.85722573273506e-17 -4.85722573273506e-17 1.008729941127742
0.42500000000000004 -4.85722573273506e-17 -4.85722573273506e-17 1.022052463218083
0.42500000000000004 -4.85722573273506e-17 -4.85722573273506e-17 1.0344145625400927
0.42500000000000004 -4.85722573273506e-17 -4.85722573273506e-17 1.0431728188867204
0.42500000000000004 -4.85722573273506e-17 -4.85722573273506e-17 1.0550606532782556
0.42500000000000004 -4.85722573273506e-17 -4.85722573273506e-17 1.0713823714724888
0.42500000000000004 -4.85722573273506e-17 -4.85722573273506e-17 1.0773118953020953
0.42500000000000004 -4.85722573273506e-17 -4.85722573273506e-17 1.0920368950584287
0.42500000000000004 -4.85722573273506e-17 -4.85722573273506e-17 1.0943478629122672
0.42500000000000004 -4.85722573273506e-17 -4.85722573273506e-17 1.1165889735232613
0.42500000000000004 -4.85722573273506e-17 -4.85722573273506e-17 1.1209260111032475
0.42500000000000004 -4.85722573273506e-17 -4.85722573273506e-17 1.129605754319359
0.42500000000000004 -4.85722573273506e-17 -4.85722573273506e-17 1.1355984896293676
0.42500000000000004 -4.85722573273506e-17 -4.85722573273506e-17 1.151226582422403
0.42500000000000004 -4.85722573273506e-17 -4.85722573273506e-17 1.1585724164200064
0.42500000000000004 -4.85722573273506e-17 -4.85722573273506e-17 1.1689953651778424
0.42500000000000004 -4.85722573273506e-17 -4.85722573273506e-17 1.1832745436828915
0.42500000000000004 -4.85722573273506e-17 -4.85722573273506e-17 1.2056604424596074
0.42500000000000004 -4.85722573273506e-17 -4.85722573273506e-17 1.208962825537946
0.42500000000000004 -4.85722573273506e-17 -4.85722573273506e-17 1.2148433696499317
0.42500000000000004 -4.85722573273506e-17 -4.85722573273506e-17 1.2250563386311577
0.42500000000000004 -4.85722573273506e-17 -4.85722573273506e-17 1.2297949658792058
0.42500000000000004 -4.85722573273506e-17 -4.85722573273506e-17 1.2486353577560605
0.42500000000000004 -4.85722573273506e-17 -4.85722573273506e-17 1.2585069750187632
0.42500000000000004 -4.85722573273506e-17 -4.85722573273506e-17 1.2737631690144973
0.42500000000000004 -4.85722573273506e-17 -4.85722573273506e-17 1.2905431840903028
0.42500000000000004 -4.85722573273506e-17 -4.85722573273506e-17 1.2970543201283296
0.42500000000000004 -4.85722573273506e-17 -4.85722573273506e-17 1.3003069156086746
0.42500000000000004 -4.85722573273506e-17 -4.85722573273506e-17 1.310189212443528
0.42500000000000004 -4.85722573273506e-17 -4.85722573273506e-17 1.333525700002343
0.42500000000000004 -4.85722573273506e-17 -4.85722573273506e-17 1.3416131437066117
0.42500000000000004 -4.85722573273506e-17 -4.85722573273506e-17 1.3533664680061461
0.42500000000000004 -4.85722573273506e-17 -4.85722573273506e-17 1.3741440125050373
0.42500000000000004 -4.85722573273506e-17 -4.85722573273506e-17 1.3866820781712212
0.42500000000000004 -4.85722573273506e-17 -4.85722573273506e-17 1.3883482382490986
0.42500000000000004 -4.85722573273506e-17 -4.85722573273506e-17 1.3972462578068159
0.42500000000000004 -4.85722573273506e-17 -4.85722573273506e-17 1.412942618698871
0.42500000000000004 -4.85722573273506e-17 -4.85722573273506e-17 1.4276111128007392
0.42500000000000004 -4.85722573273506e-17 -4.85722573273506e-17 1.4408872139057962
0.42500000000000004 -4.85722573273506e-17 -4.85722573273506e-17 1.4588267886578894
0.42500000000000004 -4.85722573273506e-17 -4.85722573273506e-17 1.4660104951734958
0.42500000000000004 -4.85722573273506e-17 -4.85722573273506e-17 1.4789870006782317
0.42500000000000004 -4.85722573273506e-17 -4.85722573273506e-17 1.493425004182014
0.42500000000000004 -4.85722573273506e-17 -4.85722573273506e-17 1.5036785158875938
0.42500000000000004 -4.85722573273506e-17 -4.85722573273506e-17 1.5185337342245449
0.42500000000000004 -4.85722573273506e-17 -4.85722573273506e-17 1.5512069567702502
0.42500000000000004 -4.85722573273506e-17 -4.85722573273506e-17 1.5577669469925417
0.42500000000000004 -4.85722573273506e-17 -4.85722573273506e-17 1.5761057422317046
0.42500000000000004 -4.85722573273506e-17 -4.85722573273506e-17 1.5849138249434844
0.42500000000000004 -4.85722573273506e-17 -4.85722573273506e-17 1.594970773077355
0.42500000000000004 -4.85722573273506e-17 -4.85722573273506e-17 1.6075265503176475
0.42500000000000004 -4.85722573273506e-17 -4.85722573273506e-17 1.631685508235968
0.42500000000000004 -4.85722573273506e-17 -4.85722573273506e-17 1.6399385630326142
0.42500000000000004 -4.85722573273506e-17 -4.85722573273506e-17 1.6609815822481115
0.42500000000000004 -4.85722573273506e-17 -4.85722573273506e-17 1.6718976247027122
0.42500000000000004 -4.85722573273506e-17 -4.85722573273506e-17 1.7110595333635255
0.42500000000000004 -4.85722573273506e-17 -4.85722573273506e-17 1.7214958711382007
0.42500000000000004 -4.85722573273506e-17 -4.85722573273506e-17 1.7735703894062764
0.42500000000000004 -4.85722573273506e-17 -4.85722573273506e-17 1.784101366532898
0.42500000000000004 -4.85722573273506e-17 -4.85722573273506e-17 1.8426723905068316
0.42500000000000004 -4.85722573273506e-17 -4.85722573273506e-17 1.8653105897670024
0.42500000000000004 -4.85722573273506e-17 -4.85722573273506e-17 1.8908955411624637
0.42500000000000004 -4.85722573273506e-17 -4.85722573273506e-17 1.9002032004687246
0.42500000000000004 -4.85722573273506e-17 -4.85722573273506e-17 2.0021719298966953
0.42500000000000004 -4.85722573273506e-17 -4.85722573273506e-17 2.0103533518149144
0.42500000000000004 -4.85722573273506e-17 -4.85722573273506e-17 2.0417083023089355
0.42500000000000004 -4.85722573273506e-17 -4.85722573273506e-17 2.0472329801676277
0.42500000000000004 -4.85722573273506e-17 -4.85722573273506e-17 2.2868229120355537
0.42500000000000004 -4.85722573273506e-17 -4.85722573273506e-17 2.305893491160548
0.42500000000000004 -4.85722573273506e-17 -4.85722573273506e-17 2.371066737421682
0.42500000000000004 -4.85722573273506e-17 -4.85722573273506e-17 2.3823359138840825
0.42500000000000004 -4.85722573273506e-17 -4.85722573273506e-17 4.116398843363686
0.42500000000000004 -4.85722573273506e-17 -4.85722573273506e-17 4.184758603343894
0.42500000000000004 -4.85722573273506e-17 -4.85722573273506e-17 4.25486509306529
0.42500000000000004 -4.85722573273506e-17 -4.85722573273506e-17 4.307929372827151
0.42500000000000004 -4.85722573273506e-17 -4.85722573273506e-17 4.769417728928617
0.42500000000000004 -4.85722573273506e-17 -4.85722573273506e-17 4.77823622407181
0.42500000000000004 -4.85722573273506e-17 -4.85722573273506e-17 4.864415691368487
0.42500000000000004 -4.85722573273506e-17 -4.85722573273506e-17 4.893727430271367
0.42500000000000004 -4.85722573273506e-17 -4.85722573273506e-17 5.116379471193233
0.42500000000000004 -4.85722573273506e-17 -4.85722573273506e-17 5.13376119447881
0.42500000000000004 -4.85722573273506e-17 -4.85722573273506e-17 5.169801822861418
0.42500000000000004 -4.85722573273506e-17 -4.85722573273506e-17 5.1882408716142905
0.42500000000000004 -4.85722573273506e-17 -4.85722573273506e-17 5.419915596877399
0.42500000000000004 -4.85722573273506e-17 -4.85722573273506e-17 5.448743733284429
0.42500000000000004 -4.85722573273506e-17 -4.85722573273506e-17 5.51212010794075
0.42500000000000004 -4.85722573273506e-17 -4.85722573273506e-17 5.529061346531821
0.42500000000000004 -4.85722573273506e-17 -4.85722573273506e-17 5.9052150440834605
0.42500000000000004 -4.85722573273506e-17 -4.85722573273506e-17 5.935199487265505
0.42500000000000004 -4.85722573273506e-17 -4.85722573273506e-17 6.042501439036402
0.42500000000000004 -4.85722573273506e-17 -4.85722573273506e-17 6.1066125022598445
0.42500000000000004 -4.85722573273506e-17 -4.85722573273506e-17 6.220594106861842
0.42500000000000004 -4.85722573273506e-17 -4.85722573273506e-17 6.2417976550373115
0.42500000000000004 -4.85722573273506e-17 -4.85722573273506e-17 6.319198075655942
0.42500000000000004 -4.85722573273506e-17 -4.85722573273506e-17 6.3508589079847795
0.42500000000000004 -4.85722573273506e-17 -4.85722573273506e-17 6.43411760771788
0.42500000000000004 -4.85722573273506e-17 -4.85722573273506e-17 6.504458521326816
0.42500000000000004 -4.85722573273506e-17 -4.85722573273506e-17 6.596542424187523
0.42500000000000004 -4.85722573273506e-17 -4.85722573273506e-17 6.651053645835123
0.42500000000000004 -4.85722573273506e-17 -4.85722573273506e-17 6.752551625462534
0.42500000000000004 -4.85722573273506e-17 -4.85722573273506e-17 6.801488169562003
0.42500000000000004 -4.85722573273506e-17 -4.85722573273506e-17 6.833104129717095
0.42500000000000004 -4.85722573273506e-17 -4.85722573273506e-17 6.867617545188052
0.42500000000000004 -4.85722573273506e-17 -4.85722573273506e-17 6.9616865112886845
0.42500000000000004 -4.85722573273506e-17 -4.85722573273506e-17 6.970047665639545
0.42500000000000004 -4.85722573273506e-17 -4.85722573273506e-17 7.382698938804321
0.42500000000000004 -4.85722573273506e-17 -4.85722573273506e-17 7.421448224084785
0.42500000000000004 -4.85722573273506e-17 -4.85722573273506e-17 7.546760408290581
0.42500000000000004 -4.85722573273506e-17 -4.85722573273506e-17 7.580870960099299
0.42500000000000004 -4.85722573273506e-17 -4.85722573273506e-17 7.748732157838484
0.42500000000000004 -4.85722573273506e-17 -4.85722573273506e-17 7.7976118617801315
0.42500000000000004 -4.85722573273506e-17 -4.85722573273506e-17 7.892207423007944
0.42500000000000004 -4.85722573273506e-17 -4.85722573273506e-17 7.902139926176942
0.42500000000000004 -4.85722573273506e-17 -4.85722573273506e-17 8.014616145955275
0.42500000000000004 -4.85722573273506e-17 -4.85722573273506e-17 8.068358618259172
0.42500000000000004 -4.85722573273506e-17 -4.85722573273506e-17 8.172819799949886
0.42500000000000004 -4.85722573273506e-17 -4.85722573273506e-17 8.192611087991958
0.42500000000000004 -4.85722573273506e-17 -4.85722573273506e-17 8.373241696696539
0.42500000000000004 -4.85722573273506e-17 -4.85722573273506e-17 8.394632567393712
0.4 -4.85722573273506e-17 -4.85722573273506e-17 -5.211434814628866
0.4 -4.85722573273506e-17 -4.85722573273506e-17 -5.203805716263467
0.4 -4.85722573273506e-17 -4.85722573273506e-17 -5.0932711944094065
0.4 -4.85722573273506e-17 -4.85722573273506e-17 -5.082554955308648
0.4 -4.85722573273506e-17 -4.85722573273506e-17 -4.8078322859070495
0.4 -4.85722573273506e-17 -4.85722573273506e-17 -4.803085673784831
0.4 -4.85722573273506e-17 -4.85722573273506e-17 -4.786602614762256
0.4 -4.85722573273506e-17 -4.85722573273506e-17 -4.762820947941041
0.4 -4.85722573273506e-17 -4.85722573273506e-17 -4.682416509721495
0.4 -4.85722573273506e-17 -4.85722573273506e-17 -4.677449110694886
0.4 -4.85722573273506e-17 -4.85722573273506e-17 -4.6373683269226635
0.4 -4.85722573273506e-17 -4.85722573273506e-17 -4.610692530924268
0.4 -4.85722573273506e-17 -4.85722573273506e-17 -4.290564180979619
0.4 -4.85722573273506e-17 -4.85722573273506e-17 -4.224461516233253
0.4 -4.85722573273506e-17 -4.85722573273506e-17 -3.969239961134921
0.4 -4.85722573273506e-17 -4.85722573273506e-17 -3.853514951684815
0.4 -4.85722573273506e-17 -4.85722573273506e-17 -1.023994667148619
0.4 -4.85722573273506e-17 -4.85722573273506e-17 -1.0082712780366254
0.4 -4.85722573273506e-17 -4.85722573273506e-17 -0.7811211446333512
0.4 -4.85722573273506e-17 -4.85722573273506e-17 -0.7705660760960402
0.4 -4.85722573273506e-17 -4.85722573273506e-17 -0.7446874485098753
0.4 -4.85722573273506e-17 -4.85722573273506e-17 -0.7335394694578206
0.4 -4.85722573273506e-17 -4.85722573273506e-17 -0.6952032605365208
0.4 -4.85722573273506e-17 -4.85722573273506e-17 -0.6926031166179585
0.4 -4.85722573273506e-17 -4.85722573273506e-17 -0.6263111770337575
0.4 -4.85722573273506e-17 -4.85722573273506e-17 -0.6212810659631529
0.4 -4.85722573273506e-17 -4.85722573273506e-17 -0.565309595662705
0.4 -4.85722573273506e-17 -4.85722573273506e-17 -0.5583380893580224
0.4 -4.85722573273506e-17 -4.85722573273506e-17 -0.493838119650972
0.4 -4.85722573273506e-17 -4.85722573273506e-17 -0.47320145986863515
0.4 -4.85722573273506e-17 -4.85722573273506e-17 -0.4575252993502392
0.4 -4.85722573273506e-17 -4.85722573273506e-17 -0.44141289597773614
0.4 -4.85722573273506e-17 -4.85722573273506e-17 -0.321232796443887
0.4 -4.85722573273506e-17 -4.85722573273506e-17 -0.3003623069393626
0.4 -4.85722573273506e-17 -4.85722573273506e-17 -0.2574563077062013
0.4 -4.85722573273506e-17 -4.85722573273506e-17 -0.24055601515416924
0.4 -4.85722573273506e-17 -4.85722573273506e-17 -0.09167453810155024
0.4 -4.85722573273506e-17 -4.85722573273506e-17 -0.07424732439383241
0.4 -4.85722573273506e-17 -4.85722573273506e-17 -0.046230277113114226
0.4 -4.85722573273506e-17 -4.85722573273506e-17 -0.029192040218559256
0.4 -4.85722573273506e-17 -4.85722573273506e-17 0.13762352857889404
0.4 -4.85722573273506e-17 -4.85722573273506e-17 0.16167007136844092
0.4 -4.85722573273506e-17 -4.85722573273506e-17 0.18595629963547466
0.4 -4.85722573273506e-17 -4.85722573273506e-17 0.20906576037457114
0.4 -4.85722573273506e-17 -4.85722573273506e-17 0.24943724130887546
0.4 -4.85722573273506e-17 -4.85722573273506e-17 0.26008866676408715
0.4 -4.85722573273506e-17 -4.85722573273506e-17 0.2841676264172719
0.4 -4.85722573273506e-17 -4.85722573273506e-17 0.3141688871297159
0.4 -4.85722573273506e-17 -4.85722573273506e-17 0.32610604669830323
0.4 -4.85722573273506e-17 -4.85722573273506e-17 0.34622747664911024
0.4 -4.85722573273506e-17 -4.85722573273506e-17 0.3597598875047847
0.4 -4.85722573273506e-17 -4.85722573273506e-17 0.396175117774296
0.4 -4.85722573273506e-17 -4.85722573273506e-17 0.3994434411465384
0.4 -4.85722573273506e-17 -4.85722573273506e-17 0.4190565537922728
0.4 -4.85722573273506e-17 -4.85722573273506e-17 0.4390196121121033
0.4 -4.85722573273506e-17 -4.85722573273506e-17 0.44779035581438364
0.4 -4.85722573273506e-17 -4.85722573273506e-17 0.4597944105773877
0.4 -4.85722573273506e-17 -4.85722573273506e-17 0.4700505871956997
0.4 -4.85722573273506e-17 -4.85722573273506e-17 0.4966849265246367
0.4 -4.85722573273506e-17 -4.85722573273506e-17 0.5133209702652604
0.4 -4.85722573273506e-17 -4.85722573273506e-17 0.6024427236004959
0.4 -4.85722573273506e-17 -4.85722573273506e-17 0.619361004216807
0.4 -4.85722573273506e-17 -4.85722573273506e-17 0.6566032069881279
0.4 -4.85722573273506e-17 -4.85722573273506e-17 0.661804031660373
0.4 -4.85722573273506e-17 -4.85722573273506e-17 0.6781317638953963
0.4 -4.85722573273506e-17 -4.85722573273506e-17 0.6945054796993144
0.4 -4.85722573273506e-17 -4.85722573273506e-17 0.7148174452465597
0.4 -4.85722573273506e-17 -4.85722573273506e-17 0.7237816468290026
0.4 -4.85722573273506e-17 -4.85722573273506e-17 0.7462778694900889
0.4 -4.85722573273506e-17 -4.85722573273506e-17 0.7560175908607025
0.4 -4.85722573273506e-17 -4.85722573273506e-17 0.7743895627767925
0.4 -4.85722573273506e-17 -4.85722573273506e-17 0.7888225104435858
0.4 -4.85722573273506e-17 -4.85722573273506e-17 0.8081169422723722
0.4 -4.85722573273506e-17 -4.85722573273506e-17 0.819622687274121
0.4 -4.85722573273506e-17 -4.85722573273506e-17 0.8389965146193248
0.4 -4.85722573273506e-17 -4.85722573273506e-17 0.8431401863905197
0.4 -4.85722573273506e-17 -4.85722573273506e-17 0.8571920311849812
0.4 -4.85722573273506e-17 -4.85722573273506e-17 0.8750353761437033
0.4 -4.85722573273506e-17 -4.85722573273506e-17 0.8851590303775083
0.4 -4.85722573273506e-17 -4.85722573273506e-17 0.8961296268308381
0.4 -4.85722573273506e-17 -4.85722573273506e-17 0.9169538515674516
0.4 -4.85722573273506e-17 -4.85722573273506e-17 0.9233829958549392
0.4 -4.85722573273506e-17 -4.85722573273506e-17 0.937377033370784
0.4 -4.85722573273506e-17 -4.85722573273506e-17 0.95598906551235
0.4 -4.85722573273506e-17 -4.85722573273506e-17 0.9647172670727242
0.4 -4.85722573273506e-17 -4.85722573273506e-17 0.9723218193642804
0.4 -4.85722573273506e-17 -4.85722573273506e-17 0.980061641258648
0.4 -4.85722573273506e-17 -4.85722573273506e-17 0.992788813605558
0.4 -4.85722573273506e-17 -4.85722573273506e-17 1.0049131102343047
0.4 -4.85722573273506e-17 -4.85722573273506e-17 1.0099632268613787
0.4 -4.85722573273506e-17 -4.85722573273506e-17 1.0204550276623685
0.4 -4.85722573273506e-17 -4.85722573273506e-17 1.0347910968999603
0.4 -4.85722573273506e-17 -4.85722573273506e-17 1.042197530044679
0.4 -4.85722573273506e-17 -4.85722573273506e-17 1.0570985569322398
0.4 -4.85722573273506e-17 -4.85722573273506e-17 1.0712559815991598
0.4 -4.85722573273506e-17 -4.85722573273506e-17 1.078525289639631
0.4 -4.85722573273506e-17 -4.85722573273506e-17 1.0907960430516035
0.4 -4.85722573273506e-17 -4.85722573273506e-17 1.093594488159473
0.4 -4.85722573273506e-17 -4.85722573273506e-17 1.1152383958991363
0.4 -4.85722573273506e-17 -4.85722573273506e-17 1.1203328997168434
0.4 -4.85722573273506e-17 -4.85722573273506e-17 1.12879673091369
0.4 -4.85722573273506e-17 -4.85722573273506e-17 1.1375785529502398
0.4 -4.85722573273506e-17 -4.85722573273506e-17 1.1508829960669562
0.4 -4.85722573273506e-17 -4.85722573273506e-17 1.1592847893923546
0.4 -4.85722573273506e-17 -4.85722573273506e-17 1.1678534574164825
0.4 -4.85722573273506e-17 -4.85722573273506e-17 1.185708680932577
0.4 -4.85722573273506e-17 -4.85722573273506e-17 1.20537630308932
0.4 -4.85722573273506e-17 -4.85722573273506e-17 1.2094269261234336
0.4 -4.85722573273506e-17 -4.85722573273506e-17 1.213751207617153
0.4 -4.85722573273506e-17 -4.85722573273506e-17 1.224376296630816
0.4 -4.85722573273506e-17 -4.85722573273506e-17 1.229619079136588
0.4 -4.85722573273506e-17 -4.85722573273506e-17 1.250141541290482
0.4 -4.85722573273506e-17 -4.85722573273506e-17 1.2568953630593793
0.4 -4.85722573273506e-17 -4.85722573273506e-17 1.274884093000832
0.4 -4.85722573273506e-17 -4.85722573273506e-17 1.2885630650253521
0.4 -4.85722573273506e-17 -4.85722573273506e-17 1.2966190757504918
0.4 -4.85722573273506e-17 -4.85722573273506e-17 1.2991311463046384
0.4 -4.85722573273506e-17 -4.85722573273506e-17 1.3136945134322264
0.4 -4.85722573273506e-17 -4.85722573273506e-17 1.3298139761740835
0.4 -4.85722573273506e-17 -4.85722573273506e-17 1.3405276894969642
0.4 -4.85722573273506e-17 -4.85722573273506e-17 1.3526950420552302
0.4 -4.85722573273506e-17 -4.85722573273506e-17 1.3753058495487256
0.4 -4.85722573273506e-17 -4.85722573273506e-17 1.3866860451160898
0.4 -4.85722573273506e-17 -4.85722573273506e-17 1.3876942713972769
0.4 -4.85722573273506e-17 -4.85722573273506e-17 1.3982562996050438
0.4 -4.85722573273506e-17 -4.85722573273506e-17 1.4164070183856516
0.4 -4.85722573273506e-17 -4.85722573273506e-17 1.4257203144749342
0.4 -4.85722573273506e-17 -4.85722573273506e-17 1.4432348741681524
0.4 -4.85722573273506e-17 -4.85722573273506e-17 1.4580944697201472
0.4 -4.85722573273506e-17 -4.85722573273506e-17 1.468287707341596
0.4 -4.85722573273506e-17 -4.85722573273506e-17 1.4789501476376117
0.4 -4.85722573273506e-17 -4.85722573273506e-17 1.4952373157093097
0.4 -4.85722573273506e-17 -4.85722573273506e-17 1.5032824115168912
0.4 -4.85722573273506e-17 -4.85722573273506e-17 1.5216155549135753
0.4 -4.85722573273506e-17 -4.85722573273506e-17 1.55023627631439
0.4 -4.85722573273506e-17 -4.85722573273506e-17 1.5575695762284836
0.4 -4.85722573273506e-17 -4.85722573273506e-17 1.5752348084182088
0.4 -4.85722573273506e-17 -4.85722573273506e-17 1.5857305744404995
0.4 -4.85722573273506e-17 -4.85722573273506e-17 1.5955410131111956
0.4 -4.85722573273506e-17 -4.85722573273506e-17 1.6094180858901685
0.4 -4.85722573273506e-17 -4.85722573273506e-17 1.6322441418286706
0.4 -4.85722573273506e-17 -4.85722573273506e-17 1.642486735189875
0.4 -4.85722573273506e-17 -4.85722573273506e-17 1.6594916906495492
0.4 -4.85722573273506e-17 -4.85722573273506e-17 1.6734455323722353
0.4 -4.85722573273506e-17 -4.85722573273506e-17 1.7111491509901446
0.4 -4.85722573273506e-17 -4.85722573273506e-17 1.7244611358654431
0.4 -4.85722573273506e-17 -4.85722573273506e-17 1.7717459251477958
0.4 -4.85722573273506e-17 -4.85722573273506e-17 1.7847429633080028
0.4 -4.85722573273506e-17 -4.85722573273506e-17 1.840371929704288
0.4 -4.85722573273506e-17 -4.85722573273506e-17 1.8682808581930015
0.4 -4.85722573273506e-17 -4.85722573273506e-17 1.890826511443782
0.4 -4.85722573273506e-17 -4.85722573273506e-17 1.9024840705397876
0.4 -4.85722573273506e-17 -4.85722573273506e-17 2.0103434584073216
0.4 -4.85722573273506e-17 -4.85722573273506e-17 2.0188485125110303
0.4 -4.85722573273506e-17 -4.85722573273506e-17 2.0484015882278888
0.4 -4.85722573273506e-17 -4.85722573273506e-17 2.0547587755336565
0.4 -4.85722573273506e-17 -4.85722573273506e-17 2.2791069631158596
0.4 -4.85722573273506e-17 -4.85722573273506e-17 2.300767233243964
0.4 -4.85722573273506e-17 -4.85722573273506e-17 2.3845144721969866
0.4 -4.85722573273506e-17 -4.85722573273506e-17 2.395808759880304
0.4 -4.85722573273506e-17 -4.85722573273506e-17 4.09078729980936
0.4 -4.85722573273506e-17 -4.85722573273506e-17 4.160898906616905
0.4 -4.85722573273506e-17 -4.85722573273506e-17 4.274170525206151
0.4 -4.85722573273506e-17 -4.85722573273506e-17 4.324344353857285
0.4 -4.85722573273506e-17 -4.85722573273506e-17 4.753064962662691
0.4 -4.85722573273506e-17 -4.85722573273506e-17 4.764896629481447
0.4 -4.85722573273506e-17 -4.85722573273506e-17 4.84712228645323
0.4 -4.85722573273506e-17 -4.85722573273506e-17 4.883879684866255
0.4 -4.85722573273506e-17 -4.85722573273506e-17 5.121154356921544
0.4 -4.85722573273506e-17 -4.85722573273506e-17 5.142615583635575
0.4 -4.85722573273506e-17 -4.85722573273506e-17 5.172636986455907
0.4 -4.85722573273506e-17 -4.85722573273506e-17 5.195075732215713
0.4 -4.85722573273506e-17 -4.85722573273506e-17 5.405477986687782
0.4 -4.85722573273506e-17 -4.85722573273506e-17 5.438475750431518
0.4 -4.85722573273506e-17 -4.85722573273506e-17 5.523755902354706
0.4 -4.85722573273506e-17 -4.85722573273506e-17 5.541391149282637
0.4 -4.85722573273506e-17 -4.85722573273506e-17 5.845511446567594
0.4 -4.85722573273506e-17 -4.85722573273506e-17 5.882904734378104
0.4 -4.85722573273506e-17 -4.85722573273506e-17 5.983991646030281
0.4 -4.85722573273506e-17 -4.85722573273506e-17 6.040544689851295
0.4 -4.85722573273506e-17 -4.85722573273506e-17 6.191007005995714
0.4 -4.85722573273506e-17 -4.85722573273506e-17 6.210166704891588
0.4 -4.85722573273506e-17 -4.85722573273506e-17 6.2776680739083695
0.4 -4.85722573273506e-17 -4.85722573273506e-17 6.300160201855774
0.4 -4.85722573273506e-17 -4.85722573273506e-17 6.452661657751204
0.4 -4.85722573273506e-17 -4.85722573273506e-17 6.508953105211971
0.4 -4.85722573273506e-17 -4.85722573273506e-17 6.661797068098891
0.4 -4.85722573273506e-17 -4.85722573273506e-17 6.70387343908422
0.4 -4.85722573273506e-17 -4.85722573273506e-17 6.775551495134198
0.4 -4.85722573273506e-17 -4.85722573273506e-17 6.841631491940097
0.4 -4.85722573273506e-17 -4.85722573273506e-17 6.852136998571195
0.4 -4.85722573273506e-17 -4.85722573273506e-17 6.918445396341719
0.4 -4.85722573273506e-17 -4.85722573273506e-17 6.9828392810357505
0.4 -4.85722573273506e-17 -4.85722573273506e-17 6.9987043331385355
0.4 -4.85722573273506e-17 -4.85722573273506e-17 7.377207505962052
0.4 -4.85722573273506e-17 -4.85722573273506e-17 7.418386432288594
0.4 -4.85722573273506e-17 -4.85722573273506e-17 7.5512812879996005
0.4 -4.85722573273506e-17 -4.85722573273506e-17 7.590663264216793
0.4 -4.85722573273506e-17 -4.85722573273506e-17 7.7477992021276645
0.4 -4.85722573273506e-17 -4.85722573273506e-17 7.806872920711782
0.4 -4.85722573273506e-17 -4.85722573273506e-17 7.896891640845607
0.4 -4.85722573273506e-17 -4.85722573273506e-17 7.910850760469384
0.4 -4.85722573273506e-17 -4.85722573273506e-17 8.01081536331665
0.4 -4.85722573273506e-17 -4.85722573273506e-17 8.076014531950138
0.4 -4.85722573273506e-17 -4.85722573273506e-17 8.183612929811769
0.4 -4.85722573273506e-17 -4.85722573273506e-17 8.206589864473992
0.4 -4.85722573273506e-17 -4.85722573273506e-17 8.37334703619357
0.4 -4.85722573273506e-17 -4.85722573273506e-17 8.401110785029676
0.375 -4.85722573273506e-17 -4.85722573273506e-17 -5.2241219723844665
0.375 -4.85722573273506e-17 -4.85722573273506e-17 -5.216853566900991
0.375 -4.85722573273506e-17 -4.85722573273506e-17 -5.07930966177148
0.375 -4.85722573273506e-17 -4.85722573273506e-17 -5.068320418535148
0.375 -4.85722573273506e-17 -4.85722573273506e-17 -4.8208008083199685
0.375 -4.85722573273506e-17 -4.85722573273506e-17 -4.816447325710721
0.375 -4.85722573273506e-17 -4.85722573273506e-17 -4.799368464168506
0.375 -4.85722573273506e-17 -4.85722573273506e-17 -4.775393472028464
0.375 -4.85722573273506e-17 -4.85722573273506e-17 -4.668032480836408
0.375 -4.85722573273506e-17 -4.85722573273506e-17 -4.663126060860954
0.375 -4.85722573273506e-17 -4.85722573273506e-17 -4.623691501691502
0.375 -4.85722573273506e-17 -4.85722573273506e-17 -4.596154745270237
0.375 -4.85722573273506e-17 -4.85722573273506e-17 -4.3086819647725925
0.375 -4.85722573273506e-17 -4.85722573273506e-17 -4.239481231089922
0.375 -4.85722573273506e-17 -4.85722573273506e-17 -3.9625594124904158
0.375 -4.85722573273506e-17 -4.85722573273506e-17 -3.8323532922415158
0.375 -4.85722573273506e-17 -4.85722573273506e-17 -1.0264352439299884
0.375 -4.85722573273506e-17 -4.85722573273506e-17 -1.006943684427318
0.375 -4.85722573273506e-17 -4.85722573273506e-17 -0.784893359472365
0.375 -4.85722573273506e-17 -4.85722573273506e-17 -0.7727293813013159
0.375 -4.85722573273506e-17 -4.85722573273506e-17 -0.7447000957480725
0.375 -4.85722573273506e-17 -4.85722573273506e-17 -0.7318640838954025
0.375 -4.85722573273506e-17 -4.85722573273506e-17 -0.6971155063758445
0.375 -4.85722573273506e-17 -4.85722573273506e-17 -0.6938022291453729
0.375 -4.85722573273506e-17 -4.85722573273506e-17 -0.6277357327294337
0.375 -4.85722573273506e-17 -4.85722573273506e-17 -0.6214495498317142
0.375 -4.85722573273506e-17 -4.85722573273506e-17 -0.566064715089307
0.375 -4.85722573273506e-17 -4.85722573273506e-17 -0.5572067207599994
0.375 -4.85722573273506e-17 -4.85722573273506e-17 -0.5005060038132498
0.375 -4.85722573273506e-17 -4.85722573273506e-17 -0.4782993525906427
0.375 -4.85722573273506e-17 -4.85722573273506e-17 -0.4566417762138695
0.375 -4.85722573273506e-17 -4.85722573273506e-17 -0.4388308119659303
0.375 -4.85722573273506e-17 -4.85722573273506e-17 -0.362873038271168
0.375 -4.85722573273506e-17 -4.85722573273506e-17 -0.3400338507472327
0.375 -4.85722573273506e-17 -4.85722573273506e-17 -0.29359941655603805
0.375 -4.85722573273506e-17 -4.85722573273506e-17 -0.27415680993478375
0.375 -4.85722573273506e-17 -4.85722573273506e-17 -0.1284529132339589
0.375 -4.85722573273506e-17 -4.85722573273506e-17 -0.10816936835676927
0.375 -4.85722573273506e-17 -4.85722573273506e-17 -0.07751961034156452
0.375 -4.85722573273506e-17 -4.85722573273506e-17 -0.06085814603290984
0.375 -4.85722573273506e-17 -4.85722573273506e-17 0.16371377720587788
0.375 -4.85722573273506e-17 -4.85722573273506e-17 0.1903639018271832
0.375 -4.85722573273506e-17 -4.85722573273506e-17 0.20968657609819807
0.375 -4.85722573273506e-17 -4.85722573273506e-17 0.23067625495102462
0.375 -4.85722573273506e-17 -4.85722573273506e-17 0.2644894162356177
0.375 -4.85722573273506e-17 -4.85722573273506e-17 0.2756929339003573
0.375 -4.85722573273506e-17 -4.85722573273506e-17 0.2929547639798429
0.375 -4.85722573273506e-17 -4.85722573273506e-17 0.3325174747965569
0.375 -4.85722573273506e-17 -4.85722573273506e-17 0.3395817932674648
0.375 -4.85722573273506e-17 -4.85722573273506e-17 0.3632788092360817
0.375 -4.85722573273506e-17 -4.85722573273506e-17 0.3686226138153741
0.375 -4.85722573273506e-17 -4.85722573273506e-17 0.39961509030145304
0.375 -4.85722573273506e-17 -4.85722573273506e-17 0.40605407764988183
0.375 -4.85722573273506e-17 -4.85722573273506e-17 0.4246061267044654
0.375 -4.85722573273506e-17 -4.85722573273506e-17 0.44683116868628453
0.375 -4.85722573273506e-17 -4.85722573273506e-17 0.45349436688838757
0.375 -4.85722573273506e-17 -4.85722573273506e-17 0.46484687770239574
0.375 -4.85722573273506e-17 -4.85722573273506e-17 0.4789479670229513
0.375 -4.85722573273506e-17 -4.85722573273506e-17 0.50046219073635
0.375 -4.85722573273506e-17 -4.85722573273506e-17 0.5212894008871398
0.375 -4.85722573273506e-17 -4.85722573273506e-17 0.6073600486966759
0.375 -4.85722573273506e-17 -4.85722573273506e-17 0.6298754645976556
0.375 -4.85722573273506e-17 -4.85722573273506e-17 0.656913541052979
0.375 -4.85722573273506e-17 -4.85722573273506e-17 0.6625056202192672
0.375 -4.85722573273506e-17 -4.85722573273506e-17 0.6803949742857727
0.375 -4.85722573273506e-17 -4.85722573273506e-17 0.6988221109157058
0.375 -4.85722573273506e-17 -4.85722573273506e-17 0.7159987716883212
0.375 -4.85722573273506e-17 -4.85722573273506e-17 0.7260384750015021
0.375 -4.85722573273506e-17 -4.85722573273506e-17 0.7485311617397405
0.375 -4.85722573273506e-17 -4.85722573273506e-17 0.7608227727220038
0.375 -4.85722573273506e-17 -4.85722573273506e-17 0.774670245662449
0.375 -4.85722573273506e-17 -4.85722573273506e-17 0.7912348222600958
0.375 -4.85722573273506e-17 -4.85722573273506e-17 0.808633679904232
0.375 -4.85722573273506e-17 -4.85722573273506e-17 0.8225851394918955
0.375 -4.85722573273506e-17 -4.85722573273506e-17 0.8404266853884113
0.375 -4.85722573273506e-17 -4.85722573273506e-17 0.845184111082678
0.375 -4.85722573273506e-17 -4.85722573273506e-17 0.8565249029153046
0.375 -4.85722573273506e-17 -4.85722573273506e-17 0.8771285539221605
0.375 -4.85722573273506e-17 -4.85722573273506e-17 0.887032080655417
0.375 -4.85722573273506e-17 -4.85722573273506e-17 0.8985610725736475
0.375 -4.85722573273506e-17 -4.85722573273506e-17 0.9166150418935117
0.375 -4.85722573273506e-17 -4.85722573273506e-17 0.9240122944259402
0.375 -4.85722573273506e-17 -4.85722573273506e-17 0.9373908231437191
0.375 -4.85722573273506e-17 -4.85722573273506e-17 0.9587712540861054
0.375 -4.85722573273506e-17 -4.85722573273506e-17 0.9640393965789168
0.375 -4.85722573273506e-17 -4.85722573273506e-17 0.9713229560095712
0.375 -4.85722573273506e-17 -4.85722573273506e-17 0.9786854730373702
0.375 -4.85722573273506e-17 -4.85722573273506e-17 0.9944026799842156
0.375 -4.85722573273506e-17 -4.85722573273506e-17 1.005271552353362
0.375 -4.85722573273506e-17 -4.85722573273506e-17 1.0112919713819921
0.375 -4.85722573273506e-17 -4.85722573273506e-17 1.0194567855138343
0.375 -4.85722573273506e-17 -4.85722573273506e-17 1.0338095578658217
0.375 -4.85722573273506e-17 -4.85722573273506e-17 1.0420720159245977
0.375 -4.85722573273506e-17 -4.85722573273506e-17 1.0590313501191195
0.375 -4.85722573273506e-17 -4.85722573273506e-17 1.0715370403795834
0.375 -4.85722573273506e-17 -4.85722573273506e-17 1.0797031254561595
0.375 -4.85722573273506e-17 -4.85722573273506e-17 1.0895237263964108
0.375 -4.85722573273506e-17 -4.85722573273506e-17 1.0928582944722038
0.375 -4.85722573273506e-17 -4.85722573273506e-17 1.1136297992872406
0.375 -4.85722573273506e-17 -4.85722573273506e-17 1.1195204926673974
0.375 -4.85722573273506e-17 -4.85722573273506e-17 1.1279344005285772
0.375 -4.85722573273506e-17 -4.85722573273506e-17 1.1395665045487062
0.375 -4.85722573273506e-17 -4.85722573273506e-17 1.150727033419793
0.375 -4.85722573273506e-17 -4.85722573273506e-17 1.1595876302124788
0.375 -4.85722573273506e-17 -4.85722573273506e-17 1.1673257589664727
0.375 -4.85722573273506e-17 -4.85722573273506e-17 1.1875607219963165
0.375 -4.85722573273506e-17 -4.85722573273506e-17 1.2051241121777028
0.375 -4.85722573273506e-17 -4.85722573273506e-17 1.2091330039228185
0.375 -4.85722573273506e-17 -4.85722573273506e-17 1.213588559116478
0.375 -4.85722573273506e-17 -4.85722573273506e-17 1.2227371589005518
0.375 -4.85722573273506e-17 -4.85722573273506e-17 1.2308132564619667
0.375 -4.85722573273506e-17 -4.85722573273506e-17 1.2492515898523644
0.375 -4.85722573273506e-17 -4.85722573273506e-17 1.2572464788167261
0.375 -4.85722573273506e-17 -4.85722573273506e-17 1.2753150848278292
0.375 -4.85722573273506e-17 -4.85722573273506e-17 1.286653720675897
0.375 -4.85722573273506e-17 -4.85722573273506e-17 1.2960141024069745
0.375 -4.85722573273506e-17 -4.85722573273506e-17 1.2978583378579787
0.375 -4.85722573273506e-17 -4.85722573273506e-17 1.3171480365221466
0.375 -4.85722573273506e-17 -4.85722573273506e-17 1.3260803863297417
0.375 -4.85722573273506e-17 -4.85722573273506e-17 1.3390814792912265
0.375 -4.85722573273506e-17 -4.85722573273506e-17 1.3529215211499332
0.375 -4.85722573273506e-17 -4.85722573273506e-17 1.3752701079859548
0.375 -4.85722573273506e-17 -4.85722573273506e-17 1.3857597916338584
0.375 -4.85722573273506e-17 -4.85722573273506e-17 1.388819174434584
0.375 -4.85722573273506e-17 -4.85722573273506e-17 1.3996480830076905
0.375 -4.85722573273506e-17 -4.85722573273506e-17 1.4191012382414914
0.375 -4.85722573273506e-17 -4.85722573273506e-17 1.424288109014386
0.375 -4.85722573273506e-17 -4.85722573273506e-17 1.4450386938945305
0.375 -4.85722573273506e-17 -4.85722573273506e-17 1.457423443434001
0.375 -4.85722573273506e-17 -4.85722573273506e-17 1.4709801728940493
0.375 -4.85722573273506e-17 -4.85722573273506e-17 1.4796710892491491
0.375 -4.85722573273506e-17 -4.85722573273506e-17 1.4952187138185566
0.375 -4.85722573273506e-17 -4.85722573273506e-17 1.5046755017391815
0.375 -4.85722573273506e-17 -4.85722573273506e-17 1.5246998659388122
0.375 -4.85722573273506e-17 -4.85722573273506e-17 1.5494794828359755
0.375 -4.85722573273506e-17 -4.85722573273506e-17 1.556648095977609
0.375 -4.85722573273506e-17 -4.85722573273506e-17 1.5750642057244661
0.375 -4.85722573273506e-17 -4.85722573273506e-17 1.5862627270217757
0.375 -4.85722573273506e-17 -4.85722573273506e-17 1.597420302883764
0.375 -4.85722573273506e-17 -4.85722573273506e-17 1.6110788608429614
0.375 -4.85722573273506e-17 -4.85722573273506e-17 1.6331247813818717
0.375 -4.85722573273506e-17 -4.85722573273506e-17 1.6446624647864123
0.375 -4.85722573273506e-17 -4.85722573273506e-17 1.658592810531144
0.375 -4.85722573273506e-17 -4.85722573273506e-17 1.674932026989877
0.375 -4.85722573273506e-17 -4.85722573273506e-17 1.7117325722747836
0.375 -4.85722573273506e-17 -4.85722573273506e-17 1.7274835171446465
0.375 -4.85722573273506e-17 -4.85722573273506e-17 1.770314580197959
0.375 -4.85722573273506e-17 -4.85722573273506e-17 1.7851782561984422
0.375 -4.85722573273506e-17 -4.85722573273506e-17 1.8383627600580663
0.375 -4.85722573273506e-17 -4.85722573273506e-17 1.8691446731955255
0.375 -4.85722573273506e-17 -4.85722573273506e-17 1.892833063649812
0.375 -4.85722573273506e-17 -4.85722573273506e-17 1.9052967548358932
0.375 -4.85722573273506e-17 -4.85722573273506e-17 2.0207956025833207
0.375 -4.85722573273506e-17 -4.85722573273506e-17 2.028283568644915
0.375 -4.85722573273506e-17 -4.85722573273506e-17 2.057573031052925
0.375 -4.85722573273506e-17 -4.85722573273506e-17 2.064238122324241
0.375 -4.85722573273506e-17 -4.85722573273506e-17 2.271883191054802
0.375 -4.85722573273506e-17 -4.85722573273506e-17 2.2956946454924907
0.375 -4.85722573273506e-17 -4.85722573273506e-17 2.39992102716211
0.375 -4.85722573273506e-17 -4.85722573273506e-17 2.4108234552939205
0.375 -4.85722573273506e-17 -4.85722573273506e-17 4.064688426234212
0.375 -4.85722573273506e-17 -4.85722573273506e-17 4.136084275203827
0.375 -4.85722573273506e-17 -4.85722573273506e-17 4.292205617639327
0.375 -4.85722573273506e-17 -4.85722573273506e-17 4.339441537267559
0.375 -4.85722573273506e-17 -4.85722573273506e-17 4.733504457446684
0.375 -4.85722573273506e-17 -4.85722573273506e-17 4.74832211067374
0.375 -4.85722573273506e-17 -4.85722573273506e-17 4.827356454549549
0.375 -4.85722573273506e-17 -4.85722573273506e-17 4.870158512036902
0.375 -4.85722573273506e-17 -4.85722573273506e-17 5.127253040968174
0.375 -4.85722573273506e-17 -4.85722573273506e-17 5.15181373412617
0.375 -4.85722573273506e-17 -4.85722573273506e-17 5.176755895914415
0.375 -4.85722573273506e-17 -4.85722573273506e-17 5.201785482939734
0.375 -4.85722573273506e-17 -4.85722573273506e-17 5.391209086002443
0.375 -4.85722573273506e-17 -4.85722573273506e-17 5.4287073841001146
0.375 -4.85722573273506e-17 -4.85722573273506e-17 5.5336819465922815
0.375 -4.85722573273506e-17 -4.85722573273506e-17 5.552785009132181
0.375 -4.85722573273506e-17 -4.85722573273506e-17 5.784937672951531
0.375 -4.85722573273506e-17 -4.85722573273506e-17 5.829673661253059
0.375 -4.85722573273506e-17 -4.85722573273506e-17 5.92467283224711
0.375 -4.85722573273506e-17 -4.85722573273506e-17 5.975629939794143
0.375 -4.85722573273506e-17 -4.85722573273506e-17 6.147546233814949
0.375 -4.85722573273506e-17 -4.85722573273506e-17 6.16611830025793
0.375 -4.85722573273506e-17 -4.85722573273506e-17 6.226136130539039
0.375 -4.85722573273506e-17 -4.85722573273506e-17 6.249764091722043
0.375 -4.85722573273506e-17 -4.85722573273506e-17 6.479907806811422
0.375 -4.85722573273506e-17 -4.85722573273506e-17 6.5276389082521895
0.375 -4.85722573273506e-17 -4.85722573273506e-17 6.716700381076503
0.375 -4.85722573273506e-17 -4.85722573273506e-17 6.7458678228794335
0.375 -4.85722573273506e-17 -4.85722573273506e-17 6.779585394474126
0.375 -4.85722573273506e-17 -4.85722573273506e-17 6.8579176597846505
0.375 -4.85722573273506e-17 -4.85722573273506e-17 6.901714344404278
0.375 -4.85722573273506e-17 -4.85722573273506e-17 6.971187658326469
0.375 -4.85722573273506e-17 -4.85722573273506e-17 7.016434201757475
0.375 -4.85722573273506e-17 -4.85722573273506e-17 7.047510109380871
0.375 -4.85722573273506e-17 -4.85722573273506e-17 7.375530892696018
0.375 -4.85722573273506e-17 -4.85722573273506e-17 7.414466411316404
0.375 -4.85722573273506e-17 -4.85722573273506e-17 7.557774135217149
0.375 -4.85722573273506e-17 -4.85722573273506e-17 7.600540606600923
0.375 -4.85722573273506e-17 -4.85722573273506e-17 7.749755119584506
0.375 -4.85722573273506e-17 -4.85722573273506e-17 7.813871283561722
0.375 -4.85722573273506e-17 -4.85722573273506e-17 7.900438659725294
0.375 -4.85722573273506e-17 -4.85722573273506e-17 7.9243811239192885
0.375 -4.85722573273506e-17 -4.85722573273506e-17 8.011232330429682
0.375 -4.85722573273506e-17 -4.85722573273506e-17 8.083909958122087
0.375 -4.85722573273506e-17 -4.85722573273506e-17 8.197645455932063
0.375 -4.85722573273506e-17 -4.85722573273506e-17 8.223214544152839
0.375 -4.85722573273506e-17 -4.85722573273506e-17 8.374893894015111
0.375 -4.85722573273506e-17 -4.85722573273506e-17 8.408261440957455
0.35 -4.85722573273506e-17 -4.85722573273506e-17 -5.236361717249408
0.35 -4.85722573273506e-17 -4.85722573273506e-17 -5.229536553558386
0.35 -4.85722573273506e-17 -4.85722573273506e-17 -5.065384204025903
0.35 -4.85722573273506e-17 -4.85722573273506e-17 -5.054293875625807
0.35 -4.85722573273506e-17 -4.85722573273506e-17 -4.833289996357949
0.35 -4.85722573273506e-17 -4.85722573273506e-17 -4.829321893493108
0.35 -4.85722573273506e-17 -4.85722573273506e-17 -4.811825301068653
0.35 -4.85722573273506e-17 -4.85722573273506e-17 -4.788584449319972
0.35 -4.85722573273506e-17 -4.85722573273506e-17 -4.653633357450167
0.35 -4.85722573273506e-17 -4.85722573273506e-17 -4.648909356979317
0.35 -4.85722573273506e-17 -4.85722573273506e-17 -4.609418388676001
0.35 -4.85722573273506e-17 -4.85722573273506e-17 -4.581798102564225
0.35 -4.85722573273506e-17 -4.85722573273506e-17 -4.326829489361311
0.35 -4.85722573273506e-17 -4.85722573273506e-17 -4.259258330382352
0.35 -4.85722573273506e-17 -4.85722573273506e-17 -3.9511497465117493
0.35 -4.85722573273506e-17 -4.85722573273506e-17 -3.8122905457450003
0.35 -4.85722573273506e-17 -4.85722573273506e-17 -1.0288498883756887
0.35 -4.85722573273506e-17 -4.85722573273506e-17 -1.0057467517398155
0.35 -4.85722573273506e-17 -4.85722573273506e-17 -0.789004613037358
0.35 -4.85722573273506e-17 -4.85722573273506e-17 -0.7754853759144034
0.35 -4.85722573273506e-17 -4.85722573273506e-17 -0.7446741119457574
0.35 -4.85722573273506e-17 -4.85722573273506e-17 -0.7304315799936472
0.35 -4.85722573273506e-17 -4.85722573273506e-17 -0.6992824906191508
0.35 -4.85722573273506e-17 -4.85722573273506e-17 -0.6952047360247088
0.35 -4.85722573273506e-17 -4.85722573273506e-17 -0.6296465948390196
0.35 -4.85722573273506e-17 -4.85722573273506e-17 -0.6220408320116791
0.35 -4.85722573273506e-17 -4.85722573273506e-17 -0.5670421796498459
0.35 -4.85722573273506e-17 -4.85722573273506e-17 -0.5561910062690991
0.35 -4.85722573273506e-17 -4.85722573273506e-17 -0.5080068881512467
0.35 -4.85722573273506e-17 -4.85722573273506e-17 -0.48440806606417297
0.35 -4.85722573273506e-17 -4.85722573273506e-17 -0.4575972435566591
0.35 -4.85722573273506e-17 -4.85722573273506e-17 -0.43713949131647034
0.35 -4.85722573273506e-17 -4.85722573273506e-17 -0.4028056235478772
0.35 -4.85722573273506e-17 -4.85722573273506e-17 -0.37766833840569447
0.35 -4.85722573273506e-17 -4.85722573273506e-17 -0.3295290960673398
0.35 -4.85722573273506e-17 -4.85722573273506e-17 -0.3080131575351803
0.35 -4.85722573273506e-17 -4.85722573273506e-17 -0.16504021359923904
0.35 -4.85722573273506e-17 -4.85722573273506e-17 -0.1415662923609453
0.35 -4.85722573273506e-17 -4.85722573273506e-17 -0.1102432528522641
0.35 -4.85722573273506e-17 -4.85722573273506e-17 -0.09402855692665213
0.35 -4.85722573273506e-17 -4.85722573273506e-17 0.18442257670013085
0.35 -4.85722573273506e-17 -4.85722573273506e-17 0.21495649811495632
0.35 -4.85722573273506e-17 -4.85722573273506e-17 0.23034747108050802
0.35 -4.85722573273506e-17 -4.85722573273506e-17 0.2485991941791319
0.35 -4.85722573273506e-17 -4.85722573273506e-17 0.27308948666448707
0.35 -4.85722573273506e-17 -4.85722573273506e-17 0.28853704992865126
0.35 -4.85722573273506e-17 -4.85722573273506e-17 0.3055161963319808
0.35 -4.85722573273506e-17 -4.85722573273506e-17 0.3438237948669851
0.35 -4.85722573273506e-17 -4.85722573273506e-17 0.3609033937433921
0.35 -4.85722573273506e-17 -4.85722573273506e-17 0.3770654703113948
0.35 -4.85722573273506e-17 -4.85722573273506e-17 0.38280708816563824
0.35 -4.85722573273506e-17 -4.85722573273506e-17 0.40536141664696157
0.35 -4.85722573273506e-17 -4.85722573273506e-17 0.4129342871039692
0.35 -4.85722573273506e-17 -4.85722573273506e-17 0.43336298056439126
0.35 -4.85722573273506e-17 -4.85722573273506e-17 0.456221248206377
0.35 -4.85722573273506e-17 -4.85722573273506e-17 0.4599108990201223
0.35 -4.85722573273506e-17 -4.85722573273506e-17 0.47141958838484577
0.35 -4.85722573273506e-17 -4.85722573273506e-17 0.48983713494501835
0.35 -4.85722573273506e-17 -4.85722573273506e-17 0.5048923464575514
0.35 -4.85722573273506e-17 -4.85722573273506e-17 0.5300756960760813
0.35 -4.85722573273506e-17 -4.85722573273506e-17 0.6136087072522693
0.35 -4.85722573273506e-17 -4.85722573273506e-17 0.6417193328879609
0.35 -4.85722573273506e-17 -4.85722573273506e-17 0.6571805998106414
0.35 -4.85722573273506e-17 -4.85722573273506e-17 0.6647101779997526
0.35 -4.85722573273506e-17 -4.85722573273506e-17 0.6832342938029949
0.35 -4.85722573273506e-17 -4.85722573273506e-17 0.7022696529830244
0.35 -4.85722573273506e-17 -4.85722573273506e-17 0.7185546587995999
0.35 -4.85722573273506e-17 -4.85722573273506e-17 0.7298336475576672
0.35 -4.85722573273506e-17 -4.85722573273506e-17 0.7514134487069297
0.35 -4.85722573273506e-17 -4.85722573273506e-17 0.7662616165012821
0.35 -4.85722573273506e-17 -4.85722573273506e-17 0.7755730090331072
0.35 -4.85722573273506e-17 -4.85722573273506e-17 0.7933718329904433
0.35 -4.85722573273506e-17 -4.85722573273506e-17 0.8097691737360329
0.35 -4.85722573273506e-17 -4.85722573273506e-17 0.8258211804918405
0.35 -4.85722573273506e-17 -4.85722573273506e-17 0.8419922233290766
0.35 -4.85722573273506e-17 -4.85722573273506e-17 0.8471700120741948
0.35 -4.85722573273506e-17 -4.85722573273506e-17 0.8563721576055183
0.35 -4.85722573273506e-17 -4.85722573273506e-17 0.8787757453738427
0.35 -4.85722573273506e-17 -4.85722573273506e-17 0.8898581996675912
0.35 -4.85722573273506e-17 -4.85722573273506e-17 0.9008409347709474
0.35 -4.85722573273506e-17 -4.85722573273506e-17 0.9169332455383907
0.35 -4.85722573273506e-17 -4.85722573273506e-17 0.924618455158301
0.35 -4.85722573273506e-17 -4.85722573273506e-17 0.9379714167294813
0.35 -4.85722573273506e-17 -4.85722573273506e-17 0.9585895189328654
0.35 -4.85722573273506e-17 -4.85722573273506e-17 0.9655036172013763
0.35 -4.85722573273506e-17 -4.85722573273506e-17 0.9703591231999239
0.35 -4.85722573273506e-17 -4.85722573273506e-17 0.9776585362354292
0.35 -4.85722573273506e-17 -4.85722573273506e-17 0.9960208683088387
0.35 -4.85722573273506e-17 -4.85722573273506e-17 1.0052227985505553
0.35 -4.85722573273506e-17 -4.85722573273506e-17 1.0127411344970627
0.35 -4.85722573273506e-17 -4.85722573273506e-17 1.0192250086817156
0.35 -4.85722573273506e-17 -4.85722573273506e-17 1.0321295407197386
0.35 -4.85722573273506e-17 -4.85722573273506e-17 1.042214441312093
0.35 -4.85722573273506e-17 -4.85722573273506e-17 1.0608498301253944
0.35 -4.85722573273506e-17 -4.85722573273506e-17 1.0721867559953218
0.35 -4.85722573273506e-17 -4.85722573273506e-17 1.0807614869713005
0.35 -4.85722573273506e-17 -4.85722573273506e-17 1.088257413610433
0.35 -4.85722573273506e-17 -4.85722573273506e-17 1.0923816415018301
0.35 -4.85722573273506e-17 -4.85722573273506e-17 1.111805995012913
0.35 -4.85722573273506e-17 -4.85722573273506e-17 1.118622306248044
0.35 -4.85722573273506e-17 -4.85722573273506e-17 1.1270787323774023
0.35 -4.85722573273506e-17 -4.85722573273506e-17 1.1413954855843134
0.35 -4.85722573273506e-17 -4.85722573273506e-17 1.1503910840292608
0.35 -4.85722573273506e-17 -4.85722573273506e-17 1.1595020586403386
0.35 -4.85722573273506e-17 -4.85722573273506e-17 1.1675400368630617
0.35 -4.85722573273506e-17 -4.85722573273506e-17 1.1886393231557788
0.35 -4.85722573273506e-17 -4.85722573273506e-17 1.2047689885780062
0.35 -4.85722573273506e-17 -4.85722573273506e-17 1.2078522120294433
0.35 -4.85722573273506e-17 -4.85722573273506e-17 1.214498029906396
0.35 -4.85722573273506e-17 -4.85722573273506e-17 1.2215959184894858
0.35 -4.85722573273506e-17 -4.85722573273506e-17 1.2320213459458547
0.35 -4.85722573273506e-17 -4.85722573273506e-17 1.2472783505330858
0.35 -4.85722573273506e-17 -4.85722573273506e-17 1.2580857446376834
0.35 -4.85722573273506e-17 -4.85722573273506e-17 1.274921879878935
0.35 -4.85722573273506e-17 -4.85722573273506e-17 1.2850040535032727
0.35 -4.85722573273506e-17 -4.85722573273506e-17 1.295216519717534
0.35 -4.85722573273506e-17 -4.85722573273506e-17 1.2967985353462663
0.35 -4.85722573273506e-17 -4.85722573273506e-17 1.3194481350007246
0.35 -4.85722573273506e-17 -4.85722573273506e-17 1.3234996462573307
0.35 -4.85722573273506e-17 -4.85722573273506e-17 1.3377963925399348
0.35 -4.85722573273506e-17 -4.85722573273506e-17 1.353503309143302
0.35 -4.85722573273506e-17 -4.85722573273506e-17 1.37486048123744
0.35 -4.85722573273506e-17 -4.85722573273506e-17 1.3846691968214657
0.35 -4.85722573273506e-17 -4.85722573273506e-17 1.3902356356790995
0.35 -4.85722573273506e-17 -4.85722573273506e-17 1.40112368510367
0.35 -4.85722573273506e-17 -4.85722573273506e-17 1.4197612658519825
0.35 -4.85722573273506e-17 -4.85722573273506e-17 1.4247102178937847
0.35 -4.85722573273506e-17 -4.85722573273506e-17 1.4460852785341283
0.35 -4.85722573273506e-17 -4.85722573273506e-17 1.4569785549206236
0.35 -4.85722573273506e-17 -4.85722573273506e-17 1.4739873982916134
0.35 -4.85722573273506e-17 -4.85722573273506e-17 1.4808585234123206
0.35 -4.85722573273506e-17 -4.85722573273506e-17 1.494180963905345
0.35 -4.85722573273506e-17 -4.85722573273506e-17 1.5070295204090467
0.35 -4.85722573273506e-17 -4.85722573273506e-17 1.5275761045865126
0.35 -4.85722573273506e-17 -4.85722573273506e-17 1.5489754807521263
0.35 -4.85722573273506e-17 -4.85722573273506e-17 1.5553742562301167
0.35 -4.85722573273506e-17 -4.85722573273506e-17 1.5755893605735762
0.35 -4.85722573273506e-17 -4.85722573273506e-17 1.586853078623558
0.35 -4.85722573273506e-17 -4.85722573273506e-17 1.6002323053336376
0.35 -4.85722573273506e-17 -4.85722573273506e-17 1.6126426947059143
0.35 -4.85722573273506e-17 -4.85722573273506e-17 1.6341383614865128
0.35 -4.85722573273506e-17 -4.85722573273506e-17 1.646125580396383
0.35 -4.85722573273506e-17 -4.85722573273506e-17 1.6585526028976112
0.35 -4.85722573273506e-17 -4.85722573273506e-17 1.676430310391452
0.35 -4.85722573273506e-17 -4.85722573273506e-17 1.7127437283880775
0.35 -4.85722573273506e-17 -4.85722573273506e-17 1.7304422557581987
0.35 -4.85722573273506e-17 -4.85722573273506e-17 1.7693934852343203
0.35 -4.85722573273506e-17 -4.85722573273506e-17 1.7855769954157994
0.35 -4.85722573273506e-17 -4.85722573273506e-17 1.836567543424752
0.35 -4.85722573273506e-17 -4.85722573273506e-17 1.868101067552237
0.35 -4.85722573273506e-17 -4.85722573273506e-17 1.896647777127793
0.35 -4.85722573273506e-17 -4.85722573273506e-17 1.9085681325602657
0.35 -4.85722573273506e-17 -4.85722573273506e-17 2.03301420094643
0.35 -4.85722573273506e-17 -4.85722573273506e-17 2.038829006072821
0.35 -4.85722573273506e-17 -4.85722573273506e-17 2.0689046760344265
0.35 -4.85722573273506e-17 -4.85722573273506e-17 2.0757612041296616
0.35 -4.85722573273506e-17 -4.85722573273506e-17 2.2652252079448623
0.35 -4.85722573273506e-17 -4.85722573273506e-17 2.291042940565874
0.35 -4.85722573273506e-17 -4.85722573273506e-17 2.416910778795362
0.35 -4.85722573273506e-17 -4.85722573273506e-17 2.4272934856353574
0.35 -4.85722573273506e-17 -4.85722573273506e-17 4.038207668146772
0.35 -4.85722573273506e-17 -4.85722573273506e-17 4.110377864114651
0.35 -4.85722573273506e-17 -4.85722573273506e-17 4.308817544552718
0.35 -4.85722573273506e-17 -4.85722573273506e-17 4.35316298727276
0.35 -4.85722573273506e-17 -4.85722573273506e-17 4.711289084954862
0.35 -4.85722573273506e-17 -4.85722573273506e-17 4.729004633990789
0.35 -4.85722573273506e-17 -4.85722573273506e-17 4.805490868738961
0.35 -4.85722573273506e-17 -4.85722573273506e-17 4.853003375560911
0.35 -4.85722573273506e-17 -4.85722573273506e-17 5.134084002081975
0.35 -4.85722573273506e-17 -4.85722573273506e-17 5.160835185077319
0.35 -4.85722573273506e-17 -4.85722573273506e-17 5.18176204414987
0.35 -4.85722573273506e-17 -4.85722573273506e-17 5.207966975251425
0.35 -4.85722573273506e-17 -4.85722573273506e-17 5.377125386157388
0.35 -4.85722573273506e-17 -4.85722573273506e-17 5.419659666434125
0.35 -4.85722573273506e-17 -4.85722573273506e-17 5.540414124337584
0.35 -4.85722573273506e-17 -4.85722573273506e-17 5.562040423003241
0.35 -4.85722573273506e-17 -4.85722573273506e-17 5.72676929558007
0.35 -4.85722573273506e-17 -4.85722573273506e-17 5.778091266075556
0.35 -4.85722573273506e-17 -4.85722573273506e-17 5.866365654874651
0.35 -4.85722573273506e-17 -4.85722573273506e-17 5.912880653888102
0.35 -4.85722573273506e-17 -4.85722573273506e-17 6.0980410829603935
0.35 -4.85722573273506e-17 -4.85722573273506e-17 6.117083808855339
0.35 -4.85722573273506e-17 -4.85722573273506e-17 6.172186067355415
0.35 -4.85722573273506e-17 -4.85722573273506e-17 6.198174378450448
0.35 -4.85722573273506e-17 -4.85722573273506e-17 6.507443031796612
0.35 -4.85722573273506e-17 -4.85722573273506e-17 6.553783575394912
0.35 -4.85722573273506e-17 -4.85722573273506e-17 6.722203473992682
0.35 -4.85722573273506e-17 -4.85722573273506e-17 6.754294038991966
0.35 -4.85722573273506e-17 -4.85722573273506e-17 6.818790778080821
0.35 -4.85722573273506e-17 -4.85722573273506e-17 6.8960956014858485
0.35 -4.85722573273506e-17 -4.85722573273506e-17 6.953659063527797
0.35 -4.85722573273506e-17 -4.85722573273506e-17 7.023641897822012
0.35 -4.85722573273506e-17 -4.85722573273506e-17 7.061545307352393
0.35 -4.85722573273506e-17 -4.85722573273506e-17 7.100546312115847
0.35 -4.85722573273506e-17 -4.85722573273506e-17 7.377508870573317
0.35 -4.85722573273506e-17 -4.85722573273506e-17 7.4115003867532705
0.35 -4.85722573273506e-17 -4.85722573273506e-17 7.565192158070572
0.35 -4.85722573273506e-17 -4.85722573273506e-17 7.610317240606708
0.35 -4.85722573273506e-17 -4.85722573273506e-17 7.754795687387794
0.35 -4.85722573273506e-17 -4.85722573273506e-17 7.818785085269587
0.35 -4.85722573273506e-17 -4.85722573273506e-17 7.903378248384467
0.35 -4.85722573273506e-17 -4.85722573273506e-17 7.940053848562295
0.35 -4.85722573273506e-17 -4.85722573273506e-17 8.016975065544678
0.35 -4.85722573273506e-17 -4.85722573273506e-17 8.092804212144948
0.35 -4.85722573273506e-17 -4.85722573273506e-17 8.213852452377617
0.35 -4.85722573273506e-17 -4.85722573273506e-17 8.242353557357694
0.35 -4.85722573273506e-17 -4.85722573273506e-17 8.37817346689578
0.35 -4.85722573273506e-17 -4.85722573273506e-17 8.415992188847781
0.32499999999999996 -4.85722573273506e-17 -4.85722573273506e-17 -5.24802061582305
0.32499999999999996 -4.85722573273506e-17 -4.85722573273506e-17 -5.241697840676215
0.32499999999999996 -4.85722573273506e-17 -4.85722573273506e-17 -5.051666770383702
0.32499999999999996 -4.85722573273506e-17 -4.85722573273506e-17 -5.040640707332168
0.32499999999999996 -4.85722573273506e-17 -4.85722573273506e-17 -4.845182477506568
0.32499999999999996 -4.85722573273506e-17 -4.85722573273506e-17 -4.841534101829876
0.32499999999999996 -4.85722573273506e-17 -4.85722573273506e-17 -4.823753246386808
0.32499999999999996 -4.85722573273506e-17 -4.85722573273506e-17 -4.801876245426504
0.32499999999999996 -4.85722573273506e-17 -4.85722573273506e-17 -4.639446850610982
0.32499999999999996 -4.85722573273506e-17 -4.85722573273506e-17 -4.6349621695517085
0.32499999999999996 -4.85722573273506e-17 -4.85722573273506e-17 -4.595012494462191
0.32499999999999996 -4.85722573273506e-17 -4.85722573273506e-17 -4.567910315087937
0.32499999999999996 -4.85722573273506e-17 -4.85722573273506e-17 -4.344540669078999
0.32499999999999996 -4.85722573273506e-17 -4.85722573273506e-17 -4.2818426725449825
0.32499999999999996 -4.85722573273506e-17 -4.85722573273506e-17 -3.936254648960606
0.32499999999999996 -4.85722573273506e-17 -4.85722573273506e-17 -3.7935499103540256
0.32499999999999996 -4.85722573273506e-17 -4.85722573273506e-17 -1.0311646043995868
0.32499999999999996 -4.85722573273506e-17 -4.85722573273506e-17 -1.0046810762884686
0.32499999999999996 -4.85722573273506e-17 -4.85722573273506e-17 -0.7934337354563592
0.32499999999999996 -4.85722573273506e-17 -4.85722573273506e-17 -0.7786841609940893
0.32499999999999996 -4.85722573273506e-17 -4.85722573273506e-17 -0.7448361141032738
0.32499999999999996 -4.85722573273506e-17 -4.85722573273506e-17 -0.7293482897000896
0.32499999999999996 -4.85722573273506e-17 -4.85722573273506e-17 -0.7016320577842796
0.32499999999999996 -4.85722573273506e-17 -4.85722573273506e-17 -0.6967500387959298
0.32499999999999996 -4.85722573273506e-17 -4.85722573273506e-17 -0.6322935426996885
0.32499999999999996 -4.85722573273506e-17 -4.85722573273506e-17 -0.6232306843522277
0.32499999999999996 -4.85722573273506e-17 -4.85722573273506e-17 -0.5684428127880157
0.32499999999999996 -4.85722573273506e-17 -4.85722573273506e-17 -0.5554911143017733
0.32499999999999996 -4.85722573273506e-17 -4.85722573273506e-17 -0.5169374545623384
0.32499999999999996 -4.85722573273506e-17 -4.85722573273506e-17 -0.4923239387523246
0.32499999999999996 -4.85722573273506e-17 -4.85722573273506e-17 -0.4622466302781625
0.32499999999999996 -4.85722573273506e-17 -4.85722573273506e-17 -0.4429501405810292
0.32499999999999996 -4.85722573273506e-17 -4.85722573273506e-17 -0.43296250384997137
0.32499999999999996 -4.85722573273506e-17 -4.85722573273506e-17 -0.410338326505693
0.32499999999999996 -4.85722573273506e-17 -4.85722573273506e-17 -0.3633461438854457
0.32499999999999996 -4.85722573273506e-17 -4.85722573273506e-17 -0.34043166634775623
0.32499999999999996 -4.85722573273506e-17 -4.85722573273506e-17 -0.20055272123760481
0.32499999999999996 -4.85722573273506e-17 -4.85722573273506e-17 -0.1734203597331767
0.32499999999999996 -4.85722573273506e-17 -4.85722573273506e-17 -0.14289957352342597
0.32499999999999996 -4.85722573273506e-17 -4.85722573273506e-17 -0.12706516696087533
0.32499999999999996 -4.85722573273506e-17 -4.85722573273506e-17 0.1983280942677439
0.32499999999999996 -4.85722573273506e-17 -4.85722573273506e-17 0.23522023090634112
0.32499999999999996 -4.85722573273506e-17 -4.85722573273506e-17 0.24071067916277702
0.32499999999999996 -4.85722573273506e-17 -4.85722573273506e-17 0.26737293863727984
0.32499999999999996 -4.85722573273506e-17 -4.85722573273506e-17 0.2768128864539854
0.32499999999999996 -4.85722573273506e-17 -4.85722573273506e-17 0.3029058626469414
0.32499999999999996 -4.85722573273506e-17 -4.85722573273506e-17 0.316286245790776
0.32499999999999996 -4.85722573273506e-17 -4.85722573273506e-17 0.35453605455615467
0.32499999999999996 -4.85722573273506e-17 -4.85722573273506e-17 0.37850210012494934
0.32499999999999996 -4.85722573273506e-17 -4.85722573273506e-17 0.3910971493262352
0.32499999999999996 -4.85722573273506e-17 -4.85722573273506e-17 0.400458492825571
0.32499999999999996 -4.85722573273506e-17 -4.85722573273506e-17 0.4102224901808924
0.32499999999999996 -4.85722573273506e-17 -4.85722573273506e-17 0.4242270556454111
0.32499999999999996 -4.85722573273506e-17 -4.85722573273506e-17 0.44483523202930986
0.32499999999999996 -4.85722573273506e-17 -4.85722573273506e-17 0.463376682773781
0.32499999999999996 -4.85722573273506e-17 -4.85722573273506e-17 0.47010597790046177
0.32499999999999996 -4.85722573273506e-17 -4.85722573273506e-17 0.4796592225390919
0.32499999999999996 -4.85722573273506e-17 -4.85722573273506e-17 0.5019237594849404
0.32499999999999996 -4.85722573273506e-17 -4.85722573273506e-17 0.5100567022409788
0.32499999999999996 -4.85722573273506e-17 -4.85722573273506e-17 0.5398196676122673
0.32499999999999996 -4.85722573273506e-17 -4.85722573273506e-17 0.6206675079838524
0.32499999999999996 -4.85722573273506e-17 -4.85722573273506e-17 0.6524643730836306
0.32499999999999996 -4.85722573273506e-17 -4.85722573273506e-17 0.658186089095113
0.32499999999999996 -4.85722573273506e-17 -4.85722573273506e-17 0.6691586087086376
0.32499999999999996 -4.85722573273506e-17 -4.85722573273506e-17 0.6867785122919754
0.32499999999999996 -4.85722573273506e-17 -4.85722573273506e-17 0.7053325566207427
0.32499999999999996 -4.85722573273506e-17 -4.85722573273506e-17 0.7217565115322353
0.32499999999999996 -4.85722573273506e-17 -4.85722573273506e-17 0.7359219993892152
0.32499999999999996 -4.85722573273506e-17 -4.85722573273506e-17 0.7550092556447607
0.32499999999999996 -4.85722573273506e-17 -4.85722573273506e-17 0.7722246350865714
0.32499999999999996 -4.85722573273506e-17 -4.85722573273506e-17 0.777212524362357
0.32499999999999996 -4.85722573273506e-17 -4.85722573273506e-17 0.7951705394894075
0.32499999999999996 -4.85722573273506e-17 -4.85722573273506e-17 0.8116233332535856
0.32499999999999996 -4.85722573273506e-17 -4.85722573273506e-17 0.829279648642629
0.32499999999999996 -4.85722573273506e-17 -4.85722573273506e-17 0.8434833900846043
0.32499999999999996 -4.85722573273506e-17 -4.85722573273506e-17 0.8487956921460483
0.32499999999999996 -4.85722573273506e-17 -4.85722573273506e-17 0.8568787376171807
0.32499999999999996 -4.85722573273506e-17 -4.85722573273506e-17 0.8806620622039834
0.32499999999999996 -4.85722573273506e-17 -4.85722573273506e-17 0.8926402808900233
0.32499999999999996 -4.85722573273506e-17 -4.85722573273506e-17 0.9028988311691233
0.32499999999999996 -4.85722573273506e-17 -4.85722573273506e-17 0.9183380144562989
0.32499999999999996 -4.85722573273506e-17 -4.85722573273506e-17 0.9253855090991422
0.32499999999999996 -4.85722573273506e-17 -4.85722573273506e-17 0.939036621029925
0.32499999999999996 -4.85722573273506e-17 -4.85722573273506e-17 0.9567182718289624
0.32499999999999996 -4.85722573273506e-17 -4.85722573273506e-17 0.9652262495926173
0.32499999999999996 -4.85722573273506e-17 -4.85722573273506e-17 0.9719317790184748
0.32499999999999996 -4.85722573273506e-17 -4.85722573273506e-17 0.9772374291692731
0.32499999999999996 -4.85722573273506e-17 -4.85722573273506e-17 0.997700686781645
0.32499999999999996 -4.85722573273506e-17 -4.85722573273506e-17 1.0045058695387226
0.32499999999999996 -4.85722573273506e-17 -4.85722573273506e-17 1.0141474973078093
0.32499999999999996 -4.85722573273506e-17 -4.85722573273506e-17 1.019661677269856
0.32499999999999996 -4.85722573273506e-17 -4.85722573273506e-17 1.030733464378212
0.32499999999999996 -4.85722573273506e-17 -4.85722573273506e-17 1.0420903055195208
0.32499999999999996 -4.85722573273506e-17 -4.85722573273506e-17 1.0625861478682967
0.32499999999999996 -4.85722573273506e-17 -4.85722573273506e-17 1.073032362315212
0.32499999999999996 -4.85722573273506e-17 -4.85722573273506e-17 1.0813809425486225
0.32499999999999996 -4.85722573273506e-17 -4.85722573273506e-17 1.0872664392905542
0.32499999999999996 -4.85722573273506e-17 -4.85722573273506e-17 1.0923693587999774
0.32499999999999996 -4.85722573273506e-17 -4.85722573273506e-17 1.109959031356615
0.32499999999999996 -4.85722573273506e-17 -4.85722573273506e-17 1.1177058054691873
0.32499999999999996 -4.85722573273506e-17 -4.85722573273506e-17 1.1262294403717759
0.32499999999999996 -4.85722573273506e-17 -4.85722573273506e-17 1.1429142860966484
0.32499999999999996 -4.85722573273506e-17 -4.85722573273506e-17 1.149579735798516
0.32499999999999996 -4.85722573273506e-17 -4.85722573273506e-17 1.1591399652619776
0.32499999999999996 -4.85722573273506e-17 -4.85722573273506e-17 1.1684880184138535
0.32499999999999996 -4.85722573273506e-17 -4.85722573273506e-17 1.1889192340477637
0.32499999999999996 -4.85722573273506e-17 -4.85722573273506e-17 1.2038334657341292
0.32499999999999996 -4.85722573273506e-17 -4.85722573273506e-17 1.206418729832839
0.32499999999999996 -4.85722573273506e-17 -4.85722573273506e-17 1.2158605418958637
0.32499999999999996 -4.85722573273506e-17 -4.85722573273506e-17 1.2213186692110454
0.32499999999999996 -4.85722573273506e-17 -4.85722573273506e-17 1.2327705231846888
0.32499999999999996 -4.85722573273506e-17 -4.85722573273506e-17 1.2454404716766225
0.32499999999999996 -4.85722573273506e-17 -4.85722573273506e-17 1.2581479680978527
0.32499999999999996 -4.85722573273506e-17 -4.85722573273506e-17 1.2735629743493222
0.32499999999999996 -4.85722573273506e-17 -4.85722573273506e-17 1.2839036436891984
0.32499999999999996 -4.85722573273506e-17 -4.85722573273506e-17 1.2943723419664015
0.32499999999999996 -4.85722573273506e-17 -4.85722573273506e-17 1.296133501375451
0.32499999999999996 -4.85722573273506e-17 -4.85722573273506e-17 1.3182683400893231
0.32499999999999996 -4.85722573273506e-17 -4.85722573273506e-17 1.324052572431423
0.32499999999999996 -4.85722573273506e-17 -4.85722573273506e-17 1.3373244665238024
0.32499999999999996 -4.85722573273506e-17 -4.85722573273506e-17 1.3541220732621593
0.32499999999999996 -4.85722573273506e-17 -4.85722573273506e-17 1.3745128783068363
0.32499999999999996 -4.85722573273506e-17 -4.85722573273506e-17 1.3836514559705027
0.32499999999999996 -4.85722573273506e-17 -4.85722573273506e-17 1.3913689974731884
0.32499999999999996 -4.85722573273506e-17 -4.85722573273506e-17 1.4023749294748873
0.32499999999999996 -4.85722573273506e-17 -4.85722573273506e-17 1.4189198982939875
0.32499999999999996 -4.85722573273506e-17 -4.85722573273506e-17 1.4265835201458588
0.32499999999999996 -4.85722573273506e-17 -4.85722573273506e-17 1.4465572664975381
0.32499999999999996 -4.85722573273506e-17 -4.85722573273506e-17 1.4568023574854978
0.32499999999999996 -4.85722573273506e-17 -4.85722573273506e-17 1.4770437975411639
0.32499999999999996 -4.85722573273506e-17 -4.85722573273506e-17 1.4821696843365628
0.32499999999999996 -4.85722573273506e-17 -4.85722573273506e-17 1.4930635687745655
0.32499999999999996 -4.85722573273506e-17 -4.85722573273506e-17 1.5095848917587675
0.32499999999999996 -4.85722573273506e-17 -4.85722573273506e-17 1.5298755221521807
0.32499999999999996 -4.85722573273506e-17 -4.85722573273506e-17 1.5487722999596998
0.32499999999999996 -4.85722573273506e-17 -4.85722573273506e-17 1.5543980468222087
0.32499999999999996 -4.85722573273506e-17 -4.85722573273506e-17 1.576622335366971
0.32499999999999996 -4.85722573273506e-17 -4.85722573273506e-17 1.587760366580791
0.32499999999999996 -4.85722573273506e-17 -4.85722573273506e-17 1.6036917877734291
0.32499999999999996 -4.85722573273506e-17 -4.85722573273506e-17 1.614282818143975
0.32499999999999996 -4.85722573273506e-17 -4.85722573273506e-17 1.6351338768338533
0.32499999999999996 -4.85722573273506e-17 -4.85722573273506e-17 1.646879682650371
0.32499999999999996 -4.85722573273506e-17 -4.85722573273506e-17 1.6593289805916438
0.32499999999999996 -4.85722573273506e-17 -4.85722573273506e-17 1.678042947260744
0.32499999999999996 -4.85722573273506e-17 -4.85722573273506e-17 1.7141210932665523
0.32499999999999996 -4.85722573273506e-17 -4.85722573273506e-17 1.7332160193971946
0.32499999999999996 -4.85722573273506e-17 -4.85722573273506e-17 1.7690880237553017
0.32499999999999996 -4.85722573273506e-17 -4.85722573273506e-17 1.786090123714791
0.32499999999999996 -4.85722573273506e-17 -4.85722573273506e-17 1.834959126588375
0.32499999999999996 -4.85722573273506e-17 -4.85722573273506e-17 1.8660450211781807
0.32499999999999996 -4.85722573273506e-17 -4.85722573273506e-17 1.9012916482640954
0.32499999999999996 -4.85722573273506e-17 -4.85722573273506e-17 1.9121490459418915
0.32499999999999996 -4.85722573273506e-17 -4.85722573273506e-17 2.0461273785758483
0.32499999999999996 -4.85722573273506e-17 -4.85722573273506e-17 2.051223209532938
0.32499999999999996 -4.85722573273506e-17 -4.85722573273506e-17 2.081953634330568
0.32499999999999996 -4.85722573273506e-17 -4.85722573273506e-17 2.0892894309368506
0.32499999999999996 -4.85722573273506e-17 -4.85722573273506e-17 2.2591531583174493
0.32499999999999996 -4.85722573273506e-17 -4.85722573273506e-17 2.286972632178898
0.32499999999999996 -4.85722573273506e-17 -4.85722573273506e-17 2.435291678587279
0.32499999999999996 -4.85722573273506e-17 -4.85722573273506e-17 2.4451586295063343
0.32499999999999996 -4.85722573273506e-17 -4.85722573273506e-17 4.011464822531314
0.32499999999999996 -4.85722573273506e-17 -4.85722573273506e-17 4.083827656462302
0.32499999999999996 -4.85722573273506e-17 -4.85722573273506e-17 4.3238687274531005
0.32499999999999996 -4.85722573273506e-17 -4.85722573273506e-17 4.365453675546065
0.32499999999999996 -4.85722573273506e-17 -4.85722573273506e-17 4.686950803711831
0.32499999999999996 -4.85722573273506e-17 -4.85722573273506e-17 4.70742670749064
0.32499999999999996 -4.85722573273506e-17 -4.85722573273506e-17 4.7818955929745535
0.32499999999999996 -4.85722573273506e-17 -4.85722573273506e-17 4.832883889877193
0.32499999999999996 -4.85722573273506e-17 -4.85722573273506e-17 5.141098223692806
0.32499999999999996 -4.85722573273506e-17 -4.85722573273506e-17 5.169203955484814
0.32499999999999996 -4.85722573273506e-17 -4.85722573273506e-17 5.187290679192097
0.32499999999999996 -4.85722573273506e-17 -4.85722573273506e-17 5.213322513005725
0.32499999999999996 -4.85722573273506e-17 -4.85722573273506e-17 5.363123666753969
0.32499999999999996 -4.85722573273506e-17 -4.85722573273506e-17 5.411379030415127
0.32499999999999996 -4.85722573273506e-17 -4.85722573273506e-17 5.541395324043746
0.32499999999999996 -4.85722573273506e-17 -4.85722573273506e-17 5.566225373273587
0.32499999999999996 -4.85722573273506e-17 -4.85722573273506e-17 5.675431121419484
0.32499999999999996 -4.85722573273506e-17 -4.85722573273506e-17 5.7310917271843635
0.32499999999999996 -4.85722573273506e-17 -4.85722573273506e-17 5.810251192347012
0.32499999999999996 -4.85722573273506e-17 -4.85722573273506e-17 5.852848050441768
0.32499999999999996 -4.85722573273506e-17 -4.85722573273506e-17 6.046495309363955
0.32499999999999996 -4.85722573273506e-17 -4.85722573273506e-17 6.067728410812688
0.32499999999999996 -4.85722573273506e-17 -4.85722573273506e-17 6.1186525228944735
0.32499999999999996 -4.85722573273506e-17 -4.85722573273506e-17 6.146504131626524
0.32499999999999996 -4.85722573273506e-17 -4.85722573273506e-17 6.529993634358822
0.32499999999999996 -4.85722573273506e-17 -4.85722573273506e-17 6.581919865345178
0.32499999999999996 -4.85722573273506e-17 -4.85722573273506e-17 6.700299421752485
0.32499999999999996 -4.85722573273506e-17 -4.85722573273506e-17 6.74415515119032
0.32499999999999996 -4.85722573273506e-17 -4.85722573273506e-17 6.879633160665518
0.32499999999999996 -4.85722573273506e-17 -4.85722573273506e-17 6.946392142087992
0.32499999999999996 -4.85722573273506e-17 -4.85722573273506e-17 7.006915199205649
0.32499999999999996 -4.85722573273506e-17 -4.85722573273506e-17 7.074447633698291
0.32499999999999996 -4.85722573273506e-17 -4.85722573273506e-17 7.1102717331453515
0.32499999999999996 -4.85722573273506e-17 -4.85722573273506e-17 7.152501529629459
0.32499999999999996 -4.85722573273506e-17 -4.85722573273506e-17 7.382180413070153
0.32499999999999996 -4.85722573273506e-17 -4.85722573273506e-17 7.411261444830128
0.32499999999999996 -4.85722573273506e-17 -4.85722573273506e-17 7.572893836570122
0.32499999999999996 -4.85722573273506e-17 -4.85722573273506e-17 7.619669471196178
0.32499999999999996 -4.85722573273506e-17 -4.85722573273506e-17 7.762859104894745
0.32499999999999996 -4.85722573273506e-17 -4.85722573273506e-17 7.822276730554453
0.32499999999999996 -4.85722573273506e-17 -4.85722573273506e-17 7.906918397175067
0.32499999999999996 -4.85722573273506e-17 -4.85722573273506e-17 7.9542340640939
0.32499999999999996 -4.85722573273506e-17 -4.85722573273506e-17 8.028865155401109
0.32499999999999996 -4.85722573273506e-17 -4.85722573273506e-17 8.10312678537313
0.32499999999999996 -4.85722573273506e-17 -4.85722573273506e-17 8.2314247832128
0.32499999999999996 -4.85722573273506e-17 -4.85722573273506e-17 8.26322528030822
0.32499999999999996 -4.85722573273506e-17 -4.85722573273506e-17 8.383579739907185
0.32499999999999996 -4.85722573273506e-17 -4.85722573273506e-17 8.424195212735686
0.29999999999999993 -4.85722573273506e-17 -4.85722573273506e-17 -5.258994185443932
0.29999999999999993 -4.85722573273506e-17 -4.85722573273506e-17 -5.253218869317585
0.29999999999999993 -4.85722573273506e-17 -4.85722573273506e-17 -5.038315769889351
0.29999999999999993 -4.85722573273506e-17 -4.85722573273506e-17 -5.027521906213763
0.29999999999999993 -4.85722573273506e-17 -4.85722573273506e-17 -4.856379423358599
0.29999999999999993 -4.85722573273506e-17 -4.85722573273506e-17 -4.852951050000856
0.29999999999999993 -4.85722573273506e-17 -4.85722573273506e-17 -4.834993373729734
0.29999999999999993 -4.85722573273506e-17 -4.85722573273506e-17 -4.814914636168481
0.29999999999999993 -4.85722573273506e-17 -4.85722573273506e-17 -4.625642552004755
0.29999999999999993 -4.85722573273506e-17 -4.85722573273506e-17 -4.621421799950634
0.29999999999999993 -4.85722573273506e-17 -4.85722573273506e-17 -4.580794461761053
0.29999999999999993 -4.85722573273506e-17 -4.85722573273506e-17 -4.554775806653208
0.29999999999999993 -4.85722573273506e-17 -4.85722573273506e-17 -4.361244293362075
0.29999999999999993 -4.85722573273506e-17 -4.85722573273506e-17 -4.30527388217601
0.29999999999999993 -4.85722573273506e-17 -4.85722573273506e-17 -3.9189239798939486
0.29999999999999993 -4.85722573273506e-17 -4.85722573273506e-17 -3.776214804197288
0.29999999999999993 -4.85722573273506e-17 -4.85722573273506e-17 -1.0332975270025972
0.29999999999999993 -4.85722573273506e-17 -4.85722573273506e-17 -1.0037575834562862
0.29999999999999993 -4.85722573273506e-17 -4.85722573273506e-17 -0.7981732511832771
0.29999999999999993 -4.85722573273506e-17 -4.85722573273506e-17 -0.7822151354497944
0.29999999999999993 -4.85722573273506e-17 -4.85722573273506e-17 -0.7453999304615451
0.29999999999999993 -4.85722573273506e-17 -4.85722573273506e-17 -0.7287659969676827
0.29999999999999993 -4.85722573273506e-17 -4.85722573273506e-17 -0.7040548179673194
0.29999999999999993 -4.85722573273506e-17 -4.85722573273506e-17 -0.6983850071824125
0.29999999999999993 -4.85722573273506e-17 -4.85722573273506e-17 -0.6360594276719702
0.29999999999999993 -4.85722573273506e-17 -4.85722573273506e-17 -0.6253004554446573
0.29999999999999993 -4.85722573273506e-17 -4.85722573273506e-17 -0.570594001760778
0.29999999999999993 -4.85722573273506e-17 -4.85722573273506e-17 -0.5555848128897161
0.29999999999999993 -4.85722573273506e-17 -4.85722573273506e-17 -0.5284435788921336
0.29999999999999993 -4.85722573273506e-17 -4.85722573273506e-17 -0.5038780415496227
0.29999999999999993 -4.85722573273506e-17 -4.85722573273506e-17 -0.4780903070853242
0.29999999999999993 -4.85722573273506e-17 -4.85722573273506e-17 -0.46545964737024725
0.29999999999999993 -4.85722573273506e-17 -4.85722573273506e-17 -0.4406525586970691
0.29999999999999993 -4.85722573273506e-17 -4.85722573273506e-17 -0.4312811300187942
0.29999999999999993 -4.85722573273506e-17 -4.85722573273506e-17 -0.392529851961255
0.29999999999999993 -4.85722573273506e-17 -4.85722573273506e-17 -0.3697165085011047
0.29999999999999993 -4.85722573273506e-17 -4.85722573273506e-17 -0.23429005256231683
0.29999999999999993 -4.85722573273506e-17 -4.85722573273506e-17 -0.2030629457051809
0.29999999999999993 -4.85722573273506e-17 -4.85722573273506e-17 -0.17452315483977188
0.29999999999999993 -4.85722573273506e-17 -4.85722573273506e-17 -0.15894366186950926
0.29999999999999993 -4.85722573273506e-17 -4.85722573273506e-17 0.20690384039601462
0.29999999999999993 -4.85722573273506e-17 -4.85722573273506e-17 0.2421220642426576
0.29999999999999993 -4.85722573273506e-17 -4.85722573273506e-17 0.25328176723561135
0.29999999999999993 -4.85722573273506e-17 -4.85722573273506e-17 0.2787195933906781
0.29999999999999993 -4.85722573273506e-17 -4.85722573273506e-17 0.28218616100203164
0.29999999999999993 -4.85722573273506e-17 -4.85722573273506e-17 0.3115472797910268
0.29999999999999993 -4.85722573273506e-17 -4.85722573273506e-17 0.33111367082905296
0.29999999999999993 -4.85722573273506e-17 -4.85722573273506e-17 0.36556664968289176
0.29999999999999993 -4.85722573273506e-17 -4.85722573273506e-17 0.3892220058404252
0.29999999999999993 -4.85722573273506e-17 -4.85722573273506e-17 0.40447989295460296
0.29999999999999993 -4.85722573273506e-17 -4.85722573273506e-17 0.4159926641580887
0.29999999999999993 -4.85722573273506e-17 -4.85722573273506e-17 0.42050594419443493
0.29999999999999993 -4.85722573273506e-17 -4.85722573273506e-17 0.4363803606675756
0.29999999999999993 -4.85722573273506e-17 -4.85722573273506e-17 0.4588814810747879
0.29999999999999993 -4.85722573273506e-17 -4.85722573273506e-17 0.4693045905481492
0.29999999999999993 -4.85722573273506e-17 -4.85722573273506e-17 0.48213385121550806
0.29999999999999993 -4.85722573273506e-17 -4.85722573273506e-17 0.4900429425384253
0.29999999999999993 -4.85722573273506e-17 -4.85722573273506e-17 0.5141881988001064
0.29999999999999993 -4.85722573273506e-17 -4.85722573273506e-17 0.5171306857225653
0.29999999999999993 -4.85722573273506e-17 -4.85722573273506e-17 0.5506882276561091
0.29999999999999993 -4.85722573273506e-17 -4.85722573273506e-17 0.6277729081340109
0.29999999999999993 -4.85722573273506e-17 -4.85722573273506e-17 0.6553154928166371
0.29999999999999993 -4.85722573273506e-17 -4.85722573273506e-17 0.6650697659987754
0.29999999999999993 -4.85722573273506e-17 -4.85722573273506e-17 0.6757242724032153
0.29999999999999993 -4.85722573273506e-17 -4.85722573273506e-17 0.6913788278153294
0.29999999999999993 -4.85722573273506e-17 -4.85722573273506e-17 0.7091362574862812
0.29999999999999993 -4.85722573273506e-17 -4.85722573273506e-17 0.7251234312961934
0.29999999999999993 -4.85722573273506e-17 -4.85722573273506e-17 0.7444013879417462
0.29999999999999993 -4.85722573273506e-17 -4.85722573273506e-17 0.7593731999761824
0.29999999999999993 -4.85722573273506e-17 -4.85722573273506e-17 0.7771312033442052
0.29999999999999993 -4.85722573273506e-17 -4.85722573273506e-17 0.7811871239933149
0.29999999999999993 -4.85722573273506e-17 -4.85722573273506e-17 0.7966711613068487
0.29999999999999993 -4.85722573273506e-17 -4.85722573273506e-17 0.8142415358403925
0.29999999999999993 -4.85722573273506e-17 -4.85722573273506e-17 0.8328139900182459
0.29999999999999993 -4.85722573273506e-17 -4.85722573273506e-17 0.8446283796529758
0.29999999999999993 -4.85722573273506e-17 -4.85722573273506e-17 0.8501871138848368
0.29999999999999993 -4.85722573273506e-17 -4.85722573273506e-17 0.8579246583711022
0.29999999999999993 -4.85722573273506e-17 -4.85722573273506e-17 0.8832437932850841
0.29999999999999993 -4.85722573273506e-17 -4.85722573273506e-17 0.8944601678050361
0.29999999999999993 -4.85722573273506e-17 -4.85722573273506e-17 0.9049777515626571
0.29999999999999993 -4.85722573273506e-17 -4.85722573273506e-17 0.9208467286805971
0.29999999999999993 -4.85722573273506e-17 -4.85722573273506e-17 0.9266896865727202
0.29999999999999993 -4.85722573273506e-17 -4.85722573273506e-17 0.9404800879125119
0.29999999999999993 -4.85722573273506e-17 -4.85722573273506e-17 0.9543716657897967
0.29999999999999993 -4.85722573273506e-17 -4.85722573273506e-17 0.963123676589225
0.29999999999999993 -4.85722573273506e-17 -4.85722573273506e-17 0.9739736033076113
0.29999999999999993 -4.85722573273506e-17 -4.85722573273506e-17 0.9786231598052829
0.29999999999999993 -4.85722573273506e-17 -4.85722573273506e-17 0.9994251531506063
0.29999999999999993 -4.85722573273506e-17 -4.85722573273506e-17 1.0032492352129572
0.29999999999999993 -4.85722573273506e-17 -4.85722573273506e-17 1.0149596997061154
0.29999999999999993 -4.85722573273506e-17 -4.85722573273506e-17 1.0204279979179105
0.29999999999999993 -4.85722573273506e-17 -4.85722573273506e-17 1.030750847996206
0.29999999999999993 -4.85722573273506e-17 -4.85722573273506e-17 1.0415195781135873
0.29999999999999993 -4.85722573273506e-17 -4.85722573273506e-17 1.064282653027508
0.29999999999999993 -4.85722573273506e-17 -4.85722573273506e-17 1.0736781697606634
0.29999999999999993 -4.85722573273506e-17 -4.85722573273506e-17 1.0810842523174515
0.29999999999999993 -4.85722573273506e-17 -4.85722573273506e-17 1.0871348861276768
0.29999999999999993 -4.85722573273506e-17 -4.85722573273506e-17 1.092960905915509
0.29999999999999993 -4.85722573273506e-17 -4.85722573273506e-17 1.10831912242781
0.29999999999999993 -4.85722573273506e-17 -4.85722573273506e-17 1.1168024487724697
0.29999999999999993 -4.85722573273506e-17 -4.85722573273506e-17 1.125354049024308
0.29999999999999993 -4.85722573273506e-17 -4.85722573273506e-17 1.1438437333453495
0.29999999999999993 -4.85722573273506e-17 -4.85722573273506e-17 1.1483544298950104
0.29999999999999993 -4.85722573273506e-17 -4.85722573273506e-17 1.1586244409189952
0.29999999999999993 -4.85722573273506e-17 -4.85722573273506e-17 1.1699896713299403
0.29999999999999993 -4.85722573273506e-17 -4.85722573273506e-17 1.1885555766935196
0.29999999999999993 -4.85722573273506e-17 -4.85722573273506e-17 1.2016945665690681
0.29999999999999993 -4.85722573273506e-17 -4.85722573273506e-17 1.2057536836066152
0.29999999999999993 -4.85722573273506e-17 -4.85722573273506e-17 1.2171622026863758
0.29999999999999993 -4.85722573273506e-17 -4.85722573273506e-17 1.22186692213227
0.29999999999999993 -4.85722573273506e-17 -4.85722573273506e-17 1.2326991287366438
0.29999999999999993 -4.85722573273506e-17 -4.85722573273506e-17 1.2442623506062649
0.29999999999999993 -4.85722573273506e-17 -4.85722573273506e-17 1.2571627738630688
0.29999999999999993 -4.85722573273506e-17 -4.85722573273506e-17 1.2713419207193946
0.29999999999999993 -4.85722573273506e-17 -4.85722573273506e-17 1.283426760333402
0.29999999999999993 -4.85722573273506e-17 -4.85722573273506e-17 1.293809981803658
0.29999999999999993 -4.85722573273506e-17 -4.85722573273506e-17 1.2957987516911171
0.29999999999999993 -4.85722573273506e-17 -4.85722573273506e-17 1.316200802069801
0.29999999999999993 -4.85722573273506e-17 -4.85722573273506e-17 1.3246124768191265
0.29999999999999993 -4.85722573273506e-17 -4.85722573273506e-17 1.338240321866973
0.29999999999999993 -4.85722573273506e-17 -4.85722573273506e-17 1.3546270050945663
0.29999999999999993 -4.85722573273506e-17 -4.85722573273506e-17 1.3743531120868298
0.29999999999999993 -4.85722573273506e-17 -4.85722573273506e-17 1.3828192377649247
0.29999999999999993 -4.85722573273506e-17 -4.85722573273506e-17 1.3920864481612236
0.29999999999999993 -4.85722573273506e-17 -4.85722573273506e-17 1.403164816809757
0.29999999999999993 -4.85722573273506e-17 -4.85722573273506e-17 1.4182799383012785
0.29999999999999993 -4.85722573273506e-17 -4.85722573273506e-17 1.42823164860632
0.29999999999999993 -4.85722573273506e-17 -4.85722573273506e-17 1.4469965342212179
0.29999999999999993 -4.85722573273506e-17 -4.85722573273506e-17 1.456746799710996
0.29999999999999993 -4.85722573273506e-17 -4.85722573273506e-17 1.479697692880903
0.29999999999999993 -4.85722573273506e-17 -4.85722573273506e-17 1.4833102037817538
0.29999999999999993 -4.85722573273506e-17 -4.85722573273506e-17 1.4924319747940817
0.29999999999999993 -4.85722573273506e-17 -4.85722573273506e-17 1.5121689133562484
0.29999999999999993 -4.85722573273506e-17 -4.85722573273506e-17 1.531216562252367
0.29999999999999993 -4.85722573273506e-17 -4.85722573273506e-17 1.548814728320732
0.29999999999999993 -4.85722573273506e-17 -4.85722573273506e-17 1.5544028490822188
0.29999999999999993 -4.85722573273506e-17 -4.85722573273506e-17 1.5779776571134505
0.29999999999999993 -4.85722573273506e-17 -4.85722573273506e-17 1.5891415130370623
0.29999999999999993 -4.85722573273506e-17 -4.85722573273506e-17 1.6076141496369036
0.29999999999999993 -4.85722573273506e-17 -4.85722573273506e-17 1.6162106667921643
0.29999999999999993 -4.85722573273506e-17 -4.85722573273506e-17 1.6360701229110335
0.29999999999999993 -4.85722573273506e-17 -4.85722573273506e-17 1.6473182260651047
0.29999999999999993 -4.85722573273506e-17 -4.85722573273506e-17 1.6605155446796935
0.29999999999999993 -4.85722573273506e-17 -4.85722573273506e-17 1.6798768450561798
0.29999999999999993 -4.85722573273506e-17 -4.85722573273506e-17 1.7158170324120787
0.29999999999999993 -4.85722573273506e-17 -4.85722573273506e-17 1.7356891561748595
0.29999999999999993 -4.85722573273506e-17 -4.85722573273506e-17 1.7694932169549764
0.29999999999999993 -4.85722573273506e-17 -4.85722573273506e-17 1.7868253580696614
0.29999999999999993 -4.85722573273506e-17 -4.85722573273506e-17 1.8335558207312497
0.29999999999999993 -4.85722573273506e-17 -4.85722573273506e-17 1.863635261028283
0.29999999999999993 -4.85722573273506e-17 -4.85722573273506e-17 1.9060434919496148
0.29999999999999993 -4.85722573273506e-17 -4.85722573273506e-17 1.9158618684962443
0.29999999999999993 -4.85722573273506e-17 -4.85722573273506e-17 2.0593407130737083
0.29999999999999993 -4.85722573273506e-17 -4.85722573273506e-17 2.066098560969574
0.29999999999999993 -4.85722573273506e-17 -4.85722573273506e-17 2.0964236967915086
0.29999999999999993 -4.85722573273506e-17 -4.85722573273506e-17 2.1045379403279005
0.29999999999999993 -4.85722573273506e-17 -4.85722573273506e-17 2.253665834349862
0.29999999999999993 -4.85722573273506e-17 -4.85722573273506e-17 2.2835589587095146
0.29999999999999993 -4.85722573273506e-17 -4.85722573273506e-17 2.4549189138176883
0.29999999999999993 -4.85722573273506e-17 -4.85722573273506e-17 2.464339009537297
0.29999999999999993 -4.85722573273506e-17 -4.85722573273506e-17 3.9846053102008208
0.29999999999999993 -4.85722573273506e-17 -4.85722573273506e-17 4.056500803130602
0.29999999999999993 -4.85722573273506e-17 -4.85722573273506e-17 4.337203355635081
0.29999999999999993 -4.85722573273506e-17 -4.85722573273506e-17 4.37625135133359
0.29999999999999993 -4.85722573273506e-17 -4.85722573273506e-17 4.661008995600763
0.29999999999999993 -4.85722573273506e-17 -4.85722573273506e-17 4.684078421533066
0.29999999999999993 -4.85722573273506e-17 -4.85722573273506e-17 4.756970101428397
0.29999999999999993 -4.85722573273506e-17 -4.85722573273506e-17 4.810286174850386
0.29999999999999993 -4.85722573273506e-17 -4.85722573273506e-17 5.147795412425661
0.29999999999999993 -4.85722573273506e-17 -4.85722573273506e-17 5.176481299168135
0.29999999999999993 -4.85722573273506e-17 -4.85722573273506e-17 5.193042615098314
0.29999999999999993 -4.85722573273506e-17 -4.85722573273506e-17 5.217689257706676
0.29999999999999993 -4.85722573273506e-17 -4.85722573273506e-17 5.348935024689958
0.29999999999999993 -4.85722573273506e-17 -4.85722573273506e-17 5.4037826669260465
0.29999999999999993 -4.85722573273506e-17 -4.85722573273506e-17 5.532105710486386
0.29999999999999993 -4.85722573273506e-17 -4.85722573273506e-17 5.558258023336371
0.29999999999999993 -4.85722573273506e-17 -4.85722573273506e-17 5.639245844636637
0.29999999999999993 -4.85722573273506e-17 -4.85722573273506e-17 5.692532237414144
0.29999999999999993 -4.85722573273506e-17 -4.85722573273506e-17 5.757782595709129
0.29999999999999993 -4.85722573273506e-17 -4.85722573273506e-17 5.796295882963237
0.29999999999999993 -4.85722573273506e-17 -4.85722573273506e-17 5.9955235887194664
0.29999999999999993 -4.85722573273506e-17 -4.85722573273506e-17 6.0199682568457025
0.29999999999999993 -4.85722573273506e-17 -4.85722573273506e-17 6.066741416140599
0.29999999999999993 -4.85722573273506e-17 -4.85722573273506e-17 6.096032127143731
0.29999999999999993 -4.85722573273506e-17 -4.85722573273506e-17 6.543653377118132
0.29999999999999993 -4.85722573273506e-17 -4.85722573273506e-17 6.608456628521855
0.29999999999999993 -4.85722573273506e-17 -4.85722573273506e-17 6.676813594809516
0.29999999999999993 -4.85722573273506e-17 -4.85722573273506e-17 6.735053040374838
0.29999999999999993 -4.85722573273506e-17 -4.85722573273506e-17 6.938171074188096
0.29999999999999993 -4.85722573273506e-17 -4.85722573273506e-17 6.996947318558589
0.29999999999999993 -4.85722573273506e-17 -4.85722573273506e-17 7.061055016454525
0.29999999999999993 -4.85722573273506e-17 -4.85722573273506e-17 7.122117583059056
0.29999999999999993 -4.85722573273506e-17 -4.85722573273506e-17 7.158484699150516
0.29999999999999993 -4.85722573273506e-17 -4.85722573273506e-17 7.200952849848683
0.29999999999999993 -4.85722573273506e-17 -4.85722573273506e-17 7.388075632939695
0.29999999999999993 -4.85722573273506e-17 -4.85722573273506e-17 7.4154991438758575
0.29999999999999993 -4.85722573273506e-17 -4.85722573273506e-17 7.580589049500889
0.29999999999999993 -4.85722573273506e-17 -4.85722573273506e-17 7.628315197107549
0.29999999999999993 -4.85722573273506e-17 -4.85722573273506e-17 7.773374890396984
0.29999999999999993 -4.85722573273506e-17 -4.85722573273506e-17 7.824969077359389
0.29999999999999993 -4.85722573273506e-17 -4.85722573273506e-17 7.912115001860352
0.29999999999999993 -4.85722573273506e-17 -4.85722573273506e-17 7.965318343303197
0.29999999999999993 -4.85722573273506e-17 -4.85722573273506e-17 8.04618059100244
0.29999999999999993 -4.85722573273506e-17 -4.85722573273506e-17 8.114904555883554
0.29999999999999993 -4.85722573273506e-17 -4.85722573273506e-17 8.249805473577235
0.29999999999999993 -4.85722573273506e-17 -4.85722573273506e-17 8.284359973330442
0.29999999999999993 -4.85722573273506e-17 -4.85722573273506e-17 8.391553530747546
0.29999999999999993 -4.85722573273506e-17 -4.85722573273506e-17 8.43277594313164
0.2749999999999999 -4.85722573273506e-17 -4.85722573273506e-17 -5.269200722732831
0.2749999999999999 -4.85722573273506e-17 -4.85722573273506e-17 -5.26400427235803
0.2749999999999999 -4.85722573273506e-17 -4.85722573273506e-17 -5.025494732678607
0.2749999999999999 -4.85722573273506e-17 -4.85722573273506e-17 -5.015102665256056
0.2749999999999999 -4.85722573273506e-17 -4.85722573273506e-17 -4.866783847995034
0.2749999999999999 -4.85722573273506e-17 -4.85722573273506e-17 -4.863471684618744
0.2749999999999999 -4.85722573273506e-17 -4.85722573273506e-17 -4.845416874944142
0.2749999999999999 -4.85722573273506e-17 -4.85722573273506e-17 -4.827406292936002
0.2749999999999999 -4.85722573273506e-17 -4.85722573273506e-17 -4.612367429737183
0.2749999999999999 -4.85722573273506e-17 -4.85722573273506e-17 -4.608422682463155
0.2749999999999999 -4.85722573273506e-17 -4.85722573273506e-17 -4.567043672699727
0.2749999999999999 -4.85722573273506e-17 -4.85722573273506e-17 -4.542711303943744
0.2749999999999999 -4.85722573273506e-17 -4.85722573273506e-17 -4.376261856629766
0.2749999999999999 -4.85722573273506e-17 -4.85722573273506e-17 -4.327795942339371
0.2749999999999999 -4.85722573273506e-17 -4.85722573273506e-17 -3.899962283573812
0.2749999999999999 -4.85722573273506e-17 -4.85722573273506e-17 -3.7603101252683295
0.2749999999999999 -4.85722573273506e-17 -4.85722573273506e-17 -1.035164657867993
0.2749999999999999 -4.85722573273506e-17 -4.85722573273506e-17 -1.003002816083244
0.2749999999999999 -4.85722573273506e-17 -4.85722573273506e-17 -0.8032322496287154
0.2749999999999999 -4.85722573273506e-17 -4.85722573273506e-17 -0.7860059611902255
0.2749999999999999 -4.85722573273506e-17 -4.85722573273506e-17 -0.7465671883090419
0.2749999999999999 -4.85722573273506e-17 -4.85722573273506e-17 -0.7289020259103332
0.2749999999999999 -4.85722573273506e-17 -4.85722573273506e-17 -0.7063953183052545
0.2749999999999999 -4.85722573273506e-17 -4.85722573273506e-17 -0.7000720495608689
0.2749999999999999 -4.85722573273506e-17 -4.85722573273506e-17 -0.6415353387121066
0.2749999999999999 -4.85722573273506e-17 -4.85722573273506e-17 -0.6287346284785222
0.2749999999999999 -4.85722573273506e-17 -4.85722573273506e-17 -0.5741213126940181
0.2749999999999999 -4.85722573273506e-17 -4.85722573273506e-17 -0.5582248666092351
0.2749999999999999 -4.85722573273506e-17 -4.85722573273506e-17 -0.542703152047407
0.2749999999999999 -4.85722573273506e-17 -4.85722573273506e-17 -0.521375805829182
0.2749999999999999 -4.85722573273506e-17 -4.85722573273506e-17 -0.4992625180956587
0.2749999999999999 -4.85722573273506e-17 -4.85722573273506e-17 -0.4787166790424191
0.2749999999999999 -4.85722573273506e-17 -4.85722573273506e-17 -0.4581777996527503
0.2749999999999999 -4.85722573273506e-17 -4.85722573273506e-17 -0.4381931256454532
0.2749999999999999 -4.85722573273506e-17 -4.85722573273506e-17 -0.4134300293995068
0.2749999999999999 -4.85722573273506e-17 -4.85722573273506e-17 -0.3936862394416689
0.2749999999999999 -4.85722573273506e-17 -4.85722573273506e-17 -0.26561421512519523
0.2749999999999999 -4.85722573273506e-17 -4.85722573273506e-17 -0.23000955358078023
0.2749999999999999 -4.85722573273506e-17 -4.85722573273506e-17 -0.20444474876013885
0.2749999999999999 -4.85722573273506e-17 -4.85722573273506e-17 -0.1889617460795705
0.2749999999999999 -4.85722573273506e-17 -4.85722573273506e-17 0.21206001552959108
0.2749999999999999 -4.85722573273506e-17 -4.85722573273506e-17 0.24244180444941676
0.2749999999999999 -4.85722573273506e-17 -4.85722573273506e-17 0.26426349749192823
0.2749999999999999 -4.85722573273506e-17 -4.85722573273506e-17 0.28084926798788423
0.2749999999999999 -4.85722573273506e-17 -4.85722573273506e-17 0.29050791594636216
0.2749999999999999 -4.85722573273506e-17 -4.85722573273506e-17 0.3137691195192325
0.2749999999999999 -4.85722573273506e-17 -4.85722573273506e-17 0.35014489389442005
0.2749999999999999 -4.85722573273506e-17 -4.85722573273506e-17 0.3770475885587885
0.2749999999999999 -4.85722573273506e-17 -4.85722573273506e-17 0.39717607696475454
0.2749999999999999 -4.85722573273506e-17 -4.85722573273506e-17 0.41253231058458617
0.2749999999999999 -4.85722573273506e-17 -4.85722573273506e-17 0.42771018483439244
0.2749999999999999 -4.85722573273506e-17 -4.85722573273506e-17 0.4347525386974374
0.2749999999999999 -4.85722573273506e-17 -4.85722573273506e-17 0.4481714367323013
0.2749999999999999 -4.85722573273506e-17 -4.85722573273506e-17 0.47190499746739256
0.2749999999999999 -4.85722573273506e-17 -4.85722573273506e-17 0.4774319112838456
0.2749999999999999 -4.85722573273506e-17 -4.85722573273506e-17 0.49488351465254243
0.2749999999999999 -4.85722573273506e-17 -4.85722573273506e-17 0.5007991043410428
0.2749999999999999 -4.85722573273506e-17 -4.85722573273506e-17 0.5228132343960388
0.2749999999999999 -4.85722573273506e-17 -4.85722573273506e-17 0.5318420125574841
0.2749999999999999 -4.85722573273506e-17 -4.85722573273506e-17 0.56249338026928
0.2749999999999999 -4.85722573273506e-17 -4.85722573273506e-17 0.6342775862553349
0.2749999999999999 -4.85722573273506e-17 -4.85722573273506e-17 0.655478538800156
0.2749999999999999 -4.85722573273506e-17 -4.85722573273506e-17 0.6726699855880351
0.2749999999999999 -4.85722573273506e-17 -4.85722573273506e-17 0.6823504578680302
0.2749999999999999 -4.85722573273506e-17 -4.85722573273506e-17 0.697324739603693
0.2749999999999999 -4.85722573273506e-17 -4.85722573273506e-17 0.7146150683831616
0.2749999999999999 -4.85722573273506e-17 -4.85722573273506e-17 0.7288125518320578
0.2749999999999999 -4.85722573273506e-17 -4.85722573273506e-17 0.7546938413447712
0.2749999999999999 -4.85722573273506e-17 -4.85722573273506e-17 0.7645221786159002
0.2749999999999999 -4.85722573273506e-17 -4.85722573273506e-17 0.7797268283598555
0.2749999999999999 -4.85722573273506e-17 -4.85722573273506e-17 0.7887383501704779
0.2749999999999999 -4.85722573273506e-17 -4.85722573273506e-17 0.7980280900573185
0.2749999999999999 -4.85722573273506e-17 -4.85722573273506e-17 0.817576985663429
0.2749999999999999 -4.85722573273506e-17 -4.85722573273506e-17 0.8361261316782294
0.2749999999999999 -4.85722573273506e-17 -4.85722573273506e-17 0.8452581148345089
0.2749999999999999 -4.85722573273506e-17 -4.85722573273506e-17 0.8519148111611431
0.2749999999999999 -4.85722573273506e-17 -4.85722573273506e-17 0.8591509522229124
0.2749999999999999 -4.85722573273506e-17 -4.85722573273506e-17 0.8865677045628679
0.2749999999999999 -4.85722573273506e-17 -4.85722573273506e-17 0.8950820928435803
0.2749999999999999 -4.85722573273506e-17 -4.85722573273506e-17 0.9073353413113354
0.2749999999999999 -4.85722573273506e-17 -4.85722573273506e-17 0.923558187661259
0.2749999999999999 -4.85722573273506e-17 -4.85722573273506e-17 0.9292375499396425
0.2749999999999999 -4.85722573273506e-17 -4.85722573273506e-17 0.9422025009268058
0.2749999999999999 -4.85722573273506e-17 -4.85722573273506e-17 0.9519249922437805
0.2749999999999999 -4.85722573273506e-17 -4.85722573273506e-17 0.9608998884434845
0.2749999999999999 -4.85722573273506e-17 -4.85722573273506e-17 0.9743990247708174
0.2749999999999999 -4.85722573273506e-17 -4.85722573273506e-17 0.982217899211836
0.2749999999999999 -4.85722573273506e-17 -4.85722573273506e-17 1.0004845580987825
0.2749999999999999 -4.85722573273506e-17 -4.85722573273506e-17 1.0023108212111296
0.2749999999999999 -4.85722573273506e-17 -4.85722573273506e-17 1.014423608050551
0.2749999999999999 -4.85722573273506e-17 -4.85722573273506e-17 1.0218743207196512
0.2749999999999999 -4.85722573273506e-17 -4.85722573273506e-17 1.0327606041477955
0.2749999999999999 -4.85722573273506e-17 -4.85722573273506e-17 1.0405282898340875
0.2749999999999999 -4.85722573273506e-17 -4.85722573273506e-17 1.0659642979071924
0.2749999999999999 -4.85722573273506e-17 -4.85722573273506e-17 1.0733887181247765
0.2749999999999999 -4.85722573273506e-17 -4.85722573273506e-17 1.0803752840860916
0.2749999999999999 -4.85722573273506e-17 -4.85722573273506e-17 1.0878539043999365
0.2749999999999999 -4.85722573273506e-17 -4.85722573273506e-17 1.0942033713315713
0.2749999999999999 -4.85722573273506e-17 -4.85722573273506e-17 1.107064310102234
0.2749999999999999 -4.85722573273506e-17 -4.85722573273506e-17 1.1159136016280433
0.2749999999999999 -4.85722573273506e-17 -4.85722573273506e-17 1.1244450153456178
0.2749999999999999 -4.85722573273506e-17 -4.85722573273506e-17 1.1434459959591068
0.2749999999999999 -4.85722573273506e-17 -4.85722573273506e-17 1.1474419296742755
0.2749999999999999 -4.85722573273506e-17 -4.85722573273506e-17 1.1580264216794607
0.2749999999999999 -4.85722573273506e-17 -4.85722573273506e-17 1.1717893580688639
0.2749999999999999 -4.85722573273506e-17 -4.85722573273506e-17 1.1878094473156509
0.2749999999999999 -4.85722573273506e-17 -4.85722573273506e-17 1.1988113713454576
0.2749999999999999 -4.85722573273506e-17 -4.85722573273506e-17 1.205587313306668
0.2749999999999999 -4.85722573273506e-17 -4.85722573273506e-17 1.218196635063359
0.2749999999999999 -4.85722573273506e-17 -4.85722573273506e-17 1.2228352384166459
0.2749999999999999 -4.85722573273506e-17 -4.85722573273506e-17 1.23169209127615
0.2749999999999999 -4.85722573273506e-17 -4.85722573273506e-17 1.2438540907454358
0.2749999999999999 -4.85722573273506e-17 -4.85722573273506e-17 1.2554586913393821
0.2749999999999999 -4.85722573273506e-17 -4.85722573273506e-17 1.2686186307080511
0.2749999999999999 -4.85722573273506e-17 -4.85722573273506e-17 1.2832978061412739
0.2749999999999999 -4.85722573273506e-17 -4.85722573273506e-17 1.2936650282630149
0.2749999999999999 -4.85722573273506e-17 -4.85722573273506e-17 1.2957820867925334
0.2749999999999999 -4.85722573273506e-17 -4.85722573273506e-17 1.3144593655635965
0.2749999999999999 -4.85722573273506e-17 -4.85722573273506e-17 1.3241100377128356
0.2749999999999999 -4.85722573273506e-17 -4.85722573273506e-17 1.3402632873360805
0.2749999999999999 -4.85722573273506e-17 -4.85722573273506e-17 1.3549905222029217
0.2749999999999999 -4.85722573273506e-17 -4.85722573273506e-17 1.3743874297319767
0.2749999999999999 -4.85722573273506e-17 -4.85722573273506e-17 1.3822957672115628
0.2749999999999999 -4.85722573273506e-17 -4.85722573273506e-17 1.392330676710258
0.2749999999999999 -4.85722573273506e-17 -4.85722573273506e-17 1.4035161771918325
0.2749999999999999 -4.85722573273506e-17 -4.85722573273506e-17 1.4182259487679856
0.2749999999999999 -4.85722573273506e-17 -4.85722573273506e-17 1.4291634426554731
0.2749999999999999 -4.85722573273506e-17 -4.85722573273506e-17 1.4478984604490241
0.2749999999999999 -4.85722573273506e-17 -4.85722573273506e-17 1.456642383837445
0.2749999999999999 -4.85722573273506e-17 -4.85722573273506e-17 1.4811029775711064
0.2749999999999999 -4.85722573273506e-17 -4.85722573273506e-17 1.4845233576354218
0.2749999999999999 -4.85722573273506e-17 -4.85722573273506e-17 1.4925857408658887
0.2749999999999999 -4.85722573273506e-17 -4.85722573273506e-17 1.5148319863287911
0.2749999999999999 -4.85722573273506e-17 -4.85722573273506e-17 1.5315851440293944
0.2749999999999999 -4.85722573273506e-17 -4.85722573273506e-17 1.54891531654862
0.2749999999999999 -4.85722573273506e-17 -4.85722573273506e-17 1.5556794521214934
0.2749999999999999 -4.85722573273506e-17 -4.85722573273506e-17 1.5795611485767633
0.2749999999999999 -4.85722573273506e-17 -4.85722573273506e-17 1.591061727397535
0.2749999999999999 -4.85722573273506e-17 -4.85722573273506e-17 1.6117912684207205
0.2749999999999999 -4.85722573273506e-17 -4.85722573273506e-17 1.6186891379332549
0.2749999999999999 -4.85722573273506e-17 -4.85722573273506e-17 1.6370826276216022
0.2749999999999999 -4.85722573273506e-17 -4.85722573273506e-17 1.6478165696092235
0.2749999999999999 -4.85722573273506e-17 -4.85722573273506e-17 1.6617249496211528
0.2749999999999999 -4.85722573273506e-17 -4.85722573273506e-17 1.682010047329209
0.2749999999999999 -4.85722573273506e-17 -4.85722573273506e-17 1.7177966664237445
0.2749999999999999 -4.85722573273506e-17 -4.85722573273506e-17 1.7377709034965694
0.2749999999999999 -4.85722573273506e-17 -4.85722573273506e-17 1.7706766876232596
0.2749999999999999 -4.85722573273506e-17 -4.85722573273506e-17 1.7878437446359081
0.2749999999999999 -4.85722573273506e-17 -4.85722573273506e-17 1.8324078536670374
0.2749999999999999 -4.85722573273506e-17 -4.85722573273506e-17 1.8612088131259297
0.2749999999999999 -4.85722573273506e-17 -4.85722573273506e-17 1.9105544234253173
0.2749999999999999 -4.85722573273506e-17 -4.85722573273506e-17 1.9195332657065176
0.2749999999999999 -4.85722573273506e-17 -4.85722573273506e-17 2.0729547698865005
0.2749999999999999 -4.85722573273506e-17 -4.85722573273506e-17 2.0828138267425595
0.2749999999999999 -4.85722573273506e-17 -4.85722573273506e-17 2.1121567376488093
0.2749999999999999 -4.85722573273506e-17 -4.85722573273506e-17 2.1210480675053045
0.2749999999999999 -4.85722573273506e-17 -4.85722573273506e-17 2.2487588302317105
0.2749999999999999 -4.85722573273506e-17 -4.85722573273506e-17 2.280839783897222
0.2749999999999999 -4.85722573273506e-17 -4.85722573273506e-17 2.4756301426505596
0.2749999999999999 -4.85722573273506e-17 -4.85722573273506e-17 2.4847016959053088
0.2749999999999999 -4.85722573273506e-17 -4.85722573273506e-17 3.9578122722305737
0.2749999999999999 -4.85722573273506e-17 -4.85722573273506e-17 4.0285029411241045
0.2749999999999999 -4.85722573273506e-17 -4.85722573273506e-17 4.348628970786538
0.2749999999999999 -4.85722573273506e-17 -4.85722573273506e-17 4.385468930538596
0.2749999999999999 -4.85722573273506e-17 -4.85722573273506e-17 4.634004039238089
0.2749999999999999 -4.85722573273506e-17 -4.85722573273506e-17 4.659481820182893
0.2749999999999999 -4.85722573273506e-17 -4.85722573273506e-17 4.731176453696081
0.2749999999999999 -4.85722573273506e-17 -4.85722573273506e-17 4.785723941855117
0.2749999999999999 -4.85722573273506e-17 -4.85722573273506e-17 5.153689383239424
0.2749999999999999 -4.85722573273506e-17 -4.85722573273506e-17 5.1822916942593675
0.2749999999999999 -4.85722573273506e-17 -4.85722573273506e-17 5.198760058563732
0.2749999999999999 -4.85722573273506e-17 -4.85722573273506e-17 5.221065545463105
0.2749999999999999 -4.85722573273506e-17 -4.85722573273506e-17 5.334056861015807
0.2749999999999999 -4.85722573273506e-17 -4.85722573273506e-17 5.3966082058373654
0.2749999999999999 -4.85722573273506e-17 -4.85722573273506e-17 5.508192679942862
0.2749999999999999 -4.85722573273506e-17 -4.85722573273506e-17 5.534232700592275
0.2749999999999999 -4.85722573273506e-17 -4.85722573273506e-17 5.621521270047044
0.2749999999999999 -4.85722573273506e-17 -4.85722573273506e-17 5.664871495933312
0.2749999999999999 -4.85722573273506e-17 -4.85722573273506e-17 5.712285706198159
0.2749999999999999 -4.85722573273506e-17 -4.85722573273506e-17 5.745182842066201
0.2749999999999999 -4.85722573273506e-17 -4.85722573273506e-17 5.946896134054127
0.2749999999999999 -4.85722573273506e-17 -4.85722573273506e-17 5.974591959785568
0.2749999999999999 -4.85722573273506e-17 -4.85722573273506e-17 6.017304414315519
0.2749999999999999 -4.85722573273506e-17 -4.85722573273506e-17 6.047633067237181
0.2749999999999999 -4.85722573273506e-17 -4.85722573273506e-17 6.546925691772665
0.2749999999999999 -4.85722573273506e-17 -4.85722573273506e-17 6.625518720832021
0.2749999999999999 -4.85722573273506e-17 -4.85722573273506e-17 6.664001670681184
0.2749999999999999 -4.85722573273506e-17 -4.85722573273506e-17 6.73319745618468
0.2749999999999999 -4.85722573273506e-17 -4.85722573273506e-17 6.990472043760608
0.2749999999999999 -4.85722573273506e-17 -4.85722573273506e-17 7.044422244294345
0.2749999999999999 -4.85722573273506e-17 -4.85722573273506e-17 7.1144664797058415
0.2749999999999999 -4.85722573273506e-17 -4.85722573273506e-17 7.165379744596441
0.2749999999999999 -4.85722573273506e-17 -4.85722573273506e-17 7.20449433393968
0.2749999999999999 -4.85722573273506e-17 -4.85722573273506e-17 7.2449484720547055
0.2749999999999999 -4.85722573273506e-17 -4.85722573273506e-17 7.394580629804037
0.2749999999999999 -4.85722573273506e-17 -4.85722573273506e-17 7.424799278200688
0.2749999999999999 -4.85722573273506e-17 -4.85722573273506e-17 7.588226238693225
0.2749999999999999 -4.85722573273506e-17 -4.85722573273506e-17 7.636188065670561
0.2749999999999999 -4.85722573273506e-17 -4.85722573273506e-17 7.785180697993984
0.2749999999999999 -4.85722573273506e-17 -4.85722573273506e-17 7.827303795370508
0.2749999999999999 -4.85722573273506e-17 -4.85722573273506e-17 7.9197974266629725
0.2749999999999999 -4.85722573273506e-17 -4.85722573273506e-17 7.974110583099305
0.2749999999999999 -4.85722573273506e-17 -4.85722573273506e-17 8.066670199270254
0.2749999999999999 -4.85722573273506e-17 -4.85722573273506e-17 8.127811339264332
0.2749999999999999 -4.85722573273506e-17 -4.85722573273506e-17 8.268441104210563
0.2749999999999999 -4.85722573273506e-17 -4.85722573273506e-17 8.304125202256266
0.2749999999999999 -4.85722573273506e-17 -4.85722573273506e-17 8.402343228228002
0.2749999999999999 -4.85722573273506e-17 -4.85722573273506e-17 8.441686313342705
0.24999999999999992 -4.85722573273506e-17 -4.85722573273506e-17 -5.278579463713707
0.24999999999999992 -4.85722573273506e-17 -4.85722573273506e-17 -5.273978106275393
0.24999999999999992 -4.85722573273506e-17 -4.85722573273506e-17 -5.013376428372383
0.24999999999999992 -4.85722573273506e-17 -4.85722573273506e-17 -5.0035526980968665
0.24999999999999992 -4.85722573273506e-17 -4.85722573273506e-17 -4.8762952054651905
0.24999999999999992 -4.85722573273506e-17 -4.85722573273506e-17 -4.873019896868006
0.24999999999999992 -4.85722573273506e-17 -4.85722573273506e-17 -4.854915463407064
0.24999999999999992 -4.85722573273506e-17 -4.85722573273506e-17 -4.839092125876302
0.24999999999999992 -4.85722573273506e-17 -4.85722573273506e-17 -4.59975989182501
0.24999999999999992 -4.85722573273506e-17 -4.85722573273506e-17 -4.596105473277535
0.24999999999999992 -4.85722573273506e-17 -4.85722573273506e-17 -4.5540436309550305
0.24999999999999992 -4.85722573273506e-17 -4.85722573273506e-17 -4.532073191972483
0.24999999999999992 -4.85722573273506e-17 -4.85722573273506e-17 -4.3888630458433635
0.24999999999999992 -4.85722573273506e-17 -4.85722573273506e-17 -4.347981037333476
0.24999999999999992 -4.85722573273506e-17 -4.85722573273506e-17 -3.8799921748837427
0.24999999999999992 -4.85722573273506e-17 -4.85722573273506e-17 -3.745877838787793
0.24999999999999992 -4.85722573273506e-17 -4.85722573273506e-17 -1.0366866497552998
0.24999999999999992 -4.85722573273506e-17 -4.85722573273506e-17 -1.0024645595384865
0.24999999999999992 -4.85722573273506e-17 -4.85722573273506e-17 -0.8086342280289216
0.24999999999999992 -4.85722573273506e-17 -4.85722573273506e-17 -0.7900178672511498
0.24999999999999992 -4.85722573273506e-17 -4.85722573273506e-17 -0.7485253020536184
0.24999999999999992 -4.85722573273506e-17 -4.85722573273506e-17 -0.7300267718931188
0.24999999999999992 -4.85722573273506e-17 -4.85722573273506e-17 -0.708489165892871
0.24999999999999992 -4.85722573273506e-17 -4.85722573273506e-17 -0.7017957264286034
0.24999999999999992 -4.85722573273506e-17 -4.85722573273506e-17 -0.649550899376031
0.24999999999999992 -4.85722573273506e-17 -4.85722573273506e-17 -0.634337207653143
0.24999999999999992 -4.85722573273506e-17 -4.85722573273506e-17 -0.5807124522819365
0.24999999999999992 -4.85722573273506e-17 -4.85722573273506e-17 -0.5682549251814528
0.24999999999999992 -4.85722573273506e-17 -4.85722573273506e-17 -0.5538137025160896
0.24999999999999992 -4.85722573273506e-17 -4.85722573273506e-17 -0.5408590856629196
0.24999999999999992 -4.85722573273506e-17 -4.85722573273506e-17 -0.5134966715841056
0.24999999999999992 -4.85722573273506e-17 -4.85722573273506e-17 -0.4904838435050731
0.24999999999999992 -4.85722573273506e-17 -4.85722573273506e-17 -0.476351856493034
0.24999999999999992 -4.85722573273506e-17 -4.85722573273506e-17 -0.44812058435274515
0.24999999999999992 -4.85722573273506e-17 -4.85722573273506e-17 -0.4254842904369198
0.24999999999999992 -4.85722573273506e-17 -4.85722573273506e-17 -0.41000936762645246
0.24999999999999992 -4.85722573273506e-17 -4.85722573273506e-17 -0.2938769166578421
0.24999999999999992 -4.85722573273506e-17 -4.85722573273506e-17 -0.25391862002963705
0.24999999999999992 -4.85722573273506e-17 -4.85722573273506e-17 -0.23216174696360703
0.24999999999999992 -4.85722573273506e-17 -4.85722573273506e-17 -0.21660546809210324
0.24999999999999992 -4.85722573273506e-17 -4.85722573273506e-17 0.21512067927033485
0.24999999999999992 -4.85722573273506e-17 -4.85722573273506e-17 0.2413697998670905
0.24999999999999992 -4.85722573273506e-17 -4.85722573273506e-17 0.26958677152934385
0.24999999999999992 -4.85722573273506e-17 -4.85722573273506e-17 0.28406022896592376
0.24999999999999992 -4.85722573273506e-17 -4.85722573273506e-17 0.2943362520992334
0.24999999999999992 -4.85722573273506e-17 -4.85722573273506e-17 0.3135027016354748
0.24999999999999992 -4.85722573273506e-17 -4.85722573273506e-17 0.367940401042528
0.24999999999999992 -4.85722573273506e-17 -4.85722573273506e-17 0.3887414078490554
0.24999999999999992 -4.85722573273506e-17 -4.85722573273506e-17 0.4039599724071401
0.24999999999999992 -4.85722573273506e-17 -4.85722573273506e-17 0.41884280716716127
0.24999999999999992 -4.85722573273506e-17 -4.85722573273506e-17 0.4382917730820779
0.24999999999999992 -4.85722573273506e-17 -4.85722573273506e-17 0.4465988912713943
0.24999999999999992 -4.85722573273506e-17 -4.85722573273506e-17 0.45774187514519227
0.24999999999999992 -4.85722573273506e-17 -4.85722573273506e-17 0.4793616685693638
0.24999999999999992 -4.85722573273506e-17 -4.85722573273506e-17 0.48728132102227634
0.24999999999999992 -4.85722573273506e-17 -4.85722573273506e-17 0.506406577163129
0.24999999999999992 -4.85722573273506e-17 -4.85722573273506e-17 0.514820375180423
0.24999999999999992 -4.85722573273506e-17 -4.85722573273506e-17 0.5320848478279299
0.24999999999999992 -4.85722573273506e-17 -4.85722573273506e-17 0.5501884667837649
0.24999999999999992 -4.85722573273506e-17 -4.85722573273506e-17 0.5746921874122508
0.24999999999999992 -4.85722573273506e-17 -4.85722573273506e-17 0.6398919299746781
0.24999999999999992 -4.85722573273506e-17 -4.85722573273506e-17 0.6559229876670436
0.24999999999999992 -4.85722573273506e-17 -4.85722573273506e-17 0.6792236610795905
0.24999999999999992 -4.85722573273506e-17 -4.85722573273506e-17 0.6873357169773646
0.24999999999999992 -4.85722573273506e-17 -4.85722573273506e-17 0.704425363572903
0.24999999999999992 -4.85722573273506e-17 -4.85722573273506e-17 0.7215226487728854
0.24999999999999992 -4.85722573273506e-17 -4.85722573273506e-17 0.7332913660166875
0.24999999999999992 -4.85722573273506e-17 -4.85722573273506e-17 0.7648434882790642
0.24999999999999992 -4.85722573273506e-17 -4.85722573273506e-17 0.7712468851389749
0.24999999999999992 -4.85722573273506e-17 -4.85722573273506e-17 0.7821665963729201
0.24999999999999992 -4.85722573273506e-17 -4.85722573273506e-17 0.797286763556006
0.24999999999999992 -4.85722573273506e-17 -4.85722573273506e-17 0.7997895921047835
0.24999999999999992 -4.85722573273506e-17 -4.85722573273506e-17 0.8214925338815968
0.24999999999999992 -4.85722573273506e-17 -4.85722573273506e-17 0.8386861584382845
0.24999999999999992 -4.85722573273506e-17 -4.85722573273506e-17 0.8458297926893082
0.24999999999999992 -4.85722573273506e-17 -4.85722573273506e-17 0.8540892087514649
0.24999999999999992 -4.85722573273506e-17 -4.85722573273506e-17 0.8604858058072271
0.24999999999999992 -4.85722573273506e-17 -4.85722573273506e-17 0.8903317780376712
0.24999999999999992 -4.85722573273506e-17 -4.85722573273506e-17 0.8950428768563735
0.24999999999999992 -4.85722573273506e-17 -4.85722573273506e-17 0.9098903911891565
0.24999999999999992 -4.85722573273506e-17 -4.85722573273506e-17 0.9256198844267254
0.24999999999999992 -4.85722573273506e-17 -4.85722573273506e-17 0.9330937116500324
0.24999999999999992 -4.85722573273506e-17 -4.85722573273506e-17 0.9439272345533141
0.24999999999999992 -4.85722573273506e-17 -4.85722573273506e-17 0.950114075189692
0.24999999999999992 -4.85722573273506e-17 -4.85722573273506e-17 0.9589904459453944
0.24999999999999992 -4.85722573273506e-17 -4.85722573273506e-17 0.9745900766163835
0.24999999999999992 -4.85722573273506e-17 -4.85722573273506e-17 0.9862295644042973
0.24999999999999992 -4.85722573273506e-17 -4.85722573273506e-17 0.9993156804707557
0.24999999999999992 -4.85722573273506e-17 -4.85722573273506e-17 1.0031224011908446
0.24999999999999992 -4.85722573273506e-17 -4.85722573273506e-17 1.0132637057529088
0.24999999999999992 -4.85722573273506e-17 -4.85722573273506e-17 1.0243222523277877
0.24999999999999992 -4.85722573273506e-17 -4.85722573273506e-17 1.0359833023962217
0.24999999999999992 -4.85722573273506e-17 -4.85722573273506e-17 1.0394815299818339
0.24999999999999992 -4.85722573273506e-17 -4.85722573273506e-17 1.0676283043323866
0.24999999999999992 -4.85722573273506e-17 -4.85722573273506e-17 1.0716398121008177
0.24999999999999992 -4.85722573273506e-17 -4.85722573273506e-17 1.0801837065562951
0.24999999999999992 -4.85722573273506e-17 -4.85722573273506e-17 1.088952186259685
0.24999999999999992 -4.85722573273506e-17 -4.85722573273506e-17 1.0959781166976073
0.24999999999999992 -4.85722573273506e-17 -4.85722573273506e-17 1.1063211809376954
0.24999999999999992 -4.85722573273506e-17 -4.85722573273506e-17 1.1149783048184094
0.24999999999999992 -4.85722573273506e-17 -4.85722573273506e-17 1.1235770984770426
0.24999999999999992 -4.85722573273506e-17 -4.85722573273506e-17 1.1414303524557183
0.24999999999999992 -4.85722573273506e-17 -4.85722573273506e-17 1.1472171104141098
0.24999999999999992 -4.85722573273506e-17 -4.85722573273506e-17 1.1574022698717572
0.24999999999999992 -4.85722573273506e-17 -4.85722573273506e-17 1.1736501863672117
0.24999999999999992 -4.85722573273506e-17 -4.85722573273506e-17 1.1869420025611115
0.24999999999999992 -4.85722573273506e-17 -4.85722573273506e-17 1.195567244845015
0.24999999999999992 -4.85722573273506e-17 -4.85722573273506e-17 1.2056566233702082
0.24999999999999992 -4.85722573273506e-17 -4.85722573273506e-17 1.2190170302278378
0.24999999999999992 -4.85722573273506e-17 -4.85722573273506e-17 1.2233400691002974
0.24999999999999992 -4.85722573273506e-17 -4.85722573273506e-17 1.230357205656285
0.24999999999999992 -4.85722573273506e-17 -4.85722573273506e-17 1.2437648314673053
0.24999999999999992 -4.85722573273506e-17 -4.85722573273506e-17 1.2537332205667733
0.24999999999999992 -4.85722573273506e-17 -4.85722573273506e-17 1.265714390070829
0.24999999999999992 -4.85722573273506e-17 -4.85722573273506e-17 1.283224980046846
0.24999999999999992 -4.85722573273506e-17 -4.85722573273506e-17 1.2938735127946592
0.24999999999999992 -4.85722573273506e-17 -4.85722573273506e-17 1.2961044183047348
0.24999999999999992 -4.85722573273506e-17 -4.85722573273506e-17 1.3130295816217563
0.24999999999999992 -4.85722573273506e-17 -4.85722573273506e-17 1.3231835705040256
0.24999999999999992 -4.85722573273506e-17 -4.85722573273506e-17 1.342534819108752
0.24999999999999992 -4.85722573273506e-17 -4.85722573273506e-17 1.3553061827299269
0.24999999999999992 -4.85722573273506e-17 -4.85722573273506e-17 1.3745855906050872
0.24999999999999992 -4.85722573273506e-17 -4.85722573273506e-17 1.3821606886184261
0.24999999999999992 -4.85722573273506e-17 -4.85722573273506e-17 1.3921160221527789
0.24999999999999992 -4.85722573273506e-17 -4.85722573273506e-17 1.403702369663403
0.24999999999999992 -4.85722573273506e-17 -4.85722573273506e-17 1.4186208916551566
0.24999999999999992 -4.85722573273506e-17 -4.85722573273506e-17 1.4294108688208471
0.24999999999999992 -4.85722573273506e-17 -4.85722573273506e-17 1.4493681960133937
0.24999999999999992 -4.85722573273506e-17 -4.85722573273506e-17 1.4564088015978456
0.24999999999999992 -4.85722573273506e-17 -4.85722573273506e-17 1.4808222992212197
0.24999999999999992 -4.85722573273506e-17 -4.85722573273506e-17 1.4862165404462793
0.24999999999999992 -4.85722573273506e-17 -4.85722573273506e-17 1.4933030674379637
0.24999999999999992 -4.85722573273506e-17 -4.85722573273506e-17 1.5176326483392168
0.24999999999999992 -4.85722573273506e-17 -4.85722573273506e-17 1.5314668183004514
0.24999999999999992 -4.85722573273506e-17 -4.85722573273506e-17 1.549035999445481
0.24999999999999992 -4.85722573273506e-17 -4.85722573273506e-17 1.5577568526502512
0.24999999999999992 -4.85722573273506e-17 -4.85722573273506e-17 1.5813636195317224
0.24999999999999992 -4.85722573273506e-17 -4.85722573273506e-17 1.5934542852166373
0.24999999999999992 -4.85722573273506e-17 -4.85722573273506e-17 1.6158729235202847
0.24999999999999992 -4.85722573273506e-17 -4.85722573273506e-17 1.62203046711334
0.24999999999999992 -4.85722573273506e-17 -4.85722573273506e-17 1.6384756573737391
0.24999999999999992 -4.85722573273506e-17 -4.85722573273506e-17 1.6485421065205275
0.24999999999999992 -4.85722573273506e-17 -4.85722573273506e-17 1.66278901584106
0.24999999999999992 -4.85722573273506e-17 -4.85722573273506e-17 1.6844752801945058
0.24999999999999992 -4.85722573273506e-17 -4.85722573273506e-17 1.7200295993138033
0.24999999999999992 -4.85722573273506e-17 -4.85722573273506e-17 1.7394216948655492
0.24999999999999992 -4.85722573273506e-17 -4.85722573273506e-17 1.7726471831819097
0.24999999999999992 -4.85722573273506e-17 -4.85722573273506e-17 1.7891708265796895
0.24999999999999992 -4.85722573273506e-17 -4.85722573273506e-17 1.8315808294346319
0.24999999999999992 -4.85722573273506e-17 -4.85722573273506e-17 1.8589270566344016
0.24999999999999992 -4.85722573273506e-17 -4.85722573273506e-17 1.9146998917510913
0.24999999999999992 -4.85722573273506e-17 -4.85722573273506e-17 1.9230174181891657
0.24999999999999992 -4.85722573273506e-17 -4.85722573273506e-17 2.0871753646540885
0.24999999999999992 -4.85722573273506e-17 -4.85722573273506e-17 2.1005994277071824
0.24999999999999992 -4.85722573273506e-17 -4.85722573273506e-17 2.128976892746886
0.24999999999999992 -4.85722573273506e-17 -4.85722573273506e-17 2.1383227108485032
0.24999999999999992 -4.85722573273506e-17 -4.85722573273506e-17 2.2444394985328078
0.24999999999999992 -4.85722573273506e-17 -4.85722573273506e-17 2.2788348688965048
0.24999999999999992 -4.85722573273506e-17 -4.85722573273506e-17 2.497209029344189
0.24999999999999992 -4.85722573273506e-17 -4.85722573273506e-17 2.5060327764831714
0.24999999999999992 -4.85722573273506e-17 -4.85722573273506e-17 3.9313193515534444
0.24999999999999992 -4.85722573273506e-17 -4.85722573273506e-17 3.999994813791119
0.24999999999999992 -4.85722573273506e-17 -4.85722573273506e-17 4.3579088909880195
0.24999999999999992 -4.85722573273506e-17 -4.85722573273506e-17 4.392965227485605
0.24999999999999992 -4.85722573273506e-17 -4.85722573273506e-17 4.606549023103312
0.24999999999999992 -4.85722573273506e-17 -4.85722573273506e-17 4.63421113979406
0.24999999999999992 -4.85722573273506e-17 -4.85722573273506e-17 4.70506742847424
0.24999999999999992 -4.85722573273506e-17 -4.85722573273506e-17 4.7597608532099365
0.24999999999999992 -4.85722573273506e-17 -4.85722573273506e-17 5.158238109707726
0.24999999999999992 -4.85722573273506e-17 -4.85722573273506e-17 5.186408801334245
0.24999999999999992 -4.85722573273506e-17 -4.85722573273506e-17 5.204157298451946
0.24999999999999992 -4.85722573273506e-17 -4.85722573273506e-17 5.223605787236273
0.24999999999999992 -4.85722573273506e-17 -4.85722573273506e-17 5.317753496470528
0.24999999999999992 -4.85722573273506e-17 -4.85722573273506e-17 5.389204493293477
0.24999999999999992 -4.85722573273506e-17 -4.85722573273506e-17 5.474426462828989
0.24999999999999992 -4.85722573273506e-17 -4.85722573273506e-17 5.503300281716042
0.24999999999999992 -4.85722573273506e-17 -4.85722573273506e-17 5.603250503692664
0.24999999999999992 -4.85722573273506e-17 -4.85722573273506e-17 5.642716940991676
0.24999999999999992 -4.85722573273506e-17 -4.85722573273506e-17 5.681440638832586
0.24999999999999992 -4.85722573273506e-17 -4.85722573273506e-17 5.705625224824894
0.24999999999999992 -4.85722573273506e-17 -4.85722573273506e-17 5.901723800511036
0.24999999999999992 -4.85722573273506e-17 -4.85722573273506e-17 5.932121731919671
0.24999999999999992 -4.85722573273506e-17 -4.85722573273506e-17 5.971034362740753
0.24999999999999992 -4.85722573273506e-17 -4.85722573273506e-17 6.001926759651749
0.24999999999999992 -4.85722573273506e-17 -4.85722573273506e-17 6.542799433731137
0.24999999999999992 -4.85722573273506e-17 -4.85722573273506e-17 6.6179289979210445
0.24999999999999992 -4.85722573273506e-17 -4.85722573273506e-17 6.676905125971901
0.24999999999999992 -4.85722573273506e-17 -4.85722573273506e-17 6.7390095182287855
0.24999999999999992 -4.85722573273506e-17 -4.85722573273506e-17 7.034978576270991
0.24999999999999992 -4.85722573273506e-17 -4.85722573273506e-17 7.088238583278667
0.24999999999999992 -4.85722573273506e-17 -4.85722573273506e-17 7.164529542375386
0.24999999999999992 -4.85722573273506e-17 -4.85722573273506e-17 7.203617655308031
0.24999999999999992 -4.85722573273506e-17 -4.85722573273506e-17 7.247971104721718
0.24999999999999992 -4.85722573273506e-17 -4.85722573273506e-17 7.284247921493366
0.24999999999999992 -4.85722573273506e-17 -4.85722573273506e-17 7.403017251218547
0.24999999999999992 -4.85722573273506e-17 -4.85722573273506e-17 7.4376668144236175
0.24999999999999992 -4.85722573273506e-17 -4.85722573273506e-17 7.595919108228181
0.24999999999999992 -4.85722573273506e-17 -4.85722573273506e-17 7.6433978830833995
0.24999999999999992 -4.85722573273506e-17 -4.85722573273506e-17 7.796820019274682
0.24999999999999992 -4.85722573273506e-17 -4.85722573273506e-17 7.829574813050954
0.24999999999999992 -4.85722573273506e-17 -4.85722573273506e-17 7.930412134695724
0.24999999999999992 -4.85722573273506e-17 -4.85722573273506e-17 7.982018237198987
0.24999999999999992 -4.85722573273506e-17 -4.85722573273506e-17 8.088253122379127
0.24999999999999992 -4.85722573273506e-17 -4.85722573273506e-17 8.141304379174754
0.24999999999999992 -4.85722573273506e-17 -4.85722573273506e-17 8.286570329794495
0.24999999999999992 -4.85722573273506e-17 -4.85722573273506e-17 8.321591979603584
0.24999999999999992 -4.85722573273506e-17 -4.85722573273506e-17 8.41559419828186
0.24999999999999992 -4.85722573273506e-17 -4.85722573273506e-17 8.45094462282628
0.22499999999999992 -4.85722573273506e-17 -4.85722573273506e-17 -5.287089190270451
0.22499999999999992 -4.85722573273506e-17 -4.85722573273506e-17 -5.283083222141048
0.22499999999999992 -4.85722573273506e-17 -4.85722573273506e-17 -5.002139915512298
0.22499999999999992 -4.85722573273506e-17 -4.85722573273506e-17 -4.993041951076744
0.22499999999999992 -4.85722573273506e-17 -4.85722573273506e-17 -4.884814613627654
0.22499999999999992 -4.85722573273506e-17 -4.85722573273506e-17 -4.8815356522857245
0.22499999999999992 -4.85722573273506e-17 -4.85722573273506e-17 -4.863402605011522
0.22499999999999992 -4.85722573273506e-17 -4.85722573273506e-17 -4.849757653203746
0.22499999999999992 -4.85722573273506e-17 -4.85722573273506e-17 -4.5879559306948
0.22499999999999992 -4.85722573273506e-17 -4.85722573273506e-17 -4.584619623342641
0.22499999999999992 -4.85722573273506e-17 -4.85722573273506e-17 -4.54209077328329
0.22499999999999992 -4.85722573273506e-17 -4.85722573273506e-17 -4.523212574023503
0.22499999999999992 -4.85722573273506e-17 -4.85722573273506e-17 -4.398388011535838
0.22499999999999992 -4.85722573273506e-17 -4.85722573273506e-17 -4.364813368950344
0.22499999999999992 -4.85722573273506e-17 -4.85722573273506e-17 -3.8595302209182467
0.22499999999999992 -4.85722573273506e-17 -4.85722573273506e-17 -3.7330237511796263
0.22499999999999992 -4.85722573273506e-17 -4.85722573273506e-17 -1.0377953931376958
0.22499999999999992 -4.85722573273506e-17 -4.85722573273506e-17 -1.0022166663790522
0.22499999999999992 -4.85722573273506e-17 -4.85722573273506e-17 -0.8144028269302339
0.22499999999999992 -4.85722573273506e-17 -4.85722573273506e-17 -0.7942448493490293
0.22499999999999992 -4.85722573273506e-17 -4.85722573273506e-17 -0.7514298186244783
0.22499999999999992 -4.85722573273506e-17 -4.85722573273506e-17 -0.7323788832204414
0.22499999999999992 -4.85722573273506e-17 -4.85722573273506e-17 -0.7103166456424221
0.22499999999999992 -4.85722573273506e-17 -4.85722573273506e-17 -0.7035573691213022
0.22499999999999992 -4.85722573273506e-17 -4.85722573273506e-17 -0.6608418277324191
0.22499999999999992 -4.85722573273506e-17 -4.85722573273506e-17 -0.6430364664782253
0.22499999999999992 -4.85722573273506e-17 -4.85722573273506e-17 -0.5927014335061536
0.22499999999999992 -4.85722573273506e-17 -4.85722573273506e-17 -0.5790931012504767
0.22499999999999992 -4.85722573273506e-17 -4.85722573273506e-17 -0.5664699419905155
0.22499999999999992 -4.85722573273506e-17 -4.85722573273506e-17 -0.5532516524490951
0.22499999999999992 -4.85722573273506e-17 -4.85722573273506e-17 -0.5237792516681843
0.22499999999999992 -4.85722573273506e-17 -4.85722573273506e-17 -0.5018098611546868
0.22499999999999992 -4.85722573273506e-17 -4.85722573273506e-17 -0.49170816487510827
0.22499999999999992 -4.85722573273506e-17 -4.85722573273506e-17 -0.459887811715058
0.22499999999999992 -4.85722573273506e-17 -4.85722573273506e-17 -0.43426523454115795
0.22499999999999992 -4.85722573273506e-17 -4.85722573273506e-17 -0.4196558080646362
0.22499999999999992 -4.85722573273506e-17 -4.85722573273506e-17 -0.31838296411116396
0.22499999999999992 -4.85722573273506e-17 -4.85722573273506e-17 -0.2746477038755728
0.22499999999999992 -4.85722573273506e-17 -4.85722573273506e-17 -0.25723424943751283
0.22499999999999992 -4.85722573273506e-17 -4.85722573273506e-17 -0.24147785388922216
0.22499999999999992 -4.85722573273506e-17 -4.85722573273506e-17 0.2169069952253846
0.22499999999999992 -4.85722573273506e-17 -4.85722573273506e-17 0.23962662290650982
0.22499999999999992 -4.85722573273506e-17 -4.85722573273506e-17 0.2712518860158024
0.22499999999999992 -4.85722573273506e-17 -4.85722573273506e-17 0.2871802556483196
0.22499999999999992 -4.85722573273506e-17 -4.85722573273506e-17 0.2957528473792266
0.22499999999999992 -4.85722573273506e-17 -4.85722573273506e-17 0.3120127691140251
0.22499999999999992 -4.85722573273506e-17 -4.85722573273506e-17 0.3822704468063769
0.22499999999999992 -4.85722573273506e-17 -4.85722573273506e-17 0.3991791380595089
0.22499999999999992 -4.85722573273506e-17 -4.85722573273506e-17 0.4107008773555627
0.22499999999999992 -4.85722573273506e-17 -4.85722573273506e-17 0.4255600144653009
0.22499999999999992 -4.85722573273506e-17 -4.85722573273506e-17 0.4466100062570604
0.22499999999999992 -4.85722573273506e-17 -4.85722573273506e-17 0.4569311702829957
0.22499999999999992 -4.85722573273506e-17 -4.85722573273506e-17 0.46590654888086025
0.22499999999999992 -4.85722573273506e-17 -4.85722573273506e-17 0.4851580016073198
0.22499999999999992 -4.85722573273506e-17 -4.85722573273506e-17 0.4942175524964796
0.22499999999999992 -4.85722573273506e-17 -4.85722573273506e-17 0.5113191213686257
0.22499999999999992 -4.85722573273506e-17 -4.85722573273506e-17 0.5338456893612804
0.22499999999999992 -4.85722573273506e-17 -4.85722573273506e-17 0.5441326638356143
0.22499999999999992 -4.85722573273506e-17 -4.85722573273506e-17 0.5685737440744631
0.22499999999999992 -4.85722573273506e-17 -4.85722573273506e-17 0.5867272674701463
0.22499999999999992 -4.85722573273506e-17 -4.85722573273506e-17 0.6444967950412579
0.22499999999999992 -4.85722573273506e-17 -4.85722573273506e-17 0.6573094727745881
0.22499999999999992 -4.85722573273506e-17 -4.85722573273506e-17 0.6847192780920592
0.22499999999999992 -4.85722573273506e-17 -4.85722573273506e-17 0.6912924967898572
0.22499999999999992 -4.85722573273506e-17 -4.85722573273506e-17 0.7122703645196067
0.22499999999999992 -4.85722573273506e-17 -4.85722573273506e-17 0.7284347946606786
0.22499999999999992 -4.85722573273506e-17 -4.85722573273506e-17 0.7392781307273877
0.22499999999999992 -4.85722573273506e-17 -4.85722573273506e-17 0.771325607314508
0.22499999999999992 -4.85722573273506e-17 -4.85722573273506e-17 0.7810943837196203
0.22499999999999992 -4.85722573273506e-17 -4.85722573273506e-17 0.7851634089331991
0.22499999999999992 -4.85722573273506e-17 -4.85722573273506e-17 0.8005883134160484
0.22499999999999992 -4.85722573273506e-17 -4.85722573273506e-17 0.8076793263732933
0.22499999999999992 -4.85722573273506e-17 -4.85722573273506e-17 0.8257586928376517
0.22499999999999992 -4.85722573273506e-17 -4.85722573273506e-17 0.8398914093063524
0.22499999999999992 -4.85722573273506e-17 -4.85722573273506e-17 0.8472670679742034
0.22499999999999992 -4.85722573273506e-17 -4.85722573273506e-17 0.8560299843647082
0.22499999999999992 -4.85722573273506e-17 -4.85722573273506e-17 0.8624361574861826
0.22499999999999992 -4.85722573273506e-17 -4.85722573273506e-17 0.8938629604197283
0.22499999999999992 -4.85722573273506e-17 -4.85722573273506e-17 0.8952132315671734
0.22499999999999992 -4.85722573273506e-17 -4.85722573273506e-17 0.9125890917844997
0.22499999999999992 -4.85722573273506e-17 -4.85722573273506e-17 0.9272279037060276
0.22499999999999992 -4.85722573273506e-17 -4.85722573273506e-17 0.9367096009304126
0.22499999999999992 -4.85722573273506e-17 -4.85722573273506e-17 0.9443246226170349
0.22499999999999992 -4.85722573273506e-17 -4.85722573273506e-17 0.9511235985006833
0.22499999999999992 -4.85722573273506e-17 -4.85722573273506e-17 0.9575764018824885
0.22499999999999992 -4.85722573273506e-17 -4.85722573273506e-17 0.9750174203186761
0.22499999999999992 -4.85722573273506e-17 -4.85722573273506e-17 0.9895520528962178
0.22499999999999992 -4.85722573273506e-17 -4.85722573273506e-17 0.9982232604861896
0.22499999999999992 -4.85722573273506e-17 -4.85722573273506e-17 1.0032668986078273
0.22499999999999992 -4.85722573273506e-17 -4.85722573273506e-17 1.013339250747185
0.22499999999999992 -4.85722573273506e-17 -4.85722573273506e-17 1.0274211931331738
0.22499999999999992 -4.85722573273506e-17 -4.85722573273506e-17 1.0365836064462937
0.22499999999999992 -4.85722573273506e-17 -4.85722573273506e-17 1.0417079842675547
0.22499999999999992 -4.85722573273506e-17 -4.85722573273506e-17 1.0688055265803202
0.22499999999999992 -4.85722573273506e-17 -4.85722573273506e-17 1.0693979419594526
0.22499999999999992 -4.85722573273506e-17 -4.85722573273506e-17 1.0803212591823526
0.22499999999999992 -4.85722573273506e-17 -4.85722573273506e-17 1.0901910556859677
0.22499999999999992 -4.85722573273506e-17 -4.85722573273506e-17 1.0979887230801797
0.22499999999999992 -4.85722573273506e-17 -4.85722573273506e-17 1.1062362973839646
0.22499999999999992 -4.85722573273506e-17 -4.85722573273506e-17 1.1138524870765698
0.22499999999999992 -4.85722573273506e-17 -4.85722573273506e-17 1.1229446022249476
0.22499999999999992 -4.85722573273506e-17 -4.85722573273506e-17 1.138710193095788
0.22499999999999992 -4.85722573273506e-17 -4.85722573273506e-17 1.1469031973973145
0.22499999999999992 -4.85722573273506e-17 -4.85722573273506e-17 1.1568244074950176
0.22499999999999992 -4.85722573273506e-17 -4.85722573273506e-17 1.1753963051641394
0.22499999999999992 -4.85722573273506e-17 -4.85722573273506e-17 1.1861022943346686
0.22499999999999992 -4.85722573273506e-17 -4.85722573273506e-17 1.192142250251668
0.22499999999999992 -4.85722573273506e-17 -4.85722573273506e-17 1.2058599563156216
0.22499999999999992 -4.85722573273506e-17 -4.85722573273506e-17 1.2196653940101143
0.22499999999999992 -4.85722573273506e-17 -4.85722573273506e-17 1.2222224772022088
0.22499999999999992 -4.85722573273506e-17 -4.85722573273506e-17 1.2299264056625407
0.22499999999999992 -4.85722573273506e-17 -4.85722573273506e-17 1.243356502493171
0.22499999999999992 -4.85722573273506e-17 -4.85722573273506e-17 1.2526266602551308
0.22499999999999992 -4.85722573273506e-17 -4.85722573273506e-17 1.2628881627538622
0.22499999999999992 -4.85722573273506e-17 -4.85722573273506e-17 1.2831017876865909
0.22499999999999992 -4.85722573273506e-17 -4.85722573273506e-17 1.2943217944827994
0.22499999999999992 -4.85722573273506e-17 -4.85722573273506e-17 1.296697531182134
0.22499999999999992 -4.85722573273506e-17 -4.85722573273506e-17 1.3117874085537018
0.22499999999999992 -4.85722573273506e-17 -4.85722573273506e-17 1.3223748726648141
0.22499999999999992 -4.85722573273506e-17 -4.85722573273506e-17 1.3443571152022527
0.22499999999999992 -4.85722573273506e-17 -4.85722573273506e-17 1.355780213108834
0.22499999999999992 -4.85722573273506e-17 -4.85722573273506e-17 1.3748996403392102
0.22499999999999992 -4.85722573273506e-17 -4.85722573273506e-17 1.382376146553117
0.22499999999999992 -4.85722573273506e-17 -4.85722573273506e-17 1.3916561824432598
0.22499999999999992 -4.85722573273506e-17 -4.85722573273506e-17 1.4039623730354238
0.22499999999999992 -4.85722573273506e-17 -4.85722573273506e-17 1.419220874386438
0.22499999999999992 -4.85722573273506e-17 -4.85722573273506e-17 1.4292437730256324
0.22499999999999992 -4.85722573273506e-17 -4.85722573273506e-17 1.4511459347860702
0.22499999999999992 -4.85722573273506e-17 -4.85722573273506e-17 1.4560678076164657
0.22499999999999992 -4.85722573273506e-17 -4.85722573273506e-17 1.479711777675
0.22499999999999992 -4.85722573273506e-17 -4.85722573273506e-17 1.4878477226966007
0.22499999999999992 -4.85722573273506e-17 -4.85722573273506e-17 1.494139810066821
0.22499999999999992 -4.85722573273506e-17 -4.85722573273506e-17 1.5204976215206054
0.22499999999999992 -4.85722573273506e-17 -4.85722573273506e-17 1.5315318555017043
0.22499999999999992 -4.85722573273506e-17 -4.85722573273506e-17 1.5492219969489422
0.22499999999999992 -4.85722573273506e-17 -4.85722573273506e-17 1.5599130869728857
0.22499999999999992 -4.85722573273506e-17 -4.85722573273506e-17 1.5833965342854937
0.22499999999999992 -4.85722573273506e-17 -4.85722573273506e-17 1.5961094692667253
0.22499999999999992 -4.85722573273506e-17 -4.85722573273506e-17 1.6194805144342475
0.22499999999999992 -4.85722573273506e-17 -4.85722573273506e-17 1.6263522295524844
0.22499999999999992 -4.85722573273506e-17 -4.85722573273506e-17 1.6405889289269417
0.22499999999999992 -4.85722573273506e-17 -4.85722573273506e-17 1.6495878041863845
0.22499999999999992 -4.85722573273506e-17 -4.85722573273506e-17 1.6637100057922396
0.22499999999999992 -4.85722573273506e-17 -4.85722573273506e-17 1.6872622221802906
0.22499999999999992 -4.85722573273506e-17 -4.85722573273506e-17 1.7224811369540731
0.22499999999999992 -4.85722573273506e-17 -4.85722573273506e-17 1.7406654383814661
0.22499999999999992 -4.85722573273506e-17 -4.85722573273506e-17 1.7753310801114361
0.22499999999999992 -4.85722573273506e-17 -4.85722573273506e-17 1.7908128241519528
0.22499999999999992 -4.85722573273506e-17 -4.85722573273506e-17 1.8311387844174911
0.22499999999999992 -4.85722573273506e-17 -4.85722573273506e-17 1.8568635397639053
0.22499999999999992 -4.85722573273506e-17 -4.85722573273506e-17 1.9184648118717975
0.22499999999999992 -4.85722573273506e-17 -4.85722573273506e-17 1.9262112526839825
0.22499999999999992 -4.85722573273506e-17 -4.85722573273506e-17 2.1017816933324767
0.22499999999999992 -4.85722573273506e-17 -4.85722573273506e-17 2.1188934123390366
0.22499999999999992 -4.85722573273506e-17 -4.85722573273506e-17 2.1466110667299887
0.22499999999999992 -4.85722573273506e-17 -4.85722573273506e-17 2.1558660979911117
0.22499999999999992 -4.85722573273506e-17 -4.85722573273506e-17 2.240746334388401
0.22499999999999992 -4.85722573273506e-17 -4.85722573273506e-17 2.277551469494539
0.22499999999999992 -4.85722573273506e-17 -4.85722573273506e-17 2.5193631062936515
0.22499999999999992 -4.85722573273506e-17 -4.85722573273506e-17 2.5280151791812058
0.22499999999999992 -4.85722573273506e-17 -4.85722573273506e-17 3.9054236970447382
0.22499999999999992 -4.85722573273506e-17 -4.85722573273506e-17 3.971208331446645
0.22499999999999992 -4.85722573273506e-17 -4.85722573273506e-17 4.364776142818374
0.22499999999999992 -4.85722573273506e-17 -4.85722573273506e-17 4.398499969422331
0.22499999999999992 -4.85722573273506e-17 -4.85722573273506e-17 4.579390802321722
0.22499999999999992 -4.85722573273506e-17 -4.85722573273506e-17 4.608901992360207
0.22499999999999992 -4.85722573273506e-17 -4.85722573273506e-17 4.679303285755911
0.22499999999999992 -4.85722573273506e-17 -4.85722573273506e-17 4.7330338198098545
0.22499999999999992 -4.85722573273506e-17 -4.85722573273506e-17 5.160749002993336
0.22499999999999992 -4.85722573273506e-17 -4.85722573273506e-17 5.188876393166982
0.22499999999999992 -4.85722573273506e-17 -4.85722573273506e-17 5.2088676222868315
0.22499999999999992 -4.85722573273506e-17 -4.85722573273506e-17 5.225509452434351
0.22499999999999992 -4.85722573273506e-17 -4.85722573273506e-17 5.299362391498431
0.22499999999999992 -4.85722573273506e-17 -4.85722573273506e-17 5.3798924431040716
0.22499999999999992 -4.85722573273506e-17 -4.85722573273506e-17 5.441310912043736
0.22499999999999992 -4.85722573273506e-17 -4.85722573273506e-17 5.472356815545631
0.22499999999999992 -4.85722573273506e-17 -4.85722573273506e-17 5.570659995031501
0.22499999999999992 -4.85722573273506e-17 -4.85722573273506e-17 5.612557850628269
0.22499999999999992 -4.85722573273506e-17 -4.85722573273506e-17 5.6702672415039945
0.22499999999999992 -4.85722573273506e-17 -4.85722573273506e-17 5.686866265704304
0.22499999999999992 -4.85722573273506e-17 -4.85722573273506e-17 5.860698589775559
0.22499999999999992 -4.85722573273506e-17 -4.85722573273506e-17 5.893014635030946
0.22499999999999992 -4.85722573273506e-17 -4.85722573273506e-17 5.928497751898751
0.22499999999999992 -4.85722573273506e-17 -4.85722573273506e-17 5.9594128669964155
0.22499999999999992 -4.85722573273506e-17 -4.85722573273506e-17 6.536306030996978
0.22499999999999992 -4.85722573273506e-17 -4.85722573273506e-17 6.601148279293565
0.22499999999999992 -4.85722573273506e-17 -4.85722573273506e-17 6.699195978544489
0.22499999999999992 -4.85722573273506e-17 -4.85722573273506e-17 6.749464013523054
0.22499999999999992 -4.85722573273506e-17 -4.85722573273506e-17 7.071594190412525
0.22499999999999992 -4.85722573273506e-17 -4.85722573273506e-17 7.127233223871894
0.22499999999999992 -4.85722573273506e-17 -4.85722573273506e-17 7.208150523688131
0.22499999999999992 -4.85722573273506e-17 -4.85722573273506e-17 7.237759120281794
0.22499999999999992 -4.85722573273506e-17 -4.85722573273506e-17 7.28934495959715
0.22499999999999992 -4.85722573273506e-17 -4.85722573273506e-17 7.318453331798574
0.22499999999999992 -4.85722573273506e-17 -4.85722573273506e-17 7.4153825239906475
0.22499999999999992 -4.85722573273506e-17 -4.85722573273506e-17 7.451997187382286
0.22499999999999992 -4.85722573273506e-17 -4.85722573273506e-17 7.60387681639293
0.22499999999999992 -4.85722573273506e-17 -4.85722573273506e-17 7.650049364670226
0.22499999999999992 -4.85722573273506e-17 -4.85722573273506e-17 7.807118392738539
0.22499999999999992 -4.85722573273506e-17 -4.85722573273506e-17 7.831961418584429
0.22499999999999992 -4.85722573273506e-17 -4.85722573273506e-17 7.943789008575148
0.22499999999999992 -4.85722573273506e-17 -4.85722573273506e-17 7.989989990166541
0.22499999999999992 -4.85722573273506e-17 -4.85722573273506e-17 8.109727678558018
0.22499999999999992 -4.85722573273506e-17 -4.85722573273506e-17 8.15481684032904
0.22499999999999992 -4.85722573273506e-17 -4.85722573273506e-17 8.303196592317905
0.22499999999999992 -4.85722573273506e-17 -4.85722573273506e-17 8.337029487523138
0.22499999999999992 -4.85722573273506e-17 -4.85722573273506e-17 8.430232628566305
0.22499999999999992 -4.85722573273506e-17 -4.85722573273506e-17 8.460618234791005
0.19999999999999993 -4.85722573273506e-17 -4.85722573273506e-17 -5.29470582494487
0.19999999999999993 -4.85722573273506e-17 -4.85722573273506e-17 -5.291280538931563
0.19999999999999993 -4.85722573273506e-17 -4.85722573273506e-17 -4.9919630512711155
0.19999999999999993 -4.85722573273506e-17 -4.85722573273506e-17 -4.983733000161669
0.19999999999999993 -4.85722573273506e-17 -4.85722573273506e-17 -4.892254584568374
0.19999999999999993 -4.85722573273506e-17 -4.85722573273506e-17 -4.888968989818012
0.19999999999999993 -4.85722573273506e-17 -4.85722573273506e-17 -4.870818970428453
0.19999999999999993 -4.85722573273506e-17 -4.85722573273506e-17 -4.859254347287032
0.19999999999999993 -4.85722573273506e-17 -4.85722573273506e-17 -4.577091362384566
0.19999999999999993 -4.85722573273506e-17 -4.85722573273506e-17 -4.5741210336850955
0.19999999999999993 -4.85722573273506e-17 -4.85722573273506e-17 -4.531471319043126
0.19999999999999993 -4.85722573273506e-17 -4.85722573273506e-17 -4.516350205297288
0.19999999999999993 -4.85722573273506e-17 -4.85722573273506e-17 -4.404439844263177
0.19999999999999993 -4.85722573273506e-17 -4.85722573273506e-17 -4.377738203345739
0.19999999999999993 -4.85722573273506e-17 -4.85722573273506e-17 -3.8390382750587086
0.19999999999999993 -4.85722573273506e-17 -4.85722573273506e-17 -3.72192591053005
0.19999999999999993 -4.85722573273506e-17 -4.85722573273506e-17 -1.0384387629009098
0.19999999999999993 -4.85722573273506e-17 -4.85722573273506e-17 -1.0023607755748252
0.19999999999999993 -4.85722573273506e-17 -4.85722573273506e-17 -0.8205277176614825
0.19999999999999993 -4.85722573273506e-17 -4.85722573273506e-17 -0.7987181986374594
0.19999999999999993 -4.85722573273506e-17 -4.85722573273506e-17 -0.7553620102119183
0.19999999999999993 -4.85722573273506e-17 -4.85722573273506e-17 -0.7360702784319582
0.19999999999999993 -4.85722573273506e-17 -4.85722573273506e-17 -0.712302578194294
0.19999999999999993 -4.85722573273506e-17 -4.85722573273506e-17 -0.705318910027202
0.19999999999999993 -4.85722573273506e-17 -4.85722573273506e-17 -0.6749108471850445
0.19999999999999993 -4.85722573273506e-17 -4.85722573273506e-17 -0.6548238103433874
0.19999999999999993 -4.85722573273506e-17 -4.85722573273506e-17 -0.6052446792394228
0.19999999999999993 -4.85722573273506e-17 -4.85722573273506e-17 -0.5880148346283116
0.19999999999999993 -4.85722573273506e-17 -4.85722573273506e-17 -0.580892651497203
0.19999999999999993 -4.85722573273506e-17 -4.85722573273506e-17 -0.5625669493458219
0.19999999999999993 -4.85722573273506e-17 -4.85722573273506e-17 -0.5308974960052186
0.19999999999999993 -4.85722573273506e-17 -4.85722573273506e-17 -0.5123578070523092
0.19999999999999993 -4.85722573273506e-17 -4.85722573273506e-17 -0.5023941646779182
0.19999999999999993 -4.85722573273506e-17 -4.85722573273506e-17 -0.4700364827236463
0.19999999999999993 -4.85722573273506e-17 -4.85722573273506e-17 -0.44260885404576733
0.19999999999999993 -4.85722573273506e-17 -4.85722573273506e-17 -0.4272625207117571
0.19999999999999993 -4.85722573273506e-17 -4.85722573273506e-17 -0.33846008599639177
0.19999999999999993 -4.85722573273506e-17 -4.85722573273506e-17 -0.2924615664767902
0.19999999999999993 -4.85722573273506e-17 -4.85722573273506e-17 -0.2791009042898711
0.19999999999999993 -4.85722573273506e-17 -4.85722573273506e-17 -0.26326260130048595
0.19999999999999993 -4.85722573273506e-17 -4.85722573273506e-17 0.21792936117876494
0.19999999999999993 -4.85722573273506e-17 -4.85722573273506e-17 0.2375382458460411
0.19999999999999993 -4.85722573273506e-17 -4.85722573273506e-17 0.2715640712270151
0.19999999999999993 -4.85722573273506e-17 -4.85722573273506e-17 0.2887523645102752
0.19999999999999993 -4.85722573273506e-17 -4.85722573273506e-17 0.29618693312947303
0.19999999999999993 -4.85722573273506e-17 -4.85722573273506e-17 0.30989049176872996
0.19999999999999993 -4.85722573273506e-17 -4.85722573273506e-17 0.39271957053935047
0.19999999999999993 -4.85722573273506e-17 -4.85722573273506e-17 0.40670622538221757
0.19999999999999993 -4.85722573273506e-17 -4.85722573273506e-17 0.4182518281885699
0.19999999999999993 -4.85722573273506e-17 -4.85722573273506e-17 0.4324633967945548
0.19999999999999993 -4.85722573273506e-17 -4.85722573273506e-17 0.45480671579328025
0.19999999999999993 -4.85722573273506e-17 -4.85722573273506e-17 0.4640789895459605
0.19999999999999993 -4.85722573273506e-17 -4.85722573273506e-17 0.4744014248348094
0.19999999999999993 -4.85722573273506e-17 -4.85722573273506e-17 0.4901389826362479
0.19999999999999993 -4.85722573273506e-17 -4.85722573273506e-17 0.49939399559654163
0.19999999999999993 -4.85722573273506e-17 -4.85722573273506e-17 0.514206205101166
0.19999999999999993 -4.85722573273506e-17 -4.85722573273506e-17 0.5475791185277972
0.19999999999999993 -4.85722573273506e-17 -4.85722573273506e-17 0.5605425344310389
0.19999999999999993 -4.85722573273506e-17 -4.85722573273506e-17 0.5848648346393439
0.19999999999999993 -4.85722573273506e-17 -4.85722573273506e-17 0.5983219135469877
0.19999999999999993 -4.85722573273506e-17 -4.85722573273506e-17 0.6480241752552782
0.19999999999999993 -4.85722573273506e-17 -4.85722573273506e-17 0.6600913764504517
0.19999999999999993 -4.85722573273506e-17 -4.85722573273506e-17 0.688637944376514
0.19999999999999993 -4.85722573273506e-17 -4.85722573273506e-17 0.6957978525758004
0.19999999999999993 -4.85722573273506e-17 -4.85722573273506e-17 0.720234550664852
0.19999999999999993 -4.85722573273506e-17 -4.85722573273506e-17 0.7347464517216249
0.19999999999999993 -4.85722573273506e-17 -4.85722573273506e-17 0.7469353313268154
0.19999999999999993 -4.85722573273506e-17 -4.85722573273506e-17 0.7755852915541075
0.19999999999999993 -4.85722573273506e-17 -4.85722573273506e-17 0.786974640785988
0.19999999999999993 -4.85722573273506e-17 -4.85722573273506e-17 0.7924693504340888
0.19999999999999993 -4.85722573273506e-17 -4.85722573273506e-17 0.8028209267157749
0.19999999999999993 -4.85722573273506e-17 -4.85722573273506e-17 0.8172303041289233
0.19999999999999993 -4.85722573273506e-17 -4.85722573273506e-17 0.8300042807696943
0.19999999999999993 -4.85722573273506e-17 -4.85722573273506e-17 0.8400935384180244
0.19999999999999993 -4.85722573273506e-17 -4.85722573273506e-17 0.8497946285523998
0.19999999999999993 -4.85722573273506e-17 -4.85722573273506e-17 0.8570684542092744
0.19999999999999993 -4.85722573273506e-17 -4.85722573273506e-17 0.8654577988559922
0.19999999999999993 -4.85722573273506e-17 -4.85722573273506e-17 0.89497704105563
0.19999999999999993 -4.85722573273506e-17 -4.85722573273506e-17 0.8977994429820049
0.19999999999999993 -4.85722573273506e-17 -4.85722573273506e-17 0.915579372847219
0.19999999999999993 -4.85722573273506e-17 -4.85722573273506e-17 0.9284577597675083
0.19999999999999993 -4.85722573273506e-17 -4.85722573273506e-17 0.9383609771276272
0.19999999999999993 -4.85722573273506e-17 -4.85722573273506e-17 0.9442559005805888
0.19999999999999993 -4.85722573273506e-17 -4.85722573273506e-17 0.9542409060196247
0.19999999999999993 -4.85722573273506e-17 -4.85722573273506e-17 0.9575860390323897
0.19999999999999993 -4.85722573273506e-17 -4.85722573273506e-17 0.9757157378529859
0.19999999999999993 -4.85722573273506e-17 -4.85722573273506e-17 0.9904401617826126
0.19999999999999993 -4.85722573273506e-17 -4.85722573273506e-17 0.9987607157026885
0.19999999999999993 -4.85722573273506e-17 -4.85722573273506e-17 1.0032437288566733
0.19999999999999993 -4.85722573273506e-17 -4.85722573273506e-17 1.0150773396608361
0.19999999999999993 -4.85722573273506e-17 -4.85722573273506e-17 1.0307430447117487
0.19999999999999993 -4.85722573273506e-17 -4.85722573273506e-17 1.0350330606589027
0.19999999999999993 -4.85722573273506e-17 -4.85722573273506e-17 1.0464797059900723
0.19999999999999993 -4.85722573273506e-17 -4.85722573273506e-17 1.0660731755637602
0.19999999999999993 -4.85722573273506e-17 -4.85722573273506e-17 1.0707705254388158
0.19999999999999993 -4.85722573273506e-17 -4.85722573273506e-17 1.0804201113109482
0.19999999999999993 -4.85722573273506e-17 -4.85722573273506e-17 1.0914192413748003
0.19999999999999993 -4.85722573273506e-17 -4.85722573273506e-17 1.0997861922392815
0.19999999999999993 -4.85722573273506e-17 -4.85722573273506e-17 1.107002535316752
0.19999999999999993 -4.85722573273506e-17 -4.85722573273506e-17 1.1124356060257452
0.19999999999999993 -4.85722573273506e-17 -4.85722573273506e-17 1.1228027740450175
0.19999999999999993 -4.85722573273506e-17 -4.85722573273506e-17 1.1358661065494866
0.19999999999999993 -4.85722573273506e-17 -4.85722573273506e-17 1.1461487358210771
0.19999999999999993 -4.85722573273506e-17 -4.85722573273506e-17 1.1563582969074133
0.19999999999999993 -4.85722573273506e-17 -4.85722573273506e-17 1.1769101582541488
0.19999999999999993 -4.85722573273506e-17 -4.85722573273506e-17 1.1850838500302658
0.19999999999999993 -4.85722573273506e-17 -4.85722573273506e-17 1.18894100164739
0.19999999999999993 -4.85722573273506e-17 -4.85722573273506e-17 1.2060161885691434
0.19999999999999993 -4.85722573273506e-17 -4.85722573273506e-17 1.2191001210606554
0.19999999999999993 -4.85722573273506e-17 -4.85722573273506e-17 1.2206453295345918
0.19999999999999993 -4.85722573273506e-17 -4.85722573273506e-17 1.2305264404995846
0.19999999999999993 -4.85722573273506e-17 -4.85722573273506e-17 1.2424435362077952
0.19999999999999993 -4.85722573273506e-17 -4.85722573273506e-17 1.2520947027186917
0.19999999999999993 -4.85722573273506e-17 -4.85722573273506e-17 1.2605015762433984
0.19999999999999993 -4.85722573273506e-17 -4.85722573273506e-17 1.2829634384732298
0.19999999999999993 -4.85722573273506e-17 -4.85722573273506e-17 1.2949389378721115
0.19999999999999993 -4.85722573273506e-17 -4.85722573273506e-17 1.2973982941475506
0.19999999999999993 -4.85722573273506e-17 -4.85722573273506e-17 1.3106378138743375
0.19999999999999993 -4.85722573273506e-17 -4.85722573273506e-17 1.3219734942531884
0.19999999999999993 -4.85722573273506e-17 -4.85722573273506e-17 1.3453129055773436
0.19999999999999993 -4.85722573273506e-17 -4.85722573273506e-17 1.356622034714837
0.19999999999999993 -4.85722573273506e-17 -4.85722573273506e-17 1.3752346157386315
0.19999999999999993 -4.85722573273506e-17 -4.85722573273506e-17 1.3827689658000661
0.19999999999999993 -4.85722573273506e-17 -4.85722573273506e-17 1.3913980679005142
0.19999999999999993 -4.85722573273506e-17 -4.85722573273506e-17 1.4043414674005081
0.19999999999999993 -4.85722573273506e-17 -4.85722573273506e-17 1.4198844675733389
0.19999999999999993 -4.85722573273506e-17 -4.85722573273506e-17 1.4289028571748847
0.19999999999999993 -4.85722573273506e-17 -4.85722573273506e-17 1.452703285012209
0.19999999999999993 -4.85722573273506e-17 -4.85722573273506e-17 1.455860730844023
0.19999999999999993 -4.85722573273506e-17 -4.85722573273506e-17 1.4783382728890304
0.19999999999999993 -4.85722573273506e-17 -4.85722573273506e-17 1.4890765048918655
0.19999999999999993 -4.85722573273506e-17 -4.85722573273506e-17 1.4948679359783585
0.19999999999999993 -4.85722573273506e-17 -4.85722573273506e-17 1.5231918590359417
0.19999999999999993 -4.85722573273506e-17 -4.85722573273506e-17 1.53237123909111
0.19999999999999993 -4.85722573273506e-17 -4.85722573273506e-17 1.5494660287933693
0.19999999999999993 -4.85722573273506e-17 -4.85722573273506e-17 1.5616837189673216
0.19999999999999993 -4.85722573273506e-17 -4.85722573273506e-17 1.5856275397777804
0.19999999999999993 -4.85722573273506e-17 -4.85722573273506e-17 1.598746209444716
0.19999999999999993 -4.85722573273506e-17 -4.85722573273506e-17 1.6225516427610884
0.19999999999999993 -4.85722573273506e-17 -4.85722573273506e-17 1.631151690690893
0.19999999999999993 -4.85722573273506e-17 -4.85722573273506e-17 1.6435108164837393
0.19999999999999993 -4.85722573273506e-17 -4.85722573273506e-17 1.6512046969946352
0.19999999999999993 -4.85722573273506e-17 -4.85722573273506e-17 1.6646060829852072
0.19999999999999993 -4.85722573273506e-17 -4.85722573273506e-17 1.690311735108387
0.19999999999999993 -4.85722573273506e-17 -4.85722573273506e-17 1.725106583168488
0.19999999999999993 -4.85722573273506e-17 -4.85722573273506e-17 1.7415731818675395
0.19999999999999993 -4.85722573273506e-17 -4.85722573273506e-17 1.77857696447135
0.19999999999999993 -4.85722573273506e-17 -4.85722573273506e-17 1.7927660455392491
0.19999999999999993 -4.85722573273506e-17 -4.85722573273506e-17 1.8311297925902261
0.19999999999999993 -4.85722573273506e-17 -4.85722573273506e-17 1.8550438590384433
0.19999999999999993 -4.85722573273506e-17 -4.85722573273506e-17 1.921874523338893
0.19999999999999993 -4.85722573273506e-17 -4.85722573273506e-17 1.9290560919173751
0.19999999999999993 -4.85722573273506e-17 -4.85722573273506e-17 2.1163663934906616
0.19999999999999993 -4.85722573273506e-17 -4.85722573273506e-17 2.1371190087583587
0.19999999999999993 -4.85722573273506e-17 -4.85722573273506e-17 2.1646737527256503
0.19999999999999993 -4.85722573273506e-17 -4.85722573273506e-17 2.1731701558951535
0.19999999999999993 -4.85722573273506e-17 -4.85722573273506e-17 2.2377836007181955
0.19999999999999993 -4.85722573273506e-17 -4.85722573273506e-17 2.276980163710835
0.19999999999999993 -4.85722573273506e-17 -4.85722573273506e-17 2.541711619447974
0.19999999999999993 -4.85722573273506e-17 -4.85722573273506e-17 2.5502158862238318
0.19999999999999993 -4.85722573273506e-17 -4.85722573273506e-17 3.8804977266088425
0.19999999999999993 -4.85722573273506e-17 -4.85722573273506e-17 3.942462047455324
0.19999999999999993 -4.85722573273506e-17 -4.85722573273506e-17 4.368981618490604
0.19999999999999993 -4.85722573273506e-17 -4.85722573273506e-17 4.401680983655058
0.19999999999999993 -4.85722573273506e-17 -4.85722573273506e-17 4.553462531225262
0.19999999999999993 -4.85722573273506e-17 -4.85722573273506e-17 4.584243250320355
0.19999999999999993 -4.85722573273506e-17 -4.85722573273506e-17 4.6546500909468005
0.19999999999999993 -4.85722573273506e-17 -4.85722573273506e-17 4.7062668638072545
0.19999999999999993 -4.85722573273506e-17 -4.85722573273506e-17 5.160369206854044
0.19999999999999993 -4.85722573273506e-17 -4.85722573273506e-17 5.1900403021385415
0.19999999999999993 -4.85722573273506e-17 -4.85722573273506e-17 5.212363963538593
0.19999999999999993 -4.85722573273506e-17 -4.85722573273506e-17 5.226708723175751
0.19999999999999993 -4.85722573273506e-17 -4.85722573273506e-17 5.279242408109689
0.19999999999999993 -4.85722573273506e-17 -4.85722573273506e-17 5.365143726044815
0.19999999999999993 -4.85722573273506e-17 -4.85722573273506e-17 5.416490672080636
0.19999999999999993 -4.85722573273506e-17 -4.85722573273506e-17 5.445687334348275
0.19999999999999993 -4.85722573273506e-17 -4.85722573273506e-17 5.5316358303116635
0.19999999999999993 -4.85722573273506e-17 -4.85722573273506e-17 5.574581079180197
0.19999999999999993 -4.85722573273506e-17 -4.85722573273506e-17 5.670480478994844
0.19999999999999993 -4.85722573273506e-17 -4.85722573273506e-17 5.682841503988698
0.19999999999999993 -4.85722573273506e-17 -4.85722573273506e-17 5.824265836552421
0.19999999999999993 -4.85722573273506e-17 -4.85722573273506e-17 5.85765130379286
0.19999999999999993 -4.85722573273506e-17 -4.85722573273506e-17 5.890175052190751
0.19999999999999993 -4.85722573273506e-17 -4.85722573273506e-17 5.920525288539114
0.19999999999999993 -4.85722573273506e-17 -4.85722573273506e-17 6.5308729993709695
0.19999999999999993 -4.85722573273506e-17 -4.85722573273506e-17 6.584303824087507
0.19999999999999993 -4.85722573273506e-17 -4.85722573273506e-17 6.721396134565964
0.19999999999999993 -4.85722573273506e-17 -4.85722573273506e-17 6.761560584633079
0.19999999999999993 -4.85722573273506e-17 -4.85722573273506e-17 7.101214542984728
0.19999999999999993 -4.85722573273506e-17 -4.85722573273506e-17 7.159323773176642
0.19999999999999993 -4.85722573273506e-17 -4.85722573273506e-17 7.243087327102959
0.19999999999999993 -4.85722573273506e-17 -4.85722573273506e-17 7.269833568013784
0.19999999999999993 -4.85722573273506e-17 -4.85722573273506e-17 7.328763228773424
0.19999999999999993 -4.85722573273506e-17 -4.85722573273506e-17 7.347007421166608
0.19999999999999993 -4.85722573273506e-17 -4.85722573273506e-17 7.432960076686366
0.19999999999999993 -4.85722573273506e-17 -4.85722573273506e-17 7.466336727013784
0.19999999999999993 -4.85722573273506e-17 -4.85722573273506e-17 7.612276265739769
0.19999999999999993 -4.85722573273506e-17 -4.85722573273506e-17 7.656125389834852
0.19999999999999993 -4.85722573273506e-17 -4.85722573273506e-17 7.815616628748865
0.19999999999999993 -4.85722573273506e-17 -4.85722573273506e-17 7.834526549244022
0.19999999999999993 -4.85722573273506e-17 -4.85722573273506e-17 7.959050178950406
0.19999999999999993 -4.85722573273506e-17 -4.85722573273506e-17 7.998448233165184
0.19999999999999993 -4.85722573273506e-17 -4.85722573273506e-17 8.130468512224143
0.19999999999999993 -4.85722573273506e-17 -4.85722573273506e-17 8.167932380238554
0.19999999999999993 -4.85722573273506e-17 -4.85722573273506e-17 8.3174288753725
0.19999999999999993 -4.85722573273506e-17 -4.85722573273506e-17 8.351296751730274
0.19999999999999993 -4.85722573273506e-17 -4.85722573273506e-17 8.445030311399961
0.19999999999999993 -4.85722573273506e-17 -4.85722573273506e-17 8.470744916714487
0.17499999999999993 -4.85722573273506e-17 -4.85722573273506e-17 -5.3014186095178095
0.17499999999999993 -4.85722573273506e-17 -4.85722573273506e-17 -5.298546845571484
0.17499999999999993 -4.85722573273506e-17 -4.85722573273506e-17 -4.983010822426667
0.17499999999999993 -4.85722573273506e-17 -4.85722573273506e-17 -4.975769644683361
0.17499999999999993 -4.85722573273506e-17 -4.85722573273506e-17 -4.898546617876427
0.17499999999999993 -4.85722573273506e-17 -4.85722573273506e-17 -4.895282817609407
0.17499999999999993 -4.85722573273506e-17 -4.85722573273506e-17 -4.877137211252784
0.17499999999999993 -4.85722573273506e-17 -4.85722573273506e-17 -4.867511189696203
0.17499999999999993 -4.85722573273506e-17 -4.85722573273506e-17 -4.567300556685882
0.17499999999999993 -4.85722573273506e-17 -4.85722573273506e-17 -4.564763527632932
0.17499999999999993 -4.85722573273506e-17 -4.85722573273506e-17 -4.522411056303713
0.17499999999999993 -4.85722573273506e-17 -4.85722573273506e-17 -4.511407519352397
0.17499999999999993 -4.85722573273506e-17 -4.85722573273506e-17 -4.407091469697404
0.17499999999999993 -4.85722573273506e-17 -4.85722573273506e-17 -4.386674812155036
0.17499999999999993 -4.85722573273506e-17 -4.85722573273506e-17 -3.818945106017253
0.17499999999999993 -4.85722573273506e-17 -4.85722573273506e-17 -3.7128093786052023
0.17499999999999993 -4.85722573273506e-17 -4.85722573273506e-17 -1.038581975227146
0.17499999999999993 -4.85722573273506e-17 -4.85722573273506e-17 -1.003020904587494
0.17499999999999993 -4.85722573273506e-17 -4.85722573273506e-17 -0.8269075778108181
0.17499999999999993 -4.85722573273506e-17 -4.85722573273506e-17 -0.8035134230435368
0.17499999999999993 -4.85722573273506e-17 -4.85722573273506e-17 -0.7602615958536365
0.17499999999999993 -4.85722573273506e-17 -4.85722573273506e-17 -0.7411294867003964
0.17499999999999993 -4.85722573273506e-17 -4.85722573273506e-17 -0.7156798159677427
0.17499999999999993 -4.85722573273506e-17 -4.85722573273506e-17 -0.7068959498901848
0.17499999999999993 -4.85722573273506e-17 -4.85722573273506e-17 -0.6891095336521396
0.17499999999999993 -4.85722573273506e-17 -4.85722573273506e-17 -0.6681000501821135
0.17499999999999993 -4.85722573273506e-17 -4.85722573273506e-17 -0.6157907277080046
0.17499999999999993 -4.85722573273506e-17 -4.85722573273506e-17 -0.59834198714522
0.17499999999999993 -4.85722573273506e-17 -4.85722573273506e-17 -0.5916214907528339
0.17499999999999993 -4.85722573273506e-17 -4.85722573273506e-17 -0.5726554175218066
0.17499999999999993 -4.85722573273506e-17 -4.85722573273506e-17 -0.5353252871507355
0.17499999999999993 -4.85722573273506e-17 -4.85722573273506e-17 -0.5212508861467722
0.17499999999999993 -4.85722573273506e-17 -4.85722573273506e-17 -0.5090357998191894
0.17499999999999993 -4.85722573273506e-17 -4.85722573273506e-17 -0.47778319366495836
0.17499999999999993 -4.85722573273506e-17 -4.85722573273506e-17 -0.4511116047881245
0.17499999999999993 -4.85722573273506e-17 -4.85722573273506e-17 -0.43574476445382615
0.17499999999999993 -4.85722573273506e-17 -4.85722573273506e-17 -0.3537576556510533
0.17499999999999993 -4.85722573273506e-17 -4.85722573273506e-17 -0.30841545275469073
0.17499999999999993 -4.85722573273506e-17 -4.85722573273506e-17 -0.29673381067835436
0.17499999999999993 -4.85722573273506e-17 -4.85722573273506e-17 -0.28172482219619965
0.17499999999999993 -4.85722573273506e-17 -4.85722573273506e-17 0.21851399442953756
0.17499999999999993 -4.85722573273506e-17 -4.85722573273506e-17 0.23529383137024773
0.17499999999999993 -4.85722573273506e-17 -4.85722573273506e-17 0.27149707988995786
0.17499999999999993 -4.85722573273506e-17 -4.85722573273506e-17 0.2886443468670704
0.17499999999999993 -4.85722573273506e-17 -4.85722573273506e-17 0.2963427110061161
0.17499999999999993 -4.85722573273506e-17 -4.85722573273506e-17 0.30751463617649755
0.17499999999999993 -4.85722573273506e-17 -4.85722573273506e-17 0.40001742823003283
0.17499999999999993 -4.85722573273506e-17 -4.85722573273506e-17 0.41156550232446243
0.17499999999999993 -4.85722573273506e-17 -4.85722573273506e-17 0.42596116799035677
0.17499999999999993 -4.85722573273506e-17 -4.85722573273506e-17 0.43845736260510293
0.17499999999999993 -4.85722573273506e-17 -4.85722573273506e-17 0.46378922724014326
0.17499999999999993 -4.85722573273506e-17 -4.85722573273506e-17 0.46923684508855545
0.17499999999999993 -4.85722573273506e-17 -4.85722573273506e-17 0.4820889742865546
0.17499999999999993 -4.85722573273506e-17 -4.85722573273506e-17 0.4946556397479229
0.17499999999999993 -4.85722573273506e-17 -4.85722573273506e-17 0.5036946388344612
0.17499999999999993 -4.85722573273506e-17 -4.85722573273506e-17 0.5160595310383647
0.17499999999999993 -4.85722573273506e-17 -4.85722573273506e-17 0.5578358158238181
0.17499999999999993 -4.85722573273506e-17 -4.85722573273506e-17 0.5760677894744619
0.17499999999999993 -4.85722573273506e-17 -4.85722573273506e-17 0.5982733352442704
0.17499999999999993 -4.85722573273506e-17 -4.85722573273506e-17 0.6093510708704049
0.17499999999999993 -4.85722573273506e-17 -4.85722573273506e-17 0.6508561775217405
0.17499999999999993 -4.85722573273506e-17 -4.85722573273506e-17 0.6640602947298211
0.17499999999999993 -4.85722573273506e-17 -4.85722573273506e-17 0.6912008714648223
0.17499999999999993 -4.85722573273506e-17 -4.85722573273506e-17 0.7012670580303277
0.17499999999999993 -4.85722573273506e-17 -4.85722573273506e-17 0.7275237879435412
0.17499999999999993 -4.85722573273506e-17 -4.85722573273506e-17 0.7413372281493205
0.17499999999999993 -4.85722573273506e-17 -4.85722573273506e-17 0.7554348177339127
0.17499999999999993 -4.85722573273506e-17 -4.85722573273506e-17 0.779054975916627
0.17499999999999993 -4.85722573273506e-17 -4.85722573273506e-17 0.7896167919252557
0.17499999999999993 -4.85722573273506e-17 -4.85722573273506e-17 0.799609044250221
0.17499999999999993 -4.85722573273506e-17 -4.85722573273506e-17 0.8068007143887859
0.17499999999999993 -4.85722573273506e-17 -4.85722573273506e-17 0.8256888320883
0.17499999999999993 -4.85722573273506e-17 -4.85722573273506e-17 0.8335296492093546
0.17499999999999993 -4.85722573273506e-17 -4.85722573273506e-17 0.8407503536964898
0.17499999999999993 -4.85722573273506e-17 -4.85722573273506e-17 0.8530324005617052
0.17499999999999993 -4.85722573273506e-17 -4.85722573273506e-17 0.8576536178085913
0.17499999999999993 -4.85722573273506e-17 -4.85722573273506e-17 0.8689987856492811
0.17499999999999993 -4.85722573273506e-17 -4.85722573273506e-17 0.895879630588876
0.17499999999999993 -4.85722573273506e-17 -4.85722573273506e-17 0.9005815288314717
0.17499999999999993 -4.85722573273506e-17 -4.85722573273506e-17 0.9189690014727407
0.17499999999999993 -4.85722573273506e-17 -4.85722573273506e-17 0.9291839590206532
0.17499999999999993 -4.85722573273506e-17 -4.85722573273506e-17 0.9379208754781585
0.17499999999999993 -4.85722573273506e-17 -4.85722573273506e-17 0.9456568531006946
0.17499999999999993 -4.85722573273506e-17 -4.85722573273506e-17 0.9543970394353078
0.17499999999999993 -4.85722573273506e-17 -4.85722573273506e-17 0.9616683096061297
0.17499999999999993 -4.85722573273506e-17 -4.85722573273506e-17 0.9765082422994258
0.17499999999999993 -4.85722573273506e-17 -4.85722573273506e-17 0.9890837431391288
0.17499999999999993 -4.85722573273506e-17 -4.85722573273506e-17 0.9994247921573284
0.17499999999999993 -4.85722573273506e-17 -4.85722573273506e-17 1.0059590637123401
0.17499999999999993 -4.85722573273506e-17 -4.85722573273506e-17 1.0173029130893934
0.17499999999999993 -4.85722573273506e-17 -4.85722573273506e-17 1.0332005850780326
0.17499999999999993 -4.85722573273506e-17 -4.85722573273506e-17 1.0345739538644367
0.17499999999999993 -4.85722573273506e-17 -4.85722573273506e-17 1.0510567168326856
0.17499999999999993 -4.85722573273506e-17 -4.85722573273506e-17 1.0637553384226592
0.17499999999999993 -4.85722573273506e-17 -4.85722573273506e-17 1.0719993649422408
0.17499999999999993 -4.85722573273506e-17 -4.85722573273506e-17 1.0804547807060212
0.17499999999999993 -4.85722573273506e-17 -4.85722573273506e-17 1.0925127002308352
0.17499999999999993 -4.85722573273506e-17 -4.85722573273506e-17 1.1009334970188371
0.17499999999999993 -4.85722573273506e-17 -4.85722573273506e-17 1.1081538820418808
0.17499999999999993 -4.85722573273506e-17 -4.85722573273506e-17 1.1113854453957952
0.17499999999999993 -4.85722573273506e-17 -4.85722573273506e-17 1.1232985211549877
0.17499999999999993 -4.85722573273506e-17 -4.85722573273506e-17 1.1332336893729327
0.17499999999999993 -4.85722573273506e-17 -4.85722573273506e-17 1.1449711617301155
0.17499999999999993 -4.85722573273506e-17 -4.85722573273506e-17 1.1560422228755778
0.17499999999999993 -4.85722573273506e-17 -4.85722573273506e-17 1.1780511085229644
0.17499999999999993 -4.85722573273506e-17 -4.85722573273506e-17 1.1828848610910205
0.17499999999999993 -4.85722573273506e-17 -4.85722573273506e-17 1.1871513065600428
0.17499999999999993 -4.85722573273506e-17 -4.85722573273506e-17 1.2057660574661586
0.17499999999999993 -4.85722573273506e-17 -4.85722573273506e-17 1.2161098078939272
0.17499999999999993 -4.85722573273506e-17 -4.85722573273506e-17 1.2209458686989272
0.17499999999999993 -4.85722573273506e-17 -4.85722573273506e-17 1.2314157022579488
0.17499999999999993 -4.85722573273506e-17 -4.85722573273506e-17 1.2413184178790573
0.17499999999999993 -4.85722573273506e-17 -4.85722573273506e-17 1.2514246590292917
0.17499999999999993 -4.85722573273506e-17 -4.85722573273506e-17 1.259039400579817
0.17499999999999993 -4.85722573273506e-17 -4.85722573273506e-17 1.282907007539884
0.17499999999999993 -4.85722573273506e-17 -4.85722573273506e-17 1.2956535371879008
0.17499999999999993 -4.85722573273506e-17 -4.85722573273506e-17 1.298070304750834
0.17499999999999993 -4.85722573273506e-17 -4.85722573273506e-17 1.3095426851097498
0.17499999999999993 -4.85722573273506e-17 -4.85722573273506e-17 1.3220942880234743
0.17499999999999993 -4.85722573273506e-17 -4.85722573273506e-17 1.3453246856738348
0.17499999999999993 -4.85722573273506e-17 -4.85722573273506e-17 1.3578388147261302
0.17499999999999993 -4.85722573273506e-17 -4.85722573273506e-17 1.3753914280922919
0.17499999999999993 -4.85722573273506e-17 -4.85722573273506e-17 1.3832034025913753
0.17499999999999993 -4.85722573273506e-17 -4.85722573273506e-17 1.391797795840489
0.17499999999999993 -4.85722573273506e-17 -4.85722573273506e-17 1.4047889853724733
0.17499999999999993 -4.85722573273506e-17 -4.85722573273506e-17 1.4205683621944933
0.17499999999999993 -4.85722573273506e-17 -4.85722573273506e-17 1.4285155627107962
0.17499999999999993 -4.85722573273506e-17 -4.85722573273506e-17 1.4530089645498419
0.17499999999999993 -4.85722573273506e-17 -4.85722573273506e-17 1.4565912060013895
0.17499999999999993 -4.85722573273506e-17 -4.85722573273506e-17 1.476953330268235
0.17499999999999993 -4.85722573273506e-17 -4.85722573273506e-17 1.489816375372283
0.17499999999999993 -4.85722573273506e-17 -4.85722573273506e-17 1.4954113728185894
0.17499999999999993 -4.85722573273506e-17 -4.85722573273506e-17 1.525546217171188
0.17499999999999993 -4.85722573273506e-17 -4.85722573273506e-17 1.5342541325087264
0.17499999999999993 -4.85722573273506e-17 -4.85722573273506e-17 1.54973703553034
0.17499999999999993 -4.85722573273506e-17 -4.85722573273506e-17 1.5628996395252521
0.17499999999999993 -4.85722573273506e-17 -4.85722573273506e-17 1.5879769844008491
0.17499999999999993 -4.85722573273506e-17 -4.85722573273506e-17 1.6011188543080914
0.17499999999999993 -4.85722573273506e-17 -4.85722573273506e-17 1.6252336418706328
0.17499999999999993 -4.85722573273506e-17 -4.85722573273506e-17 1.6355524777146107
0.17499999999999993 -4.85722573273506e-17 -4.85722573273506e-17 1.6466519592409572
0.17499999999999993 -4.85722573273506e-17 -4.85722573273506e-17 1.6539450050054993
0.17499999999999993 -4.85722573273506e-17 -4.85722573273506e-17 1.665780582926181
0.17499999999999993 -4.85722573273506e-17 -4.85722573273506e-17 1.6934902730667787
0.17499999999999993 -4.85722573273506e-17 -4.85722573273506e-17 1.7278465601883468
0.17499999999999993 -4.85722573273506e-17 -4.85722573273506e-17 1.742230290075824
0.17499999999999993 -4.85722573273506e-17 -4.85722573273506e-17 1.7821857152433322
0.17499999999999993 -4.85722573273506e-17 -4.85722573273506e-17 1.7950064920973423
0.17499999999999993 -4.85722573273506e-17 -4.85722573273506e-17 1.8315777329844458
0.17499999999999993 -4.85722573273506e-17 -4.85722573273506e-17 1.85346310344638
0.17499999999999993 -4.85722573273506e-17 -4.85722573273506e-17 1.9249598236946248
0.17499999999999993 -4.85722573273506e-17 -4.85722573273506e-17 1.9315266033117808
0.17499999999999993 -4.85722573273506e-17 -4.85722573273506e-17 2.130462503320987
0.17499999999999993 -4.85722573273506e-17 -4.85722573273506e-17 2.1545687196773535
0.17499999999999993 -4.85722573273506e-17 -4.85722573273506e-17 2.1826535165322394
0.17499999999999993 -4.85722573273506e-17 -4.85722573273506e-17 2.1897110096385672
0.17499999999999993 -4.85722573273506e-17 -4.85722573273506e-17 2.2357926135526265
0.17499999999999993 -4.85722573273506e-17 -4.85722573273506e-17 2.277080546469195
0.17499999999999993 -4.85722573273506e-17 -4.85722573273506e-17 2.5637823876260786
0.17499999999999993 -4.85722573273506e-17 -4.85722573273506e-17 2.5720865763544305
0.17499999999999993 -4.85722573273506e-17 -4.85722573273506e-17 3.856996721539767
0.17499999999999993 -4.85722573273506e-17 -4.85722573273506e-17 3.9141739342530064
0.17499999999999993 -4.85722573273506e-17 -4.85722573273506e-17 4.370383576080223
0.17499999999999993 -4.85722573273506e-17 -4.85722573273506e-17 4.40195426146965
0.17499999999999993 -4.85722573273506e-17 -4.85722573273506e-17 4.5298821463308325
0.17499999999999993 -4.85722573273506e-17 -4.85722573273506e-17 4.560940709143045
0.17499999999999993 -4.85722573273506e-17 -4.85722573273506e-17 4.6319508459188565
0.17499999999999993 -4.85722573273506e-17 -4.85722573273506e-17 4.680263207269923
0.17499999999999993 -4.85722573273506e-17 -4.85722573273506e-17 5.156430549974144
0.17499999999999993 -4.85722573273506e-17 -4.85722573273506e-17 5.190060788267039
0.17499999999999993 -4.85722573273506e-17 -4.85722573273506e-17 5.21339682943783
0.17499999999999993 -4.85722573273506e-17 -4.85722573273506e-17 5.226454415340544
0.17499999999999993 -4.85722573273506e-17 -4.85722573273506e-17 5.2605235799084165
0.17499999999999993 -4.85722573273506e-17 -4.85722573273506e-17 5.343663115484665
0.17499999999999993 -4.85722573273506e-17 -4.85722573273506e-17 5.402553489111943
0.17499999999999993 -4.85722573273506e-17 -4.85722573273506e-17 5.425215688166947
0.17499999999999993 -4.85722573273506e-17 -4.85722573273506e-17 5.493278961234969
0.17499999999999993 -4.85722573273506e-17 -4.85722573273506e-17 5.536918472582364
0.17499999999999993 -4.85722573273506e-17 -4.85722573273506e-17 5.67382442644101
0.17499999999999993 -4.85722573273506e-17 -4.85722573273506e-17 5.68420122470372
0.17499999999999993 -4.85722573273506e-17 -4.85722573273506e-17 5.79273150726657
0.17499999999999993 -4.85722573273506e-17 -4.85722573273506e-17 5.826274584882338
0.17499999999999993 -4.85722573273506e-17 -4.85722573273506e-17 5.856521055714114
0.17499999999999993 -4.85722573273506e-17 -4.85722573273506e-17 5.88563249863925
0.17499999999999993 -4.85722573273506e-17 -4.85722573273506e-17 6.527746620595327
0.17499999999999993 -4.85722573273506e-17 -4.85722573273506e-17 6.569166211089221
0.17499999999999993 -4.85722573273506e-17 -4.85722573273506e-17 6.741764485089651
0.17499999999999993 -4.85722573273506e-17 -4.85722573273506e-17 6.773514142375502
0.17499999999999993 -4.85722573273506e-17 -4.85722573273506e-17 7.124964522150387
0.17499999999999993 -4.85722573273506e-17 -4.85722573273506e-17 7.1829434076256105
0.17499999999999993 -4.85722573273506e-17 -4.85722573273506e-17 7.270988016514508
0.17499999999999993 -4.85722573273506e-17 -4.85722573273506e-17 7.2992847579191835
0.17499999999999993 -4.85722573273506e-17 -4.85722573273506e-17 7.3637767855356575
0.17499999999999993 -4.85722573273506e-17 -4.85722573273506e-17 7.3719414554318226
0.17499999999999993 -4.85722573273506e-17 -4.85722573273506e-17 7.454987271317656
0.17499999999999993 -4.85722573273506e-17 -4.85722573273506e-17 7.480311694540535
0.17499999999999993 -4.85722573273506e-17 -4.85722573273506e-17 7.6211198525304376
0.17499999999999993 -4.85722573273506e-17 -4.85722573273506e-17 7.66150775908264
0.17499999999999993 -4.85722573273506e-17 -4.85722573273506e-17 7.822531897490732
0.17499999999999993 -4.85722573273506e-17 -4.85722573273506e-17 7.837218667782082
0.17499999999999993 -4.85722573273506e-17 -4.85722573273506e-17 7.974862468705704
0.17499999999999993 -4.85722573273506e-17 -4.85722573273506e-17 8.007408033453325
0.17499999999999993 -4.85722573273506e-17 -4.85722573273506e-17 8.150066204992758
0.17499999999999993 -4.85722573273506e-17 -4.85722573273506e-17 8.180462226436966
0.17499999999999993 -4.85722573273506e-17 -4.85722573273506e-17 8.329130944827076
0.17499999999999993 -4.85722573273506e-17 -4.85722573273506e-17 8.364633296795539
0.17499999999999993 -4.85722573273506e-17 -4.85722573273506e-17 8.45927545847984
0.17499999999999993 -4.85722573273506e-17 -4.85722573273506e-17 8.481214952797666
0.14999999999999994 -4.85722573273506e-17 -4.85722573273506e-17 -5.307225177144769
0.14999999999999994 -4.85722573273506e-17 -4.85722573273506e-17 -5.304870964473224
0.14999999999999994 -4.85722573273506e-17 -4.85722573273506e-17 -4.975418182031749
0.14999999999999994 -4.85722573273506e-17 -4.85722573273506e-17 -4.969259145891242
0.14999999999999994 -4.85722573273506e-17 -4.85722573273506e-17 -4.903647353238086
0.14999999999999994 -4.85722573273506e-17 -4.85722573273506e-17 -4.900464680318031
0.14999999999999994 -4.85722573273506e-17 -4.85722573273506e-17 -4.882363099204557
0.14999999999999994 -4.85722573273506e-17 -4.85722573273506e-17 -4.874526357292425
0.14999999999999994 -4.85722573273506e-17 -4.85722573273506e-17 -4.5587105521857785
0.14999999999999994 -4.85722573273506e-17 -4.85722573273506e-17 -4.556681271500076
0.14999999999999994 -4.85722573273506e-17 -4.85722573273506e-17 -4.515019519951599
0.14999999999999994 -4.85722573273506e-17 -4.85722573273506e-17 -4.507951017309256
0.14999999999999994 -4.85722573273506e-17 -4.85722573273506e-17 -4.406945279455094
0.14999999999999994 -4.85722573273506e-17 -4.85722573273506e-17 -4.3919878080507
0.14999999999999994 -4.85722573273506e-17 -4.85722573273506e-17 -3.799644910401769
0.14999999999999994 -4.85722573273506e-17 -4.85722573273506e-17 -3.7059013467799087
0.14999999999999994 -4.85722573273506e-17 -4.85722573273506e-17 -1.0382048535938821
0.14999999999999994 -4.85722573273506e-17 -4.85722573273506e-17 -1.0043253643563315
0.14999999999999994 -4.85722573273506e-17 -4.85722573273506e-17 -0.8332844016673331
0.14999999999999994 -4.85722573273506e-17 -4.85722573273506e-17 -0.808748262514623
0.14999999999999994 -4.85722573273506e-17 -4.85722573273506e-17 -0.76585895896282
0.14999999999999994 -4.85722573273506e-17 -4.85722573273506e-17 -0.7475922466560103
0.14999999999999994 -4.85722573273506e-17 -4.85722573273506e-17 -0.7218706759383089
0.14999999999999994 -4.85722573273506e-17 -4.85722573273506e-17 -0.7084232109911318
0.14999999999999994 -4.85722573273506e-17 -4.85722573273506e-17 -0.7000191649497746
0.14999999999999994 -4.85722573273506e-17 -4.85722573273506e-17 -0.6806281057468286
0.14999999999999994 -4.85722573273506e-17 -4.85722573273506e-17 -0.62515017132319
0.14999999999999994 -4.85722573273506e-17 -4.85722573273506e-17 -0.61069555777682
0.14999999999999994 -4.85722573273506e-17 -4.85722573273506e-17 -0.5977435497178991
0.14999999999999994 -4.85722573273506e-17 -4.85722573273506e-17 -0.581929267428233
0.14999999999999994 -4.85722573273506e-17 -4.85722573273506e-17 -0.5385006806336801
0.14999999999999994 -4.85722573273506e-17 -4.85722573273506e-17 -0.5283880033268513
0.14999999999999994 -4.85722573273506e-17 -4.85722573273506e-17 -0.5125644439649815
0.14999999999999994 -4.85722573273506e-17 -4.85722573273506e-17 -0.4836471010984873
0.14999999999999994 -4.85722573273506e-17 -4.85722573273506e-17 -0.459870351094688
0.14999999999999994 -4.85722573273506e-17 -4.85722573273506e-17 -0.44556290926222175
0.14999999999999994 -4.85722573273506e-17 -4.85722573273506e-17 -0.3646276419309693
0.14999999999999994 -4.85722573273506e-17 -4.85722573273506e-17 -0.32366073630790915
0.14999999999999994 -4.85722573273506e-17 -4.85722573273506e-17 -0.30931559586922575
0.14999999999999994 -4.85722573273506e-17 -4.85722573273506e-17 -0.29675547783672407
0.14999999999999994 -4.85722573273506e-17 -4.85722573273506e-17 0.21887688264853722
0.14999999999999994 -4.85722573273506e-17 -4.85722573273506e-17 0.23301818741711067
0.14999999999999994 -4.85722573273506e-17 -4.85722573273506e-17 0.2714155531596223
0.14999999999999994 -4.85722573273506e-17 -4.85722573273506e-17 0.28741578727012573
0.14999999999999994 -4.85722573273506e-17 -4.85722573273506e-17 0.29632422765117283
0.14999999999999994 -4.85722573273506e-17 -4.85722573273506e-17 0.30513439173393486
0.14999999999999994 -4.85722573273506e-17 -4.85722573273506e-17 0.4052141046483513
0.14999999999999994 -4.85722573273506e-17 -4.85722573273506e-17 0.4148402449786275
0.14999999999999994 -4.85722573273506e-17 -4.85722573273506e-17 0.43272613729123677
0.14999999999999994 -4.85722573273506e-17 -4.85722573273506e-17 0.4430297643856047
0.14999999999999994 -4.85722573273506e-17 -4.85722573273506e-17 0.4727079332045556
0.14999999999999994 -4.85722573273506e-17 -4.85722573273506e-17 0.4740696971492004
0.14999999999999994 -4.85722573273506e-17 -4.85722573273506e-17 0.487689471299829
0.14999999999999994 -4.85722573273506e-17 -4.85722573273506e-17 0.4990263687222365
0.14999999999999994 -4.85722573273506e-17 -4.85722573273506e-17 0.5075302717883963
0.14999999999999994 -4.85722573273506e-17 -4.85722573273506e-17 0.517342280626699
0.14999999999999994 -4.85722573273506e-17 -4.85722573273506e-17 0.5665287199606484
0.14999999999999994 -4.85722573273506e-17 -4.85722573273506e-17 0.587171077349466
0.14999999999999994 -4.85722573273506e-17 -4.85722573273506e-17 0.6093810582864272
0.14999999999999994 -4.85722573273506e-17 -4.85722573273506e-17 0.6191815502285616
0.14999999999999994 -4.85722573273506e-17 -4.85722573273506e-17 0.6536897672156048
0.14999999999999994 -4.85722573273506e-17 -4.85722573273506e-17 0.6684116445499564
0.14999999999999994 -4.85722573273506e-17 -4.85722573273506e-17 0.6935202361566013
0.14999999999999994 -4.85722573273506e-17 -4.85722573273506e-17 0.7067274226648461
0.14999999999999994 -4.85722573273506e-17 -4.85722573273506e-17 0.7338693471989943
0.14999999999999994 -4.85722573273506e-17 -4.85722573273506e-17 0.74857879968103
0.14999999999999994 -4.85722573273506e-17 -4.85722573273506e-17 0.7640519816650198
0.14999999999999994 -4.85722573273506e-17 -4.85722573273506e-17 0.7823370503284197
0.14999999999999994 -4.85722573273506e-17 -4.85722573273506e-17 0.7913647007679288
0.14999999999999994 -4.85722573273506e-17 -4.85722573273506e-17 0.8030360221453394
0.14999999999999994 -4.85722573273506e-17 -4.85722573273506e-17 0.8125686996296624
0.14999999999999994 -4.85722573273506e-17 -4.85722573273506e-17 0.8309769685602001
0.14999999999999994 -4.85722573273506e-17 -4.85722573273506e-17 0.8357503277936725
0.14999999999999994 -4.85722573273506e-17 -4.85722573273506e-17 0.8439283229236851
0.14999999999999994 -4.85722573273506e-17 -4.85722573273506e-17 0.8562925900410651
0.14999999999999994 -4.85722573273506e-17 -4.85722573273506e-17 0.8589478632174844
0.14999999999999994 -4.85722573273506e-17 -4.85722573273506e-17 0.8723383206694182
0.14999999999999994 -4.85722573273506e-17 -4.85722573273506e-17 0.8972150971167171
0.14999999999999994 -4.85722573273506e-17 -4.85722573273506e-17 0.902930579123037
0.14999999999999994 -4.85722573273506e-17 -4.85722573273506e-17 0.922267649821582
0.14999999999999994 -4.85722573273506e-17 -4.85722573273506e-17 0.9296832278892736
0.14999999999999994 -4.85722573273506e-17 -4.85722573273506e-17 0.9372918594893669
0.14999999999999994 -4.85722573273506e-17 -4.85722573273506e-17 0.9474319045826226
0.14999999999999994 -4.85722573273506e-17 -4.85722573273506e-17 0.9537646689515621
0.14999999999999994 -4.85722573273506e-17 -4.85722573273506e-17 0.9661489918058921
0.14999999999999994 -4.85722573273506e-17 -4.85722573273506e-17 0.9769040317626985
0.14999999999999994 -4.85722573273506e-17 -4.85722573273506e-17 0.9878657232926118
0.14999999999999994 -4.85722573273506e-17 -4.85722573273506e-17 0.9999245450117487
0.14999999999999994 -4.85722573273506e-17 -4.85722573273506e-17 1.010468056920442
0.14999999999999994 -4.85722573273506e-17 -4.85722573273506e-17 1.0188911940886012
0.14999999999999994 -4.85722573273506e-17 -4.85722573273506e-17 1.0337548320930223
0.14999999999999994 -4.85722573273506e-17 -4.85722573273506e-17 1.037099832810245
0.14999999999999994 -4.85722573273506e-17 -4.85722573273506e-17 1.0539300171810355
0.14999999999999994 -4.85722573273506e-17 -4.85722573273506e-17 1.0628343801332658
0.14999999999999994 -4.85722573273506e-17 -4.85722573273506e-17 1.0728982660634543
0.14999999999999994 -4.85722573273506e-17 -4.85722573273506e-17 1.0806899170251327
0.14999999999999994 -4.85722573273506e-17 -4.85722573273506e-17 1.0933645024272245
0.14999999999999994 -4.85722573273506e-17 -4.85722573273506e-17 1.1013107230172965
0.14999999999999994 -4.85722573273506e-17 -4.85722573273506e-17 1.107337218332202
0.14999999999999994 -4.85722573273506e-17 -4.85722573273506e-17 1.1130395219529958
0.14999999999999994 -4.85722573273506e-17 -4.85722573273506e-17 1.1244193790182313
0.14999999999999994 -4.85722573273506e-17 -4.85722573273506e-17 1.1311003578214192
0.14999999999999994 -4.85722573273506e-17 -4.85722573273506e-17 1.14352742612063
0.14999999999999994 -4.85722573273506e-17 -4.85722573273506e-17 1.15591789892943
0.14999999999999994 -4.85722573273506e-17 -4.85722573273506e-17 1.177765886853945
0.14999999999999994 -4.85722573273506e-17 -4.85722573273506e-17 1.1806313012032512
0.14999999999999994 -4.85722573273506e-17 -4.85722573273506e-17 1.186720546333974
0.14999999999999994 -4.85722573273506e-17 -4.85722573273506e-17 1.204557578046428
0.14999999999999994 -4.85722573273506e-17 -4.85722573273506e-17 1.2135123605705642
0.14999999999999994 -4.85722573273506e-17 -4.85722573273506e-17 1.2211895575206713
0.14999999999999994 -4.85722573273506e-17 -4.85722573273506e-17 1.232246446565978
0.14999999999999994 -4.85722573273506e-17 -4.85722573273506e-17 1.240249656912738
0.14999999999999994 -4.85722573273506e-17 -4.85722573273506e-17 1.2503287190592474
0.14999999999999994 -4.85722573273506e-17 -4.85722573273506e-17 1.2585573103358323
0.14999999999999994 -4.85722573273506e-17 -4.85722573273506e-17 1.283058716372361
0.14999999999999994 -4.85722573273506e-17 -4.85722573273506e-17 1.2963201352385292
0.14999999999999994 -4.85722573273506e-17 -4.85722573273506e-17 1.2987024025221667
0.14999999999999994 -4.85722573273506e-17 -4.85722573273506e-17 1.3085068093518961
0.14999999999999994 -4.85722573273506e-17 -4.85722573273506e-17 1.3227331069077453
0.14999999999999994 -4.85722573273506e-17 -4.85722573273506e-17 1.3445756390271395
0.14999999999999994 -4.85722573273506e-17 -4.85722573273506e-17 1.3592383620466686
0.14999999999999994 -4.85722573273506e-17 -4.85722573273506e-17 1.375102307821158
0.14999999999999994 -4.85722573273506e-17 -4.85722573273506e-17 1.383848783738582
0.14999999999999994 -4.85722573273506e-17 -4.85722573273506e-17 1.392933677188096
0.14999999999999994 -4.85722573273506e-17 -4.85722573273506e-17 1.4052911081877841
0.14999999999999994 -4.85722573273506e-17 -4.85722573273506e-17 1.4212056208621644
0.14999999999999994 -4.85722573273506e-17 -4.85722573273506e-17 1.4281922836900096
0.14999999999999994 -4.85722573273506e-17 -4.85722573273506e-17 1.4520046264369602
0.14999999999999994 -4.85722573273506e-17 -4.85722573273506e-17 1.4581640408866718
0.14999999999999994 -4.85722573273506e-17 -4.85722573273506e-17 1.4756828246496214
0.14999999999999994 -4.85722573273506e-17 -4.85722573273506e-17 1.4901612601783965
0.14999999999999994 -4.85722573273506e-17 -4.85722573273506e-17 1.4956875799397984
0.14999999999999994 -4.85722573273506e-17 -4.85722573273506e-17 1.5277408982641392
0.14999999999999994 -4.85722573273506e-17 -4.85722573273506e-17 1.5368862719963943
0.14999999999999994 -4.85722573273506e-17 -4.85722573273506e-17 1.5500250741637371
0.14999999999999994 -4.85722573273506e-17 -4.85722573273506e-17 1.563559243821727
0.14999999999999994 -4.85722573273506e-17 -4.85722573273506e-17 1.590359794381178
0.14999999999999994 -4.85722573273506e-17 -4.85722573273506e-17 1.6030639848558845
0.14999999999999994 -4.85722573273506e-17 -4.85722573273506e-17 1.6276893711763751
0.14999999999999994 -4.85722573273506e-17 -4.85722573273506e-17 1.6389048200931882
0.14999999999999994 -4.85722573273506e-17 -4.85722573273506e-17 1.6492314395826284
0.14999999999999994 -4.85722573273506e-17 -4.85722573273506e-17 1.657570964145818
0.14999999999999994 -4.85722573273506e-17 -4.85722573273506e-17 1.66804025335066
0.14999999999999994 -4.85722573273506e-17 -4.85722573273506e-17 1.6965708509386639
0.14999999999999994 -4.85722573273506e-17 -4.85722573273506e-17 1.7306202223231244
0.14999999999999994 -4.85722573273506e-17 -4.85722573273506e-17 1.7427090825026488
0.14999999999999994 -4.85722573273506e-17 -4.85722573273506e-17 1.7859524547444057
0.14999999999999994 -4.85722573273506e-17 -4.85722573273506e-17 1.7974531306275043
0.14999999999999994 -4.85722573273506e-17 -4.85722573273506e-17 1.8324817458315739
0.14999999999999994 -4.85722573273506e-17 -4.85722573273506e-17 1.8520924622685069
0.14999999999999994 -4.85722573273506e-17 -4.85722573273506e-17 1.927742907164776
0.14999999999999994 -4.85722573273506e-17 -4.85722573273506e-17 1.9336153851348448
0.14999999999999994 -4.85722573273506e-17 -4.85722573273506e-17 2.1436213613270114
0.14999999999999994 -4.85722573273506e-17 -4.85722573273506e-17 2.170308092638974
0.14999999999999994 -4.85722573273506e-17 -4.85722573273506e-17 2.199809749270022
0.14999999999999994 -4.85722573273506e-17 -4.85722573273506e-17 2.205033386294232
0.14999999999999994 -4.85722573273506e-17 -4.85722573273506e-17 2.2352951912904526
0.14999999999999994 -4.85722573273506e-17 -4.85722573273506e-17 2.2777557524878542
0.14999999999999994 -4.85722573273506e-17 -4.85722573273506e-17 2.585018311015684
0.14999999999999994 -4.85722573273506e-17 -4.85722573273506e-17 2.5929799536470313
0.14999999999999994 -4.85722573273506e-17 -4.85722573273506e-17 3.83545805725635
0.14999999999999994 -4.85722573273506e-17 -4.85722573273506e-17 3.8868672323856934
0.14999999999999994 -4.85722573273506e-17 -4.85722573273506e-17 4.369073415849014
0.14999999999999994 -4.85722573273506e-17 -4.85722573273506e-17 4.3987683587826245
0.14999999999999994 -4.85722573273506e-17 -4.85722573273506e-17 4.5097923690031365
0.14999999999999994 -4.85722573273506e-17 -4.85722573273506e-17 4.5396405554462955
0.14999999999999994 -4.85722573273506e-17 -4.85722573273506e-17 4.612058105748712
0.14999999999999994 -4.85722573273506e-17 -4.85722573273506e-17 4.655863046777295
0.14999999999999994 -4.85722573273506e-17 -4.85722573273506e-17 5.149039851475377
0.14999999999999994 -4.85722573273506e-17 -4.85722573273506e-17 5.187065195055391
0.14999999999999994 -4.85722573273506e-17 -4.85722573273506e-17 5.209070751316423
0.14999999999999994 -4.85722573273506e-17 -4.85722573273506e-17 5.2249170628393875
0.14999999999999994 -4.85722573273506e-17 -4.85722573273506e-17 5.249618294446922
0.14999999999999994 -4.85722573273506e-17 -4.85722573273506e-17 5.320655517322075
0.14999999999999994 -4.85722573273506e-17 -4.85722573273506e-17 5.394685101565104
0.14999999999999994 -4.85722573273506e-17 -4.85722573273506e-17 5.410686845074331
0.14999999999999994 -4.85722573273506e-17 -4.85722573273506e-17 5.458525384407211
0.14999999999999994 -4.85722573273506e-17 -4.85722573273506e-17 5.502826279163468
0.14999999999999994 -4.85722573273506e-17 -4.85722573273506e-17 5.6772534389727936
0.14999999999999994 -4.85722573273506e-17 -4.85722573273506e-17 5.68718757502943
0.14999999999999994 -4.85722573273506e-17 -4.85722573273506e-17 5.766347133040824
0.14999999999999994 -4.85722573273506e-17 -4.85722573273506e-17 5.798956269360133
0.14999999999999994 -4.85722573273506e-17 -4.85722573273506e-17 5.827995800691523
0.14999999999999994 -4.85722573273506e-17 -4.85722573273506e-17 5.8550201112589075
0.14999999999999994 -4.85722573273506e-17 -4.85722573273506e-17 6.526810105952816
0.14999999999999994 -4.85722573273506e-17 -4.85722573273506e-17 6.556453037149954
0.14999999999999994 -4.85722573273506e-17 -4.85722573273506e-17 6.759728242273293
0.14999999999999994 -4.85722573273506e-17 -4.85722573273506e-17 6.784453602934284
0.14999999999999994 -4.85722573273506e-17 -4.85722573273506e-17 7.143911453841833
0.14999999999999994 -4.85722573273506e-17 -4.85722573273506e-17 7.198333553734746
0.14999999999999994 -4.85722573273506e-17 -4.85722573273506e-17 7.294789607857217
0.14999999999999994 -4.85722573273506e-17 -4.85722573273506e-17 7.323926364046352
0.14999999999999994 -4.85722573273506e-17 -4.85722573273506e-17 7.386399776101813
0.14999999999999994 -4.85722573273506e-17 -4.85722573273506e-17 7.401133976990987
0.14999999999999994 -4.85722573273506e-17 -4.85722573273506e-17 7.478474503268892
0.14999999999999994 -4.85722573273506e-17 -4.85722573273506e-17 7.494795268645138
0.14999999999999994 -4.85722573273506e-17 -4.85722573273506e-17 7.630197438578279
0.14999999999999994 -4.85722573273506e-17 -4.85722573273506e-17 7.666067759699738
0.14999999999999994 -4.85722573273506e-17 -4.85722573273506e-17 7.828365241946014
0.14999999999999994 -4.85722573273506e-17 -4.85722573273506e-17 7.839923525646129
0.14999999999999994 -4.85722573273506e-17 -4.85722573273506e-17 7.989906217977008
0.14999999999999994 -4.85722573273506e-17 -4.85722573273506e-17 8.016551067497138
0.14999999999999994 -4.85722573273506e-17 -4.85722573273506e-17 8.168160888118855
0.14999999999999994 -4.85722573273506e-17 -4.85722573273506e-17 8.192381802027516
0.14999999999999994 -4.85722573273506e-17 -4.85722573273506e-17 8.339010149915929
0.14999999999999994 -4.85722573273506e-17 -4.85722573273506e-17 8.376340979792296
0.14999999999999994 -4.85722573273506e-17 -4.85722573273506e-17 8.472839105642354
0.14999999999999994 -4.85722573273506e-17 -4.85722573273506e-17 8.491721598959161
0.12499999999999994 -4.85722573273506e-17 -4.85722573273506e-17 -5.312126381603603
0.12499999999999994 -4.85722573273506e-17 -4.85722573273506e-17 -5.3102490631851795
0.12499999999999994 -4.85722573273506e-17 -4.85722573273506e-17 -4.969265542843543
0.12499999999999994 -4.85722573273506e-17 -4.85722573273506e-17 -4.96424513570686
0.12499999999999994 -4.85722573273506e-17 -4.85722573273506e-17 -4.907550724191286
0.12499999999999994 -4.85722573273506e-17 -4.85722573273506e-17 -4.904543883637868
0.12499999999999994 -4.85722573273506e-17 -4.85722573273506e-17 -4.886532329729861
0.12499999999999994 -4.85722573273506e-17 -4.85722573273506e-17 -4.880343322965286
0.12499999999999994 -4.85722573273506e-17 -4.85722573273506e-17 -4.55142986476688
0.12499999999999994 -4.85722573273506e-17 -4.85722573273506e-17 -4.549961286818742
0.12499999999999994 -4.85722573273506e-17 -4.85722573273506e-17 -4.509272748193329
0.12499999999999994 -4.85722573273506e-17 -4.85722573273506e-17 -4.505367197860733
0.12499999999999994 -4.85722573273506e-17 -4.85722573273506e-17 -4.404934657645231
0.12499999999999994 -4.85722573273506e-17 -4.85722573273506e-17 -4.394398555000376
0.12499999999999994 -4.85722573273506e-17 -4.85722573273506e-17 -3.7814833375273853
0.12499999999999994 -4.85722573273506e-17 -4.85722573273506e-17 -3.7013836847249664
0.12499999999999994 -4.85722573273506e-17 -4.85722573273506e-17 -1.0372958438883266
0.12499999999999994 -4.85722573273506e-17 -4.85722573273506e-17 -1.0063717920149227
0.12499999999999994 -4.85722573273506e-17 -4.85722573273506e-17 -0.8392120098195335
0.12499999999999994 -4.85722573273506e-17 -4.85722573273506e-17 -0.8145451156377543
0.12499999999999994 -4.85722573273506e-17 -4.85722573273506e-17 -0.7716567780807218
0.12499999999999994 -4.85722573273506e-17 -4.85722573273506e-17 -0.7552890777427503
0.12499999999999994 -4.85722573273506e-17 -4.85722573273506e-17 -0.729703318351989
0.12499999999999994 -4.85722573273506e-17 -4.85722573273506e-17 -0.7127117798432211
0.12499999999999994 -4.85722573273506e-17 -4.85722573273506e-17 -0.705345179958497
0.12499999999999994 -4.85722573273506e-17 -4.85722573273506e-17 -0.6902780669037494
0.12499999999999994 -4.85722573273506e-17 -4.85722573273506e-17 -0.6335933749880915
0.12499999999999994 -4.85722573273506e-17 -4.85722573273506e-17 -0.6224691800335265
0.12499999999999994 -4.85722573273506e-17 -4.85722573273506e-17 -0.601632550978362
0.12499999999999994 -4.85722573273506e-17 -4.85722573273506e-17 -0.5895296818551703
0.12499999999999994 -4.85722573273506e-17 -4.85722573273506e-17 -0.5412850068421902
0.12499999999999994 -4.85722573273506e-17 -4.85722573273506e-17 -0.5339011288293898
0.12499999999999994 -4.85722573273506e-17 -4.85722573273506e-17 -0.5139452451166324
0.12499999999999994 -4.85722573273506e-17 -4.85722573273506e-17 -0.48820466758609093
0.12499999999999994 -4.85722573273506e-17 -4.85722573273506e-17 -0.4686032243228624
0.12499999999999994 -4.85722573273506e-17 -4.85722573273506e-17 -0.4558991120114477
0.12499999999999994 -4.85722573273506e-17 -4.85722573273506e-17 -0.3720174929453499
0.12499999999999994 -4.85722573273506e-17 -4.85722573273506e-17 -0.33773280264996863
0.12499999999999994 -4.85722573273506e-17 -4.85722573273506e-17 -0.3178497473724615
0.12499999999999994 -4.85722573273506e-17 -4.85722573273506e-17 -0.30843945826899244
0.12499999999999994 -4.85722573273506e-17 -4.85722573273506e-17 0.2191663590457953
0.12499999999999994 -4.85722573273506e-17 -4.85722573273506e-17 0.23080012199743472
0.12499999999999994 -4.85722573273506e-17 -4.85722573273506e-17 0.2714820371685658
0.12499999999999994 -4.85722573273506e-17 -4.85722573273506e-17 0.28561209627034323
0.12499999999999994 -4.85722573273506e-17 -4.85722573273506e-17 0.2961245629931733
0.12499999999999994 -4.85722573273506e-17 -4.85722573273506e-17 0.3029049778264713
0.12499999999999994 -4.85722573273506e-17 -4.85722573273506e-17 0.40909078101445473
0.12499999999999994 -4.85722573273506e-17 -4.85722573273506e-17 0.4170912888764338
0.12499999999999994 -4.85722573273506e-17 -4.85722573273506e-17 0.4381504454474463
0.12499999999999994 -4.85722573273506e-17 -4.85722573273506e-17 0.44636045688940484
0.12499999999999994 -4.85722573273506e-17 -4.85722573273506e-17 0.4776569695304499
0.12499999999999994 -4.85722573273506e-17 -4.85722573273506e-17 0.48194828270172374
0.12499999999999994 -4.85722573273506e-17 -4.85722573273506e-17 0.49119434429904274
0.12499999999999994 -4.85722573273506e-17 -4.85722573273506e-17 0.503048925530661
0.12499999999999994 -4.85722573273506e-17 -4.85722573273506e-17 0.5110298290289808
0.12499999999999994 -4.85722573273506e-17 -4.85722573273506e-17 0.5183752001711172
0.12499999999999994 -4.85722573273506e-17 -4.85722573273506e-17 0.5739091358239898
0.12499999999999994 -4.85722573273506e-17 -4.85722573273506e-17 0.593796197014373
0.12499999999999994 -4.85722573273506e-17 -4.85722573273506e-17 0.618741662482023
0.12499999999999994 -4.85722573273506e-17 -4.85722573273506e-17 0.62700754024024
0.12499999999999994 -4.85722573273506e-17 -4.85722573273506e-17 0.6569414347914719
0.12499999999999994 -4.85722573273506e-17 -4.85722573273506e-17 0.6722614157371352
0.12499999999999994 -4.85722573273506e-17 -4.85722573273506e-17 0.6963869250916481
0.12499999999999994 -4.85722573273506e-17 -4.85722573273506e-17 0.7113147721724378
0.12499999999999994 -4.85722573273506e-17 -4.85722573273506e-17 0.7397961243507067
0.12499999999999994 -4.85722573273506e-17 -4.85722573273506e-17 0.7556936213617664
0.12499999999999994 -4.85722573273506e-17 -4.85722573273506e-17 0.7721853476972571
0.12499999999999994 -4.85722573273506e-17 -4.85722573273506e-17 0.7858264039064456
0.12499999999999994 -4.85722573273506e-17 -4.85722573273506e-17 0.7923723860783568
0.12499999999999994 -4.85722573273506e-17 -4.85722573273506e-17 0.8048606203783937
0.12499999999999994 -4.85722573273506e-17 -4.85722573273506e-17 0.8172931482024808
0.12499999999999994 -4.85722573273506e-17 -4.85722573273506e-17 0.8318700454190769
0.12499999999999994 -4.85722573273506e-17 -4.85722573273506e-17 0.8382095293506897
0.12499999999999994 -4.85722573273506e-17 -4.85722573273506e-17 0.8490206562791025
0.12499999999999994 -4.85722573273506e-17 -4.85722573273506e-17 0.8587306066118283
0.12499999999999994 -4.85722573273506e-17 -4.85722573273506e-17 0.862032620321455
0.12499999999999994 -4.85722573273506e-17 -4.85722573273506e-17 0.875153544454319
0.12499999999999994 -4.85722573273506e-17 -4.85722573273506e-17 0.8985949340260189
0.12499999999999994 -4.85722573273506e-17 -4.85722573273506e-17 0.9051241197660446
0.12499999999999994 -4.85722573273506e-17 -4.85722573273506e-17 0.9237192288416738
0.12499999999999994 -4.85722573273506e-17 -4.85722573273506e-17 0.9313237185597829
0.12499999999999994 -4.85722573273506e-17 -4.85722573273506e-17 0.9375295713555674
0.12499999999999994 -4.85722573273506e-17 -4.85722573273506e-17 0.9486743707315356
0.12499999999999994 -4.85722573273506e-17 -4.85722573273506e-17 0.9533564977051452
0.12499999999999994 -4.85722573273506e-17 -4.85722573273506e-17 0.9694161002119225
0.12499999999999994 -4.85722573273506e-17 -4.85722573273506e-17 0.9763947668711828
0.12499999999999994 -4.85722573273506e-17 -4.85722573273506e-17 0.988281318230884
0.12499999999999994 -4.85722573273506e-17 -4.85722573273506e-17 1.0008758007987009
0.12499999999999994 -4.85722573273506e-17 -4.85722573273506e-17 1.0138167271509615
0.12499999999999994 -4.85722573273506e-17 -4.85722573273506e-17 1.0206106557229524
0.12499999999999994 -4.85722573273506e-17 -4.85722573273506e-17 1.0360393121208313
0.12499999999999994 -4.85722573273506e-17 -4.85722573273506e-17 1.0393500364307362
0.12499999999999994 -4.85722573273506e-17 -4.85722573273506e-17 1.0545197787149698
0.12499999999999994 -4.85722573273506e-17 -4.85722573273506e-17 1.0631077767810453
0.12499999999999994 -4.85722573273506e-17 -4.85722573273506e-17 1.0734298054550901
0.12499999999999994 -4.85722573273506e-17 -4.85722573273506e-17 1.0816984122192892
0.12499999999999994 -4.85722573273506e-17 -4.85722573273506e-17 1.093720559325455
0.12499999999999994 -4.85722573273506e-17 -4.85722573273506e-17 1.1010379403079584
0.12499999999999994 -4.85722573273506e-17 -4.85722573273506e-17 1.106033534416233
0.12499999999999994 -4.85722573273506e-17 -4.85722573273506e-17 1.1156640258796866
0.12499999999999994 -4.85722573273506e-17 -4.85722573273506e-17 1.1261442081386026
0.12499999999999994 -4.85722573273506e-17 -4.85722573273506e-17 1.1297267415854746
0.12499999999999994 -4.85722573273506e-17 -4.85722573273506e-17 1.1420491058831468
0.12499999999999994 -4.85722573273506e-17 -4.85722573273506e-17 1.156054275602063
0.12499999999999994 -4.85722573273506e-17 -4.85722573273506e-17 1.1745794870820812
0.12499999999999994 -4.85722573273506e-17 -4.85722573273506e-17 1.180817248616106
0.12499999999999994 -4.85722573273506e-17 -4.85722573273506e-17 1.1866422786949176
0.12499999999999994 -4.85722573273506e-17 -4.85722573273506e-17 1.202110099344198
0.12499999999999994 -4.85722573273506e-17 -4.85722573273506e-17 1.2119728661043956
0.12499999999999994 -4.85722573273506e-17 -4.85722573273506e-17 1.2210886284273226
0.12499999999999994 -4.85722573273506e-17 -4.85722573273506e-17 1.2329294659344276
0.12499999999999994 -4.85722573273506e-17 -4.85722573273506e-17 1.2393466628840206
0.12499999999999994 -4.85722573273506e-17 -4.85722573273506e-17 1.2493323316479712
0.12499999999999994 -4.85722573273506e-17 -4.85722573273506e-17 1.2584391519887204
0.12499999999999994 -4.85722573273506e-17 -4.85722573273506e-17 1.2835539463023515
0.12499999999999994 -4.85722573273506e-17 -4.85722573273506e-17 1.2967085115347163
0.12499999999999994 -4.85722573273506e-17 -4.85722573273506e-17 1.2994011199395998
0.12499999999999994 -4.85722573273506e-17 -4.85722573273506e-17 1.3075528956802591
0.12499999999999994 -4.85722573273506e-17 -4.85722573273506e-17 1.3238190497771924
0.12499999999999994 -4.85722573273506e-17 -4.85722573273506e-17 1.3432817408448292
0.12499999999999994 -4.85722573273506e-17 -4.85722573273506e-17 1.3606361023364641
0.12499999999999994 -4.85722573273506e-17 -4.85722573273506e-17 1.3742648051401982
0.12499999999999994 -4.85722573273506e-17 -4.85722573273506e-17 1.3849603255945118
0.12499999999999994 -4.85722573273506e-17 -4.85722573273506e-17 1.3944505386607222
0.12499999999999994 -4.85722573273506e-17 -4.85722573273506e-17 1.405939334711614
0.12499999999999994 -4.85722573273506e-17 -4.85722573273506e-17 1.421585648671753
0.12499999999999994 -4.85722573273506e-17 -4.85722573273506e-17 1.4281585737510079
0.12499999999999994 -4.85722573273506e-17 -4.85722573273506e-17 1.4502963374864297
0.12499999999999994 -4.85722573273506e-17 -4.85722573273506e-17 1.4599069124173019
0.12499999999999994 -4.85722573273506e-17 -4.85722573273506e-17 1.474557191695249
0.12499999999999994 -4.85722573273506e-17 -4.85722573273506e-17 1.490299105095446
0.12499999999999994 -4.85722573273506e-17 -4.85722573273506e-17 1.495627451327351
0.12499999999999994 -4.85722573273506e-17 -4.85722573273506e-17 1.530047754652374
0.12499999999999994 -4.85722573273506e-17 -4.85722573273506e-17 1.5396752242498808
0.12499999999999994 -4.85722573273506e-17 -4.85722573273506e-17 1.5503885362882084
0.12499999999999994 -4.85722573273506e-17 -4.85722573273506e-17 1.563713252730035
0.12499999999999994 -4.85722573273506e-17 -4.85722573273506e-17 1.5927152835146838
0.12499999999999994 -4.85722573273506e-17 -4.85722573273506e-17 1.6044793128974009
0.12499999999999994 -4.85722573273506e-17 -4.85722573273506e-17 1.6300418352117054
0.12499999999999994 -4.85722573273506e-17 -4.85722573273506e-17 1.6410503738986133
0.12499999999999994 -4.85722573273506e-17 -4.85722573273506e-17 1.6514056893933677
0.12499999999999994 -4.85722573273506e-17 -4.85722573273506e-17 1.6601192853366307
0.12499999999999994 -4.85722573273506e-17 -4.85722573273506e-17 1.672502628894029
0.12499999999999994 -4.85722573273506e-17 -4.85722573273506e-17 1.6992567420654394
0.12499999999999994 -4.85722573273506e-17 -4.85722573273506e-17 1.7333202943782053
0.12499999999999994 -4.85722573273506e-17 -4.85722573273506e-17 1.7430547225699042
0.12499999999999994 -4.85722573273506e-17 -4.85722573273506e-17 1.789704566282933
0.12499999999999994 -4.85722573273506e-17 -4.85722573273506e-17 1.7999244570692845
0.12499999999999994 -4.85722573273506e-17 -4.85722573273506e-17 1.8338193165761592
0.12499999999999994 -4.85722573273506e-17 -4.85722573273506e-17 1.8508798730190748
0.12499999999999994 -4.85722573273506e-17 -4.85722573273506e-17 1.9302331889635933
0.12499999999999994 -4.85722573273506e-17 -4.85722573273506e-17 1.9353201823360686
0.12499999999999994 -4.85722573273506e-17 -4.85722573273506e-17 2.1554753852301882
0.12499999999999994 -4.85722573273506e-17 -4.85722573273506e-17 2.1830854491014122
0.12499999999999994 -4.85722573273506e-17 -4.85722573273506e-17 2.214704089054075
0.12499999999999994 -4.85722573273506e-17 -4.85722573273506e-17 2.219213401423822
0.12499999999999994 -4.85722573273506e-17 -4.85722573273506e-17 2.237265769893246
0.12499999999999994 -4.85722573273506e-17 -4.85722573273506e-17 2.278818178771515
0.12499999999999994 -4.85722573273506e-17 -4.85722573273506e-17 2.6047945654676345
0.12499999999999994 -4.85722573273506e-17 -4.85722573273506e-17 2.612181675601545
0.12499999999999994 -4.85722573273506e-17 -4.85722573273506e-17 3.8164874881787023
0.12499999999999994 -4.85722573273506e-17 -4.85722573273506e-17 3.861164080929834
0.12499999999999994 -4.85722573273506e-17 -4.85722573273506e-17 4.365507446960272
0.12499999999999994 -4.85722573273506e-17 -4.85722573273506e-17 4.3920425291900855
0.12499999999999994 -4.85722573273506e-17 -4.85722573273506e-17 4.493946674547532
0.12499999999999994 -4.85722573273506e-17 -4.85722573273506e-17 4.520824911641009
0.12499999999999994 -4.85722573273506e-17 -4.85722573273506e-17 4.59571791414434
0.12499999999999994 -4.85722573273506e-17 -4.85722573273506e-17 4.633860057892801
0.12499999999999994 -4.85722573273506e-17 -4.85722573273506e-17 5.139218228050142
0.12499999999999994 -4.85722573273506e-17 -4.85722573273506e-17 5.175345598330912
0.12499999999999994 -4.85722573273506e-17 -4.85722573273506e-17 5.204136385515131
0.12499999999999994 -4.85722573273506e-17 -4.85722573273506e-17 5.224200324853709
0.12499999999999994 -4.85722573273506e-17 -4.85722573273506e-17 5.246972974288652
0.12499999999999994 -4.85722573273506e-17 -4.85722573273506e-17 5.300552902636921
0.12499999999999994 -4.85722573273506e-17 -4.85722573273506e-17 5.387874651429299
0.12499999999999994 -4.85722573273506e-17 -4.85722573273506e-17 5.40092577507389
0.12499999999999994 -4.85722573273506e-17 -4.85722573273506e-17 5.429310343355132
0.12499999999999994 -4.85722573273506e-17 -4.85722573273506e-17 5.473685033638611
0.12499999999999994 -4.85722573273506e-17 -4.85722573273506e-17 5.679696670040682
0.12499999999999994 -4.85722573273506e-17 -4.85722573273506e-17 5.689986172309434
0.12499999999999994 -4.85722573273506e-17 -4.85722573273506e-17 5.745413936362717
0.12499999999999994 -4.85722573273506e-17 -4.85722573273506e-17 5.775663273421749
0.12499999999999994 -4.85722573273506e-17 -4.85722573273506e-17 5.804987786754598
0.12499999999999994 -4.85722573273506e-17 -4.85722573273506e-17 5.828882838969887
0.12499999999999994 -4.85722573273506e-17 -4.85722573273506e-17 6.527325051289141
0.12499999999999994 -4.85722573273506e-17 -4.85722573273506e-17 6.546524059848595
0.12499999999999994 -4.85722573273506e-17 -4.85722573273506e-17 6.775044714043723
0.12499999999999994 -4.85722573273506e-17 -4.85722573273506e-17 6.7939739010127544
0.12499999999999994 -4.85722573273506e-17 -4.85722573273506e-17 7.159065725252008
0.12499999999999994 -4.85722573273506e-17 -4.85722573273506e-17 7.207220337201143
0.12499999999999994 -4.85722573273506e-17 -4.85722573273506e-17 7.315306465313972
0.12499999999999994 -4.85722573273506e-17 -4.85722573273506e-17 7.342912105064864
0.12499999999999994 -4.85722573273506e-17 -4.85722573273506e-17 7.4037302982930715
0.12499999999999994 -4.85722573273506e-17 -4.85722573273506e-17 7.426804425127765
0.12499999999999994 -4.85722573273506e-17 -4.85722573273506e-17 7.500052687267697
0.12499999999999994 -4.85722573273506e-17 -4.85722573273506e-17 7.511372730650851
0.12499999999999994 -4.85722573273506e-17 -4.85722573273506e-17 7.639180640908835
0.12499999999999994 -4.85722573273506e-17 -4.85722573273506e-17 7.669739545745609
0.12499999999999994 -4.85722573273506e-17 -4.85722573273506e-17 7.8335187819337255
0.12499999999999994 -4.85722573273506e-17 -4.85722573273506e-17 7.84253126587852
0.12499999999999994 -4.85722573273506e-17 -4.85722573273506e-17 8.003278326962713
0.12499999999999994 -4.85722573273506e-17 -4.85722573273506e-17 8.025271812057252
0.12499999999999994 -4.85722573273506e-17 -4.85722573273506e-17 8.184431219411602
0.12499999999999994 -4.85722573273506e-17 -4.85722573273506e-17 8.203630293786661
0.12499999999999994 -4.85722573273506e-17 -4.85722573273506e-17 8.347962749426216
0.12499999999999994 -4.85722573273506e-17 -4.85722573273506e-17 8.385517172581313
0.12499999999999994 -4.85722573273506e-17 -4.85722573273506e-17 8.485737883100718
0.12499999999999994 -4.85722573273506e-17 -4.85722573273506e-17 8.501823487814836
0.09999999999999995 -4.85722573273506e-17 -4.85722573273506e-17 -5.316122002275625
0.09999999999999995 -4.85722573273506e-17 -4.85722573273506e-17 -5.314680377475206
0.09999999999999995 -4.85722573273506e-17 -4.85722573273506e-17 -4.9645490637070155
0.09999999999999995 -4.85722573273506e-17 -4.85722573273506e-17 -4.960675245099112
0.09999999999999995 -4.85722573273506e-17 -4.85722573273506e-17 -4.910309241050072
0.09999999999999995 -4.85722573273506e-17 -4.85722573273506e-17 -4.907608678774587
0.09999999999999995 -4.85722573273506e-17 -4.85722573273506e-17 -4.8897041166722754
0.09999999999999995 -4.85722573273506e-17 -4.85722573273506e-17 -4.885024982492729
0.09999999999999995 -4.85722573273506e-17 -4.85722573273506e-17 -4.545533968209322
0.09999999999999995 -4.85722573273506e-17 -4.85722573273506e-17 -4.544615681798171
0.09999999999999995 -4.85722573273506e-17 -4.85722573273506e-17 -4.505071216747394
0.09999999999999995 -4.85722573273506e-17 -4.85722573273506e-17 -4.50312396152777
0.09999999999999995 -4.85722573273506e-17 -4.85722573273506e-17 -4.402011058808261
0.09999999999999995 -4.85722573273506e-17 -4.85722573273506e-17 -4.394829521144766
0.09999999999999995 -4.85722573273506e-17 -4.85722573273506e-17 -3.764742321688127
0.09999999999999995 -4.85722573273506e-17 -4.85722573273506e-17 -3.6993582709982284
0.09999999999999995 -4.85722573273506e-17 -4.85722573273506e-17 -1.0358454179272094
0.09999999999999995 -4.85722573273506e-17 -4.85722573273506e-17 -1.0091797077169513
0.09999999999999995 -4.85722573273506e-17 -4.85722573273506e-17 -0.8441109389026558
0.09999999999999995 -4.85722573273506e-17 -4.85722573273506e-17 -0.8209278425122459
0.09999999999999995 -4.85722573273506e-17 -4.85722573273506e-17 -0.7770074240749416
0.09999999999999995 -4.85722573273506e-17 -4.85722573273506e-17 -0.763433515934743
0.09999999999999995 -4.85722573273506e-17 -4.85722573273506e-17 -0.7366044433936398
0.09999999999999995 -4.85722573273506e-17 -4.85722573273506e-17 -0.7209404042339589
0.09999999999999995 -4.85722573273506e-17 -4.85722573273506e-17 -0.7063159292148509
0.09999999999999995 -4.85722573273506e-17 -4.85722573273506e-17 -0.6962577664908292
0.09999999999999995 -4.85722573273506e-17 -4.85722573273506e-17 -0.6407914768919971
0.09999999999999995 -4.85722573273506e-17 -4.85722573273506e-17 -0.6325907312441912
0.09999999999999995 -4.85722573273506e-17 -4.85722573273506e-17 -0.6042602219147923
0.09999999999999995 -4.85722573273506e-17 -4.85722573273506e-17 -0.5954624756672006
0.09999999999999995 -4.85722573273506e-17 -4.85722573273506e-17 -0.5437946704546338
0.09999999999999995 -4.85722573273506e-17 -4.85722573273506e-17 -0.5381132605492384
0.09999999999999995 -4.85722573273506e-17 -4.85722573273506e-17 -0.5139229026617329
0.09999999999999995 -4.85722573273506e-17 -4.85722573273506e-17 -0.49187265047505413
0.09999999999999995 -4.85722573273506e-17 -4.85722573273506e-17 -0.4767606828117703
0.09999999999999995 -4.85722573273506e-17 -4.85722573273506e-17 -0.4656756999125111
0.09999999999999995 -4.85722573273506e-17 -4.85722573273506e-17 -0.376874506026585
0.09999999999999995 -4.85722573273506e-17 -4.85722573273506e-17 -0.34992179728306994
0.09999999999999995 -4.85722573273506e-17 -4.85722573273506e-17 -0.32365002414472094
0.09999999999999995 -4.85722573273506e-17 -4.85722573273506e-17 -0.31708740113384004
0.09999999999999995 -4.85722573273506e-17 -4.85722573273506e-17 0.21948758175894945
0.09999999999999995 -4.85722573273506e-17 -4.85722573273506e-17 0.22870507422901198
0.09999999999999995 -4.85722573273506e-17 -4.85722573273506e-17 0.2717794232104982
0.09999999999999995 -4.85722573273506e-17 -4.85722573273506e-17 0.28356013715035466
0.09999999999999995 -4.85722573273506e-17 -4.85722573273506e-17 0.2958306362709049
0.09999999999999995 -4.85722573273506e-17 -4.85722573273506e-17 0.30091496662217204
0.09999999999999995 -4.85722573273506e-17 -4.85722573273506e-17 0.4120967245107887
0.09999999999999995 -4.85722573273506e-17 -4.85722573273506e-17 0.41856562509260636
0.09999999999999995 -4.85722573273506e-17 -4.85722573273506e-17 0.4423016886014689
0.09999999999999995 -4.85722573273506e-17 -4.85722573273506e-17 0.4486946552234327
0.09999999999999995 -4.85722573273506e-17 -4.85722573273506e-17 0.4816262873719159
0.09999999999999995 -4.85722573273506e-17 -4.85722573273506e-17 0.48923830165559307
0.09999999999999995 -4.85722573273506e-17 -4.85722573273506e-17 0.49327505105424946
0.09999999999999995 -4.85722573273506e-17 -4.85722573273506e-17 0.5061652209613009
0.09999999999999995 -4.85722573273506e-17 -4.85722573273506e-17 0.5140946158662847
0.09999999999999995 -4.85722573273506e-17 -4.85722573273506e-17 0.5194245145434887
0.09999999999999995 -4.85722573273506e-17 -4.85722573273506e-17 0.5800775308777588
0.09999999999999995 -4.85722573273506e-17 -4.85722573273506e-17 0.5971912146941571
0.09999999999999995 -4.85722573273506e-17 -4.85722573273506e-17 0.6262106247618225
0.09999999999999995 -4.85722573273506e-17 -4.85722573273506e-17 0.632631374527156
0.09999999999999995 -4.85722573273506e-17 -4.85722573273506e-17 0.6606161900553333
0.09999999999999995 -4.85722573273506e-17 -4.85722573273506e-17 0.6749248767608131
0.09999999999999995 -4.85722573273506e-17 -4.85722573273506e-17 0.7000936911699984
0.09999999999999995 -4.85722573273506e-17 -4.85722573273506e-17 0.7145761579461443
0.09999999999999995 -4.85722573273506e-17 -4.85722573273506e-17 0.7457842118010634
0.09999999999999995 -4.85722573273506e-17 -4.85722573273506e-17 0.7619085861413923
0.09999999999999995 -4.85722573273506e-17 -4.85722573273506e-17 0.7785367962931371
0.09999999999999995 -4.85722573273506e-17 -4.85722573273506e-17 0.789498423291244
0.09999999999999995 -4.85722573273506e-17 -4.85722573273506e-17 0.793622279139613
0.09999999999999995 -4.85722573273506e-17 -4.85722573273506e-17 0.8059155977349386
0.09999999999999995 -4.85722573273506e-17 -4.85722573273506e-17 0.8197481919561476
0.09999999999999995 -4.85722573273506e-17 -4.85722573273506e-17 0.8311626453777627
0.09999999999999995 -4.85722573273506e-17 -4.85722573273506e-17 0.8406892732246298
0.09999999999999995 -4.85722573273506e-17 -4.85722573273506e-17 0.8532237145498938
0.09999999999999995 -4.85722573273506e-17 -4.85722573273506e-17 0.8620123636572427
0.09999999999999995 -4.85722573273506e-17 -4.85722573273506e-17 0.8654706867242647
0.09999999999999995 -4.85722573273506e-17 -4.85722573273506e-17 0.877522049676764
0.09999999999999995 -4.85722573273506e-17 -4.85722573273506e-17 0.8994744632974703
0.09999999999999995 -4.85722573273506e-17 -4.85722573273506e-17 0.9073091643836593
0.09999999999999995 -4.85722573273506e-17 -4.85722573273506e-17 0.9229249316636992
0.09999999999999995 -4.85722573273506e-17 -4.85722573273506e-17 0.9335797167337286
0.09999999999999995 -4.85722573273506e-17 -4.85722573273506e-17 0.9394719704118026
0.09999999999999995 -4.85722573273506e-17 -4.85722573273506e-17 0.949047840206299
0.09999999999999995 -4.85722573273506e-17 -4.85722573273506e-17 0.9533511424145137
0.09999999999999995 -4.85722573273506e-17 -4.85722573273506e-17 0.9713653980503417
0.09999999999999995 -4.85722573273506e-17 -4.85722573273506e-17 0.9756522618703813
0.09999999999999995 -4.85722573273506e-17 -4.85722573273506e-17 0.9899053021986299
0.09999999999999995 -4.85722573273506e-17 -4.85722573273506e-17 1.0015639637839362
0.09999999999999995 -4.85722573273506e-17 -4.85722573273506e-17 1.0144952166358072
0.09999999999999995 -4.85722573273506e-17 -4.85722573273506e-17 1.0244504207112337
0.09999999999999995 -4.85722573273506e-17 -4.85722573273506e-17 1.038802619209582
0.09999999999999995 -4.85722573273506e-17 -4.85722573273506e-17 1.0416869676012812
0.09999999999999995 -4.85722573273506e-17 -4.85722573273506e-17 1.0545470043003684
0.09999999999999995 -4.85722573273506e-17 -4.85722573273506e-17 1.0626089240548016
0.09999999999999995 -4.85722573273506e-17 -4.85722573273506e-17 1.0734483319528696
0.09999999999999995 -4.85722573273506e-17 -4.85722573273506e-17 1.0837107914149868
0.09999999999999995 -4.85722573273506e-17 -4.85722573273506e-17 1.0932184291150318
0.09999999999999995 -4.85722573273506e-17 -4.85722573273506e-17 1.100677854292123
0.09999999999999995 -4.85722573273506e-17 -4.85722573273506e-17 1.1054934730691715
0.09999999999999995 -4.85722573273506e-17 -4.85722573273506e-17 1.1173922391435474
0.09999999999999995 -4.85722573273506e-17 -4.85722573273506e-17 1.1283063023667683
0.09999999999999995 -4.85722573273506e-17 -4.85722573273506e-17 1.1293235235884413
0.09999999999999995 -4.85722573273506e-17 -4.85722573273506e-17 1.1409312873539168
0.09999999999999995 -4.85722573273506e-17 -4.85722573273506e-17 1.1564607983446678
0.09999999999999995 -4.85722573273506e-17 -4.85722573273506e-17 1.1710776893682429
0.09999999999999995 -4.85722573273506e-17 -4.85722573273506e-17 1.1812934063784226
0.09999999999999995 -4.85722573273506e-17 -4.85722573273506e-17 1.18655039429316
0.09999999999999995 -4.85722573273506e-17 -4.85722573273506e-17 1.1989631921842872
0.09999999999999995 -4.85722573273506e-17 -4.85722573273506e-17 1.211278818014958
0.09999999999999995 -4.85722573273506e-17 -4.85722573273506e-17 1.220451701675609
0.09999999999999995 -4.85722573273506e-17 -4.85722573273506e-17 1.2335138858334136
0.09999999999999995 -4.85722573273506e-17 -4.85722573273506e-17 1.2386285746110632
0.09999999999999995 -4.85722573273506e-17 -4.85722573273506e-17 1.2489255043772465
0.09999999999999995 -4.85722573273506e-17 -4.85722573273506e-17 1.2581283458807784
0.09999999999999995 -4.85722573273506e-17 -4.85722573273506e-17 1.284492238846906
0.09999999999999995 -4.85722573273506e-17 -4.85722573273506e-17 1.296631041698836
0.09999999999999995 -4.85722573273506e-17 -4.85722573273506e-17 1.30023677869137
0.09999999999999995 -4.85722573273506e-17 -4.85722573273506e-17 1.3067055740277573
0.09999999999999995 -4.85722573273506e-17 -4.85722573273506e-17 1.325259898608114
0.09999999999999995 -4.85722573273506e-17 -4.85722573273506e-17 1.3416001983238832
0.09999999999999995 -4.85722573273506e-17 -4.85722573273506e-17 1.361953120705996
0.09999999999999995 -4.85722573273506e-17 -4.85722573273506e-17 1.3730287342179208
0.09999999999999995 -4.85722573273506e-17 -4.85722573273506e-17 1.3865292304322328
0.09999999999999995 -4.85722573273506e-17 -4.85722573273506e-17 1.3958112687957946
0.09999999999999995 -4.85722573273506e-17 -4.85722573273506e-17 1.406942929282227
0.09999999999999995 -4.85722573273506e-17 -4.85722573273506e-17 1.4214045671529814
0.09999999999999995 -4.85722573273506e-17 -4.85722573273506e-17 1.4287253075052497
0.09999999999999995 -4.85722573273506e-17 -4.85722573273506e-17 1.4480685095330168
0.09999999999999995 -4.85722573273506e-17 -4.85722573273506e-17 1.4616670179879456
0.09999999999999995 -4.85722573273506e-17 -4.85722573273506e-17 1.4735188655786535
0.09999999999999995 -4.85722573273506e-17 -4.85722573273506e-17 1.4904065456555702
0.09999999999999995 -4.85722573273506e-17 -4.85722573273506e-17 1.4952403080018295
0.09999999999999995 -4.85722573273506e-17 -4.85722573273506e-17 1.532524245515547
0.09999999999999995 -4.85722573273506e-17 -4.85722573273506e-17 1.5420269361030368
0.09999999999999995 -4.85722573273506e-17 -4.85722573273506e-17 1.5510224209735473
0.09999999999999995 -4.85722573273506e-17 -4.85722573273506e-17 1.5634093583754947
0.09999999999999995 -4.85722573273506e-17 -4.85722573273506e-17 1.5950067694002739
0.09999999999999995 -4.85722573273506e-17 -4.85722573273506e-17 1.605299953305173
0.09999999999999995 -4.85722573273506e-17 -4.85722573273506e-17 1.6323451915295601
0.09999999999999995 -4.85722573273506e-17 -4.85722573273506e-17 1.6421708382045752
0.09999999999999995 -4.85722573273506e-17 -4.85722573273506e-17 1.6534188559006093
0.09999999999999995 -4.85722573273506e-17 -4.85722573273506e-17 1.6611127713733183
0.09999999999999995 -4.85722573273506e-17 -4.85722573273506e-17 1.6785566602498028
0.09999999999999995 -4.85722573273506e-17 -4.85722573273506e-17 1.7012476325769637
0.09999999999999995 -4.85722573273506e-17 -4.85722573273506e-17 1.7358222345752186
0.09999999999999995 -4.85722573273506e-17 -4.85722573273506e-17 1.7432798929091904
0.09999999999999995 -4.85722573273506e-17 -4.85722573273506e-17 1.7933107495402236
0.09999999999999995 -4.85722573273506e-17 -4.85722573273506e-17 1.8021397835393014
0.09999999999999995 -4.85722573273506e-17 -4.85722573273506e-17 1.8355436085993944
0.09999999999999995 -4.85722573273506e-17 -4.85722573273506e-17 1.849748326374911
0.09999999999999995 -4.85722573273506e-17 -4.85722573273506e-17 1.932426793203532
0.09999999999999995 -4.85722573273506e-17 -4.85722573273506e-17 1.93663619485963
0.09999999999999995 -4.85722573273506e-17 -4.85722573273506e-17 2.165787006261743
0.09999999999999995 -4.85722573273506e-17 -4.85722573273506e-17 2.1915934254316314
0.09999999999999995 -4.85722573273506e-17 -4.85722573273506e-17 2.225944110866606
0.09999999999999995 -4.85722573273506e-17 -4.85722573273506e-17 2.2323236023188597
0.09999999999999995 -4.85722573273506e-17 -4.85722573273506e-17 2.242763001368247
0.09999999999999995 -4.85722573273506e-17 -4.85722573273506e-17 2.2799568137396555
0.09999999999999995 -4.85722573273506e-17 -4.85722573273506e-17 2.6224467957326887
0.09999999999999995 -4.85722573273506e-17 -4.85722573273506e-17 2.6289559464998877
0.09999999999999995 -4.85722573273506e-17 -4.85722573273506e-17 3.800728903435038
0.09999999999999995 -4.85722573273506e-17 -4.85722573273506e-17 3.837762411676927
0.09999999999999995 -4.85722573273506e-17 -4.85722573273506e-17 4.36056912862198
0.09999999999999995 -4.85722573273506e-17 -4.85722573273506e-17 4.382663296605199
0.09999999999999995 -4.85722573273506e-17 -4.85722573273506e-17 4.482317492188532
0.09999999999999995 -4.85722573273506e-17 -4.85722573273506e-17 4.504744581983069
0.09999999999999995 -4.85722573273506e-17 -4.85722573273506e-17 4.583417660988562
0.09999999999999995 -4.85722573273506e-17 -4.85722573273506e-17 4.614887068115948
0.09999999999999995 -4.85722573273506e-17 -4.85722573273506e-17 5.1285615032502605
0.09999999999999995 -4.85722573273506e-17 -4.85722573273506e-17 5.157177252074501
0.09999999999999995 -4.85722573273506e-17 -4.85722573273506e-17 5.203613728310788
0.09999999999999995 -4.85722573273506e-17 -4.85722573273506e-17 5.2233608714768405
0.09999999999999995 -4.85722573273506e-17 -4.85722573273506e-17 5.24750460197137
0.09999999999999995 -4.85722573273506e-17 -4.85722573273506e-17 5.284880251339256
0.09999999999999995 -4.85722573273506e-17 -4.85722573273506e-17 5.37996032705525
0.09999999999999995 -4.85722573273506e-17 -4.85722573273506e-17 5.391716094207093
0.09999999999999995 -4.85722573273506e-17 -4.85722573273506e-17 5.409590779528935
0.09999999999999995 -4.85722573273506e-17 -4.85722573273506e-17 5.450290110839967
0.09999999999999995 -4.85722573273506e-17 -4.85722573273506e-17 5.680805944784539
0.09999999999999995 -4.85722573273506e-17 -4.85722573273506e-17 5.69120556583089
0.09999999999999995 -4.85722573273506e-17 -4.85722573273506e-17 5.730402361470144
0.09999999999999995 -4.85722573273506e-17 -4.85722573273506e-17 5.756409764031572
0.09999999999999995 -4.85722573273506e-17 -4.85722573273506e-17 5.78762073652749
0.09999999999999995 -4.85722573273506e-17 -4.85722573273506e-17 5.80733126106934
0.09999999999999995 -4.85722573273506e-17 -4.85722573273506e-17 6.528412482262649
0.09999999999999995 -4.85722573273506e-17 -4.85722573273506e-17 6.5394538776321385
0.09999999999999995 -4.85722573273506e-17 -4.85722573273506e-17 6.787655048052999
0.09999999999999995 -4.85722573273506e-17 -4.85722573273506e-17 6.801843655932348
0.09999999999999995 -4.85722573273506e-17 -4.85722573273506e-17 7.171355192441758
0.09999999999999995 -4.85722573273506e-17 -4.85722573273506e-17 7.211506339414567
0.09999999999999995 -4.85722573273506e-17 -4.85722573273506e-17 7.3324235887331275
0.09999999999999995 -4.85722573273506e-17 -4.85722573273506e-17 7.356464490329482
0.09999999999999995 -4.85722573273506e-17 -4.85722573273506e-17 7.419238487127846
0.09999999999999995 -4.85722573273506e-17 -4.85722573273506e-17 7.444674462670531
0.09999999999999995 -4.85722573273506e-17 -4.85722573273506e-17 7.518873603728448
0.09999999999999995 -4.85722573273506e-17 -4.85722573273506e-17 7.529142395302528
0.09999999999999995 -4.85722573273506e-17 -4.85722573273506e-17 7.647744913693917
0.09999999999999995 -4.85722573273506e-17 -4.85722573273506e-17 7.672520396315469
0.09999999999999995 -4.85722573273506e-17 -4.85722573273506e-17 7.838138833564744
0.09999999999999995 -4.85722573273506e-17 -4.85722573273506e-17 7.844942587063755
0.09999999999999995 -4.85722573273506e-17 -4.85722573273506e-17 8.014631923349517
0.09999999999999995 -4.85722573273506e-17 -4.85722573273506e-17 8.03279320224904
0.09999999999999995 -4.85722573273506e-17 -4.85722573273506e-17 8.19865084101113
0.09999999999999995 -4.85722573273506e-17 -4.85722573273506e-17 8.213869840126511
0.09999999999999995 -4.85722573273506e-17 -4.85722573273506e-17 8.356585085307332
0.09999999999999995 -4.85722573273506e-17 -4.85722573273506e-17 8.391638623179084
0.09999999999999995 -4.85722573273506e-17 -4.85722573273506e-17 8.497754989207504
0.09999999999999995 -4.85722573273506e-17 -4.85722573273506e-17 8.510997853105229
0.07499999999999996 -4.85722573273506e-17 -4.85722573273506e-17 -5.319208263906473
0.07499999999999996 -4.85722573273506e-17 -4.85722573273506e-17 -5.31816443314639
0.07499999999999996 -4.85722573273506e-17 -4.85722573273506e-17 -4.961159341972197
0.07499999999999996 -4.85722573273506e-17 -4.85722573273506e-17 -4.958384935185331
0.07499999999999996 -4.85722573273506e-17 -4.85722573273506e-17 -4.912049386568891
0.07499999999999996 -4.85722573273506e-17 -4.85722573273506e-17 -4.909811306540678
0.07499999999999996 -4.85722573273506e-17 -4.85722573273506e-17 -4.891952713648297
0.07499999999999996 -4.85722573273506e-17 -4.85722573273506e-17 -4.888639093960312
0.07499999999999996 -4.85722573273506e-17 -4.85722573273506e-17 -4.541052920883243
0.07499999999999996 -4.85722573273506e-17 -4.85722573273506e-17 -4.540577704385198
0.07499999999999996 -4.85722573273506e-17 -4.85722573273506e-17 -4.502250686317122
0.07499999999999996 -4.85722573273506e-17 -4.85722573273506e-17 -4.500988985635573
0.07499999999999996 -4.85722573273506e-17 -4.85722573273506e-17 -4.398938480120049
0.07499999999999996 -4.85722573273506e-17 -4.85722573273506e-17 -4.394220317036784
0.07499999999999996 -4.85722573273506e-17 -4.85722573273506e-17 -3.7496331701111405
0.07499999999999996 -4.85722573273506e-17 -4.85722573273506e-17 -3.6998350623298872
0.07499999999999996 -4.85722573273506e-17 -4.85722573273506e-17 -1.0338429642042595
0.07499999999999996 -4.85722573273506e-17 -4.85722573273506e-17 -1.0126509420545968
0.07499999999999996 -4.85722573273506e-17 -4.85722573273506e-17 -0.8474120309317499
0.07499999999999996 -4.85722573273506e-17 -4.85722573273506e-17 -0.8276872186431046
0.07499999999999996 -4.85722573273506e-17 -4.85722573273506e-17 -0.7812851787396671
0.07499999999999996 -4.85722573273506e-17 -4.85722573273506e-17 -0.7709434909446689
0.07499999999999996 -4.85722573273506e-17 -4.85722573273506e-17 -0.7416847767489472
0.07499999999999996 -4.85722573273506e-17 -4.85722573273506e-17 -0.7295301633275599
0.07499999999999996 -4.85722573273506e-17 -4.85722573273506e-17 -0.7063328197271463
0.07499999999999996 -4.85722573273506e-17 -4.85722573273506e-17 -0.6997401380910898
0.07499999999999996 -4.85722573273506e-17 -4.85722573273506e-17 -0.6463861458432348
0.07499999999999996 -4.85722573273506e-17 -4.85722573273506e-17 -0.6406807584257435
0.07499999999999996 -4.85722573273506e-17 -4.85722573273506e-17 -0.6060107187594844
0.07499999999999996 -4.85722573273506e-17 -4.85722573273506e-17 -0.5999710540229691
0.07499999999999996 -4.85722573273506e-17 -4.85722573273506e-17 -0.545806694988305
0.07499999999999996 -4.85722573273506e-17 -4.85722573273506e-17 -0.5413974136222178
0.07499999999999996 -4.85722573273506e-17 -4.85722573273506e-17 -0.5129566418312059
0.07499999999999996 -4.85722573273506e-17 -4.85722573273506e-17 -0.49509467362149984
0.07499999999999996 -4.85722573273506e-17 -4.85722573273506e-17 -0.48354451534298093
0.07499999999999996 -4.85722573273506e-17 -4.85722573273506e-17 -0.4741193663840093
0.07499999999999996 -4.85722573273506e-17 -4.85722573273506e-17 -0.37976954830586074
0.07499999999999996 -4.85722573273506e-17 -4.85722573273506e-17 -0.3600131616355551
0.07499999999999996 -4.85722573273506e-17 -4.85722573273506e-17 -0.327490799509372
0.07499999999999996 -4.85722573273506e-17 -4.85722573273506e-17 -0.32317851107503065
0.07499999999999996 -4.85722573273506e-17 -4.85722573273506e-17 0.2199165352199519
0.07499999999999996 -4.85722573273506e-17 -4.85722573273506e-17 0.22678122141579263
0.07499999999999996 -4.85722573273506e-17 -4.85722573273506e-17 0.27235100238323184
0.07499999999999996 -4.85722573273506e-17 -4.85722573273506e-17 0.2814496292238591
0.07499999999999996 -4.85722573273506e-17 -4.85722573273506e-17 0.2955696541739752
0.07499999999999996 -4.85722573273506e-17 -4.85722573273506e-17 0.29921081148795636
0.07499999999999996 -4.85722573273506e-17 -4.85722573273506e-17 0.4144737006857044
0.07499999999999996 -4.85722573273506e-17 -4.85722573273506e-17 0.41939815475737
0.07499999999999996 -4.85722573273506e-17 -4.85722573273506e-17 0.44541881629439717
0.07499999999999996 -4.85722573273506e-17 -4.85722573273506e-17 0.4501812331720052
0.07499999999999996 -4.85722573273506e-17 -4.85722573273506e-17 0.48519498824566476
0.07499999999999996 -4.85722573273506e-17 -4.85722573273506e-17 0.4936863146990259
0.07499999999999996 -4.85722573273506e-17 -4.85722573273506e-17 0.4957719246345722
0.07499999999999996 -4.85722573273506e-17 -4.85722573273506e-17 0.5080029343461447
0.07499999999999996 -4.85722573273506e-17 -4.85722573273506e-17 0.5166355504328951
0.07499999999999996 -4.85722573273506e-17 -4.85722573273506e-17 0.5205734586480775
0.07499999999999996 -4.85722573273506e-17 -4.85722573273506e-17 0.5851647273241083
0.07499999999999996 -4.85722573273506e-17 -4.85722573273506e-17 0.598481626832128
0.07499999999999996 -4.85722573273506e-17 -4.85722573273506e-17 0.6317502275740647
0.07499999999999996 -4.85722573273506e-17 -4.85722573273506e-17 0.6363464641737191
0.07499999999999996 -4.85722573273506e-17 -4.85722573273506e-17 0.6644373677062312
0.07499999999999996 -4.85722573273506e-17 -4.85722573273506e-17 0.6762037645172647
0.07499999999999996 -4.85722573273506e-17 -4.85722573273506e-17 0.7043286136158207
0.07499999999999996 -4.85722573273506e-17 -4.85722573273506e-17 0.7164346133904766
0.07499999999999996 -4.85722573273506e-17 -4.85722573273506e-17 0.7518664201390317
0.07499999999999996 -4.85722573273506e-17 -4.85722573273506e-17 0.7669044104360605
0.07499999999999996 -4.85722573273506e-17 -4.85722573273506e-17 0.7816402826244451
0.07499999999999996 -4.85722573273506e-17 -4.85722573273506e-17 0.7912405525011547
0.07499999999999996 -4.85722573273506e-17 -4.85722573273506e-17 0.7977295492088716
0.07499999999999996 -4.85722573273506e-17 -4.85722573273506e-17 0.8068999606552536
0.07499999999999996 -4.85722573273506e-17 -4.85722573273506e-17 0.820005177759791
0.07499999999999996 -4.85722573273506e-17 -4.85722573273506e-17 0.83002796034617
0.07499999999999996 -4.85722573273506e-17 -4.85722573273506e-17 0.8433155024590064
0.07499999999999996 -4.85722573273506e-17 -4.85722573273506e-17 0.8551703744598793
0.07499999999999996 -4.85722573273506e-17 -4.85722573273506e-17 0.8663644910754739
0.07499999999999996 -4.85722573273506e-17 -4.85722573273506e-17 0.8684938327283923
0.07499999999999996 -4.85722573273506e-17 -4.85722573273506e-17 0.8798638831245382
0.07499999999999996 -4.85722573273506e-17 -4.85722573273506e-17 0.899404369108546
0.07499999999999996 -4.85722573273506e-17 -4.85722573273506e-17 0.9093731946253181
0.07499999999999996 -4.85722573273506e-17 -4.85722573273506e-17 0.9212923405868407
0.07499999999999996 -4.85722573273506e-17 -4.85722573273506e-17 0.9349445141416055
0.07499999999999996 -4.85722573273506e-17 -4.85722573273506e-17 0.9425834164374326
0.07499999999999996 -4.85722573273506e-17 -4.85722573273506e-17 0.9490080212489624
0.07499999999999996 -4.85722573273506e-17 -4.85722573273506e-17 0.953668171982982
0.07499999999999996 -4.85722573273506e-17 -4.85722573273506e-17 0.9722108237994004
0.07499999999999996 -4.85722573273506e-17 -4.85722573273506e-17 0.9758720178027924
0.07499999999999996 -4.85722573273506e-17 -4.85722573273506e-17 0.9914394691918167
0.07499999999999996 -4.85722573273506e-17 -4.85722573273506e-17 1.000739104408062
0.07499999999999996 -4.85722573273506e-17 -4.85722573273506e-17 1.0156944850367209
0.07499999999999996 -4.85722573273506e-17 -4.85722573273506e-17 1.0282817771849073
0.07499999999999996 -4.85722573273506e-17 -4.85722573273506e-17 1.0400673861362986
0.07499999999999996 -4.85722573273506e-17 -4.85722573273506e-17 1.045230021301092
0.07499999999999996 -4.85722573273506e-17 -4.85722573273506e-17 1.055089236424616
0.07499999999999996 -4.85722573273506e-17 -4.85722573273506e-17 1.0609967830925935
0.07499999999999996 -4.85722573273506e-17 -4.85722573273506e-17 1.0731206105752102
0.07499999999999996 -4.85722573273506e-17 -4.85722573273506e-17 1.0851128708143838
0.07499999999999996 -4.85722573273506e-17 -4.85722573273506e-17 1.0926961396368142
0.07499999999999996 -4.85722573273506e-17 -4.85722573273506e-17 1.100493017458713
0.07499999999999996 -4.85722573273506e-17 -4.85722573273506e-17 1.105973857996672
0.07499999999999996 -4.85722573273506e-17 -4.85722573273506e-17 1.1177333749199176
0.07499999999999996 -4.85722573273506e-17 -4.85722573273506e-17 1.1290636814005048
0.07499999999999996 -4.85722573273506e-17 -4.85722573273506e-17 1.130706338724163
0.07499999999999996 -4.85722573273506e-17 -4.85722573273506e-17 1.1409638409861662
0.07499999999999996 -4.85722573273506e-17 -4.85722573273506e-17 1.156742846884252
0.07499999999999996 -4.85722573273506e-17 -4.85722573273506e-17 1.168481916385339
0.07499999999999996 -4.85722573273506e-17 -4.85722573273506e-17 1.1812154647671713
0.07499999999999996 -4.85722573273506e-17 -4.85722573273506e-17 1.1864588306238628
0.07499999999999996 -4.85722573273506e-17 -4.85722573273506e-17 1.1958360281333142
0.07499999999999996 -4.85722573273506e-17 -4.85722573273506e-17 1.2111431534226247
0.07499999999999996 -4.85722573273506e-17 -4.85722573273506e-17 1.2192175659334943
0.07499999999999996 -4.85722573273506e-17 -4.85722573273506e-17 1.2341134358010974
0.07499999999999996 -4.85722573273506e-17 -4.85722573273506e-17 1.2380401031769457
0.07499999999999996 -4.85722573273506e-17 -4.85722573273506e-17 1.2492374510776365
0.07499999999999996 -4.85722573273506e-17 -4.85722573273506e-17 1.2573917475626235
0.07499999999999996 -4.85722573273506e-17 -4.85722573273506e-17 1.2858834604607932
0.07499999999999996 -4.85722573273506e-17 -4.85722573273506e-17 1.296032182858189
0.07499999999999996 -4.85722573273506e-17 -4.85722573273506e-17 1.3011610857016023
0.07499999999999996 -4.85722573273506e-17 -4.85722573273506e-17 1.3059699573482728
0.07499999999999996 -4.85722573273506e-17 -4.85722573273506e-17 1.3269700061467686
0.07499999999999996 -4.85722573273506e-17 -4.85722573273506e-17 1.3396472915501931
0.07499999999999996 -4.85722573273506e-17 -4.85722573273506e-17 1.3632018849533756
0.07499999999999996 -4.85722573273506e-17 -4.85722573273506e-17 1.371590880177882
0.07499999999999996 -4.85722573273506e-17 -4.85722573273506e-17 1.3883902066914038
0.07499999999999996 -4.85722573273506e-17 -4.85722573273506e-17 1.3965210519539335
0.07499999999999996 -4.85722573273506e-17 -4.85722573273506e-17 1.4085126960420542
0.07499999999999996 -4.85722573273506e-17 -4.85722573273506e-17 1.420563341920924
0.07499999999999996 -4.85722573273506e-17 -4.85722573273506e-17 1.4299996024695307
0.07499999999999996 -4.85722573273506e-17 -4.85722573273506e-17 1.4454481489593922
0.07499999999999996 -4.85722573273506e-17 -4.85722573273506e-17 1.4634244928904767
0.07499999999999996 -4.85722573273506e-17 -4.85722573273506e-17 1.4724633411652537
0.07499999999999996 -4.85722573273506e-17 -4.85722573273506e-17 1.4906063578249757
0.07499999999999996 -4.85722573273506e-17 -4.85722573273506e-17 1.4946033185186445
0.07499999999999996 -4.85722573273506e-17 -4.85722573273506e-17 1.53506056807616
0.07499999999999996 -4.85722573273506e-17 -4.85722573273506e-17 1.543397153137251
0.07499999999999996 -4.85722573273506e-17 -4.85722573273506e-17 1.5522315319019748
0.07499999999999996 -4.85722573273506e-17 -4.85722573273506e-17 1.5626799973771925
0.07499999999999996 -4.85722573273506e-17 -4.85722573273506e-17 1.5972069170541214
0.07499999999999996 -4.85722573273506e-17 -4.85722573273506e-17 1.605501385469263
0.07499999999999996 -4.85722573273506e-17 -4.85722573273506e-17 1.6345868592960713
0.07499999999999996 -4.85722573273506e-17 -4.85722573273506e-17 1.642515999896582
0.07499999999999996 -4.85722573273506e-17 -4.85722573273506e-17 1.655262237171232
0.07499999999999996 -4.85722573273506e-17 -4.85722573273506e-17 1.661280735294294
0.07499999999999996 -4.85722573273506e-17 -4.85722573273506e-17 1.684784182882857
0.07499999999999996 -4.85722573273506e-17 -4.85722573273506e-17 1.702304232521894
0.07499999999999996 -4.85722573273506e-17 -4.85722573273506e-17 1.738012948622859
0.07499999999999996 -4.85722573273506e-17 -4.85722573273506e-17 1.7433642489228711
0.07499999999999996 -4.85722573273506e-17 -4.85722573273506e-17 1.7966535996174366
0.07499999999999996 -4.85722573273506e-17 -4.85722573273506e-17 1.8037944060856166
0.07499999999999996 -4.85722573273506e-17 -4.85722573273506e-17 1.8375701434942027
0.07499999999999996 -4.85722573273506e-17 -4.85722573273506e-17 1.8485973493557157
0.07499999999999996 -4.85722573273506e-17 -4.85722573273506e-17 1.9343074448036186
0.07499999999999996 -4.85722573273506e-17 -4.85722573273506e-17 1.9375534057854917
0.07499999999999996 -4.85722573273506e-17 -4.85722573273506e-17 2.174470806360638
0.07499999999999996 -4.85722573273506e-17 -4.85722573273506e-17 2.195571272214007
0.07499999999999996 -4.85722573273506e-17 -4.85722573273506e-17 2.23481224387395
0.07499999999999996 -4.85722573273506e-17 -4.85722573273506e-17 2.242147417055307
0.07499999999999996 -4.85722573273506e-17 -4.85722573273506e-17 2.2515927283806496
0.07499999999999996 -4.85722573273506e-17 -4.85722573273506e-17 2.2807257695241416
0.07499999999999996 -4.85722573273506e-17 -4.85722573273506e-17 2.637309502735896
0.07499999999999996 -4.85722573273506e-17 -4.85722573273506e-17 2.6426012551109537
0.07499999999999996 -4.85722573273506e-17 -4.85722573273506e-17 3.7888166685750937
0.07499999999999996 -4.85722573273506e-17 -4.85722573273506e-17 3.817394254212422
0.07499999999999996 -4.85722573273506e-17 -4.85722573273506e-17 4.355473044161665
0.07499999999999996 -4.85722573273506e-17 -4.85722573273506e-17 4.372326318586295
0.07499999999999996 -4.85722573273506e-17 -4.85722573273506e-17 4.4743297706052605
0.07499999999999996 -4.85722573273506e-17 -4.85722573273506e-17 4.491468041414951
0.07499999999999996 -4.85722573273506e-17 -4.85722573273506e-17 4.575270094270092
0.07499999999999996 -4.85722573273506e-17 -4.85722573273506e-17 4.59931266836978
0.07499999999999996 -4.85722573273506e-17 -4.85722573273506e-17 5.118819095630448
0.07499999999999996 -4.85722573273506e-17 -4.85722573273506e-17 5.1393293226631815
0.07499999999999996 -4.85722573273506e-17 -4.85722573273506e-17 5.204907063058046
0.07499999999999996 -4.85722573273506e-17 -4.85722573273506e-17 5.221593704997268
0.07499999999999996 -4.85722573273506e-17 -4.85722573273506e-17 5.249012396330499
0.07499999999999996 -4.85722573273506e-17 -4.85722573273506e-17 5.273579504027904
0.07499999999999996 -4.85722573273506e-17 -4.85722573273506e-17 5.371410518970631
0.07499999999999996 -4.85722573273506e-17 -4.85722573273506e-17 5.377719326045142
0.07499999999999996 -4.85722573273506e-17 -4.85722573273506e-17 5.4032231005378115
0.07499999999999996 -4.85722573273506e-17 -4.85722573273506e-17 5.432861161744437
0.07499999999999996 -4.85722573273506e-17 -4.85722573273506e-17 5.680684564048396
0.07499999999999996 -4.85722573273506e-17 -4.85722573273506e-17 5.689819073939416
0.07499999999999996 -4.85722573273506e-17 -4.85722573273506e-17 5.721661915423718
0.07499999999999996 -4.85722573273506e-17 -4.85722573273506e-17 5.741307638779796
0.07499999999999996 -4.85722573273506e-17 -4.85722573273506e-17 5.775612443758611
0.07499999999999996 -4.85722573273506e-17 -4.85722573273506e-17 5.790394590325148
0.07499999999999996 -4.85722573273506e-17 -4.85722573273506e-17 6.529356165978294
0.07499999999999996 -4.85722573273506e-17 -4.85722573273506e-17 6.535036267956253
0.07499999999999996 -4.85722573273506e-17 -4.85722573273506e-17 6.797632206688624
0.07499999999999996 -4.85722573273506e-17 -4.85722573273506e-17 6.80785956849103
0.07499999999999996 -4.85722573273506e-17 -4.85722573273506e-17 7.181540587560068
0.07499999999999996 -4.85722573273506e-17 -4.85722573273506e-17 7.212575076378402
0.07499999999999996 -4.85722573273506e-17 -4.85722573273506e-17 7.346156726990156
0.07499999999999996 -4.85722573273506e-17 -4.85722573273506e-17 7.365247560317631
0.07499999999999996 -4.85722573273506e-17 -4.85722573273506e-17 7.432893899238556
0.07499999999999996 -4.85722573273506e-17 -4.85722573273506e-17 7.455252320069466
0.07499999999999996 -4.85722573273506e-17 -4.85722573273506e-17 7.5355808425824815
0.07499999999999996 -4.85722573273506e-17 -4.85722573273506e-17 7.544589036336636
0.07499999999999996 -4.85722573273506e-17 -4.85722573273506e-17 7.655616253006284
0.07499999999999996 -4.85722573273506e-17 -4.85722573273506e-17 7.674383046933352
0.07499999999999996 -4.85722573273506e-17 -4.85722573273506e-17 7.842159142980154
0.07499999999999996 -4.85722573273506e-17 -4.85722573273506e-17 7.847020516904284
0.07499999999999996 -4.85722573273506e-17 -4.85722573273506e-17 8.024002606866565
0.07499999999999996 -4.85722573273506e-17 -4.85722573273506e-17 8.038404593139244
0.07499999999999996 -4.85722573273506e-17 -4.85722573273506e-17 8.21067407356077
0.07499999999999996 -4.85722573273506e-17 -4.85722573273506e-17 8.22242237506326
0.07499999999999996 -4.85722573273506e-17 -4.85722573273506e-17 8.365076972389732
0.07499999999999996 -4.85722573273506e-17 -4.85722573273506e-17 8.394620519772458
0.07499999999999996 -4.85722573273506e-17 -4.85722573273506e-17 8.508408524353614
0.07499999999999996 -4.85722573273506e-17 -4.85722573273506e-17 8.51864401990672
0.049999999999999954 -4.85722573273506e-17 -4.85722573273506e-17 -5.3213775440604
0.049999999999999954 -4.85722573273506e-17 -4.85722573273506e-17 -5.320700197658142
0.049999999999999954 -4.85722573273506e-17 -4.85722573273506e-17 -4.958892399227561
0.049999999999999954 -4.85722573273506e-17 -4.85722573273506e-17 -4.957127788180599
0.049999999999999954 -4.85722573273506e-17 -4.85722573273506e-17 -4.912955396596156
0.049999999999999954 -4.85722573273506e-17 -4.85722573273506e-17 -4.911342194785467
0.049999999999999954 -4.85722573273506e-17 -4.85722573273506e-17 -4.893355993509979
0.049999999999999954 -4.85722573273506e-17 -4.85722573273506e-17 -4.891259054205454
0.049999999999999954 -4.85722573273506e-17 -4.85722573273506e-17 -4.537963702219542
0.049999999999999954 -4.85722573273506e-17 -4.85722573273506e-17 -4.537742964819187
0.049999999999999954 -4.85722573273506e-17 -4.85722573273506e-17 -4.500337588170916
0.049999999999999954 -4.85722573273506e-17 -4.85722573273506e-17 -4.499304688053795
0.049999999999999954 -4.85722573273506e-17 -4.85722573273506e-17 -4.396244815944351
0.049999999999999954 -4.85722573273506e-17 -4.85722573273506e-17 -4.393377891324283
0.049999999999999954 -4.85722573273506e-17 -4.85722573273506e-17 -3.736303282571278
0.049999999999999954 -4.85722573273506e-17 -4.85722573273506e-17 -3.702744840135848
0.049999999999999954 -4.85722573273506e-17 -4.85722573273506e-17 -1.031281743100683
0.049999999999999954 -4.85722573273506e-17 -4.85722573273506e-17 -1.0165676151635417
0.049999999999999954 -4.85722573273506e-17 -4.85722573273506e-17 -0.8487132445810346
0.049999999999999954 -4.85722573273506e-17 -4.85722573273506e-17 -0.8343485417039158
0.049999999999999954 -4.85722573273506e-17 -4.85722573273506e-17 -0.7840495715265792
0.049999999999999954 -4.85722573273506e-17 -4.85722573273506e-17 -0.7771001818337933
0.049999999999999954 -4.85722573273506e-17 -4.85722573273506e-17 -0.7448724971134091
0.049999999999999954 -4.85722573273506e-17 -4.85722573273506e-17 -0.7368220034504529
0.049999999999999954 -4.85722573273506e-17 -4.85722573273506e-17 -0.7060250225557456
0.049999999999999954 -4.85722573273506e-17 -4.85722573273506e-17 -0.7019611029057538
0.049999999999999954 -4.85722573273506e-17 -4.85722573273506e-17 -0.650199963870615
0.049999999999999954 -4.85722573273506e-17 -4.85722573273506e-17 -0.6466316699585742
0.049999999999999954 -4.85722573273506e-17 -4.85722573273506e-17 -0.6070272683691716
0.049999999999999954 -4.85722573273506e-17 -4.85722573273506e-17 -0.6032768629575586
0.049999999999999954 -4.85722573273506e-17 -4.85722573273506e-17 -0.547091550936405
0.049999999999999954 -4.85722573273506e-17 -4.85722573273506e-17 -0.5439821689656564
0.049999999999999954 -4.85722573273506e-17 -4.85722573273506e-17 -0.5112732039103083
0.049999999999999954 -4.85722573273506e-17 -4.85722573273506e-17 -0.4985143689917386
0.049999999999999954 -4.85722573273506e-17 -4.85722573273506e-17 -0.48793133966944646
0.049999999999999954 -4.85722573273506e-17 -4.85722573273506e-17 -0.480833061199245
0.049999999999999954 -4.85722573273506e-17 -4.85722573273506e-17 -0.38092772863938507
0.049999999999999954 -4.85722573273506e-17 -4.85722573273506e-17 -0.3680164111791253
0.049999999999999954 -4.85722573273506e-17 -4.85722573273506e-17 -0.32982404681984157
0.049999999999999954 -4.85722573273506e-17 -4.85722573273506e-17 -0.32723428991186104
0.049999999999999954 -4.85722573273506e-17 -4.85722573273506e-17 0.22050799940534288
0.049999999999999954 -4.85722573273506e-17 -4.85722573273506e-17 0.22506266541391862
0.049999999999999954 -4.85722573273506e-17 -4.85722573273506e-17 0.2732156716731282
0.049999999999999954 -4.85722573273506e-17 -4.85722573273506e-17 0.27940242007338084
0.049999999999999954 -4.85722573273506e-17 -4.85722573273506e-17 0.2954585444310197
0.049999999999999954 -4.85722573273506e-17 -4.85722573273506e-17 0.29781681570918067
0.049999999999999954 -4.85722573273506e-17 -4.85722573273506e-17 0.4163519769714184
0.049999999999999954 -4.85722573273506e-17 -4.85722573273506e-17 0.4196798497404307
0.049999999999999954 -4.85722573273506e-17 -4.85722573273506e-17 0.44773249210904015
0.049999999999999954 -4.85722573273506e-17 -4.85722573273506e-17 0.45092187298990927
0.049999999999999954 -4.85722573273506e-17 -4.85722573273506e-17 0.48824839357677446
0.049999999999999954 -4.85722573273506e-17 -4.85722573273506e-17 0.49413640374273615
0.049999999999999954 -4.85722573273506e-17 -4.85722573273506e-17 0.5001410926963129
0.049999999999999954 -4.85722573273506e-17 -4.85722573273506e-17 0.5084854141355226
0.049999999999999954 -4.85722573273506e-17 -4.85722573273506e-17 0.5187538432711642
0.049999999999999954 -4.85722573273506e-17 -4.85722573273506e-17 0.5215350532929681
0.049999999999999954 -4.85722573273506e-17 -4.85722573273506e-17 0.5893195474979658
0.049999999999999954 -4.85722573273506e-17 -4.85722573273506e-17 0.5983635661358324
0.049999999999999954 -4.85722573273506e-17 -4.85722573273506e-17 0.6355968738417
0.049999999999999954 -4.85722573273506e-17 -4.85722573273506e-17 0.6385386595258565
0.049999999999999954 -4.85722573273506e-17 -4.85722573273506e-17 0.6680526304441115
0.049999999999999954 -4.85722573273506e-17 -4.85722573273506e-17 0.6762832102343053
0.049999999999999954 -4.85722573273506e-17 -4.85722573273506e-17 0.70847076015579
0.049999999999999954 -4.85722573273506e-17 -4.85722573273506e-17 0.7169974137313373
0.049999999999999954 -4.85722573273506e-17 -4.85722573273506e-17 0.7578059971177638
0.049999999999999954 -4.85722573273506e-17 -4.85722573273506e-17 0.7701757723352971
0.049999999999999954 -4.85722573273506e-17 -4.85722573273506e-17 0.7825142003112697
0.049999999999999954 -4.85722573273506e-17 -4.85722573273506e-17 0.7909184762898525
0.049999999999999954 -4.85722573273506e-17 -4.85722573273506e-17 0.8027383856147691
0.049999999999999954 -4.85722573273506e-17 -4.85722573273506e-17 0.8088637479980884
0.049999999999999954 -4.85722573273506e-17 -4.85722573273506e-17 0.819187017624218
0.049999999999999954 -4.85722573273506e-17 -4.85722573273506e-17 0.8282554181422546
0.049999999999999954 -4.85722573273506e-17 -4.85722573273506e-17 0.8462191495152034
0.049999999999999954 -4.85722573273506e-17 -4.85722573273506e-17 0.8552931225123848
0.049999999999999954 -4.85722573273506e-17 -4.85722573273506e-17 0.8698478548604092
0.049999999999999954 -4.85722573273506e-17 -4.85722573273506e-17 0.8711243845236727
0.049999999999999954 -4.85722573273506e-17 -4.85722573273506e-17 0.8828991433496487
0.049999999999999954 -4.85722573273506e-17 -4.85722573273506e-17 0.8980473969714211
0.049999999999999954 -4.85722573273506e-17 -4.85722573273506e-17 0.9112778996990407
0.049999999999999954 -4.85722573273506e-17 -4.85722573273506e-17 0.9193714739907577
0.049999999999999954 -4.85722573273506e-17 -4.85722573273506e-17 0.9362786543158212
0.049999999999999954 -4.85722573273506e-17 -4.85722573273506e-17 0.9436685303342126
0.049999999999999954 -4.85722573273506e-17 -4.85722573273506e-17 0.9501960033092413
0.049999999999999954 -4.85722573273506e-17 -4.85722573273506e-17 0.9541370814683428
0.049999999999999954 -4.85722573273506e-17 -4.85722573273506e-17 0.9728524440007984
0.049999999999999954 -4.85722573273506e-17 -4.85722573273506e-17 0.9767685799602404
0.049999999999999954 -4.85722573273506e-17 -4.85722573273506e-17 0.9922615488236116
0.049999999999999954 -4.85722573273506e-17 -4.85722573273506e-17 0.9984622902991022
0.049999999999999954 -4.85722573273506e-17 -4.85722573273506e-17 1.0185937441319037
0.049999999999999954 -4.85722573273506e-17 -4.85722573273506e-17 1.0299971281849718
0.049999999999999954 -4.85722573273506e-17 -4.85722573273506e-17 1.0415187102073453
0.049999999999999954 -4.85722573273506e-17 -4.85722573273506e-17 1.0481238812703495
0.049999999999999954 -4.85722573273506e-17 -4.85722573273506e-17 1.0560169261791013
0.049999999999999954 -4.85722573273506e-17 -4.85722573273506e-17 1.0592465861361415
0.049999999999999954 -4.85722573273506e-17 -4.85722573273506e-17 1.0731506109077857
0.049999999999999954 -4.85722573273506e-17 -4.85722573273506e-17 1.0837101155238074
0.049999999999999954 -4.85722573273506e-17 -4.85722573273506e-17 1.0938947068152325
0.049999999999999954 -4.85722573273506e-17 -4.85722573273506e-17 1.0999442526448115
0.049999999999999954 -4.85722573273506e-17 -4.85722573273506e-17 1.1076768178176586
0.049999999999999954 -4.85722573273506e-17 -4.85722573273506e-17 1.116948419217458
0.049999999999999954 -4.85722573273506e-17 -4.85722573273506e-17 1.1294078383165977
0.049999999999999954 -4.85722573273506e-17 -4.85722573273506e-17 1.1313790528142105
0.049999999999999954 -4.85722573273506e-17 -4.85722573273506e-17 1.1428913710683846
0.049999999999999954 -4.85722573273506e-17 -4.85722573273506e-17 1.1557588380577153
0.049999999999999954 -4.85722573273506e-17 -4.85722573273506e-17 1.1681252864449112
0.049999999999999954 -4.85722573273506e-17 -4.85722573273506e-17 1.1798563240542397
0.049999999999999954 -4.85722573273506e-17 -4.85722573273506e-17 1.1867995290545759
0.049999999999999954 -4.85722573273506e-17 -4.85722573273506e-17 1.193158977641139
0.049999999999999954 -4.85722573273506e-17 -4.85722573273506e-17 1.211535391111495
0.049999999999999954 -4.85722573273506e-17 -4.85722573273506e-17 1.217535030978912
0.049999999999999954 -4.85722573273506e-17 -4.85722573273506e-17 1.2347871823829415
0.049999999999999954 -4.85722573273506e-17 -4.85722573273506e-17 1.237483509497239
0.049999999999999954 -4.85722573273506e-17 -4.85722573273506e-17 1.250167198218086
0.049999999999999954 -4.85722573273506e-17 -4.85722573273506e-17 1.2562247192204938
0.049999999999999954 -4.85722573273506e-17 -4.85722573273506e-17 1.2876350117149666
0.049999999999999954 -4.85722573273506e-17 -4.85722573273506e-17 1.2949296545898052
0.049999999999999954 -4.85722573273506e-17 -4.85722573273506e-17 1.302107437863718
0.049999999999999954 -4.85722573273506e-17 -4.85722573273506e-17 1.3053039470682206
0.049999999999999954 -4.85722573273506e-17 -4.85722573273506e-17 1.3288806933726471
0.049999999999999954 -4.85722573273506e-17 -4.85722573273506e-17 1.3375223175030548
0.049999999999999954 -4.85722573273506e-17 -4.85722573273506e-17 1.3644418862793588
0.049999999999999954 -4.85722573273506e-17 -4.85722573273506e-17 1.3700797494475452
0.049999999999999954 -4.85722573273506e-17 -4.85722573273506e-17 1.3903705842263991
0.049999999999999954 -4.85722573273506e-17 -4.85722573273506e-17 1.3963796197886378
0.049999999999999954 -4.85722573273506e-17 -4.85722573273506e-17 1.410616321498578
0.049999999999999954 -4.85722573273506e-17 -4.85722573273506e-17 1.419189813372479
0.049999999999999954 -4.85722573273506e-17 -4.85722573273506e-17 1.4318561494888131
0.049999999999999954 -4.85722573273506e-17 -4.85722573273506e-17 1.4425869896809589
0.049999999999999954 -4.85722573273506e-17 -4.85722573273506e-17 1.4651666670223027
0.049999999999999954 -4.85722573273506e-17 -4.85722573273506e-17 1.47129638723578
0.049999999999999954 -4.85722573273506e-17 -4.85722573273506e-17 1.490964875097023
0.049999999999999954 -4.85722573273506e-17 -4.85722573273506e-17 1.4938187190059586
0.049999999999999954 -4.85722573273506e-17 -4.85722573273506e-17 1.5374988426837246
0.049999999999999954 -4.85722573273506e-17 -4.85722573273506e-17 1.5435997425670118
0.049999999999999954 -4.85722573273506e-17 -4.85722573273506e-17 1.5540581398064495
0.049999999999999954 -4.85722573273506e-17 -4.85722573273506e-17 1.5615491325131634
0.049999999999999954 -4.85722573273506e-17 -4.85722573273506e-17 1.5992832465470919
0.049999999999999954 -4.85722573273506e-17 -4.85722573273506e-17 1.6051093720055911
0.049999999999999954 -4.85722573273506e-17 -4.85722573273506e-17 1.6367065844025075
0.049999999999999954 -4.85722573273506e-17 -4.85722573273506e-17 1.6422517041194147
0.049999999999999954 -4.85722573273506e-17 -4.85722573273506e-17 1.6568945288612162
0.049999999999999954 -4.85722573273506e-17 -4.85722573273506e-17 1.6609914640006251
0.049999999999999954 -4.85722573273506e-17 -4.85722573273506e-17 1.6904160656014833
0.049999999999999954 -4.85722573273506e-17 -4.85722573273506e-17 1.7022727112305898
0.049999999999999954 -4.85722573273506e-17 -4.85722573273506e-17 1.7398214840249913
0.049999999999999954 -4.85722573273506e-17 -4.85722573273506e-17 1.7432601332619202
0.049999999999999954 -4.85722573273506e-17 -4.85722573273506e-17 1.7996006038810335
0.049999999999999954 -4.85722573273506e-17 -4.85722573273506e-17 1.804659673820184
0.049999999999999954 -4.85722573273506e-17 -4.85722573273506e-17 1.8397661255132158
0.049999999999999954 -4.85722573273506e-17 -4.85722573273506e-17 1.847314870378212
0.049999999999999954 -4.85722573273506e-17 -4.85722573273506e-17 1.9358488712816633
0.049999999999999954 -4.85722573273506e-17 -4.85722573273506e-17 1.9380582363517016
0.049999999999999954 -4.85722573273506e-17 -4.85722573273506e-17 2.1815762360384854
0.049999999999999954 -4.85722573273506e-17 -4.85722573273506e-17 2.1961645218323165
0.049999999999999954 -4.85722573273506e-17 -4.85722573273506e-17 2.2421725731138826
0.049999999999999954 -4.85722573273506e-17 -4.85722573273506e-17 2.2480588058338746
0.049999999999999954 -4.85722573273506e-17 -4.85722573273506e-17 2.261257154479141
0.049999999999999954 -4.85722573273506e-17 -4.85722573273506e-17 2.2805751100144116
0.049999999999999954 -4.85722573273506e-17 -4.85722573273506e-17 2.6487627749884055
0.049999999999999954 -4.85722573273506e-17 -4.85722573273506e-17 2.652510776997981
0.049999999999999954 -4.85722573273506e-17 -4.85722573273506e-17 3.781314044909786
0.049999999999999954 -4.85722573273506e-17 -4.85722573273506e-17 3.8007675873309994
0.049999999999999954 -4.85722573273506e-17 -4.85722573273506e-17 4.351515201335359
0.049999999999999954 -4.85722573273506e-17 -4.85722573273506e-17 4.3628076094410035
0.049999999999999954 -4.85722573273506e-17 -4.85722573273506e-17 4.469506470293349
0.049999999999999954 -4.85722573273506e-17 -4.85722573273506e-17 4.481024992638405
0.049999999999999954 -4.85722573273506e-17 -4.85722573273506e-17 4.571042377838346
0.049999999999999954 -4.85722573273506e-17 -4.85722573273506e-17 4.587213196010321
0.049999999999999954 -4.85722573273506e-17 -4.85722573273506e-17 5.111547303274146
0.049999999999999954 -4.85722573273506e-17 -4.85722573273506e-17 5.1246511496726885
0.049999999999999954 -4.85722573273506e-17 -4.85722573273506e-17 5.206954131122199
0.049999999999999954 -4.85722573273506e-17 -4.85722573273506e-17 5.218894999935078
0.049999999999999954 -4.85722573273506e-17 -4.85722573273506e-17 5.250987027020679
0.049999999999999954 -4.85722573273506e-17 -4.85722573273506e-17 5.2657953734617
0.049999999999999954 -4.85722573273506e-17 -4.85722573273506e-17 5.363413864850518
0.049999999999999954 -4.85722573273506e-17 -4.85722573273506e-17 5.365558657704403
0.049999999999999954 -4.85722573273506e-17 -4.85722573273506e-17 5.402625190955861
0.049999999999999954 -4.85722573273506e-17 -4.85722573273506e-17 5.420761160385784
0.049999999999999954 -4.85722573273506e-17 -4.85722573273506e-17 5.679934065070236
0.049999999999999954 -4.85722573273506e-17 -4.85722573273506e-17 5.686381871721612
0.049999999999999954 -4.85722573273506e-17 -4.85722573273506e-17 5.7181224749340345
0.049999999999999954 -4.85722573273506e-17 -4.85722573273506e-17 5.730374545740917
0.049999999999999954 -4.85722573273506e-17 -4.85722573273506e-17 5.768358614486299
0.049999999999999954 -4.85722573273506e-17 -4.85722573273506e-17 5.777992556134138
0.049999999999999954 -4.85722573273506e-17 -4.85722573273506e-17 6.5298486622393614
0.049999999999999954 -4.85722573273506e-17 -4.85722573273506e-17 6.532730195424588
0.049999999999999954 -4.85722573273506e-17 -4.85722573273506e-17 6.805116646351967
0.049999999999999954 -4.85722573273506e-17 -4.85722573273506e-17 6.81182143140787
0.049999999999999954 -4.85722573273506e-17 -4.85722573273506e-17 7.190142324210438
0.049999999999999954 -4.85722573273506e-17 -4.85722573273506e-17 7.2112826555141805
0.049999999999999954 -4.85722573273506e-17 -4.85722573273506e-17 7.356730410737401
0.049999999999999954 -4.85722573273506e-17 -4.85722573273506e-17 7.369959144445361
0.049999999999999954 -4.85722573273506e-17 -4.85722573273506e-17 7.444232860308917
0.049999999999999954 -4.85722573273506e-17 -4.85722573273506e-17 7.460298650271271
0.049999999999999954 -4.85722573273506e-17 -4.85722573273506e-17 7.549126212903836
0.049999999999999954 -4.85722573273506e-17 -4.85722573273506e-17 7.555696082270751
0.049999999999999954 -4.85722573273506e-17 -4.85722573273506e-17 7.662531715522604
0.049999999999999954 -4.85722573273506e-17 -4.85722573273506e-17 7.675162609347813
0.049999999999999954 -4.85722573273506e-17 -4.85722573273506e-17 7.845419594809812
0.049999999999999954 -4.85722573273506e-17 -4.85722573273506e-17 7.848556847079167
0.049999999999999954 -4.85722573273506e-17 -4.85722573273506e-17 8.031513079565393
0.049999999999999954 -4.85722573273506e-17 -4.85722573273506e-17 8.04167184752053
0.049999999999999954 -4.85722573273506e-17 -4.85722573273506e-17 8.220303590127022
0.049999999999999954 -4.85722573273506e-17 -4.85722573273506e-17 8.228491308328868
0.049999999999999954 -4.85722573273506e-17 -4.85722573273506e-17 8.373302358415971
0.049999999999999954 -4.85722573273506e-17 -4.85722573273506e-17 8.39465618308364
0.049999999999999954 -4.85722573273506e-17 -4.85722573273506e-17 8.517114997994932
0.049999999999999954 -4.85722573273506e-17 -4.85722573273506e-17 8.52413065426913
0.024999999999999953 -4.85722573273506e-17 -4.85722573273506e-17 -5.322619916002618
0.024999999999999953 -4.85722573273506e-17 -4.85722573273506e-17 -5.322286847076731
0.024999999999999953 -4.85722573273506e-17 -4.85722573273506e-17 -4.95750468501385
0.024999999999999953 -4.85722573273506e-17 -4.85722573273506e-17 -4.956653420520541
0.024999999999999953 -4.85722573273506e-17 -4.85722573273506e-17 -4.913220544103248
0.024999999999999953 -4.85722573273506e-17 -4.85722573273506e-17 -4.912372363460725
0.024999999999999953 -4.85722573273506e-17 -4.85722573273506e-17 -4.89397920108547
0.024999999999999953 -4.85722573273506e-17 -4.85722573273506e-17 -4.892969122669933
0.024999999999999953 -4.85722573273506e-17 -4.85722573273506e-17 -4.536167736529543
0.024999999999999953 -4.85722573273506e-17 -4.85722573273506e-17 -4.536059746949158
0.024999999999999953 -4.85722573273506e-17 -4.85722573273506e-17 -4.49902190911484
0.024999999999999953 -4.85722573273506e-17 -4.85722573273506e-17 -4.498412625259907
0.024999999999999953 -4.85722573273506e-17 -4.85722573273506e-17 -4.394255689559429
0.024999999999999953 -4.85722573273506e-17 -4.85722573273506e-17 -4.392895253852571
0.024999999999999953 -4.85722573273506e-17 -4.85722573273506e-17 -3.7248563047153294
0.024999999999999953 -4.85722573273506e-17 -4.85722573273506e-17 -3.7079698667679413
0.024999999999999953 -4.85722573273506e-17 -4.85722573273506e-17 -1.0281751298043182
0.024999999999999953 -4.85722573273506e-17 -4.85722573273506e-17 -1.0206403426974895
0.024999999999999953 -4.85722573273506e-17 -4.85722573273506e-17 -0.8478636195182488
0.024999999999999953 -4.85722573273506e-17 -4.85722573273506e-17 -0.8403005180864167
0.024999999999999953 -4.85722573273506e-17 -4.85722573273506e-17 -0.7850707249869942
0.024999999999999953 -4.85722573273506e-17 -4.85722573273506e-17 -0.7815815850978294
0.024999999999999953 -4.85722573273506e-17 -4.85722573273506e-17 -0.7460962560054184
0.024999999999999953 -4.85722573273506e-17 -4.85722573273506e-17 -0.7421290447851451
0.024999999999999953 -4.85722573273506e-17 -4.85722573273506e-17 -0.7054704149550602
0.024999999999999953 -4.85722573273506e-17 -4.85722573273506e-17 -0.7035166102301804
0.024999999999999953 -4.85722573273506e-17 -4.85722573273506e-17 -0.6521785418943745
0.024999999999999953 -4.85722573273506e-17 -4.85722573273506e-17 -0.6504716852489174
0.024999999999999953 -4.85722573273506e-17 -4.85722573273506e-17 -0.6073247269932954
0.024999999999999953 -4.85722573273506e-17 -4.85722573273506e-17 -0.6055340849611349
0.024999999999999953 -4.85722573273506e-17 -4.85722573273506e-17 -0.5475350122129368
0.024999999999999953 -4.85722573273506e-17 -4.85722573273506e-17 -0.5459116262521435
0.024999999999999953 -4.85722573273506e-17 -4.85722573273506e-17 -0.5089377278726975
0.024999999999999953 -4.85722573273506e-17 -4.85722573273506e-17 -0.5023298449824646
0.024999999999999953 -4.85722573273506e-17 -4.85722573273506e-17 -0.48944854860407827
0.024999999999999953 -4.85722573273506e-17 -4.85722573273506e-17 -0.4856648009454949
0.024999999999999953 -4.85722573273506e-17 -4.85722573273506e-17 -0.3803869011807527
0.024999999999999953 -4.85722573273506e-17 -4.85722573273506e-17 -0.37401444029641595
0.024999999999999953 -4.85722573273506e-17 -4.85722573273506e-17 -0.33091180586721336
0.024999999999999953 -4.85722573273506e-17 -4.85722573273506e-17 -0.32969844265361453
0.024999999999999953 -4.85722573273506e-17 -4.85722573273506e-17 0.22130012979510874
0.024999999999999953 -4.85722573273506e-17 -4.85722573273506e-17 0.22357120160514554
0.024999999999999953 -4.85722573273506e-17 -4.85722573273506e-17 0.2743743931462351
0.024999999999999953 -4.85722573273506e-17 -4.85722573273506e-17 0.2775032174625267
0.024999999999999953 -4.85722573273506e-17 -4.85722573273506e-17 0.2955850265872681
0.024999999999999953 -4.85722573273506e-17 -4.85722573273506e-17 0.29674665461611804
0.024999999999999953 -4.85722573273506e-17 -4.85722573273506e-17 0.41779910294108263
0.024999999999999953 -4.85722573273506e-17 -4.85722573273506e-17 0.41947842377497496
0.024999999999999953 -4.85722573273506e-17 -4.85722573273506e-17 0.4493954120888999
0.024999999999999953 -4.85722573273506e-17 -4.85722573273506e-17 0.45100048850196567
0.024999999999999953 -4.85722573273506e-17 -4.85722573273506e-17 0.4906996534879397
0.024999999999999953 -4.85722573273506e-17 -4.85722573273506e-17 0.49366503984178256
0.024999999999999953 -4.85722573273506e-17 -4.85722573273506e-17 0.5036061204849503
0.024999999999999953 -4.85722573273506e-17 -4.85722573273506e-17 0.5077952774791016
0.024999999999999953 -4.85722573273506e-17 -4.85722573273506e-17 0.520448780667103
0.024999999999999953 -4.85722573273506e-17 -4.85722573273506e-17 0.5219219334802216
0.024999999999999953 -4.85722573273506e-17 -4.85722573273506e-17 0.5926736478050718
0.024999999999999953 -4.85722573273506e-17 -4.85722573273506e-17 0.597235147943008
0.024999999999999953 -4.85722573273506e-17 -4.85722573273506e-17 0.638045600241115
0.024999999999999953 -4.85722573273506e-17 -4.85722573273506e-17 0.6394805628204838
0.024999999999999953 -4.85722573273506e-17 -4.85722573273506e-17 0.6711838711840945
0.024999999999999953 -4.85722573273506e-17 -4.85722573273506e-17 0.6753896607640977
0.024999999999999953 -4.85722573273506e-17 -4.85722573273506e-17 0.7120199090891273
0.024999999999999953 -4.85722573273506e-17 -4.85722573273506e-17 0.7163893213269298
0.024999999999999953 -4.85722573273506e-17 -4.85722573273506e-17 0.7632666069193028
0.024999999999999953 -4.85722573273506e-17 -4.85722573273506e-17 0.7705089106693739
0.024999999999999953 -4.85722573273506e-17 -4.85722573273506e-17 0.7838026548963961
0.024999999999999953 -4.85722573273506e-17 -4.85722573273506e-17 0.7890871983401782
0.024999999999999953 -4.85722573273506e-17 -4.85722573273506e-17 0.8064821201169566
0.024999999999999953 -4.85722573273506e-17 -4.85722573273506e-17 0.8105787088078796
0.024999999999999953 -4.85722573273506e-17 -4.85722573273506e-17 0.8194832189350016
0.024999999999999953 -4.85722573273506e-17 -4.85722573273506e-17 0.8256391300506138
0.024999999999999953 -4.85722573273506e-17 -4.85722573273506e-17 0.8491892273376769
0.024999999999999953 -4.85722573273506e-17 -4.85722573273506e-17 0.8540808213041468
0.024999999999999953 -4.85722573273506e-17 -4.85722573273506e-17 0.8718509107106851
0.024999999999999953 -4.85722573273506e-17 -4.85722573273506e-17 0.8727150663382464
0.024999999999999953 -4.85722573273506e-17 -4.85722573273506e-17 0.8869837546481447
0.024999999999999953 -4.85722573273506e-17 -4.85722573273506e-17 0.8952988981711032
0.024999999999999953 -4.85722573273506e-17 -4.85722573273506e-17 0.9131792158298971
0.024999999999999953 -4.85722573273506e-17 -4.85722573273506e-17 0.9173011108579445
0.024999999999999953 -4.85722573273506e-17 -4.85722573273506e-17 0.9380506373742495
0.024999999999999953 -4.85722573273506e-17 -4.85722573273506e-17 0.942278012350322
0.024999999999999953 -4.85722573273506e-17 -4.85722573273506e-17 0.9523408222354305
0.024999999999999953 -4.85722573273506e-17 -4.85722573273506e-17 0.9543567825560519
0.024999999999999953 -4.85722573273506e-17 -4.85722573273506e-17 0.9742016097022208
0.024999999999999953 -4.85722573273506e-17 -4.85722573273506e-17 0.9770466266847195
0.024999999999999953 -4.85722573273506e-17 -4.85722573273506e-17 0.9927667228289604
0.024999999999999953 -4.85722573273506e-17 -4.85722573273506e-17 0.995908586948543
0.024999999999999953 -4.85722573273506e-17 -4.85722573273506e-17 1.0223452823194374
0.024999999999999953 -4.85722573273506e-17 -4.85722573273506e-17 1.0289286784155298
0.024999999999999953 -4.85722573273506e-17 -4.85722573273506e-17 1.0440899893174023
0.024999999999999953 -4.85722573273506e-17 -4.85722573273506e-17 1.0486515875514602
0.024999999999999953 -4.85722573273506e-17 -4.85722573273506e-17 1.0568201904578869
0.024999999999999953 -4.85722573273506e-17 -4.85722573273506e-17 1.0583488750546084
0.024999999999999953 -4.85722573273506e-17 -4.85722573273506e-17 1.0744213733874735
0.024999999999999953 -4.85722573273506e-17 -4.85722573273506e-17 1.08057727634801
0.024999999999999953 -4.85722573273506e-17 -4.85722573273506e-17 1.095796511879198
0.024999999999999953 -4.85722573273506e-17 -4.85722573273506e-17 1.0989051352062136
0.024999999999999953 -4.85722573273506e-17 -4.85722573273506e-17 1.1102266195138568
0.024999999999999953 -4.85722573273506e-17 -4.85722573273506e-17 1.1152894180138313
0.024999999999999953 -4.85722573273506e-17 -4.85722573273506e-17 1.129843197682939
0.024999999999999953 -4.85722573273506e-17 -4.85722573273506e-17 1.131019878315074
0.024999999999999953 -4.85722573273506e-17 -4.85722573273506e-17 1.1461016656126108
0.024999999999999953 -4.85722573273506e-17 -4.85722573273506e-17 1.15311594463461
0.024999999999999953 -4.85722573273506e-17 -4.85722573273506e-17 1.1702577627386448
0.024999999999999953 -4.85722573273506e-17 -4.85722573273506e-17 1.1771032769137662
0.024999999999999953 -4.85722573273506e-17 -4.85722573273506e-17 1.1877818710049448
0.024999999999999953 -4.85722573273506e-17 -4.85722573273506e-17 1.1909994525979963
0.024999999999999953 -4.85722573273506e-17 -4.85722573273506e-17 1.2124792946606167
0.024999999999999953 -4.85722573273506e-17 -4.85722573273506e-17 1.2156749446562118
0.024999999999999953 -4.85722573273506e-17 -4.85722573273506e-17 1.2355085207200973
0.024999999999999953 -4.85722573273506e-17 -4.85722573273506e-17 1.2368855631492008
0.024999999999999953 -4.85722573273506e-17 -4.85722573273506e-17 1.2515275668574932
0.024999999999999953 -4.85722573273506e-17 -4.85722573273506e-17 1.2547445052678436
0.024999999999999953 -4.85722573273506e-17 -4.85722573273506e-17 1.2895888324668954
0.024999999999999953 -4.85722573273506e-17 -4.85722573273506e-17 1.2933993645055555
0.024999999999999953 -4.85722573273506e-17 -4.85722573273506e-17 1.3030262598965654
0.024999999999999953 -4.85722573273506e-17 -4.85722573273506e-17 1.304627659792521
0.024999999999999953 -4.85722573273506e-17 -4.85722573273506e-17 1.3309390012770643
0.024999999999999953 -4.85722573273506e-17 -4.85722573273506e-17 1.335314421944912
0.024999999999999953 -4.85722573273506e-17 -4.85722573273506e-17 1.3657341960232279
0.024999999999999953 -4.85722573273506e-17 -4.85722573273506e-17 1.368570102993298
0.024999999999999953 -4.85722573273506e-17 -4.85722573273506e-17 1.3923166500544353
0.024999999999999953 -4.85722573273506e-17 -4.85722573273506e-17 1.3954970341813904
0.024999999999999953 -4.85722573273506e-17 -4.85722573273506e-17 1.412976484238684
0.024999999999999953 -4.85722573273506e-17 -4.85722573273506e-17 1.4174090860278674
0.024999999999999953 -4.85722573273506e-17 -4.85722573273506e-17 1.4341565542135875
0.024999999999999953 -4.85722573273506e-17 -4.85722573273506e-17 1.43964897391409
0.024999999999999953 -4.85722573273506e-17 -4.85722573273506e-17 1.4668660740808235
0.024999999999999953 -4.85722573273506e-17 -4.85722573273506e-17 1.4699692951512993
0.024999999999999953 -4.85722573273506e-17 -4.85722573273506e-17 1.4914996232800528
0.024999999999999953 -4.85722573273506e-17 -4.85722573273506e-17 1.492985524985125
0.024999999999999953 -4.85722573273506e-17 -4.85722573273506e-17 1.5396949573932321
0.024999999999999953 -4.85722573273506e-17 -4.85722573273506e-17 1.542885932971751
0.024999999999999953 -4.85722573273506e-17 -4.85722573273506e-17 1.5561621519630748
0.024999999999999953 -4.85722573273506e-17 -4.85722573273506e-17 1.560045464673567
0.024999999999999953 -4.85722573273506e-17 -4.85722573273506e-17 1.6011882728342939
0.024999999999999953 -4.85722573273506e-17 -4.85722573273506e-17 1.6041949820247718
0.024999999999999953 -4.85722573273506e-17 -4.85722573273506e-17 1.6386191963202141
0.024999999999999953 -4.85722573273506e-17 -4.85722573273506e-17 1.6414689406058227
0.024999999999999953 -4.85722573273506e-17 -4.85722573273506e-17 1.6582987039127197
0.024999999999999953 -4.85722573273506e-17 -4.85722573273506e-17 1.6603693875577314
0.024999999999999953 -4.85722573273506e-17 -4.85722573273506e-17 1.6951015759889185
0.024999999999999953 -4.85722573273506e-17 -4.85722573273506e-17 1.7010728390666745
0.024999999999999953 -4.85722573273506e-17 -4.85722573273506e-17 1.7412270357095951
0.024999999999999953 -4.85722573273506e-17 -4.85722573273506e-17 1.7429063343681448
0.024999999999999953 -4.85722573273506e-17 -4.85722573273506e-17 1.8020042700961811
0.024999999999999953 -4.85722573273506e-17 -4.85722573273506e-17 1.804632762709445
0.024999999999999953 -4.85722573273506e-17 -4.85722573273506e-17 1.841965601883963
0.024999999999999953 -4.85722573273506e-17 -4.85722573273506e-17 1.8458030797094989
0.024999999999999953 -4.85722573273506e-17 -4.85722573273506e-17 1.9370195726799129
0.024999999999999953 -4.85722573273506e-17 -4.85722573273506e-17 1.9381384808441815
0.024999999999999953 -4.85722573273506e-17 -4.85722573273506e-17 2.187232278147426
0.024999999999999953 -4.85722573273506e-17 -4.85722573273506e-17 2.1946128485085135
0.024999999999999953 -4.85722573273506e-17 -4.85722573273506e-17 2.2476170965165703
0.024999999999999953 -4.85722573273506e-17 -4.85722573273506e-17 2.2508058827681836
0.024999999999999953 -4.85722573273506e-17 -4.85722573273506e-17 2.2694023835036505
0.024999999999999953 -4.85722573273506e-17 -4.85722573273506e-17 2.2789306770446993
0.024999999999999953 -4.85722573273506e-17 -4.85722573273506e-17 2.656284154394194
0.024999999999999953 -4.85722573273506e-17 -4.85722573273506e-17 2.658229664062198
0.024999999999999953 -4.85722573273506e-17 -4.85722573273506e-17 3.7786464554344104
0.024999999999999953 -4.85722573273506e-17 -4.85722573273506e-17 3.788498362523675
0.024999999999999953 -4.85722573273506e-17 -4.85722573273506e-17 4.349794430887323
0.024999999999999953 -4.85722573273506e-17 -4.85722573273506e-17 4.355445814178008
0.024999999999999953 -4.85722573273506e-17 -4.85722573273506e-17 4.467726162918775
0.024999999999999953 -4.85722573273506e-17 -4.85722573273506e-17 4.473508558259381
0.024999999999999953 -4.85722573273506e-17 -4.85722573273506e-17 4.570345799750527
0.024999999999999953 -4.85722573273506e-17 -4.85722573273506e-17 4.5784561034121065
0.024999999999999953 -4.85722573273506e-17 -4.85722573273506e-17 5.107924762802455
0.024999999999999953 -4.85722573273506e-17 -4.85722573273506e-17 5.114295024422356
0.024999999999999953 -4.85722573273506e-17 -4.85722573273506e-17 5.209498538044883
0.024999999999999953 -4.85722573273506e-17 -4.85722573273506e-17 5.215688050320713
0.024999999999999953 -4.85722573273506e-17 -4.85722573273506e-17 5.253418684876619
0.024999999999999953 -4.85722573273506e-17 -4.85722573273506e-17 5.2604004593698
0.024999999999999953 -4.85722573273506e-17 -4.85722573273506e-17 5.357531785903047
0.024999999999999953 -4.85722573273506e-17 -4.85722573273506e-17 5.358306908066499
0.024999999999999953 -4.85722573273506e-17 -4.85722573273506e-17 5.404201523023916
0.024999999999999953 -4.85722573273506e-17 -4.85722573273506e-17 5.412711494289286
0.024999999999999953 -4.85722573273506e-17 -4.85722573273506e-17 5.679542251715825
0.024999999999999953 -4.85722573273506e-17 -4.85722573273506e-17 5.682803425753361
0.024999999999999953 -4.85722573273506e-17 -4.85722573273506e-17 5.717664190366998
0.024999999999999953 -4.85722573273506e-17 -4.85722573273506e-17 5.723272973674005
0.024999999999999953 -4.85722573273506e-17 -4.85722573273506e-17 5.765201152895252
0.024999999999999953 -4.85722573273506e-17 -4.85722573273506e-17 5.769888233398137
0.024999999999999953 -4.85722573273506e-17 -4.85722573273506e-17 6.530191743315551
0.024999999999999953 -4.85722573273506e-17 -4.85722573273506e-17 6.531574060952703
0.024999999999999953 -4.85722573273506e-17 -4.85722573273506e-17 6.81023538681449
0.024999999999999953 -4.85722573273506e-17 -4.85722573273506e-17 6.813576169433743
0.024999999999999953 -4.85722573273506e-17 -4.85722573273506e-17 7.197427805874302
0.024999999999999953 -4.85722573273506e-17 -4.85722573273506e-17 7.208138651424238
0.024999999999999953 -4.85722573273506e-17 -4.85722573273506e-17 7.364381031767838
0.024999999999999953 -4.85722573273506e-17 -4.85722573273506e-17 7.371151139666751
0.024999999999999953 -4.85722573273506e-17 -4.85722573273506e-17 7.4528763354894245
0.024999999999999953 -4.85722573273506e-17 -4.85722573273506e-17 7.461173793722561
0.024999999999999953 -4.85722573273506e-17 -4.85722573273506e-17 7.558326658084839
0.024999999999999953 -4.85722573273506e-17 -4.85722573273506e-17 7.561756016962309
0.024999999999999953 -4.85722573273506e-17 -4.85722573273506e-17 7.668182992000863
0.024999999999999953 -4.85722573273506e-17 -4.85722573273506e-17 7.6745497431512035
0.024999999999999953 -4.85722573273506e-17 -4.85722573273506e-17 7.847760385945057
0.024999999999999953 -4.85722573273506e-17 -4.85722573273506e-17 7.849305076471025
0.024999999999999953 -4.85722573273506e-17 -4.85722573273506e-17 8.037186825664675
0.024999999999999953 -4.85722573273506e-17 -4.85722573273506e-17 8.042472857377952
0.024999999999999953 -4.85722573273506e-17 -4.85722573273506e-17 8.22721122738311
0.024999999999999953 -4.85722573273506e-17 -4.85722573273506e-17 8.231455728243706
0.024999999999999953 -4.85722573273506e-17 -4.85722573273506e-17 8.380887331695067
0.024999999999999953 -4.85722573273506e-17 -4.85722573273506e-17 8.392082569281033
0.024999999999999953 -4.85722573273506e-17 -4.85722573273506e-17 8.523336726597929
0.024999999999999953 -4.85722573273506e-17 -4.85722573273506e-17 8.526915856311987
