7.071067811865475727e-01
7.071067811865475727e-01
7.071067811865475727e-01
7.071067811865475727e-01
1.224744871391588941e+00
1.224744871391588941e+00
1.224744871391588941e+00
1.224744871391588941e+00
1.224744871391588941e+00
1.224744871391588941e+00
1.224744871391588941e+00
1.224744871391588941e+00
1.581138830084189761e+00
1.581138830084189761e+00
1.581138830084189761e+00
1.581138830084189761e+00
1.581138830084189761e+00
1.581138830084189761e+00
1.581138830084189761e+00
1.581138830084189761e+00
1.870828693386970665e+00
1.870828693386970665e+00
1.870828693386970665e+00
1.870828693386970665e+00
1.870828693386970665e+00
1.870828693386970665e+00
1.870828693386970665e+00
1.870828693386970665e+00
1.870828693386970665e+00
1.870828693386970665e+00
1.870828693386970665e+00
1.870828693386970665e+00
1.870828693386970665e+00
1.870828693386970665e+00
1.870828693386970665e+00
1.870828693386970665e+00
2.121320343559642385e+00
2.121320343559642385e+00
2.121320343559642385e+00
2.121320343559642385e+00
2.121320343559642385e+00
2.121320343559642385e+00
2.121320343559642385e+00
2.121320343559642385e+00
2.121320343559642385e+00
2.121320343559642385e+00
2.121320343559642385e+00
2.121320343559642385e+00
2.345207879911714866e+00
2.345207879911714866e+00
2.345207879911714866e+00
2.345207879911714866e+00
2.345207879911714866e+00
2.345207879911714866e+00
2.345207879911714866e+00
2.345207879911714866e+00
2.549509756796392246e+00
2.549509756796392246e+00
2.549509756796392246e+00
2.549509756796392246e+00
2.549509756796392246e+00
2.549509756796392246e+00
2.549509756796392246e+00
2.549509756796392246e+00
2.549509756796392246e+00
2.549509756796392246e+00
2.549509756796392246e+00
2.549509756796392246e+00
2.549509756796392246e+00
2.549509756796392246e+00
2.549509756796392246e+00
2.549509756796392246e+00
2.549509756796392246e+00
2.549509756796392246e+00
2.549509756796392246e+00
2.549509756796392246e+00
2.549509756796392246e+00
2.549509756796392246e+00
2.549509756796392246e+00
2.549509756796392246e+00
2.738612787525830594e+00
2.738612787525830594e+00
2.738612787525830594e+00
2.738612787525830594e+00
2.738612787525830594e+00
2.738612787525830594e+00
2.738612787525830594e+00
2.738612787525830594e+00
2.738612787525830594e+00
2.738612787525830594e+00
2.738612787525830594e+00
2.738612787525830594e+00
2.738612787525830594e+00
2.738612787525830594e+00
2.738612787525830594e+00
2.738612787525830594e+00
2.915475947422650371e+00
2.915475947422650371e+00
2.915475947422650371e+00
2.915475947422650371e+00
2.915475947422650371e+00
2.915475947422650371e+00
2.915475947422650371e+00
2.915475947422650371e+00
2.915475947422650371e+00
2.915475947422650371e+00
2.915475947422650371e+00
2.915475947422650371e+00
2.915475947422650371e+00
2.915475947422650371e+00
2.915475947422650371e+00
2.915475947422650371e+00
3.082207001484488007e+00
3.082207001484488007e+00
3.082207001484488007e+00
3.082207001484488007e+00
3.082207001484488007e+00
3.082207001484488007e+00
3.082207001484488007e+00
3.082207001484488007e+00
3.082207001484488007e+00
3.082207001484488007e+00
3.082207001484488007e+00
3.082207001484488007e+00
3.082207001484488007e+00
3.082207001484488007e+00
3.082207001484488007e+00
3.082207001484488007e+00
3.082207001484488007e+00
3.082207001484488007e+00
3.082207001484488007e+00
3.082207001484488007e+00
3.082207001484488007e+00
3.082207001484488007e+00
3.082207001484488007e+00
3.082207001484488007e+00
3.240370349203930189e+00
3.240370349203930189e+00
3.240370349203930189e+00
3.240370349203930189e+00
3.240370349203930189e+00
3.240370349203930189e+00
3.240370349203930189e+00
3.240370349203930189e+00
3.240370349203930189e+00
3.240370349203930189e+00
3.240370349203930189e+00
3.240370349203930189e+00
3.240370349203930189e+00
3.240370349203930189e+00
3.240370349203930189e+00
3.240370349203930189e+00
3.391164991562634068e+00
3.391164991562634068e+00
3.391164991562634068e+00
3.391164991562634068e+00
3.391164991562634068e+00
3.391164991562634068e+00
3.391164991562634068e+00
3.391164991562634068e+00
3.391164991562634068e+00
3.391164991562634068e+00
3.391164991562634068e+00
3.391164991562634068e+00
3.391164991562634068e+00
3.391164991562634068e+00
3.391164991562634068e+00
3.391164991562634068e+00
3.535533905932737753e+00
3.535533905932737753e+00
3.535533905932737753e+00
3.535533905932737753e+00
3.535533905932737753e+00
3.535533905932737753e+00
3.535533905932737753e+00
3.535533905932737753e+00
3.535533905932737753e+00
3.535533905932737753e+00
3.535533905932737753e+00
3.535533905932737753e+00
3.535533905932737753e+00
3.535533905932737753e+00
3.535533905932737753e+00
3.535533905932737753e+00
3.535533905932737753e+00
3.535533905932737753e+00
3.535533905932737753e+00
3.535533905932737753e+00
3.535533905932737753e+00
3.535533905932737753e+00
3.535533905932737753e+00
3.535533905932737753e+00
3.535533905932737753e+00
3.535533905932737753e+00
3.535533905932737753e+00
3.535533905932737753e+00
3.674234614174767266e+00
3.674234614174767266e+00
3.674234614174767266e+00
3.674234614174767266e+00
3.674234614174767266e+00
3.674234614174767266e+00
3.674234614174767266e+00
3.674234614174767266e+00
3.674234614174767266e+00
3.674234614174767266e+00
3.674234614174767266e+00
3.674234614174767266e+00
3.674234614174767266e+00
3.674234614174767266e+00
3.674234614174767266e+00
3.674234614174767266e+00
3.674234614174767266e+00
3.674234614174767266e+00
3.674234614174767266e+00
3.674234614174767266e+00
3.674234614174767266e+00
3.674234614174767266e+00
3.674234614174767266e+00
3.674234614174767266e+00
3.674234614174767266e+00
3.674234614174767266e+00
3.674234614174767266e+00
3.674234614174767266e+00
3.674234614174767266e+00
3.674234614174767266e+00
3.674234614174767266e+00
3.674234614174767266e+00
3.807886552931954327e+00
3.807886552931954327e+00
3.807886552931954327e+00
3.807886552931954327e+00
3.807886552931954327e+00
3.807886552931954327e+00
3.807886552931954327e+00
3.807886552931954327e+00
3.937003937005905563e+00
3.937003937005905563e+00
3.937003937005905563e+00
3.937003937005905563e+00
3.937003937005905563e+00
3.937003937005905563e+00
3.937003937005905563e+00
3.937003937005905563e+00
3.937003937005905563e+00
3.937003937005905563e+00
3.937003937005905563e+00
3.937003937005905563e+00
3.937003937005905563e+00
3.937003937005905563e+00
3.937003937005905563e+00
3.937003937005905563e+00
3.937003937005905563e+00
3.937003937005905563e+00
3.937003937005905563e+00
3.937003937005905563e+00
3.937003937005905563e+00
3.937003937005905563e+00
3.937003937005905563e+00
3.937003937005905563e+00
3.937003937005905563e+00
3.937003937005905563e+00
3.937003937005905563e+00
3.937003937005905563e+00
3.937003937005905563e+00
3.937003937005905563e+00
3.937003937005905563e+00
3.937003937005905563e+00
4.062019202317980415e+00
4.062019202317980415e+00
4.062019202317980415e+00
4.062019202317980415e+00
4.062019202317980415e+00
4.062019202317980415e+00
4.062019202317980415e+00
4.062019202317980415e+00
4.062019202317980415e+00
4.062019202317980415e+00
4.062019202317980415e+00
4.062019202317980415e+00
4.062019202317980415e+00
4.062019202317980415e+00
4.062019202317980415e+00
4.062019202317980415e+00
4.062019202317980415e+00
4.062019202317980415e+00
4.062019202317980415e+00
4.062019202317980415e+00
4.062019202317980415e+00
4.062019202317980415e+00
4.062019202317980415e+00
4.062019202317980415e+00
4.062019202317980415e+00
4.062019202317980415e+00
4.062019202317980415e+00
4.062019202317980415e+00
4.062019202317980415e+00
4.062019202317980415e+00
4.062019202317980415e+00
4.062019202317980415e+00
4.183300132670377813e+00
4.183300132670377813e+00
4.183300132670377813e+00
4.183300132670377813e+00
4.183300132670377813e+00
4.183300132670377813e+00
4.183300132670377813e+00
4.183300132670377813e+00
4.183300132670377813e+00
4.183300132670377813e+00
4.183300132670377813e+00
4.183300132670377813e+00
4.183300132670377813e+00
4.183300132670377813e+00
4.183300132670377813e+00
4.183300132670377813e+00
4.301162633521313339e+00
4.301162633521313339e+00
4.301162633521313339e+00
4.301162633521313339e+00
4.301162633521313339e+00
4.301162633521313339e+00
4.301162633521313339e+00
4.301162633521313339e+00
4.301162633521313339e+00
4.301162633521313339e+00
4.301162633521313339e+00
4.301162633521313339e+00
4.301162633521313339e+00
4.301162633521313339e+00
4.301162633521313339e+00
4.301162633521313339e+00
4.301162633521313339e+00
4.301162633521313339e+00
4.301162633521313339e+00
4.301162633521313339e+00
4.301162633521313339e+00
4.301162633521313339e+00
4.301162633521313339e+00
4.301162633521313339e+00
4.301162633521313339e+00
4.301162633521313339e+00
4.301162633521313339e+00
4.301162633521313339e+00
4.301162633521313339e+00
4.301162633521313339e+00
4.301162633521313339e+00
4.301162633521313339e+00
4.301162633521313339e+00
4.301162633521313339e+00
4.301162633521313339e+00
4.301162633521313339e+00
4.301162633521313339e+00
4.301162633521313339e+00
4.301162633521313339e+00
4.301162633521313339e+00
4.415880433163923868e+00
4.415880433163923868e+00
4.415880433163923868e+00
4.415880433163923868e+00
4.415880433163923868e+00
4.415880433163923868e+00
4.415880433163923868e+00
4.415880433163923868e+00
4.415880433163923868e+00
4.415880433163923868e+00
4.415880433163923868e+00
4.415880433163923868e+00
4.415880433163923868e+00
4.415880433163923868e+00
4.415880433163923868e+00
4.415880433163923868e+00
4.527692569068708650e+00
4.527692569068708650e+00
4.527692569068708650e+00
4.527692569068708650e+00
4.527692569068708650e+00
4.527692569068708650e+00
4.527692569068708650e+00
4.527692569068708650e+00
4.527692569068708650e+00
4.527692569068708650e+00
4.527692569068708650e+00
4.527692569068708650e+00
4.527692569068708650e+00
4.527692569068708650e+00
4.527692569068708650e+00
4.527692569068708650e+00
4.636809247747851970e+00
4.636809247747851970e+00
4.636809247747851970e+00
4.636809247747851970e+00
4.636809247747851970e+00
4.636809247747851970e+00
4.636809247747851970e+00
4.636809247747851970e+00
4.636809247747851970e+00
4.636809247747851970e+00
4.636809247747851970e+00
4.636809247747851970e+00
4.636809247747851970e+00
4.636809247747851970e+00
4.636809247747851970e+00
4.636809247747851970e+00
4.636809247747851970e+00
4.636809247747851970e+00
4.636809247747851970e+00
4.636809247747851970e+00
4.636809247747851970e+00
4.636809247747851970e+00
4.636809247747851970e+00
4.636809247747851970e+00
4.636809247747851970e+00
4.636809247747851970e+00
4.636809247747851970e+00
4.636809247747851970e+00
4.636809247747851970e+00
4.636809247747851970e+00
4.636809247747851970e+00
4.636809247747851970e+00
4.636809247747851970e+00
4.636809247747851970e+00
4.636809247747851970e+00
4.636809247747851970e+00
4.636809247747851970e+00
4.636809247747851970e+00
4.636809247747851970e+00
4.636809247747851970e+00
4.743416490252569062e+00
4.743416490252569062e+00
4.743416490252569062e+00
4.743416490252569062e+00
4.743416490252569062e+00
4.743416490252569062e+00
4.743416490252569062e+00
4.743416490252569062e+00
4.743416490252569062e+00
4.743416490252569062e+00
4.743416490252569062e+00
4.743416490252569062e+00
4.743416490252569062e+00
4.743416490252569062e+00
4.743416490252569062e+00
4.743416490252569062e+00
4.743416490252569062e+00
4.743416490252569062e+00
4.743416490252569062e+00
4.743416490252569062e+00
4.743416490252569062e+00
4.743416490252569062e+00
4.743416490252569062e+00
4.743416490252569062e+00
4.743416490252569062e+00
4.743416490252569062e+00
4.743416490252569062e+00
4.743416490252569062e+00
4.743416490252569062e+00
4.743416490252569062e+00
4.743416490252569062e+00
4.743416490252569062e+00
4.743416490252569062e+00
4.743416490252569062e+00
4.743416490252569062e+00
4.743416490252569062e+00
4.743416490252569062e+00
4.743416490252569062e+00
4.743416490252569062e+00
4.743416490252569062e+00
4.847679857416329341e+00
4.847679857416329341e+00
4.847679857416329341e+00
4.847679857416329341e+00
4.847679857416329341e+00
4.847679857416329341e+00
4.847679857416329341e+00
4.847679857416329341e+00
4.847679857416329341e+00
4.847679857416329341e+00
4.847679857416329341e+00
4.847679857416329341e+00
4.847679857416329341e+00
4.847679857416329341e+00
4.847679857416329341e+00
4.847679857416329341e+00
4.847679857416329341e+00
4.847679857416329341e+00
4.847679857416329341e+00
4.847679857416329341e+00
4.847679857416329341e+00
4.847679857416329341e+00
4.847679857416329341e+00
4.847679857416329341e+00
4.847679857416329341e+00
4.847679857416329341e+00
4.847679857416329341e+00
4.847679857416329341e+00
4.847679857416329341e+00
4.847679857416329341e+00
4.847679857416329341e+00
4.847679857416329341e+00
4.949747468305832676e+00
4.949747468305832676e+00
4.949747468305832676e+00
4.949747468305832676e+00
4.949747468305832676e+00
4.949747468305832676e+00
4.949747468305832676e+00
4.949747468305832676e+00
4.949747468305832676e+00
4.949747468305832676e+00
4.949747468305832676e+00
4.949747468305832676e+00
4.949747468305832676e+00
4.949747468305832676e+00
4.949747468305832676e+00
4.949747468305832676e+00
4.949747468305832676e+00
4.949747468305832676e+00
4.949747468305832676e+00
4.949747468305832676e+00
4.949747468305832676e+00
4.949747468305832676e+00
4.949747468305832676e+00
4.949747468305832676e+00
4.949747468305832676e+00
4.949747468305832676e+00
4.949747468305832676e+00
4.949747468305832676e+00
4.949747468305832676e+00
4.949747468305832676e+00
4.949747468305832676e+00
4.949747468305832676e+00
4.949747468305832676e+00
4.949747468305832676e+00
4.949747468305832676e+00
4.949747468305832676e+00
5.049752469181038705e+00
5.049752469181038705e+00
5.049752469181038705e+00
5.049752469181038705e+00
5.049752469181038705e+00
5.049752469181038705e+00
5.049752469181038705e+00
5.049752469181038705e+00
5.049752469181038705e+00
5.049752469181038705e+00
5.049752469181038705e+00
5.049752469181038705e+00
5.049752469181038705e+00
5.049752469181038705e+00
5.049752469181038705e+00
5.049752469181038705e+00
5.147815070493500400e+00
5.147815070493500400e+00
5.147815070493500400e+00
5.147815070493500400e+00
5.147815070493500400e+00
5.147815070493500400e+00
5.147815070493500400e+00
5.147815070493500400e+00
5.147815070493500400e+00
5.147815070493500400e+00
5.147815070493500400e+00
5.147815070493500400e+00
5.147815070493500400e+00
5.147815070493500400e+00
5.147815070493500400e+00
5.147815070493500400e+00
5.147815070493500400e+00
5.147815070493500400e+00
5.147815070493500400e+00
5.147815070493500400e+00
5.147815070493500400e+00
5.147815070493500400e+00
5.147815070493500400e+00
5.147815070493500400e+00
5.244044240850757710e+00
5.244044240850757710e+00
5.244044240850757710e+00
5.244044240850757710e+00
5.244044240850757710e+00
5.244044240850757710e+00
5.244044240850757710e+00
5.244044240850757710e+00
5.244044240850757710e+00
5.244044240850757710e+00
5.244044240850757710e+00
5.244044240850757710e+00
5.244044240850757710e+00
5.244044240850757710e+00
5.244044240850757710e+00
5.244044240850757710e+00
5.244044240850757710e+00
5.244044240850757710e+00
5.244044240850757710e+00
5.244044240850757710e+00
5.244044240850757710e+00
5.244044240850757710e+00
5.244044240850757710e+00
5.244044240850757710e+00
5.244044240850757710e+00
5.244044240850757710e+00
5.244044240850757710e+00
5.244044240850757710e+00
5.244044240850757710e+00
5.244044240850757710e+00
5.244044240850757710e+00
5.244044240850757710e+00
5.244044240850757710e+00
5.244044240850757710e+00
5.244044240850757710e+00
5.244044240850757710e+00
5.244044240850757710e+00
5.244044240850757710e+00
5.244044240850757710e+00
5.244044240850757710e+00
5.244044240850757710e+00
5.244044240850757710e+00
5.244044240850757710e+00
5.244044240850757710e+00
5.244044240850757710e+00
5.244044240850757710e+00
5.244044240850757710e+00
5.244044240850757710e+00
5.338539126015655611e+00
5.338539126015655611e+00
5.338539126015655611e+00
5.338539126015655611e+00
5.338539126015655611e+00
5.338539126015655611e+00
5.338539126015655611e+00
5.338539126015655611e+00
5.338539126015655611e+00
5.338539126015655611e+00
5.338539126015655611e+00
5.338539126015655611e+00
5.338539126015655611e+00
5.338539126015655611e+00
5.338539126015655611e+00
5.338539126015655611e+00
5.338539126015655611e+00
5.338539126015655611e+00
5.338539126015655611e+00
5.338539126015655611e+00
5.338539126015655611e+00
5.338539126015655611e+00
5.338539126015655611e+00
5.338539126015655611e+00
5.338539126015655611e+00
5.338539126015655611e+00
5.338539126015655611e+00
5.338539126015655611e+00
5.338539126015655611e+00
5.338539126015655611e+00
5.338539126015655611e+00
5.338539126015655611e+00
5.431390245600107747e+00
5.431390245600107747e+00
5.431390245600107747e+00
5.431390245600107747e+00
5.431390245600107747e+00
5.431390245600107747e+00
5.431390245600107747e+00
5.431390245600107747e+00
5.431390245600107747e+00
5.431390245600107747e+00
5.431390245600107747e+00
5.431390245600107747e+00
5.431390245600107747e+00
5.431390245600107747e+00
5.431390245600107747e+00
5.431390245600107747e+00
5.431390245600107747e+00
5.431390245600107747e+00
5.431390245600107747e+00
5.431390245600107747e+00
5.431390245600107747e+00
5.431390245600107747e+00
5.431390245600107747e+00
5.431390245600107747e+00
5.522680508593630577e+00
5.522680508593630577e+00
5.522680508593630577e+00
5.522680508593630577e+00
5.522680508593630577e+00
5.522680508593630577e+00
5.522680508593630577e+00
5.522680508593630577e+00
5.522680508593630577e+00
5.522680508593630577e+00
5.522680508593630577e+00
5.522680508593630577e+00
5.522680508593630577e+00
5.522680508593630577e+00
5.522680508593630577e+00
5.522680508593630577e+00
5.522680508593630577e+00
5.522680508593630577e+00
5.522680508593630577e+00
5.522680508593630577e+00
5.522680508593630577e+00
5.522680508593630577e+00
5.522680508593630577e+00
5.522680508593630577e+00
5.522680508593630577e+00
5.522680508593630577e+00
5.522680508593630577e+00
5.522680508593630577e+00
5.522680508593630577e+00
5.522680508593630577e+00
5.522680508593630577e+00
5.522680508593630577e+00
5.522680508593630577e+00
5.522680508593630577e+00
5.522680508593630577e+00
5.522680508593630577e+00
5.522680508593630577e+00
5.522680508593630577e+00
5.522680508593630577e+00
5.522680508593630577e+00
5.612486080160912216e+00
5.612486080160912216e+00
5.612486080160912216e+00
5.612486080160912216e+00
5.612486080160912216e+00
5.612486080160912216e+00
5.612486080160912216e+00
5.612486080160912216e+00
5.612486080160912216e+00
5.612486080160912216e+00
5.612486080160912216e+00
5.612486080160912216e+00
5.612486080160912216e+00
5.612486080160912216e+00
5.612486080160912216e+00
5.612486080160912216e+00
5.612486080160912216e+00
5.612486080160912216e+00
5.612486080160912216e+00
5.612486080160912216e+00
5.612486080160912216e+00
5.612486080160912216e+00
5.612486080160912216e+00
5.612486080160912216e+00
5.612486080160912216e+00
5.612486080160912216e+00
5.612486080160912216e+00
5.612486080160912216e+00
5.612486080160912216e+00
5.612486080160912216e+00
5.612486080160912216e+00
5.612486080160912216e+00
5.612486080160912216e+00
5.612486080160912216e+00
5.612486080160912216e+00
5.612486080160912216e+00
5.612486080160912216e+00
5.612486080160912216e+00
5.612486080160912216e+00
5.612486080160912216e+00
5.612486080160912216e+00
5.612486080160912216e+00
5.612486080160912216e+00
5.612486080160912216e+00
5.612486080160912216e+00
5.612486080160912216e+00
5.612486080160912216e+00
5.612486080160912216e+00
5.700877125495689590e+00
5.700877125495689590e+00
5.700877125495689590e+00
5.700877125495689590e+00
5.700877125495689590e+00
5.700877125495689590e+00
5.700877125495689590e+00
5.700877125495689590e+00
5.700877125495689590e+00
5.700877125495689590e+00
5.700877125495689590e+00
5.700877125495689590e+00
5.700877125495689590e+00
5.700877125495689590e+00
5.700877125495689590e+00
5.700877125495689590e+00
5.787918451395112740e+00
5.787918451395112740e+00
5.787918451395112740e+00
5.787918451395112740e+00
5.787918451395112740e+00
5.787918451395112740e+00
5.787918451395112740e+00
5.787918451395112740e+00
5.787918451395112740e+00
5.787918451395112740e+00
5.787918451395112740e+00
5.787918451395112740e+00
5.787918451395112740e+00
5.787918451395112740e+00
5.787918451395112740e+00
5.787918451395112740e+00
5.787918451395112740e+00
5.787918451395112740e+00
5.787918451395112740e+00
5.787918451395112740e+00
5.787918451395112740e+00
5.787918451395112740e+00
5.787918451395112740e+00
5.787918451395112740e+00
5.787918451395112740e+00
5.787918451395112740e+00
5.787918451395112740e+00
5.787918451395112740e+00
5.787918451395112740e+00
5.787918451395112740e+00
5.787918451395112740e+00
5.787918451395112740e+00
5.787918451395112740e+00
5.787918451395112740e+00
5.787918451395112740e+00
5.787918451395112740e+00
5.787918451395112740e+00
5.787918451395112740e+00
5.787918451395112740e+00
5.787918451395112740e+00
5.787918451395112740e+00
5.787918451395112740e+00
5.787918451395112740e+00
5.787918451395112740e+00
5.787918451395112740e+00
5.787918451395112740e+00
5.787918451395112740e+00
5.787918451395112740e+00
5.787918451395112740e+00
5.787918451395112740e+00
5.787918451395112740e+00
5.787918451395112740e+00
5.787918451395112740e+00
5.787918451395112740e+00
5.787918451395112740e+00
5.787918451395112740e+00
5.873670062235365030e+00
5.873670062235365030e+00
5.873670062235365030e+00
5.873670062235365030e+00
5.873670062235365030e+00
5.873670062235365030e+00
5.873670062235365030e+00
5.873670062235365030e+00
5.873670062235365030e+00
5.873670062235365030e+00
5.873670062235365030e+00
5.873670062235365030e+00
5.873670062235365030e+00
5.873670062235365030e+00
5.873670062235365030e+00
5.873670062235365030e+00
5.873670062235365030e+00
5.873670062235365030e+00
5.873670062235365030e+00
5.873670062235365030e+00
5.873670062235365030e+00
5.873670062235365030e+00
5.873670062235365030e+00
5.873670062235365030e+00
5.873670062235365030e+00
5.873670062235365030e+00
5.873670062235365030e+00
5.873670062235365030e+00
5.873670062235365030e+00
5.873670062235365030e+00
5.873670062235365030e+00
5.873670062235365030e+00
5.958187643906492248e+00
5.958187643906492248e+00
5.958187643906492248e+00
5.958187643906492248e+00
5.958187643906492248e+00
5.958187643906492248e+00
5.958187643906492248e+00
5.958187643906492248e+00
5.958187643906492248e+00
5.958187643906492248e+00
5.958187643906492248e+00
5.958187643906492248e+00
5.958187643906492248e+00
5.958187643906492248e+00
5.958187643906492248e+00
5.958187643906492248e+00
6.041522986797286165e+00
6.041522986797286165e+00
6.041522986797286165e+00
6.041522986797286165e+00
6.041522986797286165e+00
6.041522986797286165e+00
6.041522986797286165e+00
6.041522986797286165e+00
6.041522986797286165e+00
6.041522986797286165e+00
6.041522986797286165e+00
6.041522986797286165e+00
6.041522986797286165e+00
6.041522986797286165e+00
6.041522986797286165e+00
6.041522986797286165e+00
6.041522986797286165e+00
6.041522986797286165e+00
6.041522986797286165e+00
6.041522986797286165e+00
6.041522986797286165e+00
6.041522986797286165e+00
6.041522986797286165e+00
6.041522986797286165e+00
6.041522986797286165e+00
6.041522986797286165e+00
6.041522986797286165e+00
6.041522986797286165e+00
6.041522986797286165e+00
6.041522986797286165e+00
6.041522986797286165e+00
6.041522986797286165e+00
6.041522986797286165e+00
6.041522986797286165e+00
6.041522986797286165e+00
6.041522986797286165e+00
6.041522986797286165e+00
6.041522986797286165e+00
6.041522986797286165e+00
6.041522986797286165e+00
6.041522986797286165e+00
6.041522986797286165e+00
6.041522986797286165e+00
6.041522986797286165e+00
6.041522986797286165e+00
6.041522986797286165e+00
6.041522986797286165e+00
6.041522986797286165e+00
6.041522986797286165e+00
6.041522986797286165e+00
6.041522986797286165e+00
6.041522986797286165e+00
6.041522986797286165e+00
6.041522986797286165e+00
6.041522986797286165e+00
6.041522986797286165e+00
6.041522986797286165e+00
6.041522986797286165e+00
6.041522986797286165e+00
6.041522986797286165e+00
6.041522986797286165e+00
6.041522986797286165e+00
6.041522986797286165e+00
6.041522986797286165e+00
6.123724356957945147e+00
6.123724356957945147e+00
6.123724356957945147e+00
6.123724356957945147e+00
6.123724356957945147e+00
6.123724356957945147e+00
6.123724356957945147e+00
6.123724356957945147e+00
6.123724356957945147e+00
6.123724356957945147e+00
6.123724356957945147e+00
6.123724356957945147e+00
6.123724356957945147e+00
6.123724356957945147e+00
6.123724356957945147e+00
6.123724356957945147e+00
6.123724356957945147e+00
6.123724356957945147e+00
6.123724356957945147e+00
6.123724356957945147e+00
6.123724356957945147e+00
6.123724356957945147e+00
6.123724356957945147e+00
6.123724356957945147e+00
6.123724356957945147e+00
6.123724356957945147e+00
6.123724356957945147e+00
6.123724356957945147e+00
6.123724356957945147e+00
6.123724356957945147e+00
6.123724356957945147e+00
6.123724356957945147e+00
6.123724356957945147e+00
6.123724356957945147e+00
6.123724356957945147e+00
6.123724356957945147e+00
6.123724356957945147e+00
6.123724356957945147e+00
6.123724356957945147e+00
6.123724356957945147e+00
6.204836822995428491e+00
6.204836822995428491e+00
6.204836822995428491e+00
6.204836822995428491e+00
6.204836822995428491e+00
6.204836822995428491e+00
6.204836822995428491e+00
6.204836822995428491e+00
6.204836822995428491e+00
6.204836822995428491e+00
6.204836822995428491e+00
6.204836822995428491e+00
6.204836822995428491e+00
6.204836822995428491e+00
6.204836822995428491e+00
6.204836822995428491e+00
6.204836822995428491e+00
6.204836822995428491e+00
6.204836822995428491e+00
6.204836822995428491e+00
6.204836822995428491e+00
6.204836822995428491e+00
6.204836822995428491e+00
6.204836822995428491e+00
6.204836822995428491e+00
6.204836822995428491e+00
6.204836822995428491e+00
6.204836822995428491e+00
6.204836822995428491e+00
6.204836822995428491e+00
6.204836822995428491e+00
6.204836822995428491e+00
6.284902544988267614e+00
6.284902544988267614e+00
6.284902544988267614e+00
6.284902544988267614e+00
6.284902544988267614e+00
6.284902544988267614e+00
6.284902544988267614e+00
6.284902544988267614e+00
6.284902544988267614e+00
6.284902544988267614e+00
6.284902544988267614e+00
6.284902544988267614e+00
6.284902544988267614e+00
6.284902544988267614e+00
6.284902544988267614e+00
6.284902544988267614e+00
6.284902544988267614e+00
6.284902544988267614e+00
6.284902544988267614e+00
6.284902544988267614e+00
6.284902544988267614e+00
6.284902544988267614e+00
6.284902544988267614e+00
6.284902544988267614e+00
6.284902544988267614e+00
6.284902544988267614e+00
6.284902544988267614e+00
6.284902544988267614e+00
6.284902544988267614e+00
6.284902544988267614e+00
6.284902544988267614e+00
6.284902544988267614e+00
6.363961030678927600e+00
6.363961030678927600e+00
6.363961030678927600e+00
6.363961030678927600e+00
6.363961030678927600e+00
6.363961030678927600e+00
6.363961030678927600e+00
6.363961030678927600e+00
6.363961030678927600e+00
6.363961030678927600e+00
6.363961030678927600e+00
6.363961030678927600e+00
6.363961030678927600e+00
6.363961030678927600e+00
6.363961030678927600e+00
6.363961030678927600e+00
6.363961030678927600e+00
6.363961030678927600e+00
6.363961030678927600e+00
6.363961030678927600e+00
6.363961030678927600e+00
6.363961030678927600e+00
6.363961030678927600e+00
6.363961030678927600e+00
6.363961030678927600e+00
6.363961030678927600e+00
6.363961030678927600e+00
6.363961030678927600e+00
6.363961030678927600e+00
6.363961030678927600e+00
6.363961030678927600e+00
6.363961030678927600e+00
6.363961030678927600e+00
6.363961030678927600e+00
6.363961030678927600e+00
6.363961030678927600e+00
6.442049363362563064e+00
6.442049363362563064e+00
6.442049363362563064e+00
6.442049363362563064e+00
6.442049363362563064e+00
6.442049363362563064e+00
6.442049363362563064e+00
6.442049363362563064e+00
6.442049363362563064e+00
6.442049363362563064e+00
6.442049363362563064e+00
6.442049363362563064e+00
6.442049363362563064e+00
6.442049363362563064e+00
6.442049363362563064e+00
6.442049363362563064e+00
6.442049363362563064e+00
6.442049363362563064e+00
6.442049363362563064e+00
6.442049363362563064e+00
6.442049363362563064e+00
6.442049363362563064e+00
6.442049363362563064e+00
6.442049363362563064e+00
6.442049363362563064e+00
6.442049363362563064e+00
6.442049363362563064e+00
6.442049363362563064e+00
6.442049363362563064e+00
6.442049363362563064e+00
6.442049363362563064e+00
6.442049363362563064e+00
6.442049363362563064e+00
6.442049363362563064e+00
6.442049363362563064e+00
6.442049363362563064e+00
6.442049363362563064e+00
6.442049363362563064e+00
6.442049363362563064e+00
6.442049363362563064e+00
6.519202405202649153e+00
6.519202405202649153e+00
6.519202405202649153e+00
6.519202405202649153e+00
6.519202405202649153e+00
6.519202405202649153e+00
6.519202405202649153e+00
6.519202405202649153e+00
6.519202405202649153e+00
6.519202405202649153e+00
6.519202405202649153e+00
6.519202405202649153e+00
6.519202405202649153e+00
6.519202405202649153e+00
6.519202405202649153e+00
6.519202405202649153e+00
6.519202405202649153e+00
6.519202405202649153e+00
6.519202405202649153e+00
6.519202405202649153e+00
6.519202405202649153e+00
6.519202405202649153e+00
6.519202405202649153e+00
6.519202405202649153e+00
6.519202405202649153e+00
6.519202405202649153e+00
6.519202405202649153e+00
6.519202405202649153e+00
6.519202405202649153e+00
6.519202405202649153e+00
6.519202405202649153e+00
6.519202405202649153e+00
6.519202405202649153e+00
6.519202405202649153e+00
6.519202405202649153e+00
6.519202405202649153e+00
6.519202405202649153e+00
6.519202405202649153e+00
6.519202405202649153e+00
6.519202405202649153e+00
6.519202405202649153e+00
6.519202405202649153e+00
6.519202405202649153e+00
6.519202405202649153e+00
6.519202405202649153e+00
6.519202405202649153e+00
6.519202405202649153e+00
6.519202405202649153e+00
6.595452979136459781e+00
6.595452979136459781e+00
6.595452979136459781e+00
6.595452979136459781e+00
6.595452979136459781e+00
6.595452979136459781e+00
6.595452979136459781e+00
6.595452979136459781e+00
6.595452979136459781e+00
6.595452979136459781e+00
6.595452979136459781e+00
6.595452979136459781e+00
6.595452979136459781e+00
6.595452979136459781e+00
6.595452979136459781e+00
6.595452979136459781e+00
6.595452979136459781e+00
6.595452979136459781e+00
6.595452979136459781e+00
6.595452979136459781e+00
6.595452979136459781e+00
6.595452979136459781e+00
6.595452979136459781e+00
6.595452979136459781e+00
6.595452979136459781e+00
6.595452979136459781e+00
6.595452979136459781e+00
6.595452979136459781e+00
6.595452979136459781e+00
6.595452979136459781e+00
6.595452979136459781e+00
6.595452979136459781e+00
6.595452979136459781e+00
6.595452979136459781e+00
6.595452979136459781e+00
6.595452979136459781e+00
6.595452979136459781e+00
6.595452979136459781e+00
6.595452979136459781e+00
6.595452979136459781e+00
6.595452979136459781e+00
6.595452979136459781e+00
6.595452979136459781e+00
6.595452979136459781e+00
6.595452979136459781e+00
6.595452979136459781e+00
6.595452979136459781e+00
6.595452979136459781e+00
6.670832032063167105e+00
6.670832032063167105e+00
6.670832032063167105e+00
6.670832032063167105e+00
6.670832032063167105e+00
6.670832032063167105e+00
6.670832032063167105e+00
6.670832032063167105e+00
6.670832032063167105e+00
6.670832032063167105e+00
6.670832032063167105e+00
6.670832032063167105e+00
6.670832032063167105e+00
6.670832032063167105e+00
6.670832032063167105e+00
6.670832032063167105e+00
6.670832032063167105e+00
6.670832032063167105e+00
6.670832032063167105e+00
6.670832032063167105e+00
6.670832032063167105e+00
6.670832032063167105e+00
6.670832032063167105e+00
6.670832032063167105e+00
6.670832032063167105e+00
6.670832032063167105e+00
6.670832032063167105e+00
6.670832032063167105e+00
6.670832032063167105e+00
6.670832032063167105e+00
6.670832032063167105e+00
6.670832032063167105e+00
6.745368781616020826e+00
6.745368781616020826e+00
6.745368781616020826e+00
6.745368781616020826e+00
6.745368781616020826e+00
6.745368781616020826e+00
6.745368781616020826e+00
6.745368781616020826e+00
6.745368781616020826e+00
6.745368781616020826e+00
6.745368781616020826e+00
6.745368781616020826e+00
6.745368781616020826e+00
6.745368781616020826e+00
6.745368781616020826e+00
6.745368781616020826e+00
6.745368781616020826e+00
6.745368781616020826e+00
6.745368781616020826e+00
6.745368781616020826e+00
6.745368781616020826e+00
6.745368781616020826e+00
6.745368781616020826e+00
6.745368781616020826e+00
6.745368781616020826e+00
6.745368781616020826e+00
6.745368781616020826e+00
6.745368781616020826e+00
6.745368781616020826e+00
6.745368781616020826e+00
6.745368781616020826e+00
6.745368781616020826e+00
6.745368781616020826e+00
6.745368781616020826e+00
6.745368781616020826e+00
6.745368781616020826e+00
6.745368781616020826e+00
6.745368781616020826e+00
6.745368781616020826e+00
6.745368781616020826e+00
6.745368781616020826e+00
6.745368781616020826e+00
6.745368781616020826e+00
6.745368781616020826e+00
6.745368781616020826e+00
6.745368781616020826e+00
6.745368781616020826e+00
6.745368781616020826e+00
6.819090848492927570e+00
6.819090848492927570e+00
6.819090848492927570e+00
6.819090848492927570e+00
6.819090848492927570e+00
6.819090848492927570e+00
6.819090848492927570e+00
6.819090848492927570e+00
6.819090848492927570e+00
6.819090848492927570e+00
6.819090848492927570e+00
6.819090848492927570e+00
6.819090848492927570e+00
6.819090848492927570e+00
6.819090848492927570e+00
6.819090848492927570e+00
6.819090848492927570e+00
6.819090848492927570e+00
6.819090848492927570e+00
6.819090848492927570e+00
6.819090848492927570e+00
6.819090848492927570e+00
6.819090848492927570e+00
6.819090848492927570e+00
6.819090848492927570e+00
6.819090848492927570e+00
6.819090848492927570e+00
6.819090848492927570e+00
6.819090848492927570e+00
6.819090848492927570e+00
6.819090848492927570e+00
6.819090848492927570e+00
6.819090848492927570e+00
6.819090848492927570e+00
6.819090848492927570e+00
6.819090848492927570e+00
6.819090848492927570e+00
6.819090848492927570e+00
6.819090848492927570e+00
6.819090848492927570e+00
6.819090848492927570e+00
6.819090848492927570e+00
6.819090848492927570e+00
6.819090848492927570e+00
6.819090848492927570e+00
6.819090848492927570e+00
6.819090848492927570e+00
6.819090848492927570e+00
6.892024376045110756e+00
6.892024376045110756e+00
6.892024376045110756e+00
6.892024376045110756e+00
6.892024376045110756e+00
6.892024376045110756e+00
6.892024376045110756e+00
6.892024376045110756e+00
6.892024376045110756e+00
6.892024376045110756e+00
6.892024376045110756e+00
6.892024376045110756e+00
6.892024376045110756e+00
6.892024376045110756e+00
6.892024376045110756e+00
6.892024376045110756e+00
6.964194138592059602e+00
6.964194138592059602e+00
6.964194138592059602e+00
6.964194138592059602e+00
6.964194138592059602e+00
6.964194138592059602e+00
6.964194138592059602e+00
6.964194138592059602e+00
6.964194138592059602e+00
6.964194138592059602e+00
6.964194138592059602e+00
6.964194138592059602e+00
6.964194138592059602e+00
6.964194138592059602e+00
6.964194138592059602e+00
6.964194138592059602e+00
6.964194138592059602e+00
6.964194138592059602e+00
6.964194138592059602e+00
6.964194138592059602e+00
6.964194138592059602e+00
6.964194138592059602e+00
6.964194138592059602e+00
6.964194138592059602e+00
6.964194138592059602e+00
6.964194138592059602e+00
6.964194138592059602e+00
6.964194138592059602e+00
6.964194138592059602e+00
6.964194138592059602e+00
6.964194138592059602e+00
6.964194138592059602e+00
6.964194138592059602e+00
6.964194138592059602e+00
6.964194138592059602e+00
6.964194138592059602e+00
6.964194138592059602e+00
6.964194138592059602e+00
6.964194138592059602e+00
6.964194138592059602e+00
6.964194138592059602e+00
6.964194138592059602e+00
6.964194138592059602e+00
6.964194138592059602e+00
6.964194138592059602e+00
6.964194138592059602e+00
6.964194138592059602e+00
6.964194138592059602e+00
6.964194138592059602e+00
6.964194138592059602e+00
6.964194138592059602e+00
6.964194138592059602e+00
6.964194138592059602e+00
6.964194138592059602e+00
6.964194138592059602e+00
6.964194138592059602e+00
6.964194138592059602e+00
6.964194138592059602e+00
6.964194138592059602e+00
6.964194138592059602e+00
6.964194138592059602e+00
6.964194138592059602e+00
6.964194138592059602e+00
6.964194138592059602e+00
6.964194138592059602e+00
6.964194138592059602e+00
6.964194138592059602e+00
6.964194138592059602e+00
6.964194138592059602e+00
6.964194138592059602e+00
6.964194138592059602e+00
6.964194138592059602e+00
6.964194138592059602e+00
6.964194138592059602e+00
6.964194138592059602e+00
6.964194138592059602e+00
6.964194138592059602e+00
6.964194138592059602e+00
6.964194138592059602e+00
6.964194138592059602e+00
7.035623639735144152e+00
7.035623639735144152e+00
7.035623639735144152e+00
7.035623639735144152e+00
7.035623639735144152e+00
7.035623639735144152e+00
7.035623639735144152e+00
7.035623639735144152e+00
7.035623639735144152e+00
7.035623639735144152e+00
7.035623639735144152e+00
7.035623639735144152e+00
7.035623639735144152e+00
7.035623639735144152e+00
7.035623639735144152e+00
7.035623639735144152e+00
7.035623639735144152e+00
7.035623639735144152e+00
7.035623639735144152e+00
7.035623639735144152e+00
7.035623639735144152e+00
7.035623639735144152e+00
7.035623639735144152e+00
7.035623639735144152e+00
7.035623639735144152e+00
7.035623639735144152e+00
7.035623639735144152e+00
7.035623639735144152e+00
7.035623639735144152e+00
7.035623639735144152e+00
7.035623639735144152e+00
7.035623639735144152e+00
7.035623639735144152e+00
7.035623639735144152e+00
7.035623639735144152e+00
7.035623639735144152e+00
7.035623639735144152e+00
7.035623639735144152e+00
7.035623639735144152e+00
7.035623639735144152e+00
7.106335201775947574e+00
7.106335201775947574e+00
7.106335201775947574e+00
7.106335201775947574e+00
7.106335201775947574e+00
7.106335201775947574e+00
7.106335201775947574e+00
7.106335201775947574e+00
7.106335201775947574e+00
7.106335201775947574e+00
7.106335201775947574e+00
7.106335201775947574e+00
7.106335201775947574e+00
7.106335201775947574e+00
7.106335201775947574e+00
7.106335201775947574e+00
7.106335201775947574e+00
7.106335201775947574e+00
7.106335201775947574e+00
7.106335201775947574e+00
7.106335201775947574e+00
7.106335201775947574e+00
7.106335201775947574e+00
7.106335201775947574e+00
7.176350047203661653e+00
7.176350047203661653e+00
7.176350047203661653e+00
7.176350047203661653e+00
7.176350047203661653e+00
7.176350047203661653e+00
7.176350047203661653e+00
7.176350047203661653e+00
7.176350047203661653e+00
7.176350047203661653e+00
7.176350047203661653e+00
7.176350047203661653e+00
7.176350047203661653e+00
7.176350047203661653e+00
7.176350047203661653e+00
7.176350047203661653e+00
7.176350047203661653e+00
7.176350047203661653e+00
7.176350047203661653e+00
7.176350047203661653e+00
7.176350047203661653e+00
7.176350047203661653e+00
7.176350047203661653e+00
7.176350047203661653e+00
7.176350047203661653e+00
7.176350047203661653e+00
7.176350047203661653e+00
7.176350047203661653e+00
7.176350047203661653e+00
7.176350047203661653e+00
7.176350047203661653e+00
7.176350047203661653e+00
7.176350047203661653e+00
7.176350047203661653e+00
7.176350047203661653e+00
7.176350047203661653e+00
7.176350047203661653e+00
7.176350047203661653e+00
7.176350047203661653e+00
7.176350047203661653e+00
7.176350047203661653e+00
7.176350047203661653e+00
7.176350047203661653e+00
7.176350047203661653e+00
7.176350047203661653e+00
7.176350047203661653e+00
7.176350047203661653e+00
7.176350047203661653e+00
7.176350047203661653e+00
7.176350047203661653e+00
7.176350047203661653e+00
7.176350047203661653e+00
7.176350047203661653e+00
7.176350047203661653e+00
7.176350047203661653e+00
7.176350047203661653e+00
7.176350047203661653e+00
7.176350047203661653e+00
7.176350047203661653e+00
7.176350047203661653e+00
7.176350047203661653e+00
7.176350047203661653e+00
7.176350047203661653e+00
7.176350047203661653e+00
7.176350047203661653e+00
7.176350047203661653e+00
7.176350047203661653e+00
7.176350047203661653e+00
7.176350047203661653e+00
7.176350047203661653e+00
7.176350047203661653e+00
7.176350047203661653e+00
7.176350047203661653e+00
7.176350047203661653e+00
7.176350047203661653e+00
7.176350047203661653e+00
7.176350047203661653e+00
7.176350047203661653e+00
7.176350047203661653e+00
7.176350047203661653e+00
7.245688373094719026e+00
7.245688373094719026e+00
7.245688373094719026e+00
7.245688373094719026e+00
7.245688373094719026e+00
7.245688373094719026e+00
7.245688373094719026e+00
7.245688373094719026e+00
7.245688373094719026e+00
7.245688373094719026e+00
7.245688373094719026e+00
7.245688373094719026e+00
7.245688373094719026e+00
7.245688373094719026e+00
7.245688373094719026e+00
7.245688373094719026e+00
7.245688373094719026e+00
7.245688373094719026e+00
7.245688373094719026e+00
7.245688373094719026e+00
7.245688373094719026e+00
7.245688373094719026e+00
7.245688373094719026e+00
7.245688373094719026e+00
7.245688373094719026e+00
7.245688373094719026e+00
7.245688373094719026e+00
7.245688373094719026e+00
7.245688373094719026e+00
7.245688373094719026e+00
7.245688373094719026e+00
7.245688373094719026e+00
7.314369419163896602e+00
7.314369419163896602e+00
7.314369419163896602e+00
7.314369419163896602e+00
7.314369419163896602e+00
7.314369419163896602e+00
7.314369419163896602e+00
7.314369419163896602e+00
7.314369419163896602e+00
7.314369419163896602e+00
7.314369419163896602e+00
7.314369419163896602e+00
7.314369419163896602e+00
7.314369419163896602e+00
7.314369419163896602e+00
7.314369419163896602e+00
7.314369419163896602e+00
7.314369419163896602e+00
7.314369419163896602e+00
7.314369419163896602e+00
7.314369419163896602e+00
7.314369419163896602e+00
7.314369419163896602e+00
7.314369419163896602e+00
7.382411530116700149e+00
7.382411530116700149e+00
7.382411530116700149e+00
7.382411530116700149e+00
7.382411530116700149e+00
7.382411530116700149e+00
7.382411530116700149e+00
7.382411530116700149e+00
7.382411530116700149e+00
7.382411530116700149e+00
7.382411530116700149e+00
7.382411530116700149e+00
7.382411530116700149e+00
7.382411530116700149e+00
7.382411530116700149e+00
7.382411530116700149e+00
7.382411530116700149e+00
7.382411530116700149e+00
7.382411530116700149e+00
7.382411530116700149e+00
7.382411530116700149e+00
7.382411530116700149e+00
7.382411530116700149e+00
7.382411530116700149e+00
7.382411530116700149e+00
7.382411530116700149e+00
7.382411530116700149e+00
7.382411530116700149e+00
7.382411530116700149e+00
7.382411530116700149e+00
7.382411530116700149e+00
7.382411530116700149e+00
7.382411530116700149e+00
7.382411530116700149e+00
7.382411530116700149e+00
7.382411530116700149e+00
7.382411530116700149e+00
7.382411530116700149e+00
7.382411530116700149e+00
7.382411530116700149e+00
7.449832212875669768e+00
7.449832212875669768e+00
7.449832212875669768e+00
7.449832212875669768e+00
7.449832212875669768e+00
7.449832212875669768e+00
7.449832212875669768e+00
7.449832212875669768e+00
7.449832212875669768e+00
7.449832212875669768e+00
7.449832212875669768e+00
7.449832212875669768e+00
7.449832212875669768e+00
7.449832212875669768e+00
7.449832212875669768e+00
7.449832212875669768e+00
7.449832212875669768e+00
7.449832212875669768e+00
7.449832212875669768e+00
7.449832212875669768e+00
7.449832212875669768e+00
7.449832212875669768e+00
7.449832212875669768e+00
7.449832212875669768e+00
7.449832212875669768e+00
7.449832212875669768e+00
7.449832212875669768e+00
7.449832212875669768e+00
7.449832212875669768e+00
7.449832212875669768e+00
7.449832212875669768e+00
7.449832212875669768e+00
7.449832212875669768e+00
7.449832212875669768e+00
7.449832212875669768e+00
7.449832212875669768e+00
7.449832212875669768e+00
7.449832212875669768e+00
7.449832212875669768e+00
7.449832212875669768e+00
7.449832212875669768e+00
7.449832212875669768e+00
7.449832212875669768e+00
7.449832212875669768e+00
7.449832212875669768e+00
7.449832212875669768e+00
7.449832212875669768e+00
7.449832212875669768e+00
7.516648189186454054e+00
7.516648189186454054e+00
7.516648189186454054e+00
7.516648189186454054e+00
7.516648189186454054e+00
7.516648189186454054e+00
7.516648189186454054e+00
7.516648189186454054e+00
7.516648189186454054e+00
7.516648189186454054e+00
7.516648189186454054e+00
7.516648189186454054e+00
7.516648189186454054e+00
7.516648189186454054e+00
7.516648189186454054e+00
7.516648189186454054e+00
7.516648189186454054e+00
7.516648189186454054e+00
7.516648189186454054e+00
7.516648189186454054e+00
7.516648189186454054e+00
7.516648189186454054e+00
7.516648189186454054e+00
7.516648189186454054e+00
7.516648189186454054e+00
7.516648189186454054e+00
7.516648189186454054e+00
7.516648189186454054e+00
7.516648189186454054e+00
7.516648189186454054e+00
7.516648189186454054e+00
7.516648189186454054e+00
7.582875444051550673e+00
7.582875444051550673e+00
7.582875444051550673e+00
7.582875444051550673e+00
7.582875444051550673e+00
7.582875444051550673e+00
7.582875444051550673e+00
7.582875444051550673e+00
7.582875444051550673e+00
7.582875444051550673e+00
7.582875444051550673e+00
7.582875444051550673e+00
7.582875444051550673e+00
7.582875444051550673e+00
7.582875444051550673e+00
7.582875444051550673e+00
7.582875444051550673e+00
7.582875444051550673e+00
7.582875444051550673e+00
7.582875444051550673e+00
7.582875444051550673e+00
7.582875444051550673e+00
7.582875444051550673e+00
7.582875444051550673e+00
7.582875444051550673e+00
7.582875444051550673e+00
7.582875444051550673e+00
7.582875444051550673e+00
7.582875444051550673e+00
7.582875444051550673e+00
7.582875444051550673e+00
7.582875444051550673e+00
7.582875444051550673e+00
7.582875444051550673e+00
7.582875444051550673e+00
7.582875444051550673e+00
7.582875444051550673e+00
7.582875444051550673e+00
7.582875444051550673e+00
7.582875444051550673e+00
7.582875444051550673e+00
7.582875444051550673e+00
7.582875444051550673e+00
7.582875444051550673e+00
7.582875444051550673e+00
7.582875444051550673e+00
7.582875444051550673e+00
7.582875444051550673e+00
7.582875444051550673e+00
7.582875444051550673e+00
7.582875444051550673e+00
7.582875444051550673e+00
7.582875444051550673e+00
7.582875444051550673e+00
7.582875444051550673e+00
7.582875444051550673e+00
7.582875444051550673e+00
7.582875444051550673e+00
7.582875444051550673e+00
7.582875444051550673e+00
7.582875444051550673e+00
7.582875444051550673e+00
7.582875444051550673e+00
7.582875444051550673e+00
7.582875444051550673e+00
7.582875444051550673e+00
7.582875444051550673e+00
7.582875444051550673e+00
7.582875444051550673e+00
7.582875444051550673e+00
7.582875444051550673e+00
7.582875444051550673e+00
7.582875444051550673e+00
7.582875444051550673e+00
7.582875444051550673e+00
7.582875444051550673e+00
7.582875444051550673e+00
7.582875444051550673e+00
7.582875444051550673e+00
7.582875444051550673e+00
7.648529270389177626e+00
7.648529270389177626e+00
7.648529270389177626e+00
7.648529270389177626e+00
7.648529270389177626e+00
7.648529270389177626e+00
7.648529270389177626e+00
7.648529270389177626e+00
7.648529270389177626e+00
7.648529270389177626e+00
7.648529270389177626e+00
7.648529270389177626e+00
7.648529270389177626e+00
7.648529270389177626e+00
7.648529270389177626e+00
7.648529270389177626e+00
7.648529270389177626e+00
7.648529270389177626e+00
7.648529270389177626e+00
7.648529270389177626e+00
7.648529270389177626e+00
7.648529270389177626e+00
7.648529270389177626e+00
7.648529270389177626e+00
7.648529270389177626e+00
7.648529270389177626e+00
7.648529270389177626e+00
7.648529270389177626e+00
7.648529270389177626e+00
7.648529270389177626e+00
7.648529270389177626e+00
7.648529270389177626e+00
7.648529270389177626e+00
7.648529270389177626e+00
7.648529270389177626e+00
7.648529270389177626e+00
7.648529270389177626e+00
7.648529270389177626e+00
7.648529270389177626e+00
7.648529270389177626e+00
7.648529270389177626e+00
7.648529270389177626e+00
7.648529270389177626e+00
7.648529270389177626e+00
7.648529270389177626e+00
7.648529270389177626e+00
7.648529270389177626e+00
7.648529270389177626e+00
7.648529270389177626e+00
7.648529270389177626e+00
7.648529270389177626e+00
7.648529270389177626e+00
7.648529270389177626e+00
7.648529270389177626e+00
7.648529270389177626e+00
7.648529270389177626e+00
7.648529270389177626e+00
7.648529270389177626e+00
7.648529270389177626e+00
7.648529270389177626e+00
7.648529270389177626e+00
7.648529270389177626e+00
7.648529270389177626e+00
7.648529270389177626e+00
7.648529270389177626e+00
7.648529270389177626e+00
7.648529270389177626e+00
7.648529270389177626e+00
7.648529270389177626e+00
7.648529270389177626e+00
7.648529270389177626e+00
7.648529270389177626e+00
7.713624310270756013e+00
7.713624310270756013e+00
7.713624310270756013e+00
7.713624310270756013e+00
7.713624310270756013e+00
7.713624310270756013e+00
7.713624310270756013e+00
7.713624310270756013e+00
7.713624310270756013e+00
7.713624310270756013e+00
7.713624310270756013e+00
7.713624310270756013e+00
7.713624310270756013e+00
7.713624310270756013e+00
7.713624310270756013e+00
7.713624310270756013e+00
7.713624310270756013e+00
7.713624310270756013e+00
7.713624310270756013e+00
7.713624310270756013e+00
7.713624310270756013e+00
7.713624310270756013e+00
7.713624310270756013e+00
7.713624310270756013e+00
7.713624310270756013e+00
7.713624310270756013e+00
7.713624310270756013e+00
7.713624310270756013e+00
7.713624310270756013e+00
7.713624310270756013e+00
7.713624310270756013e+00
7.713624310270756013e+00
7.778174593052022523e+00
7.778174593052022523e+00
7.778174593052022523e+00
7.778174593052022523e+00
7.778174593052022523e+00
7.778174593052022523e+00
7.778174593052022523e+00
7.778174593052022523e+00
7.778174593052022523e+00
7.778174593052022523e+00
7.778174593052022523e+00
7.778174593052022523e+00
7.778174593052022523e+00
7.778174593052022523e+00
7.778174593052022523e+00
7.778174593052022523e+00
7.778174593052022523e+00
7.778174593052022523e+00
7.778174593052022523e+00
7.778174593052022523e+00
7.778174593052022523e+00
7.778174593052022523e+00
7.778174593052022523e+00
7.778174593052022523e+00
7.778174593052022523e+00
7.778174593052022523e+00
7.778174593052022523e+00
7.778174593052022523e+00
7.778174593052022523e+00
7.778174593052022523e+00
7.778174593052022523e+00
7.778174593052022523e+00
7.778174593052022523e+00
7.778174593052022523e+00
7.778174593052022523e+00
7.778174593052022523e+00
7.778174593052022523e+00
7.778174593052022523e+00
7.778174593052022523e+00
7.778174593052022523e+00
7.778174593052022523e+00
7.778174593052022523e+00
7.778174593052022523e+00
7.778174593052022523e+00
7.842193570679061310e+00
7.842193570679061310e+00
7.842193570679061310e+00
7.842193570679061310e+00
7.842193570679061310e+00
7.842193570679061310e+00
7.842193570679061310e+00
7.842193570679061310e+00
7.842193570679061310e+00
7.842193570679061310e+00
7.842193570679061310e+00
7.842193570679061310e+00
7.842193570679061310e+00
7.842193570679061310e+00
7.842193570679061310e+00
7.842193570679061310e+00
7.842193570679061310e+00
7.842193570679061310e+00
7.842193570679061310e+00
7.842193570679061310e+00
7.842193570679061310e+00
7.842193570679061310e+00
7.842193570679061310e+00
7.842193570679061310e+00
7.842193570679061310e+00
7.842193570679061310e+00
7.842193570679061310e+00
7.842193570679061310e+00
7.842193570679061310e+00
7.842193570679061310e+00
7.842193570679061310e+00
7.842193570679061310e+00
7.842193570679061310e+00
7.842193570679061310e+00
7.842193570679061310e+00
7.842193570679061310e+00
7.842193570679061310e+00
7.842193570679061310e+00
7.842193570679061310e+00
7.842193570679061310e+00
7.842193570679061310e+00
7.842193570679061310e+00
7.842193570679061310e+00
7.842193570679061310e+00
7.842193570679061310e+00
7.842193570679061310e+00
7.842193570679061310e+00
7.842193570679061310e+00
7.905694150420948141e+00
7.905694150420948141e+00
7.905694150420948141e+00
7.905694150420948141e+00
7.905694150420948141e+00
7.905694150420948141e+00
7.905694150420948141e+00
7.905694150420948141e+00
7.905694150420948141e+00
7.905694150420948141e+00
7.905694150420948141e+00
7.905694150420948141e+00
7.905694150420948141e+00
7.905694150420948141e+00
7.905694150420948141e+00
7.905694150420948141e+00
7.905694150420948141e+00
7.905694150420948141e+00
7.905694150420948141e+00
7.905694150420948141e+00
7.905694150420948141e+00
7.905694150420948141e+00
7.905694150420948141e+00
7.905694150420948141e+00
7.905694150420948141e+00
7.905694150420948141e+00
7.905694150420948141e+00
7.905694150420948141e+00
7.905694150420948141e+00
7.905694150420948141e+00
7.905694150420948141e+00
7.905694150420948141e+00
7.905694150420948141e+00
7.905694150420948141e+00
7.905694150420948141e+00
7.905694150420948141e+00
7.905694150420948141e+00
7.905694150420948141e+00
7.905694150420948141e+00
7.905694150420948141e+00
7.905694150420948141e+00
7.905694150420948141e+00
7.905694150420948141e+00
7.905694150420948141e+00
7.905694150420948141e+00
7.905694150420948141e+00
7.905694150420948141e+00
7.905694150420948141e+00
7.968688725254613914e+00
7.968688725254613914e+00
7.968688725254613914e+00
7.968688725254613914e+00
7.968688725254613914e+00
7.968688725254613914e+00
7.968688725254613914e+00
7.968688725254613914e+00
7.968688725254613914e+00
7.968688725254613914e+00
7.968688725254613914e+00
7.968688725254613914e+00
7.968688725254613914e+00
7.968688725254613914e+00
7.968688725254613914e+00
7.968688725254613914e+00
7.968688725254613914e+00
7.968688725254613914e+00
7.968688725254613914e+00
7.968688725254613914e+00
7.968688725254613914e+00
7.968688725254613914e+00
7.968688725254613914e+00
7.968688725254613914e+00
7.968688725254613914e+00
7.968688725254613914e+00
7.968688725254613914e+00
7.968688725254613914e+00
7.968688725254613914e+00
7.968688725254613914e+00
7.968688725254613914e+00
7.968688725254613914e+00
7.968688725254613914e+00
7.968688725254613914e+00
7.968688725254613914e+00
7.968688725254613914e+00
7.968688725254613914e+00
7.968688725254613914e+00
7.968688725254613914e+00
7.968688725254613914e+00
7.968688725254613914e+00
7.968688725254613914e+00
7.968688725254613914e+00
7.968688725254613914e+00
7.968688725254613914e+00
7.968688725254613914e+00
7.968688725254613914e+00
7.968688725254613914e+00
7.968688725254613914e+00
7.968688725254613914e+00
7.968688725254613914e+00
7.968688725254613914e+00
7.968688725254613914e+00
7.968688725254613914e+00
7.968688725254613914e+00
7.968688725254613914e+00
7.968688725254613914e+00
7.968688725254613914e+00
7.968688725254613914e+00
7.968688725254613914e+00
7.968688725254613914e+00
7.968688725254613914e+00
7.968688725254613914e+00
7.968688725254613914e+00
8.031189202104505043e+00
8.031189202104505043e+00
8.031189202104505043e+00
8.031189202104505043e+00
8.031189202104505043e+00
8.031189202104505043e+00
8.031189202104505043e+00
8.031189202104505043e+00
8.031189202104505043e+00
8.031189202104505043e+00
8.031189202104505043e+00
8.031189202104505043e+00
8.031189202104505043e+00
8.031189202104505043e+00
8.031189202104505043e+00
8.031189202104505043e+00
8.031189202104505043e+00
8.031189202104505043e+00
8.031189202104505043e+00
8.031189202104505043e+00
8.031189202104505043e+00
8.031189202104505043e+00
8.031189202104505043e+00
8.031189202104505043e+00
8.031189202104505043e+00
8.031189202104505043e+00
8.031189202104505043e+00
8.031189202104505043e+00
8.031189202104505043e+00
8.031189202104505043e+00
8.031189202104505043e+00
8.031189202104505043e+00
8.093207028119323354e+00
8.093207028119323354e+00
8.093207028119323354e+00
8.093207028119323354e+00
8.093207028119323354e+00
8.093207028119323354e+00
8.093207028119323354e+00
8.093207028119323354e+00
8.093207028119323354e+00
8.093207028119323354e+00
8.093207028119323354e+00
8.093207028119323354e+00
8.093207028119323354e+00
8.093207028119323354e+00
8.093207028119323354e+00
8.093207028119323354e+00
8.093207028119323354e+00
8.093207028119323354e+00
8.093207028119323354e+00
8.093207028119323354e+00
8.093207028119323354e+00
8.093207028119323354e+00
8.093207028119323354e+00
8.093207028119323354e+00
8.154753215150044809e+00
8.154753215150044809e+00
8.154753215150044809e+00
8.154753215150044809e+00
8.154753215150044809e+00
8.154753215150044809e+00
8.154753215150044809e+00
8.154753215150044809e+00
8.154753215150044809e+00
8.154753215150044809e+00
8.154753215150044809e+00
8.154753215150044809e+00
8.154753215150044809e+00
8.154753215150044809e+00
8.154753215150044809e+00
8.154753215150044809e+00
8.154753215150044809e+00
8.154753215150044809e+00
8.154753215150044809e+00
8.154753215150044809e+00
8.154753215150044809e+00
8.154753215150044809e+00
8.154753215150044809e+00
8.154753215150044809e+00
8.154753215150044809e+00
8.154753215150044809e+00
8.154753215150044809e+00
8.154753215150044809e+00
8.154753215150044809e+00
8.154753215150044809e+00
8.154753215150044809e+00
8.154753215150044809e+00
8.154753215150044809e+00
8.154753215150044809e+00
8.154753215150044809e+00
8.154753215150044809e+00
8.154753215150044809e+00
8.154753215150044809e+00
8.154753215150044809e+00
8.154753215150044809e+00
8.154753215150044809e+00
8.154753215150044809e+00
8.154753215150044809e+00
8.154753215150044809e+00
8.154753215150044809e+00
8.154753215150044809e+00
8.154753215150044809e+00
8.154753215150044809e+00
8.154753215150044809e+00
8.154753215150044809e+00
8.154753215150044809e+00
8.154753215150044809e+00
8.154753215150044809e+00
8.154753215150044809e+00
8.154753215150044809e+00
8.154753215150044809e+00
8.154753215150044809e+00
8.154753215150044809e+00
8.154753215150044809e+00
8.154753215150044809e+00
8.154753215150044809e+00
8.154753215150044809e+00
8.154753215150044809e+00
8.154753215150044809e+00
8.154753215150044809e+00
8.154753215150044809e+00
8.154753215150044809e+00
8.154753215150044809e+00
8.154753215150044809e+00
8.154753215150044809e+00
8.154753215150044809e+00
8.154753215150044809e+00
8.154753215150044809e+00
8.154753215150044809e+00
8.154753215150044809e+00
8.154753215150044809e+00
8.154753215150044809e+00
8.154753215150044809e+00
8.154753215150044809e+00
8.154753215150044809e+00
8.215838362577491338e+00
8.215838362577491338e+00
8.215838362577491338e+00
8.215838362577491338e+00
8.215838362577491338e+00
8.215838362577491338e+00
8.215838362577491338e+00
8.215838362577491338e+00
8.215838362577491338e+00
8.215838362577491338e+00
8.215838362577491338e+00
8.215838362577491338e+00
8.215838362577491338e+00
8.215838362577491338e+00
8.215838362577491338e+00
8.215838362577491338e+00
8.215838362577491338e+00
8.215838362577491338e+00
8.215838362577491338e+00
8.215838362577491338e+00
8.215838362577491338e+00
8.215838362577491338e+00
8.215838362577491338e+00
8.215838362577491338e+00
8.215838362577491338e+00
8.215838362577491338e+00
8.215838362577491338e+00
8.215838362577491338e+00
8.215838362577491338e+00
8.215838362577491338e+00
8.215838362577491338e+00
8.215838362577491338e+00
8.215838362577491338e+00
8.215838362577491338e+00
8.215838362577491338e+00
8.215838362577491338e+00
8.215838362577491338e+00
8.215838362577491338e+00
8.215838362577491338e+00
8.215838362577491338e+00
8.215838362577491338e+00
8.215838362577491338e+00
8.215838362577491338e+00
8.215838362577491338e+00
8.215838362577491338e+00
8.215838362577491338e+00
8.215838362577491338e+00
8.215838362577491338e+00
8.215838362577491338e+00
8.215838362577491338e+00
8.215838362577491338e+00
8.215838362577491338e+00
8.215838362577491338e+00
8.215838362577491338e+00
8.215838362577491338e+00
8.215838362577491338e+00
8.215838362577491338e+00
8.215838362577491338e+00
8.215838362577491338e+00
8.215838362577491338e+00
8.215838362577491338e+00
8.215838362577491338e+00
8.215838362577491338e+00
8.215838362577491338e+00
8.276472678623424173e+00
8.276472678623424173e+00
8.276472678623424173e+00
8.276472678623424173e+00
8.276472678623424173e+00
8.276472678623424173e+00
8.276472678623424173e+00
8.276472678623424173e+00
8.276472678623424173e+00
8.276472678623424173e+00
8.276472678623424173e+00
8.276472678623424173e+00
8.276472678623424173e+00
8.276472678623424173e+00
8.276472678623424173e+00
8.276472678623424173e+00
8.276472678623424173e+00
8.276472678623424173e+00
8.276472678623424173e+00
8.276472678623424173e+00
8.276472678623424173e+00
8.276472678623424173e+00
8.276472678623424173e+00
8.276472678623424173e+00
8.276472678623424173e+00
8.276472678623424173e+00
8.276472678623424173e+00
8.276472678623424173e+00
8.276472678623424173e+00
8.276472678623424173e+00
8.276472678623424173e+00
8.276472678623424173e+00
8.276472678623424173e+00
8.276472678623424173e+00
8.276472678623424173e+00
8.276472678623424173e+00
8.276472678623424173e+00
8.276472678623424173e+00
8.276472678623424173e+00
8.276472678623424173e+00
8.276472678623424173e+00
8.276472678623424173e+00
8.276472678623424173e+00
8.276472678623424173e+00
8.276472678623424173e+00
8.276472678623424173e+00
8.276472678623424173e+00
8.276472678623424173e+00
8.336666000266532706e+00
8.336666000266532706e+00
8.336666000266532706e+00
8.336666000266532706e+00
8.336666000266532706e+00
8.336666000266532706e+00
8.336666000266532706e+00
8.336666000266532706e+00
8.336666000266532706e+00
8.336666000266532706e+00
8.336666000266532706e+00
8.336666000266532706e+00
8.336666000266532706e+00
8.336666000266532706e+00
8.336666000266532706e+00
8.336666000266532706e+00
8.336666000266532706e+00
8.336666000266532706e+00
8.336666000266532706e+00
8.336666000266532706e+00
8.336666000266532706e+00
8.336666000266532706e+00
8.336666000266532706e+00
8.336666000266532706e+00
8.336666000266532706e+00
8.336666000266532706e+00
8.336666000266532706e+00
8.336666000266532706e+00
8.336666000266532706e+00
8.336666000266532706e+00
8.336666000266532706e+00
8.336666000266532706e+00
8.336666000266532706e+00
8.336666000266532706e+00
8.336666000266532706e+00
8.336666000266532706e+00
8.336666000266532706e+00
8.336666000266532706e+00
8.336666000266532706e+00
8.336666000266532706e+00
8.336666000266532706e+00
8.336666000266532706e+00
8.336666000266532706e+00
8.336666000266532706e+00
8.336666000266532706e+00
8.336666000266532706e+00
8.336666000266532706e+00
8.336666000266532706e+00
8.336666000266532706e+00
8.336666000266532706e+00
8.336666000266532706e+00
8.336666000266532706e+00
8.336666000266532706e+00
8.336666000266532706e+00
8.336666000266532706e+00
8.336666000266532706e+00
8.396427811873332203e+00
8.396427811873332203e+00
8.396427811873332203e+00
8.396427811873332203e+00
8.396427811873332203e+00
8.396427811873332203e+00
8.396427811873332203e+00
8.396427811873332203e+00
8.396427811873332203e+00
8.396427811873332203e+00
8.396427811873332203e+00
8.396427811873332203e+00
8.396427811873332203e+00
8.396427811873332203e+00
8.396427811873332203e+00
8.396427811873332203e+00
8.396427811873332203e+00
8.396427811873332203e+00
8.396427811873332203e+00
8.396427811873332203e+00
8.396427811873332203e+00
8.396427811873332203e+00
8.396427811873332203e+00
8.396427811873332203e+00
8.396427811873332203e+00
8.396427811873332203e+00
8.396427811873332203e+00
8.396427811873332203e+00
8.396427811873332203e+00
8.396427811873332203e+00
8.396427811873332203e+00
8.396427811873332203e+00
8.455767262643881566e+00
8.455767262643881566e+00
8.455767262643881566e+00
8.455767262643881566e+00
8.455767262643881566e+00
8.455767262643881566e+00
8.455767262643881566e+00
8.455767262643881566e+00
8.455767262643881566e+00
8.455767262643881566e+00
8.455767262643881566e+00
8.455767262643881566e+00
8.455767262643881566e+00
8.455767262643881566e+00
8.455767262643881566e+00
8.455767262643881566e+00
8.455767262643881566e+00
8.455767262643881566e+00
8.455767262643881566e+00
8.455767262643881566e+00
8.455767262643881566e+00
8.455767262643881566e+00
8.455767262643881566e+00
8.455767262643881566e+00
8.455767262643881566e+00
8.455767262643881566e+00
8.455767262643881566e+00
8.455767262643881566e+00
8.455767262643881566e+00
8.455767262643881566e+00
8.455767262643881566e+00
8.455767262643881566e+00
8.455767262643881566e+00
8.455767262643881566e+00
8.455767262643881566e+00
8.455767262643881566e+00
8.455767262643881566e+00
8.455767262643881566e+00
8.455767262643881566e+00
8.455767262643881566e+00
8.455767262643881566e+00
8.455767262643881566e+00
8.455767262643881566e+00
8.455767262643881566e+00
8.455767262643881566e+00
8.455767262643881566e+00
8.455767262643881566e+00
8.455767262643881566e+00
8.514693182963201323e+00
8.514693182963201323e+00
8.514693182963201323e+00
8.514693182963201323e+00
8.514693182963201323e+00
8.514693182963201323e+00
8.514693182963201323e+00
8.514693182963201323e+00
8.514693182963201323e+00
8.514693182963201323e+00
8.514693182963201323e+00
8.514693182963201323e+00
8.514693182963201323e+00
8.514693182963201323e+00
8.514693182963201323e+00
8.514693182963201323e+00
8.514693182963201323e+00
8.514693182963201323e+00
8.514693182963201323e+00
8.514693182963201323e+00
8.514693182963201323e+00
8.514693182963201323e+00
8.514693182963201323e+00
8.514693182963201323e+00
8.514693182963201323e+00
8.514693182963201323e+00
8.514693182963201323e+00
8.514693182963201323e+00
8.514693182963201323e+00
8.514693182963201323e+00
8.514693182963201323e+00
8.514693182963201323e+00
8.514693182963201323e+00
8.514693182963201323e+00
8.514693182963201323e+00
8.514693182963201323e+00
8.514693182963201323e+00
8.514693182963201323e+00
8.514693182963201323e+00
8.514693182963201323e+00
8.514693182963201323e+00
8.514693182963201323e+00
8.514693182963201323e+00
8.514693182963201323e+00
8.514693182963201323e+00
8.514693182963201323e+00
8.514693182963201323e+00
8.514693182963201323e+00
8.514693182963201323e+00
8.514693182963201323e+00
8.514693182963201323e+00
8.514693182963201323e+00
8.514693182963201323e+00
8.514693182963201323e+00
8.514693182963201323e+00
8.514693182963201323e+00
8.514693182963201323e+00
8.514693182963201323e+00
8.514693182963201323e+00
8.514693182963201323e+00
8.514693182963201323e+00
8.514693182963201323e+00
8.514693182963201323e+00
8.514693182963201323e+00
8.514693182963201323e+00
8.514693182963201323e+00
8.514693182963201323e+00
8.514693182963201323e+00
8.514693182963201323e+00
8.514693182963201323e+00
8.514693182963201323e+00
8.514693182963201323e+00
8.514693182963201323e+00
8.514693182963201323e+00
8.514693182963201323e+00
8.514693182963201323e+00
8.514693182963201323e+00
8.514693182963201323e+00
8.514693182963201323e+00
8.514693182963201323e+00
8.573214099741123917e+00
8.573214099741123917e+00
8.573214099741123917e+00
8.573214099741123917e+00
8.573214099741123917e+00
8.573214099741123917e+00
8.573214099741123917e+00
8.573214099741123917e+00
8.573214099741123917e+00
8.573214099741123917e+00
8.573214099741123917e+00
8.573214099741123917e+00
8.573214099741123917e+00
8.573214099741123917e+00
8.573214099741123917e+00
8.573214099741123917e+00
8.573214099741123917e+00
8.573214099741123917e+00
8.573214099741123917e+00
8.573214099741123917e+00
8.573214099741123917e+00
8.573214099741123917e+00
8.573214099741123917e+00
8.573214099741123917e+00
8.573214099741123917e+00
8.573214099741123917e+00
8.573214099741123917e+00
8.573214099741123917e+00
8.573214099741123917e+00
8.573214099741123917e+00
8.573214099741123917e+00
8.573214099741123917e+00
8.573214099741123917e+00
8.573214099741123917e+00
8.573214099741123917e+00
8.573214099741123917e+00
8.573214099741123917e+00
8.573214099741123917e+00
8.573214099741123917e+00
8.573214099741123917e+00
8.573214099741123917e+00
8.573214099741123917e+00
8.573214099741123917e+00
8.573214099741123917e+00
8.573214099741123917e+00
8.573214099741123917e+00
8.573214099741123917e+00
8.573214099741123917e+00
8.573214099741123917e+00
8.573214099741123917e+00
8.573214099741123917e+00
8.573214099741123917e+00
8.573214099741123917e+00
8.573214099741123917e+00
8.573214099741123917e+00
8.573214099741123917e+00
8.631338250816034119e+00
8.631338250816034119e+00
8.631338250816034119e+00
8.631338250816034119e+00
8.631338250816034119e+00
8.631338250816034119e+00
8.631338250816034119e+00
8.631338250816034119e+00
8.631338250816034119e+00
8.631338250816034119e+00
8.631338250816034119e+00
8.631338250816034119e+00
8.631338250816034119e+00
8.631338250816034119e+00
8.631338250816034119e+00
8.631338250816034119e+00
8.631338250816034119e+00
8.631338250816034119e+00
8.631338250816034119e+00
8.631338250816034119e+00
8.631338250816034119e+00
8.631338250816034119e+00
8.631338250816034119e+00
8.631338250816034119e+00
8.689073598491383166e+00
8.689073598491383166e+00
8.689073598491383166e+00
8.689073598491383166e+00
8.689073598491383166e+00
8.689073598491383166e+00
8.689073598491383166e+00
8.689073598491383166e+00
8.689073598491383166e+00
8.689073598491383166e+00
8.689073598491383166e+00
8.689073598491383166e+00
8.689073598491383166e+00
8.689073598491383166e+00
8.689073598491383166e+00
8.689073598491383166e+00
8.689073598491383166e+00
8.689073598491383166e+00
8.689073598491383166e+00
8.689073598491383166e+00
8.689073598491383166e+00
8.689073598491383166e+00
8.689073598491383166e+00
8.689073598491383166e+00
8.689073598491383166e+00
8.689073598491383166e+00
8.689073598491383166e+00
8.689073598491383166e+00
8.689073598491383166e+00
8.689073598491383166e+00
8.689073598491383166e+00
8.689073598491383166e+00
8.689073598491383166e+00
8.689073598491383166e+00
8.689073598491383166e+00
8.689073598491383166e+00
8.689073598491383166e+00
8.689073598491383166e+00
8.689073598491383166e+00
8.689073598491383166e+00
8.689073598491383166e+00
8.689073598491383166e+00
8.689073598491383166e+00
8.689073598491383166e+00
8.689073598491383166e+00
8.689073598491383166e+00
8.689073598491383166e+00
8.689073598491383166e+00
8.746427842267950226e+00
8.746427842267950226e+00
8.746427842267950226e+00
8.746427842267950226e+00
8.746427842267950226e+00
8.746427842267950226e+00
8.746427842267950226e+00
8.746427842267950226e+00
8.746427842267950226e+00
8.746427842267950226e+00
8.746427842267950226e+00
8.746427842267950226e+00
8.746427842267950226e+00
8.746427842267950226e+00
8.746427842267950226e+00
8.746427842267950226e+00
8.746427842267950226e+00
8.746427842267950226e+00
8.746427842267950226e+00
8.746427842267950226e+00
8.746427842267950226e+00
8.746427842267950226e+00
8.746427842267950226e+00
8.746427842267950226e+00
8.746427842267950226e+00
8.746427842267950226e+00
8.746427842267950226e+00
8.746427842267950226e+00
8.746427842267950226e+00
8.746427842267950226e+00
8.746427842267950226e+00
8.746427842267950226e+00
8.746427842267950226e+00
8.746427842267950226e+00
8.746427842267950226e+00
8.746427842267950226e+00
8.746427842267950226e+00
8.746427842267950226e+00
8.746427842267950226e+00
8.746427842267950226e+00
8.746427842267950226e+00
8.746427842267950226e+00
8.746427842267950226e+00
8.746427842267950226e+00
8.746427842267950226e+00
8.746427842267950226e+00
8.746427842267950226e+00
8.746427842267950226e+00
8.746427842267950226e+00
8.746427842267950226e+00
8.746427842267950226e+00
8.746427842267950226e+00
8.746427842267950226e+00
8.746427842267950226e+00
8.746427842267950226e+00
8.746427842267950226e+00
8.746427842267950226e+00
8.746427842267950226e+00
8.746427842267950226e+00
8.746427842267950226e+00
8.746427842267950226e+00
8.746427842267950226e+00
8.746427842267950226e+00
8.746427842267950226e+00
8.746427842267950226e+00
8.746427842267950226e+00
8.746427842267950226e+00
8.746427842267950226e+00
8.746427842267950226e+00
8.746427842267950226e+00
8.746427842267950226e+00
8.746427842267950226e+00
8.746427842267950226e+00
8.746427842267950226e+00
8.746427842267950226e+00
8.746427842267950226e+00
8.746427842267950226e+00
8.746427842267950226e+00
8.746427842267950226e+00
8.746427842267950226e+00
8.803408430829504638e+00
8.803408430829504638e+00
8.803408430829504638e+00
8.803408430829504638e+00
8.803408430829504638e+00
8.803408430829504638e+00
8.803408430829504638e+00
8.803408430829504638e+00
8.803408430829504638e+00
8.803408430829504638e+00
8.803408430829504638e+00
8.803408430829504638e+00
8.803408430829504638e+00
8.803408430829504638e+00
8.803408430829504638e+00
8.803408430829504638e+00
8.803408430829504638e+00
8.803408430829504638e+00
8.803408430829504638e+00
8.803408430829504638e+00
8.803408430829504638e+00
8.803408430829504638e+00
8.803408430829504638e+00
8.803408430829504638e+00
8.803408430829504638e+00
8.803408430829504638e+00
8.803408430829504638e+00
8.803408430829504638e+00
8.803408430829504638e+00
8.803408430829504638e+00
8.803408430829504638e+00
8.803408430829504638e+00
8.860022573334674689e+00
8.860022573334674689e+00
8.860022573334674689e+00
8.860022573334674689e+00
8.860022573334674689e+00
8.860022573334674689e+00
8.860022573334674689e+00
8.860022573334674689e+00
8.860022573334674689e+00
8.860022573334674689e+00
8.860022573334674689e+00
8.860022573334674689e+00
8.860022573334674689e+00
8.860022573334674689e+00
8.860022573334674689e+00
8.860022573334674689e+00
8.860022573334674689e+00
8.860022573334674689e+00
8.860022573334674689e+00
8.860022573334674689e+00
8.860022573334674689e+00
8.860022573334674689e+00
8.860022573334674689e+00
8.860022573334674689e+00
8.860022573334674689e+00
8.860022573334674689e+00
8.860022573334674689e+00
8.860022573334674689e+00
8.860022573334674689e+00
8.860022573334674689e+00
8.860022573334674689e+00
8.860022573334674689e+00
8.860022573334674689e+00
8.860022573334674689e+00
8.860022573334674689e+00
8.860022573334674689e+00
8.860022573334674689e+00
8.860022573334674689e+00
8.860022573334674689e+00
8.860022573334674689e+00
8.860022573334674689e+00
8.860022573334674689e+00
8.860022573334674689e+00
8.860022573334674689e+00
8.860022573334674689e+00
8.860022573334674689e+00
8.860022573334674689e+00
8.860022573334674689e+00
8.860022573334674689e+00
8.860022573334674689e+00
8.860022573334674689e+00
8.860022573334674689e+00
8.860022573334674689e+00
8.860022573334674689e+00
8.860022573334674689e+00
8.860022573334674689e+00
8.860022573334674689e+00
8.860022573334674689e+00
8.860022573334674689e+00
8.860022573334674689e+00
8.860022573334674689e+00
8.860022573334674689e+00
8.860022573334674689e+00
8.860022573334674689e+00
8.860022573334674689e+00
8.860022573334674689e+00
8.860022573334674689e+00
8.860022573334674689e+00
8.860022573334674689e+00
8.860022573334674689e+00
8.860022573334674689e+00
8.860022573334674689e+00
8.860022573334674689e+00
8.860022573334674689e+00
8.860022573334674689e+00
8.860022573334674689e+00
8.860022573334674689e+00
8.860022573334674689e+00
8.860022573334674689e+00
8.860022573334674689e+00
8.860022573334674689e+00
8.860022573334674689e+00
8.860022573334674689e+00
8.860022573334674689e+00
8.860022573334674689e+00
8.860022573334674689e+00
8.860022573334674689e+00
8.860022573334674689e+00
8.860022573334674689e+00
8.860022573334674689e+00
8.860022573334674689e+00
8.860022573334674689e+00
8.860022573334674689e+00
8.860022573334674689e+00
8.860022573334674689e+00
8.860022573334674689e+00
8.860022573334674689e+00
8.860022573334674689e+00
8.860022573334674689e+00
8.860022573334674689e+00
8.860022573334674689e+00
8.860022573334674689e+00
8.860022573334674689e+00
8.860022573334674689e+00
8.916277250063503246e+00
8.916277250063503246e+00
8.916277250063503246e+00
8.916277250063503246e+00
8.916277250063503246e+00
8.916277250063503246e+00
8.916277250063503246e+00
8.916277250063503246e+00
8.916277250063503246e+00
8.916277250063503246e+00
8.916277250063503246e+00
8.916277250063503246e+00
8.916277250063503246e+00
8.916277250063503246e+00
8.916277250063503246e+00
8.916277250063503246e+00
8.916277250063503246e+00
8.916277250063503246e+00
8.916277250063503246e+00
8.916277250063503246e+00
8.916277250063503246e+00
8.916277250063503246e+00
8.916277250063503246e+00
8.916277250063503246e+00
8.916277250063503246e+00
8.916277250063503246e+00
8.916277250063503246e+00
8.916277250063503246e+00
8.916277250063503246e+00
8.916277250063503246e+00
8.916277250063503246e+00
8.916277250063503246e+00
8.916277250063503246e+00
8.916277250063503246e+00
8.916277250063503246e+00
8.916277250063503246e+00
8.916277250063503246e+00
8.916277250063503246e+00
8.916277250063503246e+00
8.916277250063503246e+00
8.916277250063503246e+00
8.916277250063503246e+00
8.916277250063503246e+00
8.916277250063503246e+00
8.916277250063503246e+00
8.916277250063503246e+00
8.916277250063503246e+00
8.916277250063503246e+00
8.972179222463180892e+00
8.972179222463180892e+00
8.972179222463180892e+00
8.972179222463180892e+00
8.972179222463180892e+00
8.972179222463180892e+00
8.972179222463180892e+00
8.972179222463180892e+00
8.972179222463180892e+00
8.972179222463180892e+00
8.972179222463180892e+00
8.972179222463180892e+00
8.972179222463180892e+00
8.972179222463180892e+00
8.972179222463180892e+00
8.972179222463180892e+00
8.972179222463180892e+00
8.972179222463180892e+00
8.972179222463180892e+00
8.972179222463180892e+00
8.972179222463180892e+00
8.972179222463180892e+00
8.972179222463180892e+00
8.972179222463180892e+00
8.972179222463180892e+00
8.972179222463180892e+00
8.972179222463180892e+00
8.972179222463180892e+00
8.972179222463180892e+00
8.972179222463180892e+00
8.972179222463180892e+00
8.972179222463180892e+00
9.027735042633894480e+00
9.027735042633894480e+00
9.027735042633894480e+00
9.027735042633894480e+00
9.027735042633894480e+00
9.027735042633894480e+00
9.027735042633894480e+00
9.027735042633894480e+00
9.027735042633894480e+00
9.027735042633894480e+00
9.027735042633894480e+00
9.027735042633894480e+00
9.027735042633894480e+00
9.027735042633894480e+00
9.027735042633894480e+00
9.027735042633894480e+00
9.027735042633894480e+00
9.027735042633894480e+00
9.027735042633894480e+00
9.027735042633894480e+00
9.027735042633894480e+00
9.027735042633894480e+00
9.027735042633894480e+00
9.027735042633894480e+00
9.027735042633894480e+00
9.027735042633894480e+00
9.027735042633894480e+00
9.027735042633894480e+00
9.027735042633894480e+00
9.027735042633894480e+00
9.027735042633894480e+00
9.027735042633894480e+00
9.027735042633894480e+00
9.027735042633894480e+00
9.027735042633894480e+00
9.027735042633894480e+00
9.027735042633894480e+00
9.027735042633894480e+00
9.027735042633894480e+00
9.027735042633894480e+00
9.027735042633894480e+00
9.027735042633894480e+00
9.027735042633894480e+00
9.027735042633894480e+00
9.027735042633894480e+00
9.027735042633894480e+00
9.027735042633894480e+00
9.027735042633894480e+00
9.027735042633894480e+00
9.027735042633894480e+00
9.027735042633894480e+00
9.027735042633894480e+00
9.027735042633894480e+00
9.027735042633894480e+00
9.027735042633894480e+00
9.027735042633894480e+00
9.027735042633894480e+00
9.027735042633894480e+00
9.027735042633894480e+00
9.027735042633894480e+00
9.027735042633894480e+00
9.027735042633894480e+00
9.027735042633894480e+00
9.027735042633894480e+00
9.027735042633894480e+00
9.027735042633894480e+00
9.027735042633894480e+00
9.027735042633894480e+00
9.027735042633894480e+00
9.027735042633894480e+00
9.027735042633894480e+00
9.027735042633894480e+00
9.027735042633894480e+00
9.027735042633894480e+00
9.027735042633894480e+00
9.027735042633894480e+00
9.027735042633894480e+00
9.027735042633894480e+00
9.027735042633894480e+00
9.027735042633894480e+00
9.027735042633894480e+00
9.027735042633894480e+00
9.027735042633894480e+00
9.027735042633894480e+00
9.027735042633894480e+00
9.027735042633894480e+00
9.027735042633894480e+00
9.027735042633894480e+00
9.082951062292474731e+00
9.082951062292474731e+00
9.082951062292474731e+00
9.082951062292474731e+00
9.082951062292474731e+00
9.082951062292474731e+00
9.082951062292474731e+00
9.082951062292474731e+00
9.082951062292474731e+00
9.082951062292474731e+00
9.082951062292474731e+00
9.082951062292474731e+00
9.082951062292474731e+00
9.082951062292474731e+00
9.082951062292474731e+00
9.082951062292474731e+00
9.082951062292474731e+00
9.082951062292474731e+00
9.082951062292474731e+00
9.082951062292474731e+00
9.082951062292474731e+00
9.082951062292474731e+00
9.082951062292474731e+00
9.082951062292474731e+00
9.082951062292474731e+00
9.082951062292474731e+00
9.082951062292474731e+00
9.082951062292474731e+00
9.082951062292474731e+00
9.082951062292474731e+00
9.082951062292474731e+00
9.082951062292474731e+00
9.137833441248533362e+00
9.137833441248533362e+00
9.137833441248533362e+00
9.137833441248533362e+00
9.137833441248533362e+00
9.137833441248533362e+00
9.137833441248533362e+00
9.137833441248533362e+00
9.137833441248533362e+00
9.137833441248533362e+00
9.137833441248533362e+00
9.137833441248533362e+00
9.137833441248533362e+00
9.137833441248533362e+00
9.137833441248533362e+00
9.137833441248533362e+00
9.137833441248533362e+00
9.137833441248533362e+00
9.137833441248533362e+00
9.137833441248533362e+00
9.137833441248533362e+00
9.137833441248533362e+00
9.137833441248533362e+00
9.137833441248533362e+00
9.137833441248533362e+00
9.137833441248533362e+00
9.137833441248533362e+00
9.137833441248533362e+00
9.137833441248533362e+00
9.137833441248533362e+00
9.137833441248533362e+00
9.137833441248533362e+00
9.137833441248533362e+00
9.137833441248533362e+00
9.137833441248533362e+00
9.137833441248533362e+00
9.137833441248533362e+00
9.137833441248533362e+00
9.137833441248533362e+00
9.137833441248533362e+00
9.137833441248533362e+00
9.137833441248533362e+00
9.137833441248533362e+00
9.137833441248533362e+00
9.137833441248533362e+00
9.137833441248533362e+00
9.137833441248533362e+00
9.137833441248533362e+00
9.192388155425117446e+00
9.192388155425117446e+00
9.192388155425117446e+00
9.192388155425117446e+00
9.192388155425117446e+00
9.192388155425117446e+00
9.192388155425117446e+00
9.192388155425117446e+00
9.192388155425117446e+00
9.192388155425117446e+00
9.192388155425117446e+00
9.192388155425117446e+00
9.192388155425117446e+00
9.192388155425117446e+00
9.192388155425117446e+00
9.192388155425117446e+00
9.192388155425117446e+00
9.192388155425117446e+00
9.192388155425117446e+00
9.192388155425117446e+00
9.192388155425117446e+00
9.192388155425117446e+00
9.192388155425117446e+00
9.192388155425117446e+00
9.192388155425117446e+00
9.192388155425117446e+00
9.192388155425117446e+00
9.192388155425117446e+00
9.192388155425117446e+00
9.192388155425117446e+00
9.192388155425117446e+00
9.192388155425117446e+00
9.192388155425117446e+00
9.192388155425117446e+00
9.192388155425117446e+00
9.192388155425117446e+00
9.192388155425117446e+00
9.192388155425117446e+00
9.192388155425117446e+00
9.192388155425117446e+00
9.192388155425117446e+00
9.192388155425117446e+00
9.192388155425117446e+00
9.192388155425117446e+00
9.192388155425117446e+00
9.192388155425117446e+00
9.192388155425117446e+00
9.192388155425117446e+00
9.192388155425117446e+00
9.192388155425117446e+00
9.192388155425117446e+00
9.192388155425117446e+00
9.192388155425117446e+00
9.192388155425117446e+00
9.192388155425117446e+00
9.192388155425117446e+00
9.192388155425117446e+00
9.192388155425117446e+00
9.192388155425117446e+00
9.192388155425117446e+00
9.246621004453464465e+00
9.246621004453464465e+00
9.246621004453464465e+00
9.246621004453464465e+00
9.246621004453464465e+00
9.246621004453464465e+00
9.246621004453464465e+00
9.246621004453464465e+00
9.246621004453464465e+00
9.246621004453464465e+00
9.246621004453464465e+00
9.246621004453464465e+00
9.246621004453464465e+00
9.246621004453464465e+00
9.246621004453464465e+00
9.246621004453464465e+00
9.246621004453464465e+00
9.246621004453464465e+00
9.246621004453464465e+00
9.246621004453464465e+00
9.246621004453464465e+00
9.246621004453464465e+00
9.246621004453464465e+00
9.246621004453464465e+00
9.246621004453464465e+00
9.246621004453464465e+00
9.246621004453464465e+00
9.246621004453464465e+00
9.246621004453464465e+00
9.246621004453464465e+00
9.246621004453464465e+00
9.246621004453464465e+00
9.246621004453464465e+00
9.246621004453464465e+00
9.246621004453464465e+00
9.246621004453464465e+00
9.246621004453464465e+00
9.246621004453464465e+00
9.246621004453464465e+00
9.246621004453464465e+00
9.246621004453464465e+00
9.246621004453464465e+00
9.246621004453464465e+00
9.246621004453464465e+00
9.246621004453464465e+00
9.246621004453464465e+00
9.246621004453464465e+00
9.246621004453464465e+00
9.246621004453464465e+00
9.246621004453464465e+00
9.246621004453464465e+00
9.246621004453464465e+00
9.246621004453464465e+00
9.246621004453464465e+00
9.246621004453464465e+00
9.246621004453464465e+00
9.246621004453464465e+00
9.246621004453464465e+00
9.246621004453464465e+00
9.246621004453464465e+00
9.246621004453464465e+00
9.246621004453464465e+00
9.246621004453464465e+00
9.246621004453464465e+00
9.246621004453464465e+00
9.246621004453464465e+00
9.246621004453464465e+00
9.246621004453464465e+00
9.246621004453464465e+00
9.246621004453464465e+00
9.246621004453464465e+00
9.246621004453464465e+00
9.300537618869137546e+00
9.300537618869137546e+00
9.300537618869137546e+00
9.300537618869137546e+00
9.300537618869137546e+00
9.300537618869137546e+00
9.300537618869137546e+00
9.300537618869137546e+00
9.300537618869137546e+00
9.300537618869137546e+00
9.300537618869137546e+00
9.300537618869137546e+00
9.300537618869137546e+00
9.300537618869137546e+00
9.300537618869137546e+00
9.300537618869137546e+00
9.300537618869137546e+00
9.300537618869137546e+00
9.300537618869137546e+00
9.300537618869137546e+00
9.300537618869137546e+00
9.300537618869137546e+00
9.300537618869137546e+00
9.300537618869137546e+00
9.300537618869137546e+00
9.300537618869137546e+00
9.300537618869137546e+00
9.300537618869137546e+00
9.300537618869137546e+00
9.300537618869137546e+00
9.300537618869137546e+00
9.300537618869137546e+00
9.300537618869137546e+00
9.300537618869137546e+00
9.300537618869137546e+00
9.300537618869137546e+00
9.300537618869137546e+00
9.300537618869137546e+00
9.300537618869137546e+00
9.300537618869137546e+00
9.354143466934853990e+00
9.354143466934853990e+00
9.354143466934853990e+00
9.354143466934853990e+00
9.354143466934853990e+00
9.354143466934853990e+00
9.354143466934853990e+00
9.354143466934853990e+00
9.354143466934853990e+00
9.354143466934853990e+00
9.354143466934853990e+00
9.354143466934853990e+00
9.354143466934853990e+00
9.354143466934853990e+00
9.354143466934853990e+00
9.354143466934853990e+00
9.354143466934853990e+00
9.354143466934853990e+00
9.354143466934853990e+00
9.354143466934853990e+00
9.354143466934853990e+00
9.354143466934853990e+00
9.354143466934853990e+00
9.354143466934853990e+00
9.354143466934853990e+00
9.354143466934853990e+00
9.354143466934853990e+00
9.354143466934853990e+00
9.354143466934853990e+00
9.354143466934853990e+00
9.354143466934853990e+00
9.354143466934853990e+00
9.354143466934853990e+00
9.354143466934853990e+00
9.354143466934853990e+00
9.354143466934853990e+00
9.354143466934853990e+00
9.354143466934853990e+00
9.354143466934853990e+00
9.354143466934853990e+00
9.354143466934853990e+00
9.354143466934853990e+00
9.354143466934853990e+00
9.354143466934853990e+00
9.354143466934853990e+00
9.354143466934853990e+00
9.354143466934853990e+00
9.354143466934853990e+00
9.354143466934853990e+00
9.354143466934853990e+00
9.354143466934853990e+00
9.354143466934853990e+00
9.354143466934853990e+00
9.354143466934853990e+00
9.354143466934853990e+00
9.354143466934853990e+00
9.354143466934853990e+00
9.354143466934853990e+00
9.354143466934853990e+00
9.354143466934853990e+00
9.354143466934853990e+00
9.354143466934853990e+00
9.354143466934853990e+00
9.354143466934853990e+00
9.354143466934853990e+00
9.354143466934853990e+00
9.354143466934853990e+00
9.354143466934853990e+00
9.354143466934853990e+00
9.354143466934853990e+00
9.354143466934853990e+00
9.354143466934853990e+00
9.354143466934853990e+00
9.354143466934853990e+00
9.354143466934853990e+00
9.354143466934853990e+00
9.354143466934853990e+00
9.354143466934853990e+00
9.354143466934853990e+00
9.354143466934853990e+00
9.407443861113389261e+00
9.407443861113389261e+00
9.407443861113389261e+00
9.407443861113389261e+00
9.407443861113389261e+00
9.407443861113389261e+00
9.407443861113389261e+00
9.407443861113389261e+00
9.407443861113389261e+00
9.407443861113389261e+00
9.407443861113389261e+00
9.407443861113389261e+00
9.407443861113389261e+00
9.407443861113389261e+00
9.407443861113389261e+00
9.407443861113389261e+00
9.407443861113389261e+00
9.407443861113389261e+00
9.407443861113389261e+00
9.407443861113389261e+00
9.407443861113389261e+00
9.407443861113389261e+00
9.407443861113389261e+00
9.407443861113389261e+00
9.407443861113389261e+00
9.407443861113389261e+00
9.407443861113389261e+00
9.407443861113389261e+00
9.407443861113389261e+00
9.407443861113389261e+00
9.407443861113389261e+00
9.407443861113389261e+00
9.407443861113389261e+00
9.407443861113389261e+00
9.407443861113389261e+00
9.407443861113389261e+00
9.407443861113389261e+00
9.407443861113389261e+00
9.407443861113389261e+00
9.407443861113389261e+00
9.407443861113389261e+00
9.407443861113389261e+00
9.407443861113389261e+00
9.407443861113389261e+00
9.407443861113389261e+00
9.407443861113389261e+00
9.407443861113389261e+00
9.407443861113389261e+00
9.407443861113389261e+00
9.407443861113389261e+00
9.407443861113389261e+00
9.407443861113389261e+00
9.407443861113389261e+00
9.407443861113389261e+00
9.407443861113389261e+00
9.407443861113389261e+00
9.407443861113389261e+00
9.407443861113389261e+00
9.407443861113389261e+00
9.407443861113389261e+00
9.407443861113389261e+00
9.407443861113389261e+00
9.407443861113389261e+00
9.407443861113389261e+00
9.460443964212251089e+00
9.460443964212251089e+00
9.460443964212251089e+00
9.460443964212251089e+00
9.460443964212251089e+00
9.460443964212251089e+00
9.460443964212251089e+00
9.460443964212251089e+00
9.460443964212251089e+00
9.460443964212251089e+00
9.460443964212251089e+00
9.460443964212251089e+00
9.460443964212251089e+00
9.460443964212251089e+00
9.460443964212251089e+00
9.460443964212251089e+00
9.460443964212251089e+00
9.460443964212251089e+00
9.460443964212251089e+00
9.460443964212251089e+00
9.460443964212251089e+00
9.460443964212251089e+00
9.460443964212251089e+00
9.460443964212251089e+00
9.513148795220223164e+00
9.513148795220223164e+00
9.513148795220223164e+00
9.513148795220223164e+00
9.513148795220223164e+00
9.513148795220223164e+00
9.513148795220223164e+00
9.513148795220223164e+00
9.513148795220223164e+00
9.513148795220223164e+00
9.513148795220223164e+00
9.513148795220223164e+00
9.513148795220223164e+00
9.513148795220223164e+00
9.513148795220223164e+00
9.513148795220223164e+00
9.513148795220223164e+00
9.513148795220223164e+00
9.513148795220223164e+00
9.513148795220223164e+00
9.513148795220223164e+00
9.513148795220223164e+00
9.513148795220223164e+00
9.513148795220223164e+00
9.513148795220223164e+00
9.513148795220223164e+00
9.513148795220223164e+00
9.513148795220223164e+00
9.513148795220223164e+00
9.513148795220223164e+00
9.513148795220223164e+00
9.513148795220223164e+00
9.513148795220223164e+00
9.513148795220223164e+00
9.513148795220223164e+00
9.513148795220223164e+00
9.513148795220223164e+00
9.513148795220223164e+00
9.513148795220223164e+00
9.513148795220223164e+00
9.513148795220223164e+00
9.513148795220223164e+00
9.513148795220223164e+00
9.513148795220223164e+00
9.513148795220223164e+00
9.513148795220223164e+00
9.513148795220223164e+00
9.513148795220223164e+00
9.513148795220223164e+00
9.513148795220223164e+00
9.513148795220223164e+00
9.513148795220223164e+00
9.513148795220223164e+00
9.513148795220223164e+00
9.513148795220223164e+00
9.513148795220223164e+00
9.513148795220223164e+00
9.513148795220223164e+00
9.513148795220223164e+00
9.513148795220223164e+00
9.513148795220223164e+00
9.513148795220223164e+00
9.513148795220223164e+00
9.513148795220223164e+00
9.513148795220223164e+00
9.513148795220223164e+00
9.513148795220223164e+00
9.513148795220223164e+00
9.513148795220223164e+00
9.513148795220223164e+00
9.513148795220223164e+00
9.513148795220223164e+00
9.565563234854495889e+00
9.565563234854495889e+00
9.565563234854495889e+00
9.565563234854495889e+00
9.565563234854495889e+00
9.565563234854495889e+00
9.565563234854495889e+00
9.565563234854495889e+00
9.565563234854495889e+00
9.565563234854495889e+00
9.565563234854495889e+00
9.565563234854495889e+00
9.565563234854495889e+00
9.565563234854495889e+00
9.565563234854495889e+00
9.565563234854495889e+00
9.565563234854495889e+00
9.565563234854495889e+00
9.565563234854495889e+00
9.565563234854495889e+00
9.565563234854495889e+00
9.565563234854495889e+00
9.565563234854495889e+00
9.565563234854495889e+00
9.565563234854495889e+00
9.565563234854495889e+00
9.565563234854495889e+00
9.565563234854495889e+00
9.565563234854495889e+00
9.565563234854495889e+00
9.565563234854495889e+00
9.565563234854495889e+00
9.565563234854495889e+00
9.565563234854495889e+00
9.565563234854495889e+00
9.565563234854495889e+00
9.565563234854495889e+00
9.565563234854495889e+00
9.565563234854495889e+00
9.565563234854495889e+00
9.565563234854495889e+00
9.565563234854495889e+00
9.565563234854495889e+00
9.565563234854495889e+00
9.565563234854495889e+00
9.565563234854495889e+00
9.565563234854495889e+00
9.565563234854495889e+00
9.617692030835671702e+00
9.617692030835671702e+00
9.617692030835671702e+00
9.617692030835671702e+00
9.617692030835671702e+00
9.617692030835671702e+00
9.617692030835671702e+00
9.617692030835671702e+00
9.617692030835671702e+00
9.617692030835671702e+00
9.617692030835671702e+00
9.617692030835671702e+00
9.617692030835671702e+00
9.617692030835671702e+00
9.617692030835671702e+00
9.617692030835671702e+00
9.617692030835671702e+00
9.617692030835671702e+00
9.617692030835671702e+00
9.617692030835671702e+00
9.617692030835671702e+00
9.617692030835671702e+00
9.617692030835671702e+00
9.617692030835671702e+00
9.617692030835671702e+00
9.617692030835671702e+00
9.617692030835671702e+00
9.617692030835671702e+00
9.617692030835671702e+00
9.617692030835671702e+00
9.617692030835671702e+00
9.617692030835671702e+00
9.617692030835671702e+00
9.617692030835671702e+00
9.617692030835671702e+00
9.617692030835671702e+00
9.617692030835671702e+00
9.617692030835671702e+00
9.617692030835671702e+00
9.617692030835671702e+00
9.617692030835671702e+00
9.617692030835671702e+00
9.617692030835671702e+00
9.617692030835671702e+00
9.617692030835671702e+00
9.617692030835671702e+00
9.617692030835671702e+00
9.617692030835671702e+00
9.669539802906857773e+00
9.669539802906857773e+00
9.669539802906857773e+00
9.669539802906857773e+00
9.669539802906857773e+00
9.669539802906857773e+00
9.669539802906857773e+00
9.669539802906857773e+00
9.669539802906857773e+00
9.669539802906857773e+00
9.669539802906857773e+00
9.669539802906857773e+00
9.669539802906857773e+00
9.669539802906857773e+00
9.669539802906857773e+00
9.669539802906857773e+00
9.669539802906857773e+00
9.669539802906857773e+00
9.669539802906857773e+00
9.669539802906857773e+00
9.669539802906857773e+00
9.669539802906857773e+00
9.669539802906857773e+00
9.669539802906857773e+00
9.669539802906857773e+00
9.669539802906857773e+00
9.669539802906857773e+00
9.669539802906857773e+00
9.669539802906857773e+00
9.669539802906857773e+00
9.669539802906857773e+00
9.669539802906857773e+00
9.669539802906857773e+00
9.669539802906857773e+00
9.669539802906857773e+00
9.669539802906857773e+00
9.669539802906857773e+00
9.669539802906857773e+00
9.669539802906857773e+00
9.669539802906857773e+00
9.669539802906857773e+00
9.669539802906857773e+00
9.669539802906857773e+00
9.669539802906857773e+00
9.669539802906857773e+00
9.669539802906857773e+00
9.669539802906857773e+00
9.669539802906857773e+00
9.669539802906857773e+00
9.669539802906857773e+00
9.669539802906857773e+00
9.669539802906857773e+00
9.669539802906857773e+00
9.669539802906857773e+00
9.669539802906857773e+00
9.669539802906857773e+00
9.669539802906857773e+00
9.669539802906857773e+00
9.669539802906857773e+00
9.669539802906857773e+00
9.669539802906857773e+00
9.669539802906857773e+00
9.669539802906857773e+00
9.669539802906857773e+00
9.669539802906857773e+00
9.669539802906857773e+00
9.669539802906857773e+00
9.669539802906857773e+00
9.669539802906857773e+00
9.669539802906857773e+00
9.669539802906857773e+00
9.669539802906857773e+00
9.669539802906857773e+00
9.669539802906857773e+00
9.669539802906857773e+00
9.669539802906857773e+00
9.669539802906857773e+00
9.669539802906857773e+00
9.669539802906857773e+00
9.669539802906857773e+00
9.669539802906857773e+00
9.669539802906857773e+00
9.669539802906857773e+00
9.669539802906857773e+00
9.669539802906857773e+00
9.669539802906857773e+00
9.669539802906857773e+00
9.669539802906857773e+00
9.669539802906857773e+00
9.669539802906857773e+00
9.669539802906857773e+00
9.669539802906857773e+00
9.669539802906857773e+00
9.669539802906857773e+00
9.669539802906857773e+00
9.669539802906857773e+00
9.669539802906857773e+00
9.669539802906857773e+00
9.669539802906857773e+00
9.669539802906857773e+00
9.669539802906857773e+00
9.669539802906857773e+00
9.669539802906857773e+00
9.669539802906857773e+00
9.669539802906857773e+00
9.669539802906857773e+00
9.669539802906857773e+00
9.669539802906857773e+00
9.669539802906857773e+00
9.669539802906857773e+00
9.669539802906857773e+00
9.669539802906857773e+00
9.721111047611790568e+00
9.721111047611790568e+00
9.721111047611790568e+00
9.721111047611790568e+00
9.721111047611790568e+00
9.721111047611790568e+00
9.721111047611790568e+00
9.721111047611790568e+00
9.721111047611790568e+00
9.721111047611790568e+00
9.721111047611790568e+00
9.721111047611790568e+00
9.721111047611790568e+00
9.721111047611790568e+00
9.721111047611790568e+00
9.721111047611790568e+00
9.721111047611790568e+00
9.721111047611790568e+00
9.721111047611790568e+00
9.721111047611790568e+00
9.721111047611790568e+00
9.721111047611790568e+00
9.721111047611790568e+00
9.721111047611790568e+00
9.721111047611790568e+00
9.721111047611790568e+00
9.721111047611790568e+00
9.721111047611790568e+00
9.721111047611790568e+00
9.721111047611790568e+00
9.721111047611790568e+00
9.721111047611790568e+00
9.721111047611790568e+00
9.721111047611790568e+00
9.721111047611790568e+00
9.721111047611790568e+00
9.721111047611790568e+00
9.721111047611790568e+00
9.721111047611790568e+00
9.721111047611790568e+00
9.721111047611790568e+00
9.721111047611790568e+00
9.721111047611790568e+00
9.721111047611790568e+00
9.721111047611790568e+00
9.721111047611790568e+00
9.721111047611790568e+00
9.721111047611790568e+00
9.721111047611790568e+00
9.721111047611790568e+00
9.721111047611790568e+00
9.721111047611790568e+00
9.721111047611790568e+00
9.721111047611790568e+00
9.721111047611790568e+00
9.721111047611790568e+00
9.721111047611790568e+00
9.721111047611790568e+00
9.721111047611790568e+00
9.721111047611790568e+00
9.721111047611790568e+00
9.721111047611790568e+00
9.721111047611790568e+00
9.721111047611790568e+00
9.772410142846032599e+00
9.772410142846032599e+00
9.772410142846032599e+00
9.772410142846032599e+00
9.772410142846032599e+00
9.772410142846032599e+00
9.772410142846032599e+00
9.772410142846032599e+00
9.772410142846032599e+00
9.772410142846032599e+00
9.772410142846032599e+00
9.772410142846032599e+00
9.772410142846032599e+00
9.772410142846032599e+00
9.772410142846032599e+00
9.772410142846032599e+00
9.772410142846032599e+00
9.772410142846032599e+00
9.772410142846032599e+00
9.772410142846032599e+00
9.772410142846032599e+00
9.772410142846032599e+00
9.772410142846032599e+00
9.772410142846032599e+00
9.772410142846032599e+00
9.772410142846032599e+00
9.772410142846032599e+00
9.772410142846032599e+00
9.772410142846032599e+00
9.772410142846032599e+00
9.772410142846032599e+00
9.772410142846032599e+00
9.823441352194249632e+00
9.823441352194249632e+00
9.823441352194249632e+00
9.823441352194249632e+00
9.823441352194249632e+00
9.823441352194249632e+00
9.823441352194249632e+00
9.823441352194249632e+00
9.823441352194249632e+00
9.823441352194249632e+00
9.823441352194249632e+00
9.823441352194249632e+00
9.823441352194249632e+00
9.823441352194249632e+00
9.823441352194249632e+00
9.823441352194249632e+00
9.823441352194249632e+00
9.823441352194249632e+00
9.823441352194249632e+00
9.823441352194249632e+00
9.823441352194249632e+00
9.823441352194249632e+00
9.823441352194249632e+00
9.823441352194249632e+00
9.823441352194249632e+00
9.823441352194249632e+00
9.823441352194249632e+00
9.823441352194249632e+00
9.823441352194249632e+00
9.823441352194249632e+00
9.823441352194249632e+00
9.823441352194249632e+00
9.823441352194249632e+00
9.823441352194249632e+00
9.823441352194249632e+00
9.823441352194249632e+00
9.823441352194249632e+00
9.823441352194249632e+00
9.823441352194249632e+00
9.823441352194249632e+00
9.823441352194249632e+00
9.823441352194249632e+00
9.823441352194249632e+00
9.823441352194249632e+00
9.823441352194249632e+00
9.823441352194249632e+00
9.823441352194249632e+00
9.823441352194249632e+00
9.823441352194249632e+00
9.823441352194249632e+00
9.823441352194249632e+00
9.823441352194249632e+00
9.823441352194249632e+00
9.823441352194249632e+00
9.823441352194249632e+00
9.823441352194249632e+00
9.823441352194249632e+00
9.823441352194249632e+00
9.823441352194249632e+00
9.823441352194249632e+00
9.823441352194249632e+00
9.823441352194249632e+00
9.823441352194249632e+00
9.823441352194249632e+00
9.823441352194249632e+00
9.823441352194249632e+00
9.823441352194249632e+00
9.823441352194249632e+00
9.823441352194249632e+00
9.823441352194249632e+00
9.823441352194249632e+00
9.823441352194249632e+00
9.823441352194249632e+00
9.823441352194249632e+00
9.823441352194249632e+00
9.823441352194249632e+00
9.823441352194249632e+00
9.823441352194249632e+00
9.823441352194249632e+00
9.823441352194249632e+00
9.874208829065748816e+00
9.874208829065748816e+00
9.874208829065748816e+00
9.874208829065748816e+00
9.874208829065748816e+00
9.874208829065748816e+00
9.874208829065748816e+00
9.874208829065748816e+00
9.874208829065748816e+00
9.874208829065748816e+00
9.874208829065748816e+00
9.874208829065748816e+00
9.874208829065748816e+00
9.874208829065748816e+00
9.874208829065748816e+00
9.874208829065748816e+00
9.874208829065748816e+00
9.874208829065748816e+00
9.874208829065748816e+00
9.874208829065748816e+00
9.874208829065748816e+00
9.874208829065748816e+00
9.874208829065748816e+00
9.874208829065748816e+00
9.874208829065748816e+00
9.874208829065748816e+00
9.874208829065748816e+00
9.874208829065748816e+00
9.874208829065748816e+00
9.874208829065748816e+00
9.874208829065748816e+00
9.874208829065748816e+00
9.874208829065748816e+00
9.874208829065748816e+00
9.874208829065748816e+00
9.874208829065748816e+00
9.874208829065748816e+00
9.874208829065748816e+00
9.874208829065748816e+00
9.874208829065748816e+00
9.874208829065748816e+00
9.874208829065748816e+00
9.874208829065748816e+00
9.874208829065748816e+00
9.874208829065748816e+00
9.874208829065748816e+00
9.874208829065748816e+00
9.874208829065748816e+00
9.874208829065748816e+00
9.874208829065748816e+00
9.874208829065748816e+00
9.874208829065748816e+00
9.874208829065748816e+00
9.874208829065748816e+00
9.874208829065748816e+00
9.874208829065748816e+00
9.874208829065748816e+00
9.874208829065748816e+00
9.874208829065748816e+00
9.874208829065748816e+00
9.874208829065748816e+00
9.874208829065748816e+00
9.874208829065748816e+00
9.874208829065748816e+00
9.924716620639603804e+00
9.924716620639603804e+00
9.924716620639603804e+00
9.924716620639603804e+00
9.924716620639603804e+00
9.924716620639603804e+00
9.924716620639603804e+00
9.924716620639603804e+00
9.924716620639603804e+00
9.924716620639603804e+00
9.924716620639603804e+00
9.924716620639603804e+00
9.924716620639603804e+00
9.924716620639603804e+00
9.924716620639603804e+00
9.924716620639603804e+00
9.924716620639603804e+00
9.924716620639603804e+00
9.924716620639603804e+00
9.924716620639603804e+00
9.924716620639603804e+00
9.924716620639603804e+00
9.924716620639603804e+00
9.924716620639603804e+00
9.924716620639603804e+00
9.924716620639603804e+00
9.924716620639603804e+00
9.924716620639603804e+00
9.924716620639603804e+00
9.924716620639603804e+00
9.924716620639603804e+00
9.924716620639603804e+00
9.924716620639603804e+00
9.924716620639603804e+00
9.924716620639603804e+00
9.924716620639603804e+00
9.924716620639603804e+00
9.924716620639603804e+00
9.924716620639603804e+00
9.924716620639603804e+00
9.974968671630001893e+00
9.974968671630001893e+00
9.974968671630001893e+00
9.974968671630001893e+00
9.974968671630001893e+00
9.974968671630001893e+00
9.974968671630001893e+00
9.974968671630001893e+00
9.974968671630001893e+00
9.974968671630001893e+00
9.974968671630001893e+00
9.974968671630001893e+00
9.974968671630001893e+00
9.974968671630001893e+00
9.974968671630001893e+00
9.974968671630001893e+00
9.974968671630001893e+00
9.974968671630001893e+00
9.974968671630001893e+00
9.974968671630001893e+00
9.974968671630001893e+00
9.974968671630001893e+00
9.974968671630001893e+00
9.974968671630001893e+00
9.974968671630001893e+00
9.974968671630001893e+00
9.974968671630001893e+00
9.974968671630001893e+00
9.974968671630001893e+00
9.974968671630001893e+00
9.974968671630001893e+00
9.974968671630001893e+00
9.974968671630001893e+00
9.974968671630001893e+00
9.974968671630001893e+00
9.974968671630001893e+00
9.974968671630001893e+00
9.974968671630001893e+00
9.974968671630001893e+00
9.974968671630001893e+00
9.974968671630001893e+00
9.974968671630001893e+00
9.974968671630001893e+00
9.974968671630001893e+00
9.974968671630001893e+00
9.974968671630001893e+00
9.974968671630001893e+00
9.974968671630001893e+00
9.974968671630001893e+00
9.974968671630001893e+00
9.974968671630001893e+00
9.974968671630001893e+00
9.974968671630001893e+00
9.974968671630001893e+00
9.974968671630001893e+00
9.974968671630001893e+00
9.974968671630001893e+00
9.974968671630001893e+00
9.974968671630001893e+00
9.974968671630001893e+00
9.974968671630001893e+00
9.974968671630001893e+00
9.974968671630001893e+00
9.974968671630001893e+00
9.974968671630001893e+00
9.974968671630001893e+00
9.974968671630001893e+00
9.974968671630001893e+00
9.974968671630001893e+00
9.974968671630001893e+00
9.974968671630001893e+00
9.974968671630001893e+00
9.974968671630001893e+00
9.974968671630001893e+00
9.974968671630001893e+00
9.974968671630001893e+00
9.974968671630001893e+00
9.974968671630001893e+00
9.974968671630001893e+00
9.974968671630001893e+00
1.002496882788171106e+01
1.002496882788171106e+01
1.002496882788171106e+01
1.002496882788171106e+01
1.002496882788171106e+01
1.002496882788171106e+01
1.002496882788171106e+01
1.002496882788171106e+01
1.002496882788171106e+01
1.002496882788171106e+01
1.002496882788171106e+01
1.002496882788171106e+01
1.002496882788171106e+01
1.002496882788171106e+01
1.002496882788171106e+01
1.002496882788171106e+01
1.002496882788171106e+01
1.002496882788171106e+01
1.002496882788171106e+01
1.002496882788171106e+01
1.002496882788171106e+01
1.002496882788171106e+01
1.002496882788171106e+01
1.002496882788171106e+01
1.002496882788171106e+01
1.002496882788171106e+01
1.002496882788171106e+01
1.002496882788171106e+01
1.002496882788171106e+01
1.002496882788171106e+01
1.002496882788171106e+01
1.002496882788171106e+01
1.002496882788171106e+01
1.002496882788171106e+01
1.002496882788171106e+01
1.002496882788171106e+01
1.002496882788171106e+01
1.002496882788171106e+01
1.002496882788171106e+01
1.002496882788171106e+01
1.002496882788171106e+01
1.002496882788171106e+01
1.002496882788171106e+01
1.002496882788171106e+01
1.002496882788171106e+01
1.002496882788171106e+01
1.002496882788171106e+01
1.002496882788171106e+01
1.002496882788171106e+01
1.002496882788171106e+01
1.002496882788171106e+01
1.002496882788171106e+01
1.002496882788171106e+01
1.002496882788171106e+01
1.002496882788171106e+01
1.002496882788171106e+01
1.002496882788171106e+01
1.002496882788171106e+01
1.002496882788171106e+01
1.002496882788171106e+01
1.002496882788171106e+01
1.002496882788171106e+01
1.002496882788171106e+01
1.002496882788171106e+01
1.007472083980494304e+01
1.007472083980494304e+01
1.007472083980494304e+01
1.007472083980494304e+01
1.007472083980494304e+01
1.007472083980494304e+01
1.007472083980494304e+01
1.007472083980494304e+01
1.007472083980494304e+01
1.007472083980494304e+01
1.007472083980494304e+01
1.007472083980494304e+01
1.007472083980494304e+01
1.007472083980494304e+01
1.007472083980494304e+01
1.007472083980494304e+01
1.007472083980494304e+01
1.007472083980494304e+01
1.007472083980494304e+01
1.007472083980494304e+01
1.007472083980494304e+01
1.007472083980494304e+01
1.007472083980494304e+01
1.007472083980494304e+01
1.007472083980494304e+01
1.007472083980494304e+01
1.007472083980494304e+01
1.007472083980494304e+01
1.007472083980494304e+01
1.007472083980494304e+01
1.007472083980494304e+01
1.007472083980494304e+01
1.007472083980494304e+01
1.007472083980494304e+01
1.007472083980494304e+01
1.007472083980494304e+01
1.007472083980494304e+01
1.007472083980494304e+01
1.007472083980494304e+01
1.007472083980494304e+01
1.007472083980494304e+01
1.007472083980494304e+01
1.007472083980494304e+01
1.007472083980494304e+01
1.007472083980494304e+01
1.007472083980494304e+01
1.007472083980494304e+01
1.007472083980494304e+01
1.007472083980494304e+01
1.007472083980494304e+01
1.007472083980494304e+01
1.007472083980494304e+01
1.007472083980494304e+01
1.007472083980494304e+01
1.007472083980494304e+01
1.007472083980494304e+01
1.007472083980494304e+01
1.007472083980494304e+01
1.007472083980494304e+01
1.007472083980494304e+01
1.007472083980494304e+01
1.007472083980494304e+01
1.007472083980494304e+01
1.007472083980494304e+01
1.012422836565829343e+01
1.012422836565829343e+01
1.012422836565829343e+01
1.012422836565829343e+01
1.012422836565829343e+01
1.012422836565829343e+01
1.012422836565829343e+01
1.012422836565829343e+01
1.012422836565829343e+01
1.012422836565829343e+01
1.012422836565829343e+01
1.012422836565829343e+01
1.012422836565829343e+01
1.012422836565829343e+01
1.012422836565829343e+01
1.012422836565829343e+01
1.012422836565829343e+01
1.012422836565829343e+01
1.012422836565829343e+01
1.012422836565829343e+01
1.012422836565829343e+01
1.012422836565829343e+01
1.012422836565829343e+01
1.012422836565829343e+01
1.012422836565829343e+01
1.012422836565829343e+01
1.012422836565829343e+01
1.012422836565829343e+01
1.012422836565829343e+01
1.012422836565829343e+01
1.012422836565829343e+01
1.012422836565829343e+01
1.012422836565829343e+01
1.012422836565829343e+01
1.012422836565829343e+01
1.012422836565829343e+01
1.012422836565829343e+01
1.012422836565829343e+01
1.012422836565829343e+01
1.012422836565829343e+01
1.012422836565829343e+01
1.012422836565829343e+01
1.012422836565829343e+01
1.012422836565829343e+01
1.012422836565829343e+01
1.012422836565829343e+01
1.012422836565829343e+01
1.012422836565829343e+01
1.012422836565829343e+01
1.012422836565829343e+01
1.012422836565829343e+01
1.012422836565829343e+01
1.012422836565829343e+01
1.012422836565829343e+01
1.012422836565829343e+01
1.012422836565829343e+01
1.012422836565829343e+01
1.012422836565829343e+01
1.012422836565829343e+01
1.012422836565829343e+01
1.012422836565829343e+01
1.012422836565829343e+01
1.012422836565829343e+01
1.012422836565829343e+01
1.017349497468790176e+01
1.017349497468790176e+01
1.017349497468790176e+01
1.017349497468790176e+01
1.017349497468790176e+01
1.017349497468790176e+01
1.017349497468790176e+01
1.017349497468790176e+01
1.017349497468790176e+01
1.017349497468790176e+01
1.017349497468790176e+01
1.017349497468790176e+01
1.017349497468790176e+01
1.017349497468790176e+01
1.017349497468790176e+01
1.017349497468790176e+01
1.017349497468790176e+01
1.017349497468790176e+01
1.017349497468790176e+01
1.017349497468790176e+01
1.017349497468790176e+01
1.017349497468790176e+01
1.017349497468790176e+01
1.017349497468790176e+01
1.017349497468790176e+01
1.017349497468790176e+01
1.017349497468790176e+01
1.017349497468790176e+01
1.017349497468790176e+01
1.017349497468790176e+01
1.017349497468790176e+01
1.017349497468790176e+01
1.017349497468790176e+01
1.017349497468790176e+01
1.017349497468790176e+01
1.017349497468790176e+01
1.017349497468790176e+01
1.017349497468790176e+01
1.017349497468790176e+01
1.017349497468790176e+01
1.017349497468790176e+01
1.017349497468790176e+01
1.017349497468790176e+01
1.017349497468790176e+01
1.017349497468790176e+01
1.017349497468790176e+01
1.017349497468790176e+01
1.017349497468790176e+01
1.017349497468790176e+01
1.017349497468790176e+01
1.017349497468790176e+01
1.017349497468790176e+01
1.017349497468790176e+01
1.017349497468790176e+01
1.017349497468790176e+01
1.017349497468790176e+01
1.017349497468790176e+01
1.017349497468790176e+01
1.017349497468790176e+01
1.017349497468790176e+01
1.017349497468790176e+01
1.017349497468790176e+01
1.017349497468790176e+01
1.017349497468790176e+01
1.017349497468790176e+01
1.017349497468790176e+01
1.017349497468790176e+01
1.017349497468790176e+01
1.017349497468790176e+01
1.017349497468790176e+01
1.017349497468790176e+01
1.017349497468790176e+01
1.017349497468790176e+01
1.017349497468790176e+01
1.017349497468790176e+01
1.017349497468790176e+01
1.017349497468790176e+01
1.017349497468790176e+01
1.017349497468790176e+01
1.017349497468790176e+01
1.022252415013043603e+01
1.022252415013043603e+01
1.022252415013043603e+01
1.022252415013043603e+01
1.022252415013043603e+01
1.022252415013043603e+01
1.022252415013043603e+01
1.022252415013043603e+01
1.022252415013043603e+01
1.022252415013043603e+01
1.022252415013043603e+01
1.022252415013043603e+01
1.022252415013043603e+01
1.022252415013043603e+01
1.022252415013043603e+01
1.022252415013043603e+01
1.022252415013043603e+01
1.022252415013043603e+01
1.022252415013043603e+01
1.022252415013043603e+01
1.022252415013043603e+01
1.022252415013043603e+01
1.022252415013043603e+01
1.022252415013043603e+01
1.022252415013043603e+01
1.022252415013043603e+01
1.022252415013043603e+01
1.022252415013043603e+01
1.022252415013043603e+01
1.022252415013043603e+01
1.022252415013043603e+01
1.022252415013043603e+01
1.027131929208706929e+01
1.027131929208706929e+01
1.027131929208706929e+01
1.027131929208706929e+01
1.027131929208706929e+01
1.027131929208706929e+01
1.027131929208706929e+01
1.027131929208706929e+01
1.027131929208706929e+01
1.027131929208706929e+01
1.027131929208706929e+01
1.027131929208706929e+01
1.027131929208706929e+01
1.027131929208706929e+01
1.027131929208706929e+01
1.027131929208706929e+01
1.027131929208706929e+01
1.027131929208706929e+01
1.027131929208706929e+01
1.027131929208706929e+01
1.027131929208706929e+01
1.027131929208706929e+01
1.027131929208706929e+01
1.027131929208706929e+01
1.027131929208706929e+01
1.027131929208706929e+01
1.027131929208706929e+01
1.027131929208706929e+01
1.027131929208706929e+01
1.027131929208706929e+01
1.027131929208706929e+01
1.027131929208706929e+01
1.027131929208706929e+01
1.027131929208706929e+01
1.027131929208706929e+01
1.027131929208706929e+01
1.027131929208706929e+01
1.027131929208706929e+01
1.027131929208706929e+01
1.027131929208706929e+01
1.031988372027514700e+01
1.031988372027514700e+01
1.031988372027514700e+01
1.031988372027514700e+01
1.031988372027514700e+01
1.031988372027514700e+01
1.031988372027514700e+01
1.031988372027514700e+01
1.031988372027514700e+01
1.031988372027514700e+01
1.031988372027514700e+01
1.031988372027514700e+01
1.031988372027514700e+01
1.031988372027514700e+01
1.031988372027514700e+01
1.031988372027514700e+01
1.031988372027514700e+01
1.031988372027514700e+01
1.031988372027514700e+01
1.031988372027514700e+01
1.031988372027514700e+01
1.031988372027514700e+01
1.031988372027514700e+01
1.031988372027514700e+01
1.031988372027514700e+01
1.031988372027514700e+01
1.031988372027514700e+01
1.031988372027514700e+01
1.031988372027514700e+01
1.031988372027514700e+01
1.031988372027514700e+01
1.031988372027514700e+01
1.031988372027514700e+01
1.031988372027514700e+01
1.031988372027514700e+01
1.031988372027514700e+01
1.031988372027514700e+01
1.031988372027514700e+01
1.031988372027514700e+01
1.031988372027514700e+01
1.031988372027514700e+01
1.031988372027514700e+01
1.031988372027514700e+01
1.031988372027514700e+01
1.031988372027514700e+01
1.031988372027514700e+01
1.031988372027514700e+01
1.031988372027514700e+01
1.031988372027514700e+01
1.031988372027514700e+01
1.031988372027514700e+01
1.031988372027514700e+01
1.031988372027514700e+01
1.031988372027514700e+01
1.031988372027514700e+01
1.031988372027514700e+01
1.031988372027514700e+01
1.031988372027514700e+01
1.031988372027514700e+01
1.031988372027514700e+01
1.031988372027514700e+01
1.031988372027514700e+01
1.031988372027514700e+01
1.031988372027514700e+01
1.031988372027514700e+01
1.031988372027514700e+01
1.031988372027514700e+01
1.031988372027514700e+01
1.031988372027514700e+01
1.031988372027514700e+01
1.031988372027514700e+01
1.031988372027514700e+01
1.031988372027514700e+01
1.031988372027514700e+01
1.031988372027514700e+01
1.031988372027514700e+01
1.031988372027514700e+01
1.031988372027514700e+01
1.031988372027514700e+01
1.031988372027514700e+01
1.031988372027514700e+01
1.031988372027514700e+01
1.031988372027514700e+01
1.031988372027514700e+01
1.031988372027514700e+01
1.031988372027514700e+01
1.031988372027514700e+01
1.031988372027514700e+01
1.031988372027514700e+01
1.031988372027514700e+01
1.031988372027514700e+01
1.031988372027514700e+01
1.031988372027514700e+01
1.031988372027514700e+01
1.031988372027514700e+01
1.031988372027514700e+01
1.036822067666386005e+01
1.036822067666386005e+01
1.036822067666386005e+01
1.036822067666386005e+01
1.036822067666386005e+01
1.036822067666386005e+01
1.036822067666386005e+01
1.036822067666386005e+01
1.036822067666386005e+01
1.036822067666386005e+01
1.036822067666386005e+01
1.036822067666386005e+01
1.036822067666386005e+01
1.036822067666386005e+01
1.036822067666386005e+01
1.036822067666386005e+01
1.036822067666386005e+01
1.036822067666386005e+01
1.036822067666386005e+01
1.036822067666386005e+01
1.036822067666386005e+01
1.036822067666386005e+01
1.036822067666386005e+01
1.036822067666386005e+01
1.036822067666386005e+01
1.036822067666386005e+01
1.036822067666386005e+01
1.036822067666386005e+01
1.036822067666386005e+01
1.036822067666386005e+01
1.036822067666386005e+01
1.036822067666386005e+01
1.036822067666386005e+01
1.036822067666386005e+01
1.036822067666386005e+01
1.036822067666386005e+01
1.036822067666386005e+01
1.036822067666386005e+01
1.036822067666386005e+01
1.036822067666386005e+01
1.036822067666386005e+01
1.036822067666386005e+01
1.036822067666386005e+01
1.036822067666386005e+01
1.036822067666386005e+01
1.036822067666386005e+01
1.036822067666386005e+01
1.036822067666386005e+01
1.041633332799982981e+01
1.041633332799982981e+01
1.041633332799982981e+01
1.041633332799982981e+01
1.041633332799982981e+01
1.041633332799982981e+01
1.041633332799982981e+01
1.041633332799982981e+01
1.041633332799982981e+01
1.041633332799982981e+01
1.041633332799982981e+01
1.041633332799982981e+01
1.041633332799982981e+01
1.041633332799982981e+01
1.041633332799982981e+01
1.041633332799982981e+01
1.041633332799982981e+01
1.041633332799982981e+01
1.041633332799982981e+01
1.041633332799982981e+01
1.041633332799982981e+01
1.041633332799982981e+01
1.041633332799982981e+01
1.041633332799982981e+01
1.041633332799982981e+01
1.041633332799982981e+01
1.041633332799982981e+01
1.041633332799982981e+01
1.041633332799982981e+01
1.041633332799982981e+01
1.041633332799982981e+01
1.041633332799982981e+01
1.041633332799982981e+01
1.041633332799982981e+01
1.041633332799982981e+01
1.041633332799982981e+01
1.041633332799982981e+01
1.041633332799982981e+01
1.041633332799982981e+01
1.041633332799982981e+01
1.041633332799982981e+01
1.041633332799982981e+01
1.041633332799982981e+01
1.041633332799982981e+01
1.041633332799982981e+01
1.041633332799982981e+01
1.041633332799982981e+01
1.041633332799982981e+01
1.041633332799982981e+01
1.041633332799982981e+01
1.041633332799982981e+01
1.041633332799982981e+01
1.041633332799982981e+01
1.041633332799982981e+01
1.041633332799982981e+01
1.041633332799982981e+01
1.041633332799982981e+01
1.041633332799982981e+01
1.041633332799982981e+01
1.041633332799982981e+01
1.041633332799982981e+01
1.041633332799982981e+01
1.041633332799982981e+01
1.041633332799982981e+01
1.041633332799982981e+01
1.041633332799982981e+01
1.041633332799982981e+01
1.041633332799982981e+01
1.041633332799982981e+01
1.041633332799982981e+01
1.041633332799982981e+01
1.041633332799982981e+01
1.041633332799982981e+01
1.041633332799982981e+01
1.041633332799982981e+01
1.041633332799982981e+01
1.041633332799982981e+01
1.041633332799982981e+01
1.041633332799982981e+01
1.041633332799982981e+01
1.041633332799982981e+01
1.041633332799982981e+01
1.041633332799982981e+01
1.041633332799982981e+01
1.041633332799982981e+01
1.041633332799982981e+01
1.041633332799982981e+01
1.041633332799982981e+01
1.041633332799982981e+01
1.041633332799982981e+01
1.041633332799982981e+01
1.041633332799982981e+01
1.041633332799982981e+01
1.041633332799982981e+01
1.041633332799982981e+01
1.041633332799982981e+01
1.046422476822817416e+01
1.046422476822817416e+01
1.046422476822817416e+01
1.046422476822817416e+01
1.046422476822817416e+01
1.046422476822817416e+01
1.046422476822817416e+01
1.046422476822817416e+01
1.046422476822817416e+01
1.046422476822817416e+01
1.046422476822817416e+01
1.046422476822817416e+01
1.046422476822817416e+01
1.046422476822817416e+01
1.046422476822817416e+01
1.046422476822817416e+01
1.046422476822817416e+01
1.046422476822817416e+01
1.046422476822817416e+01
1.046422476822817416e+01
1.046422476822817416e+01
1.046422476822817416e+01
1.046422476822817416e+01
1.046422476822817416e+01
1.046422476822817416e+01
1.046422476822817416e+01
1.046422476822817416e+01
1.046422476822817416e+01
1.046422476822817416e+01
1.046422476822817416e+01
1.046422476822817416e+01
1.046422476822817416e+01
1.051189802081431957e+01
1.051189802081431957e+01
1.051189802081431957e+01
1.051189802081431957e+01
1.051189802081431957e+01
1.051189802081431957e+01
1.051189802081431957e+01
1.051189802081431957e+01
1.051189802081431957e+01
1.051189802081431957e+01
1.051189802081431957e+01
1.051189802081431957e+01
1.051189802081431957e+01
1.051189802081431957e+01
1.051189802081431957e+01
1.051189802081431957e+01
1.051189802081431957e+01
1.051189802081431957e+01
1.051189802081431957e+01
1.051189802081431957e+01
1.051189802081431957e+01
1.051189802081431957e+01
1.051189802081431957e+01
1.051189802081431957e+01
1.051189802081431957e+01
1.051189802081431957e+01
1.051189802081431957e+01
1.051189802081431957e+01
1.051189802081431957e+01
1.051189802081431957e+01
1.051189802081431957e+01
1.051189802081431957e+01
1.055935604097143710e+01
1.055935604097143710e+01
1.055935604097143710e+01
1.055935604097143710e+01
1.055935604097143710e+01
1.055935604097143710e+01
1.055935604097143710e+01
1.055935604097143710e+01
1.055935604097143710e+01
1.055935604097143710e+01
1.055935604097143710e+01
1.055935604097143710e+01
1.055935604097143710e+01
1.055935604097143710e+01
1.055935604097143710e+01
1.055935604097143710e+01
1.055935604097143710e+01
1.055935604097143710e+01
1.055935604097143710e+01
1.055935604097143710e+01
1.055935604097143710e+01
1.055935604097143710e+01
1.055935604097143710e+01
1.055935604097143710e+01
1.055935604097143710e+01
1.055935604097143710e+01
1.055935604097143710e+01
1.055935604097143710e+01
1.055935604097143710e+01
1.055935604097143710e+01
1.055935604097143710e+01
1.055935604097143710e+01
1.055935604097143710e+01
1.055935604097143710e+01
1.055935604097143710e+01
1.055935604097143710e+01
1.055935604097143710e+01
1.055935604097143710e+01
1.055935604097143710e+01
1.055935604097143710e+01
1.055935604097143710e+01
1.055935604097143710e+01
1.055935604097143710e+01
1.055935604097143710e+01
1.055935604097143710e+01
1.055935604097143710e+01
1.055935604097143710e+01
1.055935604097143710e+01
1.055935604097143710e+01
1.055935604097143710e+01
1.055935604097143710e+01
1.055935604097143710e+01
1.055935604097143710e+01
1.055935604097143710e+01
1.055935604097143710e+01
1.055935604097143710e+01
1.055935604097143710e+01
1.055935604097143710e+01
1.055935604097143710e+01
1.055935604097143710e+01
1.055935604097143710e+01
1.055935604097143710e+01
1.055935604097143710e+01
1.055935604097143710e+01
1.055935604097143710e+01
1.055935604097143710e+01
1.055935604097143710e+01
1.055935604097143710e+01
1.055935604097143710e+01
1.055935604097143710e+01
1.055935604097143710e+01
1.055935604097143710e+01
1.055935604097143710e+01
1.055935604097143710e+01
1.055935604097143710e+01
1.055935604097143710e+01
1.055935604097143710e+01
1.055935604097143710e+01
1.055935604097143710e+01
1.055935604097143710e+01
1.055935604097143710e+01
1.055935604097143710e+01
1.055935604097143710e+01
1.055935604097143710e+01
1.055935604097143710e+01
1.055935604097143710e+01
1.055935604097143710e+01
1.055935604097143710e+01
1.055935604097143710e+01
1.055935604097143710e+01
1.055935604097143710e+01
1.055935604097143710e+01
1.055935604097143710e+01
1.055935604097143710e+01
1.055935604097143710e+01
1.055935604097143710e+01
1.055935604097143710e+01
1.055935604097143710e+01
1.055935604097143710e+01
1.055935604097143710e+01
1.055935604097143710e+01
1.055935604097143710e+01
1.055935604097143710e+01
1.055935604097143710e+01
1.055935604097143710e+01
1.055935604097143710e+01
1.055935604097143710e+01
1.055935604097143710e+01
1.055935604097143710e+01
1.055935604097143710e+01
1.055935604097143710e+01
1.055935604097143710e+01
1.055935604097143710e+01
1.055935604097143710e+01
1.055935604097143710e+01
1.055935604097143710e+01
1.055935604097143710e+01
1.055935604097143710e+01
1.055935604097143710e+01
1.055935604097143710e+01
1.055935604097143710e+01
1.055935604097143710e+01
1.055935604097143710e+01
1.055935604097143710e+01
1.055935604097143710e+01
1.055935604097143710e+01
1.055935604097143710e+01
1.055935604097143710e+01
1.060660171779821326e+01
1.060660171779821326e+01
1.060660171779821326e+01
1.060660171779821326e+01
1.060660171779821326e+01
1.060660171779821326e+01
1.060660171779821326e+01
1.060660171779821326e+01
1.060660171779821326e+01
1.060660171779821326e+01
1.060660171779821326e+01
1.060660171779821326e+01
1.060660171779821326e+01
1.060660171779821326e+01
1.060660171779821326e+01
1.060660171779821326e+01
1.060660171779821326e+01
1.060660171779821326e+01
1.060660171779821326e+01
1.060660171779821326e+01
1.060660171779821326e+01
1.060660171779821326e+01
1.060660171779821326e+01
1.060660171779821326e+01
1.060660171779821326e+01
1.060660171779821326e+01
1.060660171779821326e+01
1.060660171779821326e+01
1.060660171779821326e+01
1.060660171779821326e+01
1.060660171779821326e+01
1.060660171779821326e+01
1.060660171779821326e+01
1.060660171779821326e+01
1.060660171779821326e+01
1.060660171779821326e+01
1.060660171779821326e+01
1.060660171779821326e+01
1.060660171779821326e+01
1.060660171779821326e+01
1.060660171779821326e+01
1.060660171779821326e+01
1.060660171779821326e+01
1.060660171779821326e+01
1.060660171779821326e+01
1.060660171779821326e+01
1.060660171779821326e+01
1.060660171779821326e+01
1.060660171779821326e+01
1.060660171779821326e+01
1.060660171779821326e+01
1.060660171779821326e+01
1.060660171779821326e+01
1.060660171779821326e+01
1.060660171779821326e+01
1.060660171779821326e+01
1.060660171779821326e+01
1.060660171779821326e+01
1.060660171779821326e+01
1.060660171779821326e+01
1.060660171779821326e+01
1.060660171779821326e+01
1.060660171779821326e+01
1.060660171779821326e+01
1.060660171779821326e+01
1.060660171779821326e+01
1.060660171779821326e+01
1.060660171779821326e+01
1.060660171779821326e+01
1.060660171779821326e+01
1.060660171779821326e+01
1.060660171779821326e+01
1.060660171779821326e+01
1.060660171779821326e+01
1.060660171779821326e+01
1.060660171779821326e+01
1.060660171779821326e+01
1.060660171779821326e+01
1.060660171779821326e+01
1.060660171779821326e+01
1.060660171779821326e+01
1.060660171779821326e+01
1.060660171779821326e+01
1.060660171779821326e+01
1.065363787633125803e+01
1.065363787633125803e+01
1.065363787633125803e+01
1.065363787633125803e+01
1.065363787633125803e+01
1.065363787633125803e+01
1.065363787633125803e+01
1.065363787633125803e+01
1.065363787633125803e+01
1.065363787633125803e+01
1.065363787633125803e+01
1.065363787633125803e+01
1.065363787633125803e+01
1.065363787633125803e+01
1.065363787633125803e+01
1.065363787633125803e+01
1.065363787633125803e+01
1.065363787633125803e+01
1.065363787633125803e+01
1.065363787633125803e+01
1.065363787633125803e+01
1.065363787633125803e+01
1.065363787633125803e+01
1.065363787633125803e+01
1.065363787633125803e+01
1.065363787633125803e+01
1.065363787633125803e+01
1.065363787633125803e+01
1.065363787633125803e+01
1.065363787633125803e+01
1.065363787633125803e+01
1.065363787633125803e+01
1.065363787633125803e+01
1.065363787633125803e+01
1.065363787633125803e+01
1.065363787633125803e+01
1.065363787633125803e+01
1.065363787633125803e+01
1.065363787633125803e+01
1.065363787633125803e+01
1.065363787633125803e+01
1.065363787633125803e+01
1.065363787633125803e+01
1.065363787633125803e+01
1.065363787633125803e+01
1.065363787633125803e+01
1.065363787633125803e+01
1.065363787633125803e+01
1.065363787633125803e+01
1.065363787633125803e+01
1.065363787633125803e+01
1.065363787633125803e+01
1.065363787633125803e+01
1.065363787633125803e+01
1.065363787633125803e+01
1.065363787633125803e+01
1.070046727951634757e+01
1.070046727951634757e+01
1.070046727951634757e+01
1.070046727951634757e+01
1.070046727951634757e+01
1.070046727951634757e+01
1.070046727951634757e+01
1.070046727951634757e+01
1.070046727951634757e+01
1.070046727951634757e+01
1.070046727951634757e+01
1.070046727951634757e+01
1.070046727951634757e+01
1.070046727951634757e+01
1.070046727951634757e+01
1.070046727951634757e+01
1.070046727951634757e+01
1.070046727951634757e+01
1.070046727951634757e+01
1.070046727951634757e+01
1.070046727951634757e+01
1.070046727951634757e+01
1.070046727951634757e+01
1.070046727951634757e+01
1.070046727951634757e+01
1.070046727951634757e+01
1.070046727951634757e+01
1.070046727951634757e+01
1.070046727951634757e+01
1.070046727951634757e+01
1.070046727951634757e+01
1.070046727951634757e+01
1.070046727951634757e+01
1.070046727951634757e+01
1.070046727951634757e+01
1.070046727951634757e+01
1.070046727951634757e+01
1.070046727951634757e+01
1.070046727951634757e+01
1.070046727951634757e+01
1.070046727951634757e+01
1.070046727951634757e+01
1.070046727951634757e+01
1.070046727951634757e+01
1.070046727951634757e+01
1.070046727951634757e+01
1.070046727951634757e+01
1.070046727951634757e+01
1.070046727951634757e+01
1.070046727951634757e+01
1.070046727951634757e+01
1.070046727951634757e+01
1.070046727951634757e+01
1.070046727951634757e+01
1.070046727951634757e+01
1.070046727951634757e+01
1.070046727951634757e+01
1.070046727951634757e+01
1.070046727951634757e+01
1.070046727951634757e+01
1.070046727951634757e+01
1.070046727951634757e+01
1.070046727951634757e+01
1.070046727951634757e+01
1.070046727951634757e+01
1.070046727951634757e+01
1.070046727951634757e+01
1.070046727951634757e+01
1.070046727951634757e+01
1.070046727951634757e+01
1.070046727951634757e+01
1.070046727951634757e+01
1.070046727951634757e+01
1.070046727951634757e+01
1.070046727951634757e+01
1.070046727951634757e+01
1.070046727951634757e+01
1.070046727951634757e+01
1.070046727951634757e+01
1.070046727951634757e+01
1.070046727951634757e+01
1.070046727951634757e+01
1.070046727951634757e+01
1.070046727951634757e+01
1.070046727951634757e+01
1.070046727951634757e+01
1.070046727951634757e+01
1.070046727951634757e+01
1.070046727951634757e+01
1.070046727951634757e+01
1.070046727951634757e+01
1.070046727951634757e+01
1.070046727951634757e+01
1.070046727951634757e+01
1.070046727951634757e+01
1.070046727951634757e+01
1.070046727951634757e+01
1.070046727951634757e+01
1.070046727951634757e+01
1.070046727951634757e+01
1.070046727951634757e+01
1.070046727951634757e+01
1.070046727951634757e+01
1.070046727951634757e+01
1.074709263010233862e+01
1.074709263010233862e+01
1.074709263010233862e+01
1.074709263010233862e+01
1.074709263010233862e+01
1.074709263010233862e+01
1.074709263010233862e+01
1.074709263010233862e+01
1.074709263010233862e+01
1.074709263010233862e+01
1.074709263010233862e+01
1.074709263010233862e+01
1.074709263010233862e+01
1.074709263010233862e+01
1.074709263010233862e+01
1.074709263010233862e+01
1.074709263010233862e+01
1.074709263010233862e+01
1.074709263010233862e+01
1.074709263010233862e+01
1.074709263010233862e+01
1.074709263010233862e+01
1.074709263010233862e+01
1.074709263010233862e+01
1.074709263010233862e+01
1.074709263010233862e+01
1.074709263010233862e+01
1.074709263010233862e+01
1.074709263010233862e+01
1.074709263010233862e+01
1.074709263010233862e+01
1.074709263010233862e+01
1.079351657246145102e+01
1.079351657246145102e+01
1.079351657246145102e+01
1.079351657246145102e+01
1.079351657246145102e+01
1.079351657246145102e+01
1.079351657246145102e+01
1.079351657246145102e+01
1.079351657246145102e+01
1.079351657246145102e+01
1.079351657246145102e+01
1.079351657246145102e+01
1.079351657246145102e+01
1.079351657246145102e+01
1.079351657246145102e+01
1.079351657246145102e+01
1.079351657246145102e+01
1.079351657246145102e+01
1.079351657246145102e+01
1.079351657246145102e+01
1.079351657246145102e+01
1.079351657246145102e+01
1.079351657246145102e+01
1.079351657246145102e+01
1.079351657246145102e+01
1.079351657246145102e+01
1.079351657246145102e+01
1.079351657246145102e+01
1.079351657246145102e+01
1.079351657246145102e+01
1.079351657246145102e+01
1.079351657246145102e+01
1.083974169433940027e+01
1.083974169433940027e+01
1.083974169433940027e+01
1.083974169433940027e+01
1.083974169433940027e+01
1.083974169433940027e+01
1.083974169433940027e+01
1.083974169433940027e+01
1.083974169433940027e+01
1.083974169433940027e+01
1.083974169433940027e+01
1.083974169433940027e+01
1.083974169433940027e+01
1.083974169433940027e+01
1.083974169433940027e+01
1.083974169433940027e+01
1.083974169433940027e+01
1.083974169433940027e+01
1.083974169433940027e+01
1.083974169433940027e+01
1.083974169433940027e+01
1.083974169433940027e+01
1.083974169433940027e+01
1.083974169433940027e+01
1.083974169433940027e+01
1.083974169433940027e+01
1.083974169433940027e+01
1.083974169433940027e+01
1.083974169433940027e+01
1.083974169433940027e+01
1.083974169433940027e+01
1.083974169433940027e+01
1.083974169433940027e+01
1.083974169433940027e+01
1.083974169433940027e+01
1.083974169433940027e+01
1.083974169433940027e+01
1.083974169433940027e+01
1.083974169433940027e+01
1.083974169433940027e+01
1.083974169433940027e+01
1.083974169433940027e+01
1.083974169433940027e+01
1.083974169433940027e+01
1.083974169433940027e+01
1.083974169433940027e+01
1.083974169433940027e+01
1.083974169433940027e+01
1.083974169433940027e+01
1.083974169433940027e+01
1.083974169433940027e+01
1.083974169433940027e+01
1.083974169433940027e+01
1.083974169433940027e+01
1.083974169433940027e+01
1.083974169433940027e+01
1.083974169433940027e+01
1.083974169433940027e+01
1.083974169433940027e+01
1.083974169433940027e+01
1.083974169433940027e+01
1.083974169433940027e+01
1.083974169433940027e+01
1.083974169433940027e+01
1.083974169433940027e+01
1.083974169433940027e+01
1.083974169433940027e+01
1.083974169433940027e+01
1.083974169433940027e+01
1.083974169433940027e+01
1.083974169433940027e+01
1.083974169433940027e+01
1.083974169433940027e+01
1.083974169433940027e+01
1.083974169433940027e+01
1.083974169433940027e+01
1.083974169433940027e+01
1.083974169433940027e+01
1.083974169433940027e+01
1.083974169433940027e+01
1.088577052853861993e+01
1.088577052853861993e+01
1.088577052853861993e+01
1.088577052853861993e+01
1.088577052853861993e+01
1.088577052853861993e+01
1.088577052853861993e+01
1.088577052853861993e+01
1.088577052853861993e+01
1.088577052853861993e+01
1.088577052853861993e+01
1.088577052853861993e+01
1.088577052853861993e+01
1.088577052853861993e+01
1.088577052853861993e+01
1.088577052853861993e+01
1.088577052853861993e+01
1.088577052853861993e+01
1.088577052853861993e+01
1.088577052853861993e+01
1.088577052853861993e+01
1.088577052853861993e+01
1.088577052853861993e+01
1.088577052853861993e+01
1.088577052853861993e+01
1.088577052853861993e+01
1.088577052853861993e+01
1.088577052853861993e+01
1.088577052853861993e+01
1.088577052853861993e+01
1.088577052853861993e+01
1.088577052853861993e+01
1.088577052853861993e+01
1.088577052853861993e+01
1.088577052853861993e+01
1.088577052853861993e+01
1.088577052853861993e+01
1.088577052853861993e+01
1.088577052853861993e+01
1.088577052853861993e+01
1.088577052853861993e+01
1.088577052853861993e+01
1.088577052853861993e+01
1.088577052853861993e+01
1.088577052853861993e+01
1.088577052853861993e+01
1.088577052853861993e+01
1.088577052853861993e+01
1.088577052853861993e+01
1.088577052853861993e+01
1.088577052853861993e+01
1.088577052853861993e+01
1.088577052853861993e+01
1.088577052853861993e+01
1.088577052853861993e+01
1.088577052853861993e+01
1.088577052853861993e+01
1.088577052853861993e+01
1.088577052853861993e+01
1.088577052853861993e+01
1.088577052853861993e+01
1.088577052853861993e+01
1.088577052853861993e+01
1.088577052853861993e+01
1.088577052853861993e+01
1.088577052853861993e+01
1.088577052853861993e+01
1.088577052853861993e+01
1.088577052853861993e+01
1.088577052853861993e+01
1.088577052853861993e+01
1.088577052853861993e+01
1.088577052853861993e+01
1.088577052853861993e+01
1.088577052853861993e+01
1.088577052853861993e+01
1.088577052853861993e+01
1.088577052853861993e+01
1.088577052853861993e+01
1.088577052853861993e+01
1.093160555453772353e+01
1.093160555453772353e+01
1.093160555453772353e+01
1.093160555453772353e+01
1.093160555453772353e+01
1.093160555453772353e+01
1.093160555453772353e+01
1.093160555453772353e+01
1.093160555453772353e+01
1.093160555453772353e+01
1.093160555453772353e+01
1.093160555453772353e+01
1.093160555453772353e+01
1.093160555453772353e+01
1.093160555453772353e+01
1.093160555453772353e+01
1.093160555453772353e+01
1.093160555453772353e+01
1.093160555453772353e+01
1.093160555453772353e+01
1.093160555453772353e+01
1.093160555453772353e+01
1.093160555453772353e+01
1.093160555453772353e+01
1.093160555453772353e+01
1.093160555453772353e+01
1.093160555453772353e+01
1.093160555453772353e+01
1.093160555453772353e+01
1.093160555453772353e+01
1.093160555453772353e+01
1.093160555453772353e+01
1.097724920005007476e+01
1.097724920005007476e+01
1.097724920005007476e+01
1.097724920005007476e+01
1.097724920005007476e+01
1.097724920005007476e+01
1.097724920005007476e+01
1.097724920005007476e+01
1.097724920005007476e+01
1.097724920005007476e+01
1.097724920005007476e+01
1.097724920005007476e+01
1.097724920005007476e+01
1.097724920005007476e+01
1.097724920005007476e+01
1.097724920005007476e+01
1.097724920005007476e+01
1.097724920005007476e+01
1.097724920005007476e+01
1.097724920005007476e+01
1.097724920005007476e+01
1.097724920005007476e+01
1.097724920005007476e+01
1.097724920005007476e+01
1.097724920005007476e+01
1.097724920005007476e+01
1.097724920005007476e+01
1.097724920005007476e+01
1.097724920005007476e+01
1.097724920005007476e+01
1.097724920005007476e+01
1.097724920005007476e+01
1.097724920005007476e+01
1.097724920005007476e+01
1.097724920005007476e+01
1.097724920005007476e+01
1.097724920005007476e+01
1.097724920005007476e+01
1.097724920005007476e+01
1.097724920005007476e+01
1.097724920005007476e+01
1.097724920005007476e+01
1.097724920005007476e+01
1.097724920005007476e+01
1.097724920005007476e+01
1.097724920005007476e+01
1.097724920005007476e+01
1.097724920005007476e+01
1.097724920005007476e+01
1.097724920005007476e+01
1.097724920005007476e+01
1.097724920005007476e+01
1.097724920005007476e+01
1.097724920005007476e+01
1.097724920005007476e+01
1.097724920005007476e+01
1.097724920005007476e+01
1.097724920005007476e+01
1.097724920005007476e+01
1.097724920005007476e+01
1.097724920005007476e+01
1.097724920005007476e+01
1.097724920005007476e+01
1.097724920005007476e+01
1.097724920005007476e+01
1.097724920005007476e+01
1.097724920005007476e+01
1.097724920005007476e+01
1.097724920005007476e+01
1.097724920005007476e+01
1.097724920005007476e+01
1.097724920005007476e+01
1.097724920005007476e+01
1.097724920005007476e+01
1.097724920005007476e+01
1.097724920005007476e+01
1.097724920005007476e+01
1.097724920005007476e+01
1.097724920005007476e+01
1.097724920005007476e+01
1.102270384252430091e+01
1.102270384252430091e+01
1.102270384252430091e+01
1.102270384252430091e+01
1.102270384252430091e+01
1.102270384252430091e+01
1.102270384252430091e+01
1.102270384252430091e+01
1.102270384252430091e+01
1.102270384252430091e+01
1.102270384252430091e+01
1.102270384252430091e+01
1.102270384252430091e+01
1.102270384252430091e+01
1.102270384252430091e+01
1.102270384252430091e+01
1.102270384252430091e+01
1.102270384252430091e+01
1.102270384252430091e+01
1.102270384252430091e+01
1.102270384252430091e+01
1.102270384252430091e+01
1.102270384252430091e+01
1.102270384252430091e+01
1.102270384252430091e+01
1.102270384252430091e+01
1.102270384252430091e+01
1.102270384252430091e+01
1.102270384252430091e+01
1.102270384252430091e+01
1.102270384252430091e+01
1.102270384252430091e+01
1.102270384252430091e+01
1.102270384252430091e+01
1.102270384252430091e+01
1.102270384252430091e+01
1.102270384252430091e+01
1.102270384252430091e+01
1.102270384252430091e+01
1.102270384252430091e+01
1.102270384252430091e+01
1.102270384252430091e+01
1.102270384252430091e+01
1.102270384252430091e+01
1.102270384252430091e+01
1.102270384252430091e+01
1.102270384252430091e+01
1.102270384252430091e+01
1.102270384252430091e+01
1.102270384252430091e+01
1.102270384252430091e+01
1.102270384252430091e+01
1.102270384252430091e+01
1.102270384252430091e+01
1.102270384252430091e+01
1.102270384252430091e+01
1.102270384252430091e+01
1.102270384252430091e+01
1.102270384252430091e+01
1.102270384252430091e+01
1.102270384252430091e+01
1.102270384252430091e+01
1.102270384252430091e+01
1.102270384252430091e+01
1.102270384252430091e+01
1.102270384252430091e+01
1.102270384252430091e+01
1.102270384252430091e+01
1.102270384252430091e+01
1.102270384252430091e+01
1.102270384252430091e+01
1.102270384252430091e+01
1.102270384252430091e+01
1.102270384252430091e+01
1.102270384252430091e+01
1.102270384252430091e+01
1.102270384252430091e+01
1.102270384252430091e+01
1.102270384252430091e+01
1.102270384252430091e+01
1.102270384252430091e+01
1.102270384252430091e+01
1.102270384252430091e+01
1.102270384252430091e+01
1.102270384252430091e+01
1.102270384252430091e+01
1.102270384252430091e+01
1.102270384252430091e+01
1.102270384252430091e+01
1.102270384252430091e+01
1.102270384252430091e+01
1.102270384252430091e+01
1.102270384252430091e+01
1.102270384252430091e+01
1.102270384252430091e+01
1.102270384252430091e+01
1.102270384252430091e+01
1.102270384252430091e+01
1.102270384252430091e+01
1.102270384252430091e+01
1.102270384252430091e+01
1.102270384252430091e+01
1.102270384252430091e+01
1.102270384252430091e+01
1.106797181058932722e+01
1.106797181058932722e+01
1.106797181058932722e+01
1.106797181058932722e+01
1.106797181058932722e+01
1.106797181058932722e+01
1.106797181058932722e+01
1.106797181058932722e+01
1.106797181058932722e+01
1.106797181058932722e+01
1.106797181058932722e+01
1.106797181058932722e+01
1.106797181058932722e+01
1.106797181058932722e+01
1.106797181058932722e+01
1.106797181058932722e+01
1.106797181058932722e+01
1.106797181058932722e+01
1.106797181058932722e+01
1.106797181058932722e+01
1.106797181058932722e+01
1.106797181058932722e+01
1.106797181058932722e+01
1.106797181058932722e+01
1.106797181058932722e+01
1.106797181058932722e+01
1.106797181058932722e+01
1.106797181058932722e+01
1.106797181058932722e+01
1.106797181058932722e+01
1.106797181058932722e+01
1.106797181058932722e+01
1.106797181058932722e+01
1.106797181058932722e+01
1.106797181058932722e+01
1.106797181058932722e+01
1.106797181058932722e+01
1.106797181058932722e+01
1.106797181058932722e+01
1.106797181058932722e+01
1.106797181058932722e+01
1.106797181058932722e+01
1.106797181058932722e+01
1.106797181058932722e+01
1.106797181058932722e+01
1.106797181058932722e+01
1.106797181058932722e+01
1.106797181058932722e+01
1.106797181058932722e+01
1.106797181058932722e+01
1.106797181058932722e+01
1.106797181058932722e+01
1.106797181058932722e+01
1.106797181058932722e+01
1.106797181058932722e+01
1.106797181058932722e+01
1.111305538544643490e+01
1.111305538544643490e+01
1.111305538544643490e+01
1.111305538544643490e+01
1.111305538544643490e+01
1.111305538544643490e+01
1.111305538544643490e+01
1.111305538544643490e+01
1.111305538544643490e+01
1.111305538544643490e+01
1.111305538544643490e+01
1.111305538544643490e+01
1.111305538544643490e+01
1.111305538544643490e+01
1.111305538544643490e+01
1.111305538544643490e+01
1.111305538544643490e+01
1.111305538544643490e+01
1.111305538544643490e+01
1.111305538544643490e+01
1.111305538544643490e+01
1.111305538544643490e+01
1.111305538544643490e+01
1.111305538544643490e+01
1.111305538544643490e+01
1.111305538544643490e+01
1.111305538544643490e+01
1.111305538544643490e+01
1.111305538544643490e+01
1.111305538544643490e+01
1.111305538544643490e+01
1.111305538544643490e+01
1.111305538544643490e+01
1.111305538544643490e+01
1.111305538544643490e+01
1.111305538544643490e+01
1.111305538544643490e+01
1.111305538544643490e+01
1.111305538544643490e+01
1.111305538544643490e+01
1.111305538544643490e+01
1.111305538544643490e+01
1.111305538544643490e+01
1.111305538544643490e+01
1.111305538544643490e+01
1.111305538544643490e+01
1.111305538544643490e+01
1.111305538544643490e+01
1.111305538544643490e+01
1.111305538544643490e+01
1.111305538544643490e+01
1.111305538544643490e+01
1.111305538544643490e+01
1.111305538544643490e+01
1.111305538544643490e+01
1.111305538544643490e+01
1.111305538544643490e+01
1.111305538544643490e+01
1.111305538544643490e+01
1.111305538544643490e+01
1.111305538544643490e+01
1.111305538544643490e+01
1.111305538544643490e+01
1.111305538544643490e+01
1.111305538544643490e+01
1.111305538544643490e+01
1.111305538544643490e+01
1.111305538544643490e+01
1.111305538544643490e+01
1.111305538544643490e+01
1.111305538544643490e+01
1.111305538544643490e+01
1.111305538544643490e+01
1.111305538544643490e+01
1.111305538544643490e+01
1.111305538544643490e+01
1.111305538544643490e+01
1.111305538544643490e+01
1.111305538544643490e+01
1.111305538544643490e+01
1.111305538544643490e+01
1.111305538544643490e+01
1.111305538544643490e+01
1.111305538544643490e+01
1.111305538544643490e+01
1.111305538544643490e+01
1.111305538544643490e+01
1.111305538544643490e+01
1.111305538544643490e+01
1.111305538544643490e+01
1.111305538544643490e+01
1.111305538544643490e+01
1.111305538544643490e+01
1.111305538544643490e+01
1.111305538544643490e+01
1.111305538544643490e+01
1.111305538544643490e+01
1.111305538544643490e+01
1.111305538544643490e+01
1.111305538544643490e+01
1.111305538544643490e+01
1.111305538544643490e+01
1.111305538544643490e+01
1.111305538544643490e+01
1.111305538544643490e+01
1.111305538544643490e+01
1.111305538544643490e+01
1.111305538544643490e+01
1.111305538544643490e+01
1.111305538544643490e+01
1.111305538544643490e+01
1.111305538544643490e+01
1.115795680221069830e+01
1.115795680221069830e+01
1.115795680221069830e+01
1.115795680221069830e+01
1.115795680221069830e+01
1.115795680221069830e+01
1.115795680221069830e+01
1.115795680221069830e+01
1.115795680221069830e+01
1.115795680221069830e+01
1.115795680221069830e+01
1.115795680221069830e+01
1.115795680221069830e+01
1.115795680221069830e+01
1.115795680221069830e+01
1.115795680221069830e+01
1.115795680221069830e+01
1.115795680221069830e+01
1.115795680221069830e+01
1.115795680221069830e+01
1.115795680221069830e+01
1.115795680221069830e+01
1.115795680221069830e+01
1.115795680221069830e+01
1.115795680221069830e+01
1.115795680221069830e+01
1.115795680221069830e+01
1.115795680221069830e+01
1.115795680221069830e+01
1.115795680221069830e+01
1.115795680221069830e+01
1.115795680221069830e+01
1.120267825120403948e+01
1.120267825120403948e+01
1.120267825120403948e+01
1.120267825120403948e+01
1.120267825120403948e+01
1.120267825120403948e+01
1.120267825120403948e+01
1.120267825120403948e+01
1.120267825120403948e+01
1.120267825120403948e+01
1.120267825120403948e+01
1.120267825120403948e+01
1.120267825120403948e+01
1.120267825120403948e+01
1.120267825120403948e+01
1.120267825120403948e+01
1.120267825120403948e+01
1.120267825120403948e+01
1.120267825120403948e+01
1.120267825120403948e+01
1.120267825120403948e+01
1.120267825120403948e+01
1.120267825120403948e+01
1.120267825120403948e+01
1.120267825120403948e+01
1.120267825120403948e+01
1.120267825120403948e+01
1.120267825120403948e+01
1.120267825120403948e+01
1.120267825120403948e+01
1.120267825120403948e+01
1.120267825120403948e+01
1.120267825120403948e+01
1.120267825120403948e+01
1.120267825120403948e+01
1.120267825120403948e+01
1.120267825120403948e+01
1.120267825120403948e+01
1.120267825120403948e+01
1.120267825120403948e+01
1.120267825120403948e+01
1.120267825120403948e+01
1.120267825120403948e+01
1.120267825120403948e+01
1.120267825120403948e+01
1.120267825120403948e+01
1.120267825120403948e+01
1.120267825120403948e+01
1.120267825120403948e+01
1.120267825120403948e+01
1.120267825120403948e+01
1.120267825120403948e+01
1.120267825120403948e+01
1.120267825120403948e+01
1.120267825120403948e+01
1.120267825120403948e+01
1.124722187920199268e+01
1.124722187920199268e+01
1.124722187920199268e+01
1.124722187920199268e+01
1.124722187920199268e+01
1.124722187920199268e+01
1.124722187920199268e+01
1.124722187920199268e+01
1.124722187920199268e+01
1.124722187920199268e+01
1.124722187920199268e+01
1.124722187920199268e+01
1.124722187920199268e+01
1.124722187920199268e+01
1.124722187920199268e+01
1.124722187920199268e+01
1.124722187920199268e+01
1.124722187920199268e+01
1.124722187920199268e+01
1.124722187920199268e+01
1.124722187920199268e+01
1.124722187920199268e+01
1.124722187920199268e+01
1.124722187920199268e+01
1.124722187920199268e+01
1.124722187920199268e+01
1.124722187920199268e+01
1.124722187920199268e+01
1.124722187920199268e+01
1.124722187920199268e+01
1.124722187920199268e+01
1.124722187920199268e+01
1.124722187920199268e+01
1.124722187920199268e+01
1.124722187920199268e+01
1.124722187920199268e+01
1.124722187920199268e+01
1.124722187920199268e+01
1.124722187920199268e+01
1.124722187920199268e+01
1.124722187920199268e+01
1.124722187920199268e+01
1.124722187920199268e+01
1.124722187920199268e+01
1.124722187920199268e+01
1.124722187920199268e+01
1.124722187920199268e+01
1.124722187920199268e+01
1.124722187920199268e+01
1.124722187920199268e+01
1.124722187920199268e+01
1.124722187920199268e+01
1.124722187920199268e+01
1.124722187920199268e+01
1.124722187920199268e+01
1.124722187920199268e+01
1.124722187920199268e+01
1.124722187920199268e+01
1.124722187920199268e+01
1.124722187920199268e+01
1.124722187920199268e+01
1.124722187920199268e+01
1.124722187920199268e+01
1.124722187920199268e+01
1.124722187920199268e+01
1.124722187920199268e+01
1.124722187920199268e+01
1.124722187920199268e+01
1.124722187920199268e+01
1.124722187920199268e+01
1.124722187920199268e+01
1.124722187920199268e+01
1.124722187920199268e+01
1.124722187920199268e+01
1.124722187920199268e+01
1.124722187920199268e+01
1.124722187920199268e+01
1.124722187920199268e+01
1.124722187920199268e+01
1.124722187920199268e+01
1.124722187920199268e+01
1.124722187920199268e+01
1.124722187920199268e+01
1.124722187920199268e+01
1.124722187920199268e+01
1.124722187920199268e+01
1.124722187920199268e+01
1.124722187920199268e+01
1.124722187920199268e+01
1.124722187920199268e+01
1.124722187920199268e+01
1.124722187920199268e+01
1.124722187920199268e+01
1.124722187920199268e+01
1.124722187920199268e+01
1.124722187920199268e+01
1.124722187920199268e+01
1.124722187920199268e+01
1.124722187920199268e+01
1.124722187920199268e+01
1.124722187920199268e+01
1.124722187920199268e+01
1.124722187920199268e+01
1.124722187920199268e+01
1.124722187920199268e+01
1.124722187920199268e+01
1.124722187920199268e+01
1.124722187920199268e+01
1.124722187920199268e+01
1.124722187920199268e+01
1.124722187920199268e+01
1.124722187920199268e+01
1.129158979063621437e+01
1.129158979063621437e+01
1.129158979063621437e+01
1.129158979063621437e+01
1.129158979063621437e+01
1.129158979063621437e+01
1.129158979063621437e+01
1.129158979063621437e+01
1.129158979063621437e+01
1.129158979063621437e+01
1.129158979063621437e+01
1.129158979063621437e+01
1.129158979063621437e+01
1.129158979063621437e+01
1.129158979063621437e+01
1.129158979063621437e+01
1.129158979063621437e+01
1.129158979063621437e+01
1.129158979063621437e+01
1.129158979063621437e+01
1.129158979063621437e+01
1.129158979063621437e+01
1.129158979063621437e+01
1.129158979063621437e+01
1.129158979063621437e+01
1.129158979063621437e+01
1.129158979063621437e+01
1.129158979063621437e+01
1.129158979063621437e+01
1.129158979063621437e+01
1.129158979063621437e+01
1.129158979063621437e+01
1.129158979063621437e+01
1.129158979063621437e+01
1.129158979063621437e+01
1.129158979063621437e+01
1.129158979063621437e+01
1.129158979063621437e+01
1.129158979063621437e+01
1.129158979063621437e+01
1.129158979063621437e+01
1.129158979063621437e+01
1.129158979063621437e+01
1.129158979063621437e+01
1.129158979063621437e+01
1.129158979063621437e+01
1.129158979063621437e+01
1.129158979063621437e+01
1.129158979063621437e+01
1.129158979063621437e+01
1.129158979063621437e+01
1.129158979063621437e+01
1.129158979063621437e+01
1.129158979063621437e+01
1.129158979063621437e+01
1.129158979063621437e+01
1.129158979063621437e+01
1.129158979063621437e+01
1.129158979063621437e+01
1.129158979063621437e+01
1.129158979063621437e+01
1.129158979063621437e+01
1.129158979063621437e+01
1.129158979063621437e+01
1.133578404875463441e+01
1.133578404875463441e+01
1.133578404875463441e+01
1.133578404875463441e+01
1.133578404875463441e+01
1.133578404875463441e+01
1.133578404875463441e+01
1.133578404875463441e+01
1.133578404875463441e+01
1.133578404875463441e+01
1.133578404875463441e+01
1.133578404875463441e+01
1.133578404875463441e+01
1.133578404875463441e+01
1.133578404875463441e+01
1.133578404875463441e+01
1.133578404875463441e+01
1.133578404875463441e+01
1.133578404875463441e+01
1.133578404875463441e+01
1.133578404875463441e+01
1.133578404875463441e+01
1.133578404875463441e+01
1.133578404875463441e+01
1.133578404875463441e+01
1.133578404875463441e+01
1.133578404875463441e+01
1.133578404875463441e+01
1.133578404875463441e+01
1.133578404875463441e+01
1.133578404875463441e+01
1.133578404875463441e+01
1.133578404875463441e+01
1.133578404875463441e+01
1.133578404875463441e+01
1.133578404875463441e+01
1.133578404875463441e+01
1.133578404875463441e+01
1.133578404875463441e+01
1.133578404875463441e+01
1.133578404875463441e+01
1.133578404875463441e+01
1.133578404875463441e+01
1.133578404875463441e+01
1.133578404875463441e+01
1.133578404875463441e+01
1.133578404875463441e+01
1.133578404875463441e+01
1.133578404875463441e+01
1.133578404875463441e+01
1.133578404875463441e+01
1.133578404875463441e+01
1.133578404875463441e+01
1.133578404875463441e+01
1.133578404875463441e+01
1.133578404875463441e+01
1.133578404875463441e+01
1.133578404875463441e+01
1.133578404875463441e+01
1.133578404875463441e+01
1.133578404875463441e+01
1.133578404875463441e+01
1.133578404875463441e+01
1.133578404875463441e+01
1.137980667674104218e+01
1.137980667674104218e+01
1.137980667674104218e+01
1.137980667674104218e+01
1.137980667674104218e+01
1.137980667674104218e+01
1.137980667674104218e+01
1.137980667674104218e+01
1.137980667674104218e+01
1.137980667674104218e+01
1.137980667674104218e+01
1.137980667674104218e+01
1.137980667674104218e+01
1.137980667674104218e+01
1.137980667674104218e+01
1.137980667674104218e+01
1.137980667674104218e+01
1.137980667674104218e+01
1.137980667674104218e+01
1.137980667674104218e+01
1.137980667674104218e+01
1.137980667674104218e+01
1.137980667674104218e+01
1.137980667674104218e+01
1.137980667674104218e+01
1.137980667674104218e+01
1.137980667674104218e+01
1.137980667674104218e+01
1.137980667674104218e+01
1.137980667674104218e+01
1.137980667674104218e+01
1.137980667674104218e+01
1.137980667674104218e+01
1.137980667674104218e+01
1.137980667674104218e+01
1.137980667674104218e+01
1.137980667674104218e+01
1.137980667674104218e+01
1.137980667674104218e+01
1.137980667674104218e+01
1.137980667674104218e+01
1.137980667674104218e+01
1.137980667674104218e+01
1.137980667674104218e+01
1.137980667674104218e+01
1.137980667674104218e+01
1.137980667674104218e+01
1.137980667674104218e+01
1.137980667674104218e+01
1.137980667674104218e+01
1.137980667674104218e+01
1.137980667674104218e+01
1.137980667674104218e+01
1.137980667674104218e+01
1.137980667674104218e+01
1.137980667674104218e+01
1.137980667674104218e+01
1.137980667674104218e+01
1.137980667674104218e+01
1.137980667674104218e+01
1.137980667674104218e+01
1.137980667674104218e+01
1.137980667674104218e+01
1.137980667674104218e+01
1.142365965879586298e+01
1.142365965879586298e+01
1.142365965879586298e+01
1.142365965879586298e+01
1.142365965879586298e+01
1.142365965879586298e+01
1.142365965879586298e+01
1.142365965879586298e+01
1.142365965879586298e+01
1.142365965879586298e+01
1.142365965879586298e+01
1.142365965879586298e+01
1.142365965879586298e+01
1.142365965879586298e+01
1.142365965879586298e+01
1.142365965879586298e+01
1.142365965879586298e+01
1.142365965879586298e+01
1.142365965879586298e+01
1.142365965879586298e+01
1.142365965879586298e+01
1.142365965879586298e+01
1.142365965879586298e+01
1.142365965879586298e+01
1.142365965879586298e+01
1.142365965879586298e+01
1.142365965879586298e+01
1.142365965879586298e+01
1.142365965879586298e+01
1.142365965879586298e+01
1.142365965879586298e+01
1.142365965879586298e+01
1.142365965879586298e+01
1.142365965879586298e+01
1.142365965879586298e+01
1.142365965879586298e+01
1.142365965879586298e+01
1.142365965879586298e+01
1.142365965879586298e+01
1.142365965879586298e+01
1.146734494117971437e+01
1.146734494117971437e+01
1.146734494117971437e+01
1.146734494117971437e+01
1.146734494117971437e+01
1.146734494117971437e+01
1.146734494117971437e+01
1.146734494117971437e+01
1.146734494117971437e+01
1.146734494117971437e+01
1.146734494117971437e+01
1.146734494117971437e+01
1.146734494117971437e+01
1.146734494117971437e+01
1.146734494117971437e+01
1.146734494117971437e+01
1.146734494117971437e+01
1.146734494117971437e+01
1.146734494117971437e+01
1.146734494117971437e+01
1.146734494117971437e+01
1.146734494117971437e+01
1.146734494117971437e+01
1.146734494117971437e+01
1.146734494117971437e+01
1.146734494117971437e+01
1.146734494117971437e+01
1.146734494117971437e+01
1.146734494117971437e+01
1.146734494117971437e+01
1.146734494117971437e+01
1.146734494117971437e+01
1.146734494117971437e+01
1.146734494117971437e+01
1.146734494117971437e+01
1.146734494117971437e+01
1.146734494117971437e+01
1.146734494117971437e+01
1.146734494117971437e+01
1.146734494117971437e+01
1.146734494117971437e+01
1.146734494117971437e+01
1.146734494117971437e+01
1.146734494117971437e+01
1.146734494117971437e+01
1.146734494117971437e+01
1.146734494117971437e+01
1.146734494117971437e+01
1.151086443322133768e+01
1.151086443322133768e+01
1.151086443322133768e+01
1.151086443322133768e+01
1.151086443322133768e+01
1.151086443322133768e+01
1.151086443322133768e+01
1.151086443322133768e+01
1.151086443322133768e+01
1.151086443322133768e+01
1.151086443322133768e+01
1.151086443322133768e+01
1.151086443322133768e+01
1.151086443322133768e+01
1.151086443322133768e+01
1.151086443322133768e+01
1.151086443322133768e+01
1.151086443322133768e+01
1.151086443322133768e+01
1.151086443322133768e+01
1.151086443322133768e+01
1.151086443322133768e+01
1.151086443322133768e+01
1.151086443322133768e+01
1.151086443322133768e+01
1.151086443322133768e+01
1.151086443322133768e+01
1.151086443322133768e+01
1.151086443322133768e+01
1.151086443322133768e+01
1.151086443322133768e+01
1.151086443322133768e+01
1.151086443322133768e+01
1.151086443322133768e+01
1.151086443322133768e+01
1.151086443322133768e+01
1.151086443322133768e+01
1.151086443322133768e+01
1.151086443322133768e+01
1.151086443322133768e+01
1.151086443322133768e+01
1.151086443322133768e+01
1.151086443322133768e+01
1.151086443322133768e+01
1.151086443322133768e+01
1.151086443322133768e+01
1.151086443322133768e+01
1.151086443322133768e+01
1.151086443322133768e+01
1.151086443322133768e+01
1.151086443322133768e+01
1.151086443322133768e+01
1.151086443322133768e+01
1.151086443322133768e+01
1.151086443322133768e+01
1.151086443322133768e+01
1.151086443322133768e+01
1.151086443322133768e+01
1.151086443322133768e+01
1.151086443322133768e+01
1.151086443322133768e+01
1.151086443322133768e+01
1.151086443322133768e+01
1.151086443322133768e+01
1.151086443322133768e+01
1.151086443322133768e+01
1.151086443322133768e+01
1.151086443322133768e+01
1.151086443322133768e+01
1.151086443322133768e+01
1.151086443322133768e+01
1.151086443322133768e+01
1.151086443322133768e+01
1.151086443322133768e+01
1.151086443322133768e+01
1.151086443322133768e+01
1.151086443322133768e+01
1.151086443322133768e+01
1.151086443322133768e+01
1.151086443322133768e+01
1.151086443322133768e+01
1.151086443322133768e+01
1.151086443322133768e+01
1.151086443322133768e+01
1.151086443322133768e+01
1.151086443322133768e+01
1.151086443322133768e+01
1.151086443322133768e+01
1.151086443322133768e+01
1.151086443322133768e+01
1.151086443322133768e+01
1.151086443322133768e+01
1.151086443322133768e+01
1.151086443322133768e+01
1.151086443322133768e+01
1.151086443322133768e+01
1.151086443322133768e+01
1.151086443322133768e+01
1.151086443322133768e+01
1.151086443322133768e+01
1.151086443322133768e+01
1.151086443322133768e+01
1.151086443322133768e+01
1.151086443322133768e+01
1.151086443322133768e+01
1.151086443322133768e+01
1.151086443322133768e+01
1.151086443322133768e+01
1.155422000829134355e+01
1.155422000829134355e+01
1.155422000829134355e+01
1.155422000829134355e+01
1.155422000829134355e+01
1.155422000829134355e+01
1.155422000829134355e+01
1.155422000829134355e+01
1.155422000829134355e+01
1.155422000829134355e+01
1.155422000829134355e+01
1.155422000829134355e+01
1.155422000829134355e+01
1.155422000829134355e+01
1.155422000829134355e+01
1.155422000829134355e+01
1.155422000829134355e+01
1.155422000829134355e+01
1.155422000829134355e+01
1.155422000829134355e+01
1.155422000829134355e+01
1.155422000829134355e+01
1.155422000829134355e+01
1.155422000829134355e+01
1.155422000829134355e+01
1.155422000829134355e+01
1.155422000829134355e+01
1.155422000829134355e+01
1.155422000829134355e+01
1.155422000829134355e+01
1.155422000829134355e+01
1.155422000829134355e+01
1.155422000829134355e+01
1.155422000829134355e+01
1.155422000829134355e+01
1.155422000829134355e+01
1.155422000829134355e+01
1.155422000829134355e+01
1.155422000829134355e+01
1.155422000829134355e+01
1.155422000829134355e+01
1.155422000829134355e+01
1.155422000829134355e+01
1.155422000829134355e+01
1.155422000829134355e+01
1.155422000829134355e+01
1.155422000829134355e+01
1.155422000829134355e+01
1.155422000829134355e+01
1.155422000829134355e+01
1.155422000829134355e+01
1.155422000829134355e+01
1.155422000829134355e+01
1.155422000829134355e+01
1.155422000829134355e+01
1.155422000829134355e+01
1.155422000829134355e+01
1.155422000829134355e+01
1.155422000829134355e+01
1.155422000829134355e+01
1.155422000829134355e+01
1.155422000829134355e+01
1.155422000829134355e+01
1.155422000829134355e+01
1.155422000829134355e+01
1.155422000829134355e+01
1.155422000829134355e+01
1.155422000829134355e+01
1.155422000829134355e+01
1.155422000829134355e+01
1.155422000829134355e+01
1.155422000829134355e+01
1.159741350474320143e+01
1.159741350474320143e+01
1.159741350474320143e+01
1.159741350474320143e+01
1.159741350474320143e+01
1.159741350474320143e+01
1.159741350474320143e+01
1.159741350474320143e+01
1.159741350474320143e+01
1.159741350474320143e+01
1.159741350474320143e+01
1.159741350474320143e+01
1.159741350474320143e+01
1.159741350474320143e+01
1.159741350474320143e+01
1.159741350474320143e+01
1.159741350474320143e+01
1.159741350474320143e+01
1.159741350474320143e+01
1.159741350474320143e+01
1.159741350474320143e+01
1.159741350474320143e+01
1.159741350474320143e+01
1.159741350474320143e+01
1.159741350474320143e+01
1.159741350474320143e+01
1.159741350474320143e+01
1.159741350474320143e+01
1.159741350474320143e+01
1.159741350474320143e+01
1.159741350474320143e+01
1.159741350474320143e+01
1.159741350474320143e+01
1.159741350474320143e+01
1.159741350474320143e+01
1.159741350474320143e+01
1.164044672682281600e+01
1.164044672682281600e+01
1.164044672682281600e+01
1.164044672682281600e+01
1.164044672682281600e+01
1.164044672682281600e+01
1.164044672682281600e+01
1.164044672682281600e+01
1.164044672682281600e+01
1.164044672682281600e+01
1.164044672682281600e+01
1.164044672682281600e+01
1.164044672682281600e+01
1.164044672682281600e+01
1.164044672682281600e+01
1.164044672682281600e+01
1.164044672682281600e+01
1.164044672682281600e+01
1.164044672682281600e+01
1.164044672682281600e+01
1.164044672682281600e+01
1.164044672682281600e+01
1.164044672682281600e+01
1.164044672682281600e+01
1.164044672682281600e+01
1.164044672682281600e+01
1.164044672682281600e+01
1.164044672682281600e+01
1.164044672682281600e+01
1.164044672682281600e+01
1.164044672682281600e+01
1.164044672682281600e+01
1.164044672682281600e+01
1.164044672682281600e+01
1.164044672682281600e+01
1.164044672682281600e+01
1.164044672682281600e+01
1.164044672682281600e+01
1.164044672682281600e+01
1.164044672682281600e+01
1.164044672682281600e+01
1.164044672682281600e+01
1.164044672682281600e+01
1.164044672682281600e+01
1.164044672682281600e+01
1.164044672682281600e+01
1.164044672682281600e+01
1.164044672682281600e+01
1.164044672682281600e+01
1.164044672682281600e+01
1.164044672682281600e+01
1.164044672682281600e+01
1.164044672682281600e+01
1.164044672682281600e+01
1.164044672682281600e+01
1.164044672682281600e+01
1.164044672682281600e+01
1.164044672682281600e+01
1.164044672682281600e+01
1.164044672682281600e+01
1.164044672682281600e+01
1.164044672682281600e+01
1.164044672682281600e+01
1.164044672682281600e+01
1.164044672682281600e+01
1.164044672682281600e+01
1.164044672682281600e+01
1.164044672682281600e+01
1.164044672682281600e+01
1.164044672682281600e+01
1.164044672682281600e+01
1.164044672682281600e+01
1.164044672682281600e+01
1.164044672682281600e+01
1.164044672682281600e+01
1.164044672682281600e+01
1.164044672682281600e+01
1.164044672682281600e+01
1.164044672682281600e+01
1.164044672682281600e+01
1.164044672682281600e+01
1.164044672682281600e+01
1.164044672682281600e+01
1.164044672682281600e+01
1.164044672682281600e+01
1.164044672682281600e+01
1.164044672682281600e+01
1.164044672682281600e+01
1.168332144554792329e+01
1.168332144554792329e+01
1.168332144554792329e+01
1.168332144554792329e+01
1.168332144554792329e+01
1.168332144554792329e+01
1.168332144554792329e+01
1.168332144554792329e+01
1.168332144554792329e+01
1.168332144554792329e+01
1.168332144554792329e+01
1.168332144554792329e+01
1.168332144554792329e+01
1.168332144554792329e+01
1.168332144554792329e+01
1.168332144554792329e+01
1.168332144554792329e+01
1.168332144554792329e+01
1.168332144554792329e+01
1.168332144554792329e+01
1.168332144554792329e+01
1.168332144554792329e+01
1.168332144554792329e+01
1.168332144554792329e+01
1.168332144554792329e+01
1.168332144554792329e+01
1.168332144554792329e+01
1.168332144554792329e+01
1.168332144554792329e+01
1.168332144554792329e+01
1.168332144554792329e+01
1.168332144554792329e+01
1.168332144554792329e+01
1.168332144554792329e+01
1.168332144554792329e+01
1.168332144554792329e+01
1.168332144554792329e+01
1.168332144554792329e+01
1.168332144554792329e+01
1.168332144554792329e+01
1.168332144554792329e+01
1.168332144554792329e+01
1.168332144554792329e+01
1.168332144554792329e+01
1.168332144554792329e+01
1.168332144554792329e+01
1.168332144554792329e+01
1.168332144554792329e+01
1.168332144554792329e+01
1.168332144554792329e+01
1.168332144554792329e+01
1.168332144554792329e+01
1.168332144554792329e+01
1.168332144554792329e+01
1.168332144554792329e+01
1.168332144554792329e+01
1.168332144554792329e+01
1.168332144554792329e+01
1.168332144554792329e+01
1.168332144554792329e+01
1.168332144554792329e+01
1.168332144554792329e+01
1.168332144554792329e+01
1.168332144554792329e+01
1.168332144554792329e+01
1.168332144554792329e+01
1.168332144554792329e+01
1.168332144554792329e+01
1.168332144554792329e+01
1.168332144554792329e+01
1.168332144554792329e+01
1.168332144554792329e+01
1.168332144554792329e+01
1.168332144554792329e+01
1.168332144554792329e+01
1.168332144554792329e+01
1.168332144554792329e+01
1.168332144554792329e+01
1.168332144554792329e+01
1.168332144554792329e+01
1.168332144554792329e+01
1.168332144554792329e+01
1.168332144554792329e+01
1.168332144554792329e+01
1.168332144554792329e+01
1.168332144554792329e+01
1.168332144554792329e+01
1.168332144554792329e+01
1.172603939955857477e+01
1.172603939955857477e+01
1.172603939955857477e+01
1.172603939955857477e+01
1.172603939955857477e+01
1.172603939955857477e+01
1.172603939955857477e+01
1.172603939955857477e+01
1.172603939955857477e+01
1.172603939955857477e+01
1.172603939955857477e+01
1.172603939955857477e+01
1.172603939955857477e+01
1.172603939955857477e+01
1.172603939955857477e+01
1.172603939955857477e+01
1.172603939955857477e+01
1.172603939955857477e+01
1.172603939955857477e+01
1.172603939955857477e+01
1.172603939955857477e+01
1.172603939955857477e+01
1.172603939955857477e+01
1.172603939955857477e+01
1.172603939955857477e+01
1.172603939955857477e+01
1.172603939955857477e+01
1.172603939955857477e+01
1.172603939955857477e+01
1.172603939955857477e+01
1.172603939955857477e+01
1.172603939955857477e+01
1.172603939955857477e+01
1.172603939955857477e+01
1.172603939955857477e+01
1.172603939955857477e+01
1.172603939955857477e+01
1.172603939955857477e+01
1.172603939955857477e+01
1.172603939955857477e+01
1.172603939955857477e+01
1.172603939955857477e+01
1.172603939955857477e+01
1.172603939955857477e+01
1.172603939955857477e+01
1.172603939955857477e+01
1.172603939955857477e+01
1.172603939955857477e+01
1.172603939955857477e+01
1.172603939955857477e+01
1.172603939955857477e+01
1.172603939955857477e+01
1.172603939955857477e+01
1.172603939955857477e+01
1.172603939955857477e+01
1.172603939955857477e+01
1.176860229593981977e+01
1.176860229593981977e+01
1.176860229593981977e+01
1.176860229593981977e+01
1.176860229593981977e+01
1.176860229593981977e+01
1.176860229593981977e+01
1.176860229593981977e+01
1.176860229593981977e+01
1.176860229593981977e+01
1.176860229593981977e+01
1.176860229593981977e+01
1.176860229593981977e+01
1.176860229593981977e+01
1.176860229593981977e+01
1.176860229593981977e+01
1.176860229593981977e+01
1.176860229593981977e+01
1.176860229593981977e+01
1.176860229593981977e+01
1.176860229593981977e+01
1.176860229593981977e+01
1.176860229593981977e+01
1.176860229593981977e+01
1.176860229593981977e+01
1.176860229593981977e+01
1.176860229593981977e+01
1.176860229593981977e+01
1.176860229593981977e+01
1.176860229593981977e+01
1.176860229593981977e+01
1.176860229593981977e+01
1.176860229593981977e+01
1.176860229593981977e+01
1.176860229593981977e+01
1.176860229593981977e+01
1.176860229593981977e+01
1.176860229593981977e+01
1.176860229593981977e+01
1.176860229593981977e+01
1.176860229593981977e+01
1.176860229593981977e+01
1.176860229593981977e+01
1.176860229593981977e+01
1.176860229593981977e+01
1.176860229593981977e+01
1.176860229593981977e+01
1.176860229593981977e+01
1.176860229593981977e+01
1.176860229593981977e+01
1.176860229593981977e+01
1.176860229593981977e+01
1.176860229593981977e+01
1.176860229593981977e+01
1.176860229593981977e+01
1.176860229593981977e+01
1.176860229593981977e+01
1.176860229593981977e+01
1.176860229593981977e+01
1.176860229593981977e+01
1.176860229593981977e+01
1.176860229593981977e+01
1.176860229593981977e+01
1.176860229593981977e+01
1.176860229593981977e+01
1.176860229593981977e+01
1.176860229593981977e+01
1.176860229593981977e+01
1.176860229593981977e+01
1.176860229593981977e+01
1.176860229593981977e+01
1.176860229593981977e+01
1.176860229593981977e+01
1.176860229593981977e+01
1.176860229593981977e+01
1.176860229593981977e+01
1.181101181101771580e+01
1.181101181101771580e+01
1.181101181101771580e+01
1.181101181101771580e+01
1.181101181101771580e+01
1.181101181101771580e+01
1.181101181101771580e+01
1.181101181101771580e+01
1.181101181101771580e+01
1.181101181101771580e+01
1.181101181101771580e+01
1.181101181101771580e+01
1.181101181101771580e+01
1.181101181101771580e+01
1.181101181101771580e+01
1.181101181101771580e+01
1.181101181101771580e+01
1.181101181101771580e+01
1.181101181101771580e+01
1.181101181101771580e+01
1.181101181101771580e+01
1.181101181101771580e+01
1.181101181101771580e+01
1.181101181101771580e+01
1.181101181101771580e+01
1.181101181101771580e+01
1.181101181101771580e+01
1.181101181101771580e+01
1.181101181101771580e+01
1.181101181101771580e+01
1.181101181101771580e+01
1.181101181101771580e+01
1.181101181101771580e+01
1.181101181101771580e+01
1.181101181101771580e+01
1.181101181101771580e+01
1.181101181101771580e+01
1.181101181101771580e+01
1.181101181101771580e+01
1.181101181101771580e+01
1.181101181101771580e+01
1.181101181101771580e+01
1.181101181101771580e+01
1.181101181101771580e+01
1.181101181101771580e+01
1.181101181101771580e+01
1.181101181101771580e+01
1.181101181101771580e+01
1.181101181101771580e+01
1.181101181101771580e+01
1.181101181101771580e+01
1.181101181101771580e+01
1.181101181101771580e+01
1.181101181101771580e+01
1.181101181101771580e+01
1.181101181101771580e+01
1.181101181101771580e+01
1.181101181101771580e+01
1.181101181101771580e+01
1.181101181101771580e+01
1.181101181101771580e+01
1.181101181101771580e+01
1.181101181101771580e+01
1.181101181101771580e+01
1.181101181101771580e+01
1.181101181101771580e+01
1.181101181101771580e+01
1.181101181101771580e+01
1.181101181101771580e+01
1.181101181101771580e+01
1.181101181101771580e+01
1.181101181101771580e+01
1.181101181101771580e+01
1.181101181101771580e+01
1.181101181101771580e+01
1.181101181101771580e+01
1.181101181101771580e+01
1.181101181101771580e+01
1.181101181101771580e+01
1.181101181101771580e+01
1.181101181101771580e+01
1.181101181101771580e+01
1.181101181101771580e+01
1.181101181101771580e+01
1.181101181101771580e+01
1.181101181101771580e+01
1.181101181101771580e+01
1.181101181101771580e+01
1.185326959112969725e+01
1.185326959112969725e+01
1.185326959112969725e+01
1.185326959112969725e+01
1.185326959112969725e+01
1.185326959112969725e+01
1.185326959112969725e+01
1.185326959112969725e+01
1.185326959112969725e+01
1.185326959112969725e+01
1.185326959112969725e+01
1.185326959112969725e+01
1.185326959112969725e+01
1.185326959112969725e+01
1.185326959112969725e+01
1.185326959112969725e+01
1.185326959112969725e+01
1.185326959112969725e+01
1.185326959112969725e+01
1.185326959112969725e+01
1.185326959112969725e+01
1.185326959112969725e+01
1.185326959112969725e+01
1.185326959112969725e+01
1.185326959112969725e+01
1.185326959112969725e+01
1.185326959112969725e+01
1.185326959112969725e+01
1.185326959112969725e+01
1.185326959112969725e+01
1.185326959112969725e+01
1.185326959112969725e+01
1.189537725337031837e+01
1.189537725337031837e+01
1.189537725337031837e+01
1.189537725337031837e+01
1.189537725337031837e+01
1.189537725337031837e+01
1.189537725337031837e+01
1.189537725337031837e+01
1.189537725337031837e+01
1.189537725337031837e+01
1.189537725337031837e+01
1.189537725337031837e+01
1.189537725337031837e+01
1.189537725337031837e+01
1.189537725337031837e+01
1.189537725337031837e+01
1.189537725337031837e+01
1.189537725337031837e+01
1.189537725337031837e+01
1.189537725337031837e+01
1.189537725337031837e+01
1.189537725337031837e+01
1.189537725337031837e+01
1.189537725337031837e+01
1.189537725337031837e+01
1.189537725337031837e+01
1.189537725337031837e+01
1.189537725337031837e+01
1.189537725337031837e+01
1.189537725337031837e+01
1.189537725337031837e+01
1.189537725337031837e+01
1.189537725337031837e+01
1.189537725337031837e+01
1.189537725337031837e+01
1.189537725337031837e+01
1.189537725337031837e+01
1.189537725337031837e+01
1.189537725337031837e+01
1.189537725337031837e+01
1.189537725337031837e+01
1.189537725337031837e+01
1.189537725337031837e+01
1.189537725337031837e+01
1.189537725337031837e+01
1.189537725337031837e+01
1.189537725337031837e+01
1.189537725337031837e+01
1.189537725337031837e+01
1.189537725337031837e+01
1.189537725337031837e+01
1.189537725337031837e+01
1.189537725337031837e+01
1.189537725337031837e+01
1.189537725337031837e+01
1.189537725337031837e+01
1.189537725337031837e+01
1.189537725337031837e+01
1.189537725337031837e+01
1.189537725337031837e+01
1.189537725337031837e+01
1.189537725337031837e+01
1.189537725337031837e+01
1.189537725337031837e+01
1.189537725337031837e+01
1.189537725337031837e+01
1.189537725337031837e+01
1.189537725337031837e+01
1.189537725337031837e+01
1.189537725337031837e+01
1.189537725337031837e+01
1.189537725337031837e+01
1.189537725337031837e+01
1.189537725337031837e+01
1.189537725337031837e+01
1.189537725337031837e+01
1.189537725337031837e+01
1.189537725337031837e+01
1.189537725337031837e+01
1.189537725337031837e+01
1.189537725337031837e+01
1.189537725337031837e+01
1.189537725337031837e+01
1.189537725337031837e+01
1.189537725337031837e+01
1.189537725337031837e+01
1.189537725337031837e+01
1.189537725337031837e+01
1.189537725337031837e+01
1.189537725337031837e+01
1.189537725337031837e+01
1.189537725337031837e+01
1.189537725337031837e+01
1.189537725337031837e+01
1.189537725337031837e+01
1.189537725337031837e+01
1.189537725337031837e+01
1.189537725337031837e+01
1.189537725337031837e+01
1.189537725337031837e+01
1.189537725337031837e+01
1.189537725337031837e+01
1.189537725337031837e+01
1.189537725337031837e+01
1.189537725337031837e+01
1.189537725337031837e+01
1.189537725337031837e+01
1.189537725337031837e+01
1.189537725337031837e+01
1.189537725337031837e+01
1.189537725337031837e+01
1.189537725337031837e+01
1.193733638631332283e+01
1.193733638631332283e+01
1.193733638631332283e+01
1.193733638631332283e+01
1.193733638631332283e+01
1.193733638631332283e+01
1.193733638631332283e+01
1.193733638631332283e+01
1.193733638631332283e+01
1.193733638631332283e+01
1.193733638631332283e+01
1.193733638631332283e+01
1.193733638631332283e+01
1.193733638631332283e+01
1.193733638631332283e+01
1.193733638631332283e+01
1.193733638631332283e+01
1.193733638631332283e+01
1.193733638631332283e+01
1.193733638631332283e+01
1.193733638631332283e+01
1.193733638631332283e+01
1.193733638631332283e+01
1.193733638631332283e+01
1.193733638631332283e+01
1.193733638631332283e+01
1.193733638631332283e+01
1.193733638631332283e+01
1.193733638631332283e+01
1.193733638631332283e+01
1.193733638631332283e+01
1.193733638631332283e+01
1.193733638631332283e+01
1.193733638631332283e+01
1.193733638631332283e+01
1.193733638631332283e+01
1.193733638631332283e+01
1.193733638631332283e+01
1.193733638631332283e+01
1.193733638631332283e+01
1.193733638631332283e+01
1.193733638631332283e+01
1.193733638631332283e+01
1.193733638631332283e+01
1.193733638631332283e+01
1.193733638631332283e+01
1.193733638631332283e+01
1.193733638631332283e+01
1.193733638631332283e+01
1.193733638631332283e+01
1.193733638631332283e+01
1.193733638631332283e+01
1.193733638631332283e+01
1.193733638631332283e+01
1.193733638631332283e+01
1.193733638631332283e+01
1.197914855071093854e+01
1.197914855071093854e+01
1.197914855071093854e+01
1.197914855071093854e+01
1.197914855071093854e+01
1.197914855071093854e+01
1.197914855071093854e+01
1.197914855071093854e+01
1.197914855071093854e+01
1.197914855071093854e+01
1.197914855071093854e+01
1.197914855071093854e+01
1.197914855071093854e+01
1.197914855071093854e+01
1.197914855071093854e+01
1.197914855071093854e+01
1.197914855071093854e+01
1.197914855071093854e+01
1.197914855071093854e+01
1.197914855071093854e+01
1.197914855071093854e+01
1.197914855071093854e+01
1.197914855071093854e+01
1.197914855071093854e+01
1.197914855071093854e+01
1.197914855071093854e+01
1.197914855071093854e+01
1.197914855071093854e+01
1.197914855071093854e+01
1.197914855071093854e+01
1.197914855071093854e+01
1.197914855071093854e+01
1.197914855071093854e+01
1.197914855071093854e+01
1.197914855071093854e+01
1.197914855071093854e+01
1.197914855071093854e+01
1.197914855071093854e+01
1.197914855071093854e+01
1.197914855071093854e+01
1.197914855071093854e+01
1.197914855071093854e+01
1.197914855071093854e+01
1.197914855071093854e+01
1.197914855071093854e+01
1.197914855071093854e+01
1.197914855071093854e+01
1.197914855071093854e+01
1.197914855071093854e+01
1.197914855071093854e+01
1.197914855071093854e+01
1.197914855071093854e+01
1.197914855071093854e+01
1.197914855071093854e+01
1.197914855071093854e+01
1.197914855071093854e+01
1.202081528017130729e+01
1.202081528017130729e+01
1.202081528017130729e+01
1.202081528017130729e+01
1.202081528017130729e+01
1.202081528017130729e+01
1.202081528017130729e+01
1.202081528017130729e+01
1.202081528017130729e+01
1.202081528017130729e+01
1.202081528017130729e+01
1.202081528017130729e+01
1.202081528017130729e+01
1.202081528017130729e+01
1.202081528017130729e+01
1.202081528017130729e+01
1.202081528017130729e+01
1.202081528017130729e+01
1.202081528017130729e+01
1.202081528017130729e+01
1.202081528017130729e+01
1.202081528017130729e+01
1.202081528017130729e+01
1.202081528017130729e+01
1.202081528017130729e+01
1.202081528017130729e+01
1.202081528017130729e+01
1.202081528017130729e+01
1.202081528017130729e+01
1.202081528017130729e+01
1.202081528017130729e+01
1.202081528017130729e+01
1.202081528017130729e+01
1.202081528017130729e+01
1.202081528017130729e+01
1.202081528017130729e+01
1.202081528017130729e+01
1.202081528017130729e+01
1.202081528017130729e+01
1.202081528017130729e+01
1.202081528017130729e+01
1.202081528017130729e+01
1.202081528017130729e+01
1.202081528017130729e+01
1.202081528017130729e+01
1.202081528017130729e+01
1.202081528017130729e+01
1.202081528017130729e+01
1.202081528017130729e+01
1.202081528017130729e+01
1.202081528017130729e+01
1.202081528017130729e+01
1.202081528017130729e+01
1.202081528017130729e+01
1.202081528017130729e+01
1.202081528017130729e+01
1.206233808181481848e+01
1.206233808181481848e+01
1.206233808181481848e+01
1.206233808181481848e+01
1.206233808181481848e+01
1.206233808181481848e+01
1.206233808181481848e+01
1.206233808181481848e+01
1.206233808181481848e+01
1.206233808181481848e+01
1.206233808181481848e+01
1.206233808181481848e+01
1.206233808181481848e+01
1.206233808181481848e+01
1.206233808181481848e+01
1.206233808181481848e+01
1.206233808181481848e+01
1.206233808181481848e+01
1.206233808181481848e+01
1.206233808181481848e+01
1.206233808181481848e+01
1.206233808181481848e+01
1.206233808181481848e+01
1.206233808181481848e+01
1.206233808181481848e+01
1.206233808181481848e+01
1.206233808181481848e+01
1.206233808181481848e+01
1.206233808181481848e+01
1.206233808181481848e+01
1.206233808181481848e+01
1.206233808181481848e+01
1.206233808181481848e+01
1.206233808181481848e+01
1.206233808181481848e+01
1.206233808181481848e+01
1.206233808181481848e+01
1.206233808181481848e+01
1.206233808181481848e+01
1.206233808181481848e+01
1.206233808181481848e+01
1.206233808181481848e+01
1.206233808181481848e+01
1.206233808181481848e+01
1.206233808181481848e+01
1.206233808181481848e+01
1.206233808181481848e+01
1.206233808181481848e+01
1.206233808181481848e+01
1.206233808181481848e+01
1.206233808181481848e+01
1.206233808181481848e+01
1.206233808181481848e+01
1.206233808181481848e+01
1.206233808181481848e+01
1.206233808181481848e+01
1.210371843691020466e+01
1.210371843691020466e+01
1.210371843691020466e+01
1.210371843691020466e+01
1.210371843691020466e+01
1.210371843691020466e+01
1.210371843691020466e+01
1.210371843691020466e+01
1.210371843691020466e+01
1.210371843691020466e+01
1.210371843691020466e+01
1.210371843691020466e+01
1.210371843691020466e+01
1.210371843691020466e+01
1.210371843691020466e+01
1.210371843691020466e+01
1.210371843691020466e+01
1.210371843691020466e+01
1.210371843691020466e+01
1.210371843691020466e+01
1.210371843691020466e+01
1.210371843691020466e+01
1.210371843691020466e+01
1.210371843691020466e+01
1.210371843691020466e+01
1.210371843691020466e+01
1.210371843691020466e+01
1.210371843691020466e+01
1.210371843691020466e+01
1.210371843691020466e+01
1.210371843691020466e+01
1.210371843691020466e+01
1.210371843691020466e+01
1.210371843691020466e+01
1.210371843691020466e+01
1.210371843691020466e+01
1.210371843691020466e+01
1.210371843691020466e+01
1.210371843691020466e+01
1.210371843691020466e+01
1.210371843691020466e+01
1.210371843691020466e+01
1.210371843691020466e+01
1.210371843691020466e+01
1.210371843691020466e+01
1.210371843691020466e+01
1.210371843691020466e+01
1.210371843691020466e+01
1.210371843691020466e+01
1.210371843691020466e+01
1.210371843691020466e+01
1.210371843691020466e+01
1.210371843691020466e+01
1.210371843691020466e+01
1.210371843691020466e+01
1.210371843691020466e+01
1.214495780149111859e+01
1.214495780149111859e+01
1.214495780149111859e+01
1.214495780149111859e+01
1.214495780149111859e+01
1.214495780149111859e+01
1.214495780149111859e+01
1.214495780149111859e+01
1.214495780149111859e+01
1.214495780149111859e+01
1.214495780149111859e+01
1.214495780149111859e+01
1.214495780149111859e+01
1.214495780149111859e+01
1.214495780149111859e+01
1.214495780149111859e+01
1.214495780149111859e+01
1.214495780149111859e+01
1.214495780149111859e+01
1.214495780149111859e+01
1.214495780149111859e+01
1.214495780149111859e+01
1.214495780149111859e+01
1.214495780149111859e+01
1.214495780149111859e+01
1.214495780149111859e+01
1.214495780149111859e+01
1.214495780149111859e+01
1.214495780149111859e+01
1.214495780149111859e+01
1.214495780149111859e+01
1.214495780149111859e+01
1.214495780149111859e+01
1.214495780149111859e+01
1.214495780149111859e+01
1.214495780149111859e+01
1.214495780149111859e+01
1.214495780149111859e+01
1.214495780149111859e+01
1.214495780149111859e+01
1.214495780149111859e+01
1.214495780149111859e+01
1.214495780149111859e+01
1.214495780149111859e+01
1.214495780149111859e+01
1.214495780149111859e+01
1.214495780149111859e+01
1.214495780149111859e+01
1.214495780149111859e+01
1.214495780149111859e+01
1.214495780149111859e+01
1.214495780149111859e+01
1.214495780149111859e+01
1.214495780149111859e+01
1.214495780149111859e+01
1.214495780149111859e+01
1.214495780149111859e+01
1.214495780149111859e+01
1.214495780149111859e+01
1.214495780149111859e+01
1.214495780149111859e+01
1.214495780149111859e+01
1.214495780149111859e+01
1.214495780149111859e+01
1.214495780149111859e+01
1.214495780149111859e+01
1.214495780149111859e+01
1.214495780149111859e+01
1.214495780149111859e+01
1.214495780149111859e+01
1.214495780149111859e+01
1.214495780149111859e+01
1.218605760695394125e+01
1.218605760695394125e+01
1.218605760695394125e+01
1.218605760695394125e+01
1.218605760695394125e+01
1.218605760695394125e+01
1.218605760695394125e+01
1.218605760695394125e+01
1.218605760695394125e+01
1.218605760695394125e+01
1.218605760695394125e+01
1.218605760695394125e+01
1.218605760695394125e+01
1.218605760695394125e+01
1.218605760695394125e+01
1.218605760695394125e+01
1.218605760695394125e+01
1.218605760695394125e+01
1.218605760695394125e+01
1.218605760695394125e+01
1.218605760695394125e+01
1.218605760695394125e+01
1.218605760695394125e+01
1.218605760695394125e+01
1.218605760695394125e+01
1.218605760695394125e+01
1.218605760695394125e+01
1.218605760695394125e+01
1.218605760695394125e+01
1.218605760695394125e+01
1.218605760695394125e+01
1.218605760695394125e+01
1.218605760695394125e+01
1.218605760695394125e+01
1.218605760695394125e+01
1.218605760695394125e+01
1.218605760695394125e+01
1.218605760695394125e+01
1.218605760695394125e+01
1.218605760695394125e+01
1.218605760695394125e+01
1.218605760695394125e+01
1.218605760695394125e+01
1.218605760695394125e+01
1.218605760695394125e+01
1.218605760695394125e+01
1.218605760695394125e+01
1.218605760695394125e+01
1.218605760695394125e+01
1.218605760695394125e+01
1.218605760695394125e+01
1.218605760695394125e+01
1.218605760695394125e+01
1.218605760695394125e+01
1.218605760695394125e+01
1.218605760695394125e+01
1.218605760695394125e+01
1.218605760695394125e+01
1.218605760695394125e+01
1.218605760695394125e+01
1.218605760695394125e+01
1.218605760695394125e+01
1.218605760695394125e+01
1.218605760695394125e+01
1.218605760695394125e+01
1.218605760695394125e+01
1.218605760695394125e+01
1.218605760695394125e+01
1.218605760695394125e+01
1.218605760695394125e+01
1.218605760695394125e+01
1.218605760695394125e+01
1.218605760695394125e+01
1.218605760695394125e+01
1.218605760695394125e+01
1.218605760695394125e+01
1.218605760695394125e+01
1.218605760695394125e+01
1.218605760695394125e+01
1.218605760695394125e+01
1.218605760695394125e+01
1.218605760695394125e+01
1.218605760695394125e+01
1.218605760695394125e+01
1.218605760695394125e+01
1.218605760695394125e+01
1.218605760695394125e+01
1.218605760695394125e+01
1.218605760695394125e+01
1.218605760695394125e+01
1.218605760695394125e+01
1.218605760695394125e+01
1.218605760695394125e+01
1.218605760695394125e+01
1.218605760695394125e+01
1.218605760695394125e+01
1.218605760695394125e+01
1.218605760695394125e+01
1.218605760695394125e+01
1.218605760695394125e+01
1.218605760695394125e+01
1.218605760695394125e+01
1.218605760695394125e+01
1.218605760695394125e+01
1.222701926063748346e+01
1.222701926063748346e+01
1.222701926063748346e+01
1.222701926063748346e+01
1.222701926063748346e+01
1.222701926063748346e+01
1.222701926063748346e+01
1.222701926063748346e+01
1.222701926063748346e+01
1.222701926063748346e+01
1.222701926063748346e+01
1.222701926063748346e+01
1.222701926063748346e+01
1.222701926063748346e+01
1.222701926063748346e+01
1.222701926063748346e+01
1.222701926063748346e+01
1.222701926063748346e+01
1.222701926063748346e+01
1.222701926063748346e+01
1.222701926063748346e+01
1.222701926063748346e+01
1.222701926063748346e+01
1.222701926063748346e+01
1.222701926063748346e+01
1.222701926063748346e+01
1.222701926063748346e+01
1.222701926063748346e+01
1.222701926063748346e+01
1.222701926063748346e+01
1.222701926063748346e+01
1.222701926063748346e+01
1.226784414638529697e+01
1.226784414638529697e+01
1.226784414638529697e+01
1.226784414638529697e+01
1.226784414638529697e+01
1.226784414638529697e+01
1.226784414638529697e+01
1.226784414638529697e+01
1.226784414638529697e+01
1.226784414638529697e+01
1.226784414638529697e+01
1.226784414638529697e+01
1.226784414638529697e+01
1.226784414638529697e+01
1.226784414638529697e+01
1.226784414638529697e+01
1.226784414638529697e+01
1.226784414638529697e+01
1.226784414638529697e+01
1.226784414638529697e+01
1.226784414638529697e+01
1.226784414638529697e+01
1.226784414638529697e+01
1.226784414638529697e+01
1.226784414638529697e+01
1.226784414638529697e+01
1.226784414638529697e+01
1.226784414638529697e+01
1.226784414638529697e+01
1.226784414638529697e+01
1.226784414638529697e+01
1.226784414638529697e+01
1.226784414638529697e+01
1.226784414638529697e+01
1.226784414638529697e+01
1.226784414638529697e+01
1.226784414638529697e+01
1.226784414638529697e+01
1.226784414638529697e+01
1.226784414638529697e+01
1.226784414638529697e+01
1.226784414638529697e+01
1.226784414638529697e+01
1.226784414638529697e+01
1.226784414638529697e+01
1.226784414638529697e+01
1.226784414638529697e+01
1.226784414638529697e+01
1.226784414638529697e+01
1.226784414638529697e+01
1.226784414638529697e+01
1.226784414638529697e+01
1.226784414638529697e+01
1.226784414638529697e+01
1.226784414638529697e+01
1.226784414638529697e+01
1.226784414638529697e+01
1.226784414638529697e+01
1.226784414638529697e+01
1.226784414638529697e+01
1.226784414638529697e+01
1.226784414638529697e+01
1.226784414638529697e+01
1.226784414638529697e+01
1.226784414638529697e+01
1.226784414638529697e+01
1.226784414638529697e+01
1.226784414638529697e+01
1.226784414638529697e+01
1.226784414638529697e+01
1.226784414638529697e+01
1.226784414638529697e+01
1.230853362509117055e+01
1.230853362509117055e+01
1.230853362509117055e+01
1.230853362509117055e+01
1.230853362509117055e+01
1.230853362509117055e+01
1.230853362509117055e+01
1.230853362509117055e+01
1.230853362509117055e+01
1.230853362509117055e+01
1.230853362509117055e+01
1.230853362509117055e+01
1.230853362509117055e+01
1.230853362509117055e+01
1.230853362509117055e+01
1.230853362509117055e+01
1.230853362509117055e+01
1.230853362509117055e+01
1.230853362509117055e+01
1.230853362509117055e+01
1.230853362509117055e+01
1.230853362509117055e+01
1.230853362509117055e+01
1.230853362509117055e+01
1.230853362509117055e+01
1.230853362509117055e+01
1.230853362509117055e+01
1.230853362509117055e+01
1.230853362509117055e+01
1.230853362509117055e+01
1.230853362509117055e+01
1.230853362509117055e+01
1.230853362509117055e+01
1.230853362509117055e+01
1.230853362509117055e+01
1.230853362509117055e+01
1.230853362509117055e+01
1.230853362509117055e+01
1.230853362509117055e+01
1.230853362509117055e+01
1.230853362509117055e+01
1.230853362509117055e+01
1.230853362509117055e+01
1.230853362509117055e+01
1.230853362509117055e+01
1.230853362509117055e+01
1.230853362509117055e+01
1.230853362509117055e+01
1.234908903522846835e+01
1.234908903522846835e+01
1.234908903522846835e+01
1.234908903522846835e+01
1.234908903522846835e+01
1.234908903522846835e+01
1.234908903522846835e+01
1.234908903522846835e+01
1.234908903522846835e+01
1.234908903522846835e+01
1.234908903522846835e+01
1.234908903522846835e+01
1.234908903522846835e+01
1.234908903522846835e+01
1.234908903522846835e+01
1.234908903522846835e+01
1.234908903522846835e+01
1.234908903522846835e+01
1.234908903522846835e+01
1.234908903522846835e+01
1.234908903522846835e+01
1.234908903522846835e+01
1.234908903522846835e+01
1.234908903522846835e+01
1.234908903522846835e+01
1.234908903522846835e+01
1.234908903522846835e+01
1.234908903522846835e+01
1.238951169336386648e+01
1.238951169336386648e+01
1.238951169336386648e+01
1.238951169336386648e+01
1.238951169336386648e+01
1.238951169336386648e+01
1.238951169336386648e+01
1.238951169336386648e+01
1.238951169336386648e+01
1.238951169336386648e+01
1.238951169336386648e+01
1.238951169336386648e+01
1.238951169336386648e+01
1.238951169336386648e+01
1.238951169336386648e+01
1.238951169336386648e+01
1.238951169336386648e+01
1.238951169336386648e+01
1.238951169336386648e+01
1.238951169336386648e+01
1.238951169336386648e+01
1.238951169336386648e+01
1.238951169336386648e+01
1.238951169336386648e+01
1.238951169336386648e+01
1.238951169336386648e+01
1.238951169336386648e+01
1.238951169336386648e+01
1.238951169336386648e+01
1.238951169336386648e+01
1.238951169336386648e+01
1.238951169336386648e+01
1.238951169336386648e+01
1.238951169336386648e+01
1.238951169336386648e+01
1.238951169336386648e+01
1.238951169336386648e+01
1.238951169336386648e+01
1.238951169336386648e+01
1.238951169336386648e+01
1.238951169336386648e+01
1.238951169336386648e+01
1.238951169336386648e+01
1.238951169336386648e+01
1.238951169336386648e+01
1.238951169336386648e+01
1.238951169336386648e+01
1.238951169336386648e+01
1.238951169336386648e+01
1.238951169336386648e+01
1.238951169336386648e+01
1.238951169336386648e+01
1.238951169336386648e+01
1.238951169336386648e+01
1.238951169336386648e+01
1.238951169336386648e+01
1.238951169336386648e+01
1.238951169336386648e+01
1.238951169336386648e+01
1.238951169336386648e+01
1.238951169336386648e+01
1.238951169336386648e+01
1.238951169336386648e+01
1.238951169336386648e+01
1.238951169336386648e+01
1.238951169336386648e+01
1.238951169336386648e+01
1.238951169336386648e+01
1.238951169336386648e+01
1.238951169336386648e+01
1.238951169336386648e+01
1.238951169336386648e+01
1.238951169336386648e+01
1.238951169336386648e+01
1.238951169336386648e+01
1.238951169336386648e+01
1.238951169336386648e+01
1.238951169336386648e+01
1.238951169336386648e+01
1.238951169336386648e+01
1.238951169336386648e+01
1.238951169336386648e+01
1.238951169336386648e+01
1.238951169336386648e+01
1.238951169336386648e+01
1.238951169336386648e+01
1.238951169336386648e+01
1.238951169336386648e+01
1.238951169336386648e+01
1.238951169336386648e+01
1.238951169336386648e+01
1.238951169336386648e+01
1.238951169336386648e+01
1.238951169336386648e+01
1.238951169336386648e+01
1.238951169336386648e+01
1.238951169336386648e+01
1.238951169336386648e+01
1.238951169336386648e+01
1.238951169336386648e+01
1.238951169336386648e+01
1.238951169336386648e+01
1.238951169336386648e+01
1.238951169336386648e+01
1.238951169336386648e+01
1.238951169336386648e+01
1.238951169336386648e+01
1.238951169336386648e+01
1.238951169336386648e+01
1.238951169336386648e+01
1.238951169336386648e+01
1.238951169336386648e+01
1.238951169336386648e+01
1.238951169336386648e+01
1.238951169336386648e+01
1.238951169336386648e+01
1.238951169336386648e+01
1.238951169336386648e+01
1.238951169336386648e+01
1.238951169336386648e+01
1.242980289465605281e+01
1.242980289465605281e+01
1.242980289465605281e+01
1.242980289465605281e+01
1.242980289465605281e+01
1.242980289465605281e+01
1.242980289465605281e+01
1.242980289465605281e+01
1.242980289465605281e+01
1.242980289465605281e+01
1.242980289465605281e+01
1.242980289465605281e+01
1.242980289465605281e+01
1.242980289465605281e+01
1.242980289465605281e+01
1.242980289465605281e+01
1.242980289465605281e+01
1.242980289465605281e+01
1.242980289465605281e+01
1.242980289465605281e+01
1.242980289465605281e+01
1.242980289465605281e+01
1.242980289465605281e+01
1.242980289465605281e+01
1.242980289465605281e+01
1.242980289465605281e+01
1.242980289465605281e+01
1.242980289465605281e+01
1.242980289465605281e+01
1.242980289465605281e+01
1.242980289465605281e+01
1.242980289465605281e+01
1.242980289465605281e+01
1.242980289465605281e+01
1.242980289465605281e+01
1.242980289465605281e+01
1.242980289465605281e+01
1.242980289465605281e+01
1.242980289465605281e+01
1.242980289465605281e+01
1.246996391333992626e+01
1.246996391333992626e+01
1.246996391333992626e+01
1.246996391333992626e+01
1.246996391333992626e+01
1.246996391333992626e+01
1.246996391333992626e+01
1.246996391333992626e+01
1.246996391333992626e+01
1.246996391333992626e+01
1.246996391333992626e+01
1.246996391333992626e+01
1.246996391333992626e+01
1.246996391333992626e+01
1.246996391333992626e+01
1.246996391333992626e+01
1.246996391333992626e+01
1.246996391333992626e+01
1.246996391333992626e+01
1.246996391333992626e+01
1.246996391333992626e+01
1.246996391333992626e+01
1.246996391333992626e+01
1.246996391333992626e+01
1.246996391333992626e+01
1.246996391333992626e+01
1.246996391333992626e+01
1.246996391333992626e+01
1.246996391333992626e+01
1.246996391333992626e+01
1.246996391333992626e+01
1.246996391333992626e+01
1.246996391333992626e+01
1.246996391333992626e+01
1.246996391333992626e+01
1.246996391333992626e+01
1.246996391333992626e+01
1.246996391333992626e+01
1.246996391333992626e+01
1.246996391333992626e+01
1.246996391333992626e+01
1.246996391333992626e+01
1.246996391333992626e+01
1.246996391333992626e+01
1.246996391333992626e+01
1.246996391333992626e+01
1.246996391333992626e+01
1.246996391333992626e+01
1.250999600319680383e+01
1.250999600319680383e+01
1.250999600319680383e+01
1.250999600319680383e+01
1.250999600319680383e+01
1.250999600319680383e+01
1.250999600319680383e+01
1.250999600319680383e+01
1.250999600319680383e+01
1.250999600319680383e+01
1.250999600319680383e+01
1.250999600319680383e+01
1.250999600319680383e+01
1.250999600319680383e+01
1.250999600319680383e+01
1.250999600319680383e+01
1.250999600319680383e+01
1.250999600319680383e+01
1.250999600319680383e+01
1.250999600319680383e+01
1.250999600319680383e+01
1.250999600319680383e+01
1.250999600319680383e+01
1.250999600319680383e+01
1.250999600319680383e+01
1.250999600319680383e+01
1.250999600319680383e+01
1.250999600319680383e+01
1.250999600319680383e+01
1.250999600319680383e+01
1.250999600319680383e+01
1.250999600319680383e+01
1.250999600319680383e+01
1.250999600319680383e+01
1.250999600319680383e+01
1.250999600319680383e+01
1.250999600319680383e+01
1.250999600319680383e+01
1.250999600319680383e+01
1.250999600319680383e+01
1.250999600319680383e+01
1.250999600319680383e+01
1.250999600319680383e+01
1.250999600319680383e+01
1.250999600319680383e+01
1.250999600319680383e+01
1.250999600319680383e+01
1.250999600319680383e+01
1.250999600319680383e+01
1.250999600319680383e+01
1.250999600319680383e+01
1.250999600319680383e+01
1.250999600319680383e+01
1.250999600319680383e+01
1.250999600319680383e+01
1.250999600319680383e+01
1.250999600319680383e+01
1.250999600319680383e+01
1.250999600319680383e+01
1.250999600319680383e+01
1.250999600319680383e+01
1.250999600319680383e+01
1.250999600319680383e+01
1.250999600319680383e+01
1.250999600319680383e+01
1.250999600319680383e+01
1.250999600319680383e+01
1.250999600319680383e+01
1.250999600319680383e+01
1.250999600319680383e+01
1.250999600319680383e+01
1.250999600319680383e+01
1.250999600319680383e+01
1.250999600319680383e+01
1.250999600319680383e+01
1.250999600319680383e+01
1.250999600319680383e+01
1.250999600319680383e+01
1.250999600319680383e+01
1.250999600319680383e+01
1.250999600319680383e+01
1.250999600319680383e+01
1.250999600319680383e+01
1.250999600319680383e+01
1.250999600319680383e+01
1.250999600319680383e+01
1.250999600319680383e+01
1.250999600319680383e+01
1.250999600319680383e+01
1.250999600319680383e+01
1.250999600319680383e+01
1.250999600319680383e+01
1.250999600319680383e+01
1.250999600319680383e+01
1.250999600319680383e+01
1.250999600319680383e+01
1.250999600319680383e+01
1.250999600319680383e+01
1.250999600319680383e+01
1.250999600319680383e+01
1.250999600319680383e+01
1.250999600319680383e+01
1.250999600319680383e+01
1.250999600319680383e+01
1.254990039801113255e+01
1.254990039801113255e+01
1.254990039801113255e+01
1.254990039801113255e+01
1.254990039801113255e+01
1.254990039801113255e+01
1.254990039801113255e+01
1.254990039801113255e+01
1.254990039801113255e+01
1.254990039801113255e+01
1.254990039801113255e+01
1.254990039801113255e+01
1.254990039801113255e+01
1.254990039801113255e+01
1.254990039801113255e+01
1.254990039801113255e+01
1.254990039801113255e+01
1.254990039801113255e+01
1.254990039801113255e+01
1.254990039801113255e+01
1.254990039801113255e+01
1.254990039801113255e+01
1.254990039801113255e+01
1.254990039801113255e+01
1.254990039801113255e+01
1.254990039801113255e+01
1.254990039801113255e+01
1.254990039801113255e+01
1.254990039801113255e+01
1.254990039801113255e+01
1.254990039801113255e+01
1.254990039801113255e+01
1.254990039801113255e+01
1.254990039801113255e+01
1.254990039801113255e+01
1.254990039801113255e+01
1.254990039801113255e+01
1.254990039801113255e+01
1.254990039801113255e+01
1.254990039801113255e+01
1.254990039801113255e+01
1.254990039801113255e+01
1.254990039801113255e+01
1.254990039801113255e+01
1.254990039801113255e+01
1.254990039801113255e+01
1.254990039801113255e+01
1.254990039801113255e+01
1.254990039801113255e+01
1.254990039801113255e+01
1.254990039801113255e+01
1.254990039801113255e+01
1.254990039801113255e+01
1.254990039801113255e+01
1.254990039801113255e+01
1.254990039801113255e+01
1.258967831201417198e+01
1.258967831201417198e+01
1.258967831201417198e+01
1.258967831201417198e+01
1.258967831201417198e+01
1.258967831201417198e+01
1.258967831201417198e+01
1.258967831201417198e+01
1.258967831201417198e+01
1.258967831201417198e+01
1.258967831201417198e+01
1.258967831201417198e+01
1.258967831201417198e+01
1.258967831201417198e+01
1.258967831201417198e+01
1.258967831201417198e+01
1.258967831201417198e+01
1.258967831201417198e+01
1.258967831201417198e+01
1.258967831201417198e+01
1.258967831201417198e+01
1.258967831201417198e+01
1.258967831201417198e+01
1.258967831201417198e+01
1.258967831201417198e+01
1.258967831201417198e+01
1.258967831201417198e+01
1.258967831201417198e+01
1.258967831201417198e+01
1.258967831201417198e+01
1.258967831201417198e+01
1.258967831201417198e+01
1.262933094031508929e+01
1.262933094031508929e+01
1.262933094031508929e+01
1.262933094031508929e+01
1.262933094031508929e+01
1.262933094031508929e+01
1.262933094031508929e+01
1.262933094031508929e+01
1.262933094031508929e+01
1.262933094031508929e+01
1.262933094031508929e+01
1.262933094031508929e+01
1.262933094031508929e+01
1.262933094031508929e+01
1.262933094031508929e+01
1.262933094031508929e+01
1.262933094031508929e+01
1.262933094031508929e+01
1.262933094031508929e+01
1.262933094031508929e+01
1.262933094031508929e+01
1.262933094031508929e+01
1.262933094031508929e+01
1.262933094031508929e+01
1.262933094031508929e+01
1.262933094031508929e+01
1.262933094031508929e+01
1.262933094031508929e+01
1.262933094031508929e+01
1.262933094031508929e+01
1.262933094031508929e+01
1.262933094031508929e+01
1.262933094031508929e+01
1.262933094031508929e+01
1.262933094031508929e+01
1.262933094031508929e+01
1.262933094031508929e+01
1.262933094031508929e+01
1.262933094031508929e+01
1.262933094031508929e+01
1.262933094031508929e+01
1.262933094031508929e+01
1.262933094031508929e+01
1.262933094031508929e+01
1.262933094031508929e+01
1.262933094031508929e+01
1.262933094031508929e+01
1.262933094031508929e+01
1.262933094031508929e+01
1.262933094031508929e+01
1.262933094031508929e+01
1.262933094031508929e+01
1.262933094031508929e+01
1.262933094031508929e+01
1.262933094031508929e+01
1.262933094031508929e+01
1.266885945931992730e+01
1.266885945931992730e+01
1.266885945931992730e+01
1.266885945931992730e+01
1.266885945931992730e+01
1.266885945931992730e+01
1.266885945931992730e+01
1.266885945931992730e+01
1.266885945931992730e+01
1.266885945931992730e+01
1.266885945931992730e+01
1.266885945931992730e+01
1.266885945931992730e+01
1.266885945931992730e+01
1.266885945931992730e+01
1.266885945931992730e+01
1.266885945931992730e+01
1.266885945931992730e+01
1.266885945931992730e+01
1.266885945931992730e+01
1.266885945931992730e+01
1.266885945931992730e+01
1.266885945931992730e+01
1.266885945931992730e+01
1.266885945931992730e+01
1.266885945931992730e+01
1.266885945931992730e+01
1.266885945931992730e+01
1.266885945931992730e+01
1.266885945931992730e+01
1.266885945931992730e+01
1.266885945931992730e+01
1.266885945931992730e+01
1.266885945931992730e+01
1.266885945931992730e+01
1.266885945931992730e+01
1.266885945931992730e+01
1.266885945931992730e+01
1.266885945931992730e+01
1.266885945931992730e+01
1.270826502713883421e+01
1.270826502713883421e+01
1.270826502713883421e+01
1.270826502713883421e+01
1.270826502713883421e+01
1.270826502713883421e+01
1.270826502713883421e+01
1.270826502713883421e+01
1.270826502713883421e+01
1.270826502713883421e+01
1.270826502713883421e+01
1.270826502713883421e+01
1.270826502713883421e+01
1.270826502713883421e+01
1.270826502713883421e+01
1.270826502713883421e+01
1.270826502713883421e+01
1.270826502713883421e+01
1.270826502713883421e+01
1.270826502713883421e+01
1.270826502713883421e+01
1.270826502713883421e+01
1.270826502713883421e+01
1.270826502713883421e+01
1.270826502713883421e+01
1.270826502713883421e+01
1.270826502713883421e+01
1.270826502713883421e+01
1.270826502713883421e+01
1.270826502713883421e+01
1.270826502713883421e+01
1.270826502713883421e+01
1.270826502713883421e+01
1.270826502713883421e+01
1.270826502713883421e+01
1.270826502713883421e+01
1.270826502713883421e+01
1.270826502713883421e+01
1.270826502713883421e+01
1.270826502713883421e+01
1.270826502713883421e+01
1.270826502713883421e+01
1.270826502713883421e+01
1.270826502713883421e+01
1.270826502713883421e+01
1.270826502713883421e+01
1.270826502713883421e+01
1.270826502713883421e+01
1.270826502713883421e+01
1.270826502713883421e+01
1.270826502713883421e+01
1.270826502713883421e+01
1.270826502713883421e+01
1.270826502713883421e+01
1.270826502713883421e+01
1.270826502713883421e+01
1.274754878398196212e+01
1.274754878398196212e+01
1.274754878398196212e+01
1.274754878398196212e+01
1.274754878398196212e+01
1.274754878398196212e+01
1.274754878398196212e+01
1.274754878398196212e+01
1.274754878398196212e+01
1.274754878398196212e+01
1.274754878398196212e+01
1.274754878398196212e+01
1.274754878398196212e+01
1.274754878398196212e+01
1.274754878398196212e+01
1.274754878398196212e+01
1.274754878398196212e+01
1.274754878398196212e+01
1.274754878398196212e+01
1.274754878398196212e+01
1.274754878398196212e+01
1.274754878398196212e+01
1.274754878398196212e+01
1.274754878398196212e+01
1.274754878398196212e+01
1.274754878398196212e+01
1.274754878398196212e+01
1.274754878398196212e+01
1.274754878398196212e+01
1.274754878398196212e+01
1.274754878398196212e+01
1.274754878398196212e+01
1.274754878398196212e+01
1.274754878398196212e+01
1.274754878398196212e+01
1.274754878398196212e+01
1.274754878398196212e+01
1.274754878398196212e+01
1.274754878398196212e+01
1.274754878398196212e+01
1.274754878398196212e+01
1.274754878398196212e+01
1.274754878398196212e+01
1.274754878398196212e+01
1.274754878398196212e+01
1.274754878398196212e+01
1.274754878398196212e+01
1.274754878398196212e+01
1.274754878398196212e+01
1.274754878398196212e+01
1.274754878398196212e+01
1.274754878398196212e+01
1.274754878398196212e+01
1.274754878398196212e+01
1.274754878398196212e+01
1.274754878398196212e+01
1.274754878398196212e+01
1.274754878398196212e+01
1.274754878398196212e+01
1.274754878398196212e+01
1.274754878398196212e+01
1.274754878398196212e+01
1.274754878398196212e+01
1.274754878398196212e+01
1.274754878398196212e+01
1.274754878398196212e+01
1.274754878398196212e+01
1.274754878398196212e+01
1.274754878398196212e+01
1.274754878398196212e+01
1.274754878398196212e+01
1.274754878398196212e+01
1.274754878398196212e+01
1.274754878398196212e+01
1.274754878398196212e+01
1.274754878398196212e+01
1.278671185254442122e+01
1.278671185254442122e+01
1.278671185254442122e+01
1.278671185254442122e+01
1.278671185254442122e+01
1.278671185254442122e+01
1.278671185254442122e+01
1.278671185254442122e+01
1.278671185254442122e+01
1.278671185254442122e+01
1.278671185254442122e+01
1.278671185254442122e+01
1.278671185254442122e+01
1.278671185254442122e+01
1.278671185254442122e+01
1.278671185254442122e+01
1.278671185254442122e+01
1.278671185254442122e+01
1.278671185254442122e+01
1.278671185254442122e+01
1.278671185254442122e+01
1.278671185254442122e+01
1.278671185254442122e+01
1.278671185254442122e+01
1.278671185254442122e+01
1.278671185254442122e+01
1.278671185254442122e+01
1.278671185254442122e+01
1.278671185254442122e+01
1.278671185254442122e+01
1.278671185254442122e+01
1.278671185254442122e+01
1.278671185254442122e+01
1.278671185254442122e+01
1.278671185254442122e+01
1.278671185254442122e+01
1.278671185254442122e+01
1.278671185254442122e+01
1.278671185254442122e+01
1.278671185254442122e+01
1.278671185254442122e+01
1.278671185254442122e+01
1.278671185254442122e+01
1.278671185254442122e+01
1.278671185254442122e+01
1.278671185254442122e+01
1.278671185254442122e+01
1.278671185254442122e+01
1.278671185254442122e+01
1.278671185254442122e+01
1.278671185254442122e+01
1.278671185254442122e+01
1.278671185254442122e+01
1.278671185254442122e+01
1.278671185254442122e+01
1.278671185254442122e+01
1.278671185254442122e+01
1.278671185254442122e+01
1.278671185254442122e+01
1.278671185254442122e+01
1.278671185254442122e+01
1.278671185254442122e+01
1.278671185254442122e+01
1.278671185254442122e+01
1.278671185254442122e+01
1.278671185254442122e+01
1.278671185254442122e+01
1.278671185254442122e+01
1.278671185254442122e+01
1.278671185254442122e+01
1.278671185254442122e+01
1.278671185254442122e+01
1.278671185254442122e+01
1.278671185254442122e+01
1.278671185254442122e+01
1.278671185254442122e+01
1.278671185254442122e+01
1.278671185254442122e+01
1.278671185254442122e+01
1.278671185254442122e+01
1.282575533838065951e+01
1.282575533838065951e+01
1.282575533838065951e+01
1.282575533838065951e+01
1.282575533838065951e+01
1.282575533838065951e+01
1.282575533838065951e+01
1.282575533838065951e+01
1.282575533838065951e+01
1.282575533838065951e+01
1.282575533838065951e+01
1.282575533838065951e+01
1.282575533838065951e+01
1.282575533838065951e+01
1.282575533838065951e+01
1.282575533838065951e+01
1.286468033026860702e+01
1.286468033026860702e+01
1.286468033026860702e+01
1.286468033026860702e+01
1.286468033026860702e+01
1.286468033026860702e+01
1.286468033026860702e+01
1.286468033026860702e+01
1.286468033026860702e+01
1.286468033026860702e+01
1.286468033026860702e+01
1.286468033026860702e+01
1.286468033026860702e+01
1.286468033026860702e+01
1.286468033026860702e+01
1.286468033026860702e+01
1.286468033026860702e+01
1.286468033026860702e+01
1.286468033026860702e+01
1.286468033026860702e+01
1.286468033026860702e+01
1.286468033026860702e+01
1.286468033026860702e+01
1.286468033026860702e+01
1.286468033026860702e+01
1.286468033026860702e+01
1.286468033026860702e+01
1.286468033026860702e+01
1.286468033026860702e+01
1.286468033026860702e+01
1.286468033026860702e+01
1.286468033026860702e+01
1.286468033026860702e+01
1.286468033026860702e+01
1.286468033026860702e+01
1.286468033026860702e+01
1.286468033026860702e+01
1.286468033026860702e+01
1.286468033026860702e+01
1.286468033026860702e+01
1.286468033026860702e+01
1.286468033026860702e+01
1.286468033026860702e+01
1.286468033026860702e+01
1.286468033026860702e+01
1.286468033026860702e+01
1.286468033026860702e+01
1.286468033026860702e+01
1.286468033026860702e+01
1.286468033026860702e+01
1.286468033026860702e+01
1.286468033026860702e+01
1.286468033026860702e+01
1.286468033026860702e+01
1.286468033026860702e+01
1.286468033026860702e+01
1.286468033026860702e+01
1.286468033026860702e+01
1.286468033026860702e+01
1.286468033026860702e+01
1.286468033026860702e+01
1.286468033026860702e+01
1.286468033026860702e+01
1.286468033026860702e+01
1.286468033026860702e+01
1.286468033026860702e+01
1.286468033026860702e+01
1.286468033026860702e+01
1.286468033026860702e+01
1.286468033026860702e+01
1.286468033026860702e+01
1.286468033026860702e+01
1.290348790056394002e+01
1.290348790056394002e+01
1.290348790056394002e+01
1.290348790056394002e+01
1.290348790056394002e+01
1.290348790056394002e+01
1.290348790056394002e+01
1.290348790056394002e+01
1.290348790056394002e+01
1.290348790056394002e+01
1.290348790056394002e+01
1.290348790056394002e+01
1.290348790056394002e+01
1.290348790056394002e+01
1.290348790056394002e+01
1.290348790056394002e+01
1.290348790056394002e+01
1.290348790056394002e+01
1.290348790056394002e+01
1.290348790056394002e+01
1.290348790056394002e+01
1.290348790056394002e+01
1.290348790056394002e+01
1.290348790056394002e+01
1.290348790056394002e+01
1.290348790056394002e+01
1.290348790056394002e+01
1.290348790056394002e+01
1.290348790056394002e+01
1.290348790056394002e+01
1.290348790056394002e+01
1.290348790056394002e+01
1.290348790056394002e+01
1.290348790056394002e+01
1.290348790056394002e+01
1.290348790056394002e+01
1.290348790056394002e+01
1.290348790056394002e+01
1.290348790056394002e+01
1.290348790056394002e+01
1.290348790056394002e+01
1.290348790056394002e+01
1.290348790056394002e+01
1.290348790056394002e+01
1.290348790056394002e+01
1.290348790056394002e+01
1.290348790056394002e+01
1.290348790056394002e+01
1.290348790056394002e+01
1.290348790056394002e+01
1.290348790056394002e+01
1.290348790056394002e+01
1.290348790056394002e+01
1.290348790056394002e+01
1.290348790056394002e+01
1.290348790056394002e+01
1.290348790056394002e+01
1.290348790056394002e+01
1.290348790056394002e+01
1.290348790056394002e+01
1.290348790056394002e+01
1.290348790056394002e+01
1.290348790056394002e+01
1.290348790056394002e+01
1.290348790056394002e+01
1.290348790056394002e+01
1.290348790056394002e+01
1.290348790056394002e+01
1.290348790056394002e+01
1.290348790056394002e+01
1.290348790056394002e+01
1.290348790056394002e+01
1.290348790056394002e+01
1.290348790056394002e+01
1.290348790056394002e+01
1.290348790056394002e+01
1.290348790056394002e+01
1.290348790056394002e+01
1.290348790056394002e+01
1.290348790056394002e+01
1.294217910554478479e+01
1.294217910554478479e+01
1.294217910554478479e+01
1.294217910554478479e+01
1.294217910554478479e+01
1.294217910554478479e+01
1.294217910554478479e+01
1.294217910554478479e+01
1.294217910554478479e+01
1.294217910554478479e+01
1.294217910554478479e+01
1.294217910554478479e+01
1.294217910554478479e+01
1.294217910554478479e+01
1.294217910554478479e+01
1.294217910554478479e+01
1.294217910554478479e+01
1.294217910554478479e+01
1.294217910554478479e+01
1.294217910554478479e+01
1.294217910554478479e+01
1.294217910554478479e+01
1.294217910554478479e+01
1.294217910554478479e+01
1.294217910554478479e+01
1.294217910554478479e+01
1.294217910554478479e+01
1.294217910554478479e+01
1.294217910554478479e+01
1.294217910554478479e+01
1.294217910554478479e+01
1.294217910554478479e+01
1.298075498574717024e+01
1.298075498574717024e+01
1.298075498574717024e+01
1.298075498574717024e+01
1.298075498574717024e+01
1.298075498574717024e+01
1.298075498574717024e+01
1.298075498574717024e+01
1.298075498574717024e+01
1.298075498574717024e+01
1.298075498574717024e+01
1.298075498574717024e+01
1.298075498574717024e+01
1.298075498574717024e+01
1.298075498574717024e+01
1.298075498574717024e+01
1.298075498574717024e+01
1.298075498574717024e+01
1.298075498574717024e+01
1.298075498574717024e+01
1.298075498574717024e+01
1.298075498574717024e+01
1.298075498574717024e+01
1.298075498574717024e+01
1.298075498574717024e+01
1.298075498574717024e+01
1.298075498574717024e+01
1.298075498574717024e+01
1.298075498574717024e+01
1.298075498574717024e+01
1.298075498574717024e+01
1.298075498574717024e+01
1.298075498574717024e+01
1.298075498574717024e+01
1.298075498574717024e+01
1.298075498574717024e+01
1.298075498574717024e+01
1.298075498574717024e+01
1.298075498574717024e+01
1.298075498574717024e+01
1.298075498574717024e+01
1.298075498574717024e+01
1.298075498574717024e+01
1.298075498574717024e+01
1.298075498574717024e+01
1.298075498574717024e+01
1.298075498574717024e+01
1.298075498574717024e+01
1.298075498574717024e+01
1.298075498574717024e+01
1.298075498574717024e+01
1.298075498574717024e+01
1.298075498574717024e+01
1.298075498574717024e+01
1.298075498574717024e+01
1.298075498574717024e+01
1.298075498574717024e+01
1.298075498574717024e+01
1.298075498574717024e+01
1.298075498574717024e+01
1.298075498574717024e+01
1.298075498574717024e+01
1.298075498574717024e+01
1.298075498574717024e+01
1.301921656629153645e+01
1.301921656629153645e+01
1.301921656629153645e+01
1.301921656629153645e+01
1.301921656629153645e+01
1.301921656629153645e+01
1.301921656629153645e+01
1.301921656629153645e+01
1.301921656629153645e+01
1.301921656629153645e+01
1.301921656629153645e+01
1.301921656629153645e+01
1.301921656629153645e+01
1.301921656629153645e+01
1.301921656629153645e+01
1.301921656629153645e+01
1.301921656629153645e+01
1.301921656629153645e+01
1.301921656629153645e+01
1.301921656629153645e+01
1.301921656629153645e+01
1.301921656629153645e+01
1.301921656629153645e+01
1.301921656629153645e+01
1.301921656629153645e+01
1.301921656629153645e+01
1.301921656629153645e+01
1.301921656629153645e+01
1.301921656629153645e+01
1.301921656629153645e+01
1.301921656629153645e+01
1.301921656629153645e+01
1.301921656629153645e+01
1.301921656629153645e+01
1.301921656629153645e+01
1.301921656629153645e+01
1.301921656629153645e+01
1.301921656629153645e+01
1.301921656629153645e+01
1.301921656629153645e+01
1.301921656629153645e+01
1.301921656629153645e+01
1.301921656629153645e+01
1.301921656629153645e+01
1.301921656629153645e+01
1.301921656629153645e+01
1.301921656629153645e+01
1.301921656629153645e+01
1.305756485720059601e+01
1.305756485720059601e+01
1.305756485720059601e+01
1.305756485720059601e+01
1.305756485720059601e+01
1.305756485720059601e+01
1.305756485720059601e+01
1.305756485720059601e+01
1.305756485720059601e+01
1.305756485720059601e+01
1.305756485720059601e+01
1.305756485720059601e+01
1.305756485720059601e+01
1.305756485720059601e+01
1.305756485720059601e+01
1.305756485720059601e+01
1.305756485720059601e+01
1.305756485720059601e+01
1.305756485720059601e+01
1.305756485720059601e+01
1.305756485720059601e+01
1.305756485720059601e+01
1.305756485720059601e+01
1.305756485720059601e+01
1.309580085370879488e+01
1.309580085370879488e+01
1.309580085370879488e+01
1.309580085370879488e+01
1.309580085370879488e+01
1.309580085370879488e+01
1.309580085370879488e+01
1.309580085370879488e+01
1.309580085370879488e+01
1.309580085370879488e+01
1.309580085370879488e+01
1.309580085370879488e+01
1.309580085370879488e+01
1.309580085370879488e+01
1.309580085370879488e+01
1.309580085370879488e+01
1.309580085370879488e+01
1.309580085370879488e+01
1.309580085370879488e+01
1.309580085370879488e+01
1.309580085370879488e+01
1.309580085370879488e+01
1.309580085370879488e+01
1.309580085370879488e+01
1.309580085370879488e+01
1.309580085370879488e+01
1.309580085370879488e+01
1.309580085370879488e+01
1.309580085370879488e+01
1.309580085370879488e+01
1.309580085370879488e+01
1.309580085370879488e+01
1.309580085370879488e+01
1.309580085370879488e+01
1.309580085370879488e+01
1.309580085370879488e+01
1.309580085370879488e+01
1.309580085370879488e+01
1.309580085370879488e+01
1.309580085370879488e+01
1.309580085370879488e+01
1.309580085370879488e+01
1.309580085370879488e+01
1.309580085370879488e+01
1.309580085370879488e+01
1.309580085370879488e+01
1.309580085370879488e+01
1.309580085370879488e+01
1.309580085370879488e+01
1.309580085370879488e+01
1.309580085370879488e+01
1.309580085370879488e+01
1.309580085370879488e+01
1.309580085370879488e+01
1.309580085370879488e+01
1.309580085370879488e+01
1.309580085370879488e+01
1.309580085370879488e+01
1.309580085370879488e+01
1.309580085370879488e+01
1.309580085370879488e+01
1.309580085370879488e+01
1.309580085370879488e+01
1.309580085370879488e+01
1.309580085370879488e+01
1.309580085370879488e+01
1.309580085370879488e+01
1.309580085370879488e+01
1.309580085370879488e+01
1.309580085370879488e+01
1.309580085370879488e+01
1.309580085370879488e+01
1.309580085370879488e+01
1.309580085370879488e+01
1.309580085370879488e+01
1.309580085370879488e+01
1.309580085370879488e+01
1.309580085370879488e+01
1.309580085370879488e+01
1.309580085370879488e+01
1.309580085370879488e+01
1.309580085370879488e+01
1.309580085370879488e+01
1.309580085370879488e+01
1.309580085370879488e+01
1.309580085370879488e+01
1.309580085370879488e+01
1.309580085370879488e+01
1.313392553656369799e+01
1.313392553656369799e+01
1.313392553656369799e+01
1.313392553656369799e+01
1.313392553656369799e+01
1.313392553656369799e+01
1.313392553656369799e+01
1.313392553656369799e+01
1.313392553656369799e+01
1.313392553656369799e+01
1.313392553656369799e+01
1.313392553656369799e+01
1.313392553656369799e+01
1.313392553656369799e+01
1.313392553656369799e+01
1.313392553656369799e+01
1.313392553656369799e+01
1.313392553656369799e+01
1.313392553656369799e+01
1.313392553656369799e+01
1.313392553656369799e+01
1.313392553656369799e+01
1.313392553656369799e+01
1.313392553656369799e+01
1.313392553656369799e+01
1.313392553656369799e+01
1.313392553656369799e+01
1.313392553656369799e+01
1.313392553656369799e+01
1.313392553656369799e+01
1.313392553656369799e+01
1.313392553656369799e+01
1.317193987231949137e+01
1.317193987231949137e+01
1.317193987231949137e+01
1.317193987231949137e+01
1.317193987231949137e+01
1.317193987231949137e+01
1.317193987231949137e+01
1.317193987231949137e+01
1.317193987231949137e+01
1.317193987231949137e+01
1.317193987231949137e+01
1.317193987231949137e+01
1.317193987231949137e+01
1.317193987231949137e+01
1.317193987231949137e+01
1.317193987231949137e+01
1.317193987231949137e+01
1.317193987231949137e+01
1.317193987231949137e+01
1.317193987231949137e+01
1.317193987231949137e+01
1.317193987231949137e+01
1.317193987231949137e+01
1.317193987231949137e+01
1.317193987231949137e+01
1.317193987231949137e+01
1.317193987231949137e+01
1.317193987231949137e+01
1.317193987231949137e+01
1.317193987231949137e+01
1.317193987231949137e+01
1.317193987231949137e+01
1.320984481362290630e+01
1.320984481362290630e+01
1.320984481362290630e+01
1.320984481362290630e+01
1.320984481362290630e+01
1.320984481362290630e+01
1.320984481362290630e+01
1.320984481362290630e+01
1.320984481362290630e+01
1.320984481362290630e+01
1.320984481362290630e+01
1.320984481362290630e+01
1.320984481362290630e+01
1.320984481362290630e+01
1.320984481362290630e+01
1.320984481362290630e+01
1.320984481362290630e+01
1.320984481362290630e+01
1.320984481362290630e+01
1.320984481362290630e+01
1.320984481362290630e+01
1.320984481362290630e+01
1.320984481362290630e+01
1.320984481362290630e+01
1.320984481362290630e+01
1.320984481362290630e+01
1.320984481362290630e+01
1.320984481362290630e+01
1.320984481362290630e+01
1.320984481362290630e+01
1.320984481362290630e+01
1.320984481362290630e+01
1.320984481362290630e+01
1.320984481362290630e+01
1.320984481362290630e+01
1.320984481362290630e+01
1.320984481362290630e+01
1.320984481362290630e+01
1.320984481362290630e+01
1.320984481362290630e+01
1.320984481362290630e+01
1.320984481362290630e+01
1.320984481362290630e+01
1.320984481362290630e+01
1.320984481362290630e+01
1.320984481362290630e+01
1.320984481362290630e+01
1.320984481362290630e+01
1.320984481362290630e+01
1.320984481362290630e+01
1.320984481362290630e+01
1.320984481362290630e+01
1.320984481362290630e+01
1.320984481362290630e+01
1.320984481362290630e+01
1.320984481362290630e+01
1.320984481362290630e+01
1.320984481362290630e+01
1.320984481362290630e+01
1.320984481362290630e+01
1.324764129949176983e+01
1.324764129949176983e+01
1.324764129949176983e+01
1.324764129949176983e+01
1.324764129949176983e+01
1.324764129949176983e+01
1.324764129949176983e+01
1.324764129949176983e+01
1.324764129949176983e+01
1.324764129949176983e+01
1.324764129949176983e+01
1.324764129949176983e+01
1.324764129949176983e+01
1.324764129949176983e+01
1.324764129949176983e+01
1.324764129949176983e+01
1.324764129949176983e+01
1.324764129949176983e+01
1.324764129949176983e+01
1.324764129949176983e+01
1.324764129949176983e+01
1.324764129949176983e+01
1.324764129949176983e+01
1.324764129949176983e+01
1.324764129949176983e+01
1.324764129949176983e+01
1.324764129949176983e+01
1.324764129949176983e+01
1.324764129949176983e+01
1.324764129949176983e+01
1.324764129949176983e+01
1.324764129949176983e+01
1.324764129949176983e+01
1.324764129949176983e+01
1.324764129949176983e+01
1.324764129949176983e+01
1.324764129949176983e+01
1.324764129949176983e+01
1.324764129949176983e+01
1.324764129949176983e+01
1.328533025558642322e+01
1.328533025558642322e+01
1.328533025558642322e+01
1.328533025558642322e+01
1.328533025558642322e+01
1.328533025558642322e+01
1.328533025558642322e+01
1.328533025558642322e+01
1.328533025558642322e+01
1.328533025558642322e+01
1.328533025558642322e+01
1.328533025558642322e+01
1.328533025558642322e+01
1.328533025558642322e+01
1.328533025558642322e+01
1.328533025558642322e+01
1.328533025558642322e+01
1.328533025558642322e+01
1.328533025558642322e+01
1.328533025558642322e+01
1.328533025558642322e+01
1.328533025558642322e+01
1.328533025558642322e+01
1.328533025558642322e+01
1.328533025558642322e+01
1.328533025558642322e+01
1.328533025558642322e+01
1.328533025558642322e+01
1.328533025558642322e+01
1.328533025558642322e+01
1.328533025558642322e+01
1.328533025558642322e+01
1.328533025558642322e+01
1.328533025558642322e+01
1.328533025558642322e+01
1.328533025558642322e+01
1.328533025558642322e+01
1.328533025558642322e+01
1.328533025558642322e+01
1.328533025558642322e+01
1.328533025558642322e+01
1.328533025558642322e+01
1.328533025558642322e+01
1.328533025558642322e+01
1.328533025558642322e+01
1.328533025558642322e+01
1.328533025558642322e+01
1.328533025558642322e+01
1.328533025558642322e+01
1.328533025558642322e+01
1.328533025558642322e+01
1.328533025558642322e+01
1.328533025558642322e+01
1.328533025558642322e+01
1.328533025558642322e+01
1.328533025558642322e+01
1.332291259447422860e+01
1.332291259447422860e+01
1.332291259447422860e+01
1.332291259447422860e+01
1.332291259447422860e+01
1.332291259447422860e+01
1.332291259447422860e+01
1.332291259447422860e+01
1.332291259447422860e+01
1.332291259447422860e+01
1.332291259447422860e+01
1.332291259447422860e+01
1.332291259447422860e+01
1.332291259447422860e+01
1.332291259447422860e+01
1.332291259447422860e+01
1.332291259447422860e+01
1.332291259447422860e+01
1.332291259447422860e+01
1.332291259447422860e+01
1.332291259447422860e+01
1.332291259447422860e+01
1.332291259447422860e+01
1.332291259447422860e+01
1.332291259447422860e+01
1.332291259447422860e+01
1.332291259447422860e+01
1.332291259447422860e+01
1.332291259447422860e+01
1.332291259447422860e+01
1.332291259447422860e+01
1.332291259447422860e+01
1.332291259447422860e+01
1.332291259447422860e+01
1.332291259447422860e+01
1.332291259447422860e+01
1.332291259447422860e+01
1.332291259447422860e+01
1.332291259447422860e+01
1.332291259447422860e+01
1.332291259447422860e+01
1.332291259447422860e+01
1.332291259447422860e+01
1.332291259447422860e+01
1.332291259447422860e+01
1.332291259447422860e+01
1.332291259447422860e+01
1.332291259447422860e+01
1.332291259447422860e+01
1.332291259447422860e+01
1.332291259447422860e+01
1.332291259447422860e+01
1.332291259447422860e+01
1.332291259447422860e+01
1.332291259447422860e+01
1.332291259447422860e+01
1.332291259447422860e+01
1.332291259447422860e+01
1.332291259447422860e+01
1.332291259447422860e+01
1.332291259447422860e+01
1.332291259447422860e+01
1.332291259447422860e+01
1.332291259447422860e+01
1.332291259447422860e+01
1.332291259447422860e+01
1.332291259447422860e+01
1.332291259447422860e+01
1.332291259447422860e+01
1.332291259447422860e+01
1.332291259447422860e+01
1.332291259447422860e+01
1.336038921588738759e+01
1.336038921588738759e+01
1.336038921588738759e+01
1.336038921588738759e+01
1.336038921588738759e+01
1.336038921588738759e+01
1.336038921588738759e+01
1.336038921588738759e+01
1.336038921588738759e+01
1.336038921588738759e+01
1.336038921588738759e+01
1.336038921588738759e+01
1.336038921588738759e+01
1.336038921588738759e+01
1.336038921588738759e+01
1.336038921588738759e+01
1.336038921588738759e+01
1.336038921588738759e+01
1.336038921588738759e+01
1.336038921588738759e+01
1.336038921588738759e+01
1.336038921588738759e+01
1.336038921588738759e+01
1.336038921588738759e+01
1.336038921588738759e+01
1.336038921588738759e+01
1.336038921588738759e+01
1.336038921588738759e+01
1.336038921588738759e+01
1.336038921588738759e+01
1.336038921588738759e+01
1.336038921588738759e+01
1.336038921588738759e+01
1.336038921588738759e+01
1.336038921588738759e+01
1.336038921588738759e+01
1.336038921588738759e+01
1.336038921588738759e+01
1.336038921588738759e+01
1.336038921588738759e+01
1.336038921588738759e+01
1.336038921588738759e+01
1.336038921588738759e+01
1.336038921588738759e+01
1.336038921588738759e+01
1.336038921588738759e+01
1.336038921588738759e+01
1.336038921588738759e+01
1.336038921588738759e+01
1.336038921588738759e+01
1.336038921588738759e+01
1.336038921588738759e+01
1.336038921588738759e+01
1.336038921588738759e+01
1.336038921588738759e+01
1.336038921588738759e+01
1.336038921588738759e+01
1.336038921588738759e+01
1.336038921588738759e+01
1.336038921588738759e+01
1.336038921588738759e+01
1.336038921588738759e+01
1.336038921588738759e+01
1.336038921588738759e+01
1.339776100697426209e+01
1.339776100697426209e+01
1.339776100697426209e+01
1.339776100697426209e+01
1.339776100697426209e+01
1.339776100697426209e+01
1.339776100697426209e+01
1.339776100697426209e+01
1.339776100697426209e+01
1.339776100697426209e+01
1.339776100697426209e+01
1.339776100697426209e+01
1.339776100697426209e+01
1.339776100697426209e+01
1.339776100697426209e+01
1.339776100697426209e+01
1.339776100697426209e+01
1.339776100697426209e+01
1.339776100697426209e+01
1.339776100697426209e+01
1.339776100697426209e+01
1.339776100697426209e+01
1.339776100697426209e+01
1.339776100697426209e+01
1.339776100697426209e+01
1.339776100697426209e+01
1.339776100697426209e+01
1.339776100697426209e+01
1.339776100697426209e+01
1.339776100697426209e+01
1.339776100697426209e+01
1.339776100697426209e+01
1.339776100697426209e+01
1.339776100697426209e+01
1.339776100697426209e+01
1.339776100697426209e+01
1.339776100697426209e+01
1.339776100697426209e+01
1.339776100697426209e+01
1.339776100697426209e+01
1.339776100697426209e+01
1.339776100697426209e+01
1.339776100697426209e+01
1.339776100697426209e+01
1.339776100697426209e+01
1.339776100697426209e+01
1.339776100697426209e+01
1.339776100697426209e+01
1.343502884254440310e+01
1.343502884254440310e+01
1.343502884254440310e+01
1.343502884254440310e+01
1.343502884254440310e+01
1.343502884254440310e+01
1.343502884254440310e+01
1.343502884254440310e+01
1.343502884254440310e+01
1.343502884254440310e+01
1.343502884254440310e+01
1.343502884254440310e+01
1.343502884254440310e+01
1.343502884254440310e+01
1.343502884254440310e+01
1.343502884254440310e+01
1.343502884254440310e+01
1.343502884254440310e+01
1.343502884254440310e+01
1.343502884254440310e+01
1.343502884254440310e+01
1.343502884254440310e+01
1.343502884254440310e+01
1.343502884254440310e+01
1.343502884254440310e+01
1.343502884254440310e+01
1.343502884254440310e+01
1.343502884254440310e+01
1.343502884254440310e+01
1.343502884254440310e+01
1.343502884254440310e+01
1.343502884254440310e+01
1.343502884254440310e+01
1.343502884254440310e+01
1.343502884254440310e+01
1.343502884254440310e+01
1.347219358530747968e+01
1.347219358530747968e+01
1.347219358530747968e+01
1.347219358530747968e+01
1.347219358530747968e+01
1.347219358530747968e+01
1.347219358530747968e+01
1.347219358530747968e+01
1.347219358530747968e+01
1.347219358530747968e+01
1.347219358530747968e+01
1.347219358530747968e+01
1.347219358530747968e+01
1.347219358530747968e+01
1.347219358530747968e+01
1.347219358530747968e+01
1.347219358530747968e+01
1.347219358530747968e+01
1.347219358530747968e+01
1.347219358530747968e+01
1.347219358530747968e+01
1.347219358530747968e+01
1.347219358530747968e+01
1.347219358530747968e+01
1.347219358530747968e+01
1.347219358530747968e+01
1.347219358530747968e+01
1.347219358530747968e+01
1.347219358530747968e+01
1.347219358530747968e+01
1.347219358530747968e+01
1.347219358530747968e+01
1.347219358530747968e+01
1.347219358530747968e+01
1.347219358530747968e+01
1.347219358530747968e+01
1.347219358530747968e+01
1.347219358530747968e+01
1.347219358530747968e+01
1.347219358530747968e+01
1.350925608610629602e+01
1.350925608610629602e+01
1.350925608610629602e+01
1.350925608610629602e+01
1.350925608610629602e+01
1.350925608610629602e+01
1.350925608610629602e+01
1.350925608610629602e+01
1.350925608610629602e+01
1.350925608610629602e+01
1.350925608610629602e+01
1.350925608610629602e+01
1.350925608610629602e+01
1.350925608610629602e+01
1.350925608610629602e+01
1.350925608610629602e+01
1.350925608610629602e+01
1.350925608610629602e+01
1.350925608610629602e+01
1.350925608610629602e+01
1.350925608610629602e+01
1.350925608610629602e+01
1.350925608610629602e+01
1.350925608610629602e+01
1.350925608610629602e+01
1.350925608610629602e+01
1.350925608610629602e+01
1.350925608610629602e+01
1.350925608610629602e+01
1.350925608610629602e+01
1.350925608610629602e+01
1.350925608610629602e+01
1.350925608610629602e+01
1.350925608610629602e+01
1.350925608610629602e+01
1.350925608610629602e+01
1.350925608610629602e+01
1.350925608610629602e+01
1.350925608610629602e+01
1.350925608610629602e+01
1.354621718414406573e+01
1.354621718414406573e+01
1.354621718414406573e+01
1.354621718414406573e+01
1.354621718414406573e+01
1.354621718414406573e+01
1.354621718414406573e+01
1.354621718414406573e+01
1.354621718414406573e+01
1.354621718414406573e+01
1.354621718414406573e+01
1.354621718414406573e+01
1.354621718414406573e+01
1.354621718414406573e+01
1.354621718414406573e+01
1.354621718414406573e+01
1.354621718414406573e+01
1.354621718414406573e+01
1.354621718414406573e+01
1.354621718414406573e+01
1.354621718414406573e+01
1.354621718414406573e+01
1.354621718414406573e+01
1.354621718414406573e+01
1.354621718414406573e+01
1.354621718414406573e+01
1.354621718414406573e+01
1.354621718414406573e+01
1.354621718414406573e+01
1.354621718414406573e+01
1.354621718414406573e+01
1.354621718414406573e+01
1.354621718414406573e+01
1.354621718414406573e+01
1.354621718414406573e+01
1.354621718414406573e+01
1.354621718414406573e+01
1.354621718414406573e+01
1.354621718414406573e+01
1.354621718414406573e+01
1.354621718414406573e+01
1.354621718414406573e+01
1.354621718414406573e+01
1.354621718414406573e+01
1.354621718414406573e+01
1.354621718414406573e+01
1.354621718414406573e+01
1.354621718414406573e+01
1.354621718414406573e+01
1.354621718414406573e+01
1.354621718414406573e+01
1.354621718414406573e+01
1.354621718414406573e+01
1.354621718414406573e+01
1.354621718414406573e+01
1.354621718414406573e+01
1.354621718414406573e+01
1.354621718414406573e+01
1.354621718414406573e+01
1.354621718414406573e+01
1.354621718414406573e+01
1.354621718414406573e+01
1.354621718414406573e+01
1.354621718414406573e+01
1.354621718414406573e+01
1.354621718414406573e+01
1.354621718414406573e+01
1.354621718414406573e+01
1.354621718414406573e+01
1.354621718414406573e+01
1.354621718414406573e+01
1.354621718414406573e+01
1.354621718414406573e+01
1.354621718414406573e+01
1.354621718414406573e+01
1.354621718414406573e+01
1.354621718414406573e+01
1.354621718414406573e+01
1.354621718414406573e+01
1.354621718414406573e+01
1.354621718414406573e+01
1.354621718414406573e+01
1.354621718414406573e+01
1.354621718414406573e+01
1.354621718414406573e+01
1.354621718414406573e+01
1.354621718414406573e+01
1.354621718414406573e+01
1.354621718414406573e+01
1.354621718414406573e+01
1.354621718414406573e+01
1.354621718414406573e+01
1.354621718414406573e+01
1.354621718414406573e+01
1.354621718414406573e+01
1.354621718414406573e+01
1.358307770720612417e+01
1.358307770720612417e+01
1.358307770720612417e+01
1.358307770720612417e+01
1.358307770720612417e+01
1.358307770720612417e+01
1.358307770720612417e+01
1.358307770720612417e+01
1.358307770720612417e+01
1.358307770720612417e+01
1.358307770720612417e+01
1.358307770720612417e+01
1.358307770720612417e+01
1.358307770720612417e+01
1.358307770720612417e+01
1.358307770720612417e+01
1.358307770720612417e+01
1.358307770720612417e+01
1.358307770720612417e+01
1.358307770720612417e+01
1.358307770720612417e+01
1.358307770720612417e+01
1.358307770720612417e+01
1.358307770720612417e+01
1.358307770720612417e+01
1.358307770720612417e+01
1.358307770720612417e+01
1.358307770720612417e+01
1.358307770720612417e+01
1.358307770720612417e+01
1.358307770720612417e+01
1.358307770720612417e+01
1.358307770720612417e+01
1.358307770720612417e+01
1.358307770720612417e+01
1.358307770720612417e+01
1.358307770720612417e+01
1.358307770720612417e+01
1.358307770720612417e+01
1.358307770720612417e+01
1.358307770720612417e+01
1.358307770720612417e+01
1.358307770720612417e+01
1.358307770720612417e+01
1.358307770720612417e+01
1.358307770720612417e+01
1.358307770720612417e+01
1.358307770720612417e+01
1.365650028374766300e+01
1.365650028374766300e+01
1.365650028374766300e+01
1.365650028374766300e+01
1.365650028374766300e+01
1.365650028374766300e+01
1.365650028374766300e+01
1.365650028374766300e+01
1.365650028374766300e+01
1.365650028374766300e+01
1.365650028374766300e+01
1.365650028374766300e+01
1.365650028374766300e+01
1.365650028374766300e+01
1.365650028374766300e+01
1.365650028374766300e+01
1.365650028374766300e+01
1.365650028374766300e+01
1.365650028374766300e+01
1.365650028374766300e+01
1.365650028374766300e+01
1.365650028374766300e+01
1.365650028374766300e+01
1.365650028374766300e+01
1.365650028374766300e+01
1.365650028374766300e+01
1.365650028374766300e+01
1.365650028374766300e+01
1.365650028374766300e+01
1.365650028374766300e+01
1.365650028374766300e+01
1.365650028374766300e+01
1.365650028374766300e+01
1.365650028374766300e+01
1.365650028374766300e+01
1.365650028374766300e+01
1.365650028374766300e+01
1.365650028374766300e+01
1.365650028374766300e+01
1.365650028374766300e+01
1.365650028374766300e+01
1.365650028374766300e+01
1.365650028374766300e+01
1.365650028374766300e+01
1.365650028374766300e+01
1.365650028374766300e+01
1.365650028374766300e+01
1.365650028374766300e+01
1.369306393762915341e+01
1.369306393762915341e+01
1.369306393762915341e+01
1.369306393762915341e+01
1.369306393762915341e+01
1.369306393762915341e+01
1.369306393762915341e+01
1.369306393762915341e+01
1.369306393762915341e+01
1.369306393762915341e+01
1.369306393762915341e+01
1.369306393762915341e+01
1.369306393762915341e+01
1.369306393762915341e+01
1.369306393762915341e+01
1.369306393762915341e+01
1.369306393762915341e+01
1.369306393762915341e+01
1.369306393762915341e+01
1.369306393762915341e+01
1.369306393762915341e+01
1.369306393762915341e+01
1.369306393762915341e+01
1.369306393762915341e+01
1.369306393762915341e+01
1.369306393762915341e+01
1.369306393762915341e+01
1.369306393762915341e+01
1.369306393762915341e+01
1.369306393762915341e+01
1.369306393762915341e+01
1.369306393762915341e+01
1.372953021774598170e+01
1.372953021774598170e+01
1.372953021774598170e+01
1.372953021774598170e+01
1.372953021774598170e+01
1.372953021774598170e+01
1.372953021774598170e+01
1.372953021774598170e+01
1.372953021774598170e+01
1.372953021774598170e+01
1.372953021774598170e+01
1.372953021774598170e+01
1.372953021774598170e+01
1.372953021774598170e+01
1.372953021774598170e+01
1.372953021774598170e+01
1.372953021774598170e+01
1.372953021774598170e+01
1.372953021774598170e+01
1.372953021774598170e+01
1.372953021774598170e+01
1.372953021774598170e+01
1.372953021774598170e+01
1.372953021774598170e+01
1.372953021774598170e+01
1.372953021774598170e+01
1.372953021774598170e+01
1.372953021774598170e+01
1.376589989793620461e+01
1.376589989793620461e+01
1.376589989793620461e+01
1.376589989793620461e+01
1.376589989793620461e+01
1.376589989793620461e+01
1.376589989793620461e+01
1.376589989793620461e+01
1.376589989793620461e+01
1.376589989793620461e+01
1.376589989793620461e+01
1.376589989793620461e+01
1.376589989793620461e+01
1.376589989793620461e+01
1.376589989793620461e+01
1.376589989793620461e+01
1.376589989793620461e+01
1.376589989793620461e+01
1.376589989793620461e+01
1.376589989793620461e+01
1.376589989793620461e+01
1.376589989793620461e+01
1.376589989793620461e+01
1.376589989793620461e+01
1.376589989793620461e+01
1.376589989793620461e+01
1.376589989793620461e+01
1.376589989793620461e+01
1.376589989793620461e+01
1.376589989793620461e+01
1.376589989793620461e+01
1.376589989793620461e+01
1.376589989793620461e+01
1.376589989793620461e+01
1.376589989793620461e+01
1.376589989793620461e+01
1.376589989793620461e+01
1.376589989793620461e+01
1.376589989793620461e+01
1.376589989793620461e+01
1.376589989793620461e+01
1.376589989793620461e+01
1.376589989793620461e+01
1.376589989793620461e+01
1.376589989793620461e+01
1.376589989793620461e+01
1.376589989793620461e+01
1.376589989793620461e+01
1.380217374184226031e+01
1.380217374184226031e+01
1.380217374184226031e+01
1.380217374184226031e+01
1.380217374184226031e+01
1.380217374184226031e+01
1.380217374184226031e+01
1.380217374184226031e+01
1.380217374184226031e+01
1.380217374184226031e+01
1.380217374184226031e+01
1.380217374184226031e+01
1.380217374184226031e+01
1.380217374184226031e+01
1.380217374184226031e+01
1.380217374184226031e+01
1.380217374184226031e+01
1.380217374184226031e+01
1.380217374184226031e+01
1.380217374184226031e+01
1.380217374184226031e+01
1.380217374184226031e+01
1.380217374184226031e+01
1.380217374184226031e+01
1.383835250309804721e+01
1.383835250309804721e+01
1.383835250309804721e+01
1.383835250309804721e+01
1.383835250309804721e+01
1.383835250309804721e+01
1.383835250309804721e+01
1.383835250309804721e+01
1.383835250309804721e+01
1.383835250309804721e+01
1.383835250309804721e+01
1.383835250309804721e+01
1.383835250309804721e+01
1.383835250309804721e+01
1.383835250309804721e+01
1.383835250309804721e+01
1.383835250309804721e+01
1.383835250309804721e+01
1.383835250309804721e+01
1.383835250309804721e+01
1.383835250309804721e+01
1.383835250309804721e+01
1.383835250309804721e+01
1.383835250309804721e+01
1.383835250309804721e+01
1.383835250309804721e+01
1.383835250309804721e+01
1.383835250309804721e+01
1.383835250309804721e+01
1.383835250309804721e+01
1.383835250309804721e+01
1.383835250309804721e+01
1.383835250309804721e+01
1.383835250309804721e+01
1.383835250309804721e+01
1.383835250309804721e+01
1.383835250309804721e+01
1.383835250309804721e+01
1.383835250309804721e+01
1.383835250309804721e+01
1.383835250309804721e+01
1.383835250309804721e+01
1.383835250309804721e+01
1.383835250309804721e+01
1.383835250309804721e+01
1.383835250309804721e+01
1.383835250309804721e+01
1.383835250309804721e+01
1.383835250309804721e+01
1.383835250309804721e+01
1.383835250309804721e+01
1.383835250309804721e+01
1.383835250309804721e+01
1.383835250309804721e+01
1.383835250309804721e+01
1.383835250309804721e+01
1.383835250309804721e+01
1.383835250309804721e+01
1.383835250309804721e+01
1.383835250309804721e+01
1.383835250309804721e+01
1.383835250309804721e+01
1.383835250309804721e+01
1.383835250309804721e+01
1.387443692551160801e+01
1.387443692551160801e+01
1.387443692551160801e+01
1.387443692551160801e+01
1.387443692551160801e+01
1.387443692551160801e+01
1.387443692551160801e+01
1.387443692551160801e+01
1.387443692551160801e+01
1.387443692551160801e+01
1.387443692551160801e+01
1.387443692551160801e+01
1.387443692551160801e+01
1.387443692551160801e+01
1.387443692551160801e+01
1.387443692551160801e+01
1.387443692551160801e+01
1.387443692551160801e+01
1.387443692551160801e+01
1.387443692551160801e+01
1.387443692551160801e+01
1.387443692551160801e+01
1.387443692551160801e+01
1.387443692551160801e+01
1.387443692551160801e+01
1.387443692551160801e+01
1.387443692551160801e+01
1.387443692551160801e+01
1.387443692551160801e+01
1.387443692551160801e+01
1.387443692551160801e+01
1.387443692551160801e+01
1.387443692551160801e+01
1.387443692551160801e+01
1.387443692551160801e+01
1.387443692551160801e+01
1.387443692551160801e+01
1.387443692551160801e+01
1.387443692551160801e+01
1.387443692551160801e+01
1.387443692551160801e+01
1.387443692551160801e+01
1.387443692551160801e+01
1.387443692551160801e+01
1.387443692551160801e+01
1.387443692551160801e+01
1.387443692551160801e+01
1.387443692551160801e+01
1.387443692551160801e+01
1.387443692551160801e+01
1.387443692551160801e+01
1.387443692551160801e+01
1.387443692551160801e+01
1.387443692551160801e+01
1.387443692551160801e+01
1.387443692551160801e+01
1.391042774324355591e+01
1.391042774324355591e+01
1.391042774324355591e+01
1.391042774324355591e+01
1.391042774324355591e+01
1.391042774324355591e+01
1.391042774324355591e+01
1.391042774324355591e+01
1.391042774324355591e+01
1.391042774324355591e+01
1.391042774324355591e+01
1.391042774324355591e+01
1.391042774324355591e+01
1.391042774324355591e+01
1.391042774324355591e+01
1.391042774324355591e+01
1.391042774324355591e+01
1.391042774324355591e+01
1.391042774324355591e+01
1.391042774324355591e+01
1.391042774324355591e+01
1.391042774324355591e+01
1.391042774324355591e+01
1.391042774324355591e+01
1.391042774324355591e+01
1.391042774324355591e+01
1.391042774324355591e+01
1.391042774324355591e+01
1.391042774324355591e+01
1.391042774324355591e+01
1.391042774324355591e+01
1.391042774324355591e+01
1.391042774324355591e+01
1.391042774324355591e+01
1.391042774324355591e+01
1.391042774324355591e+01
1.391042774324355591e+01
1.391042774324355591e+01
1.391042774324355591e+01
1.391042774324355591e+01
1.391042774324355591e+01
1.391042774324355591e+01
1.391042774324355591e+01
1.391042774324355591e+01
1.391042774324355591e+01
1.391042774324355591e+01
1.391042774324355591e+01
1.391042774324355591e+01
1.391042774324355591e+01
1.391042774324355591e+01
1.391042774324355591e+01
1.391042774324355591e+01
1.391042774324355591e+01
1.391042774324355591e+01
1.391042774324355591e+01
1.391042774324355591e+01
1.391042774324355591e+01
1.391042774324355591e+01
1.391042774324355591e+01
1.391042774324355591e+01
1.391042774324355591e+01
1.391042774324355591e+01
1.391042774324355591e+01
1.391042774324355591e+01
1.391042774324355591e+01
1.391042774324355591e+01
1.391042774324355591e+01
1.391042774324355591e+01
1.391042774324355591e+01
1.391042774324355591e+01
1.391042774324355591e+01
1.391042774324355591e+01
1.394632568098135295e+01
1.394632568098135295e+01
1.394632568098135295e+01
1.394632568098135295e+01
1.394632568098135295e+01
1.394632568098135295e+01
1.394632568098135295e+01
1.394632568098135295e+01
1.394632568098135295e+01
1.394632568098135295e+01
1.394632568098135295e+01
1.394632568098135295e+01
1.394632568098135295e+01
1.394632568098135295e+01
1.394632568098135295e+01
1.394632568098135295e+01
1.398213145410956315e+01
1.398213145410956315e+01
1.398213145410956315e+01
1.398213145410956315e+01
1.398213145410956315e+01
1.398213145410956315e+01
1.398213145410956315e+01
1.398213145410956315e+01
1.398213145410956315e+01
1.398213145410956315e+01
1.398213145410956315e+01
1.398213145410956315e+01
1.398213145410956315e+01
1.398213145410956315e+01
1.398213145410956315e+01
1.398213145410956315e+01
1.398213145410956315e+01
1.398213145410956315e+01
1.398213145410956315e+01
1.398213145410956315e+01
1.398213145410956315e+01
1.398213145410956315e+01
1.398213145410956315e+01
1.398213145410956315e+01
1.398213145410956315e+01
1.398213145410956315e+01
1.398213145410956315e+01
1.398213145410956315e+01
1.398213145410956315e+01
1.398213145410956315e+01
1.398213145410956315e+01
1.398213145410956315e+01
1.398213145410956315e+01
1.398213145410956315e+01
1.398213145410956315e+01
1.398213145410956315e+01
1.398213145410956315e+01
1.398213145410956315e+01
1.398213145410956315e+01
1.398213145410956315e+01
1.398213145410956315e+01
1.398213145410956315e+01
1.398213145410956315e+01
1.398213145410956315e+01
1.398213145410956315e+01
1.398213145410956315e+01
1.398213145410956315e+01
1.398213145410956315e+01
1.401784576887618705e+01
1.401784576887618705e+01
1.401784576887618705e+01
1.401784576887618705e+01
1.401784576887618705e+01
1.401784576887618705e+01
1.401784576887618705e+01
1.401784576887618705e+01
1.401784576887618705e+01
1.401784576887618705e+01
1.401784576887618705e+01
1.401784576887618705e+01
1.401784576887618705e+01
1.401784576887618705e+01
1.401784576887618705e+01
1.401784576887618705e+01
1.401784576887618705e+01
1.401784576887618705e+01
1.401784576887618705e+01
1.401784576887618705e+01
1.401784576887618705e+01
1.401784576887618705e+01
1.401784576887618705e+01
1.401784576887618705e+01
1.401784576887618705e+01
1.401784576887618705e+01
1.401784576887618705e+01
1.401784576887618705e+01
1.401784576887618705e+01
1.401784576887618705e+01
1.401784576887618705e+01
1.401784576887618705e+01
1.401784576887618705e+01
1.401784576887618705e+01
1.401784576887618705e+01
1.401784576887618705e+01
1.401784576887618705e+01
1.401784576887618705e+01
1.401784576887618705e+01
1.401784576887618705e+01
1.401784576887618705e+01
1.401784576887618705e+01
1.401784576887618705e+01
1.401784576887618705e+01
1.401784576887618705e+01
1.401784576887618705e+01
1.401784576887618705e+01
1.401784576887618705e+01
1.405346932255519654e+01
1.405346932255519654e+01
1.405346932255519654e+01
1.405346932255519654e+01
1.405346932255519654e+01
1.405346932255519654e+01
1.405346932255519654e+01
1.405346932255519654e+01
1.405346932255519654e+01
1.405346932255519654e+01
1.405346932255519654e+01
1.405346932255519654e+01
1.405346932255519654e+01
1.405346932255519654e+01
1.405346932255519654e+01
1.405346932255519654e+01
1.405346932255519654e+01
1.405346932255519654e+01
1.405346932255519654e+01
1.405346932255519654e+01
1.405346932255519654e+01
1.405346932255519654e+01
1.405346932255519654e+01
1.405346932255519654e+01
1.405346932255519654e+01
1.405346932255519654e+01
1.405346932255519654e+01
1.405346932255519654e+01
1.405346932255519654e+01
1.405346932255519654e+01
1.405346932255519654e+01
1.405346932255519654e+01
1.405346932255519654e+01
1.405346932255519654e+01
1.405346932255519654e+01
1.405346932255519654e+01
1.405346932255519654e+01
1.405346932255519654e+01
1.405346932255519654e+01
1.405346932255519654e+01
1.408900280360537138e+01
1.408900280360537138e+01
1.408900280360537138e+01
1.408900280360537138e+01
1.408900280360537138e+01
1.408900280360537138e+01
1.408900280360537138e+01
1.408900280360537138e+01
1.408900280360537138e+01
1.408900280360537138e+01
1.408900280360537138e+01
1.408900280360537138e+01
1.408900280360537138e+01
1.408900280360537138e+01
1.408900280360537138e+01
1.408900280360537138e+01
1.408900280360537138e+01
1.408900280360537138e+01
1.408900280360537138e+01
1.408900280360537138e+01
1.408900280360537138e+01
1.408900280360537138e+01
1.408900280360537138e+01
1.408900280360537138e+01
1.408900280360537138e+01
1.408900280360537138e+01
1.408900280360537138e+01
1.408900280360537138e+01
1.408900280360537138e+01
1.408900280360537138e+01
1.408900280360537138e+01
1.408900280360537138e+01
1.408900280360537138e+01
1.408900280360537138e+01
1.408900280360537138e+01
1.408900280360537138e+01
1.408900280360537138e+01
1.408900280360537138e+01
1.408900280360537138e+01
1.408900280360537138e+01
1.408900280360537138e+01
1.408900280360537138e+01
1.408900280360537138e+01
1.408900280360537138e+01
1.408900280360537138e+01
1.408900280360537138e+01
1.408900280360537138e+01
1.408900280360537138e+01
1.408900280360537138e+01
1.408900280360537138e+01
1.408900280360537138e+01
1.408900280360537138e+01
1.408900280360537138e+01
1.408900280360537138e+01
1.408900280360537138e+01
1.408900280360537138e+01
1.408900280360537138e+01
1.408900280360537138e+01
1.408900280360537138e+01
1.408900280360537138e+01
1.408900280360537138e+01
1.408900280360537138e+01
1.408900280360537138e+01
1.408900280360537138e+01
1.412444689182553503e+01
1.412444689182553503e+01
1.412444689182553503e+01
1.412444689182553503e+01
1.412444689182553503e+01
1.412444689182553503e+01
1.412444689182553503e+01
1.412444689182553503e+01
1.412444689182553503e+01
1.412444689182553503e+01
1.412444689182553503e+01
1.412444689182553503e+01
1.412444689182553503e+01
1.412444689182553503e+01
1.412444689182553503e+01
1.412444689182553503e+01
1.412444689182553503e+01
1.412444689182553503e+01
1.412444689182553503e+01
1.412444689182553503e+01
1.412444689182553503e+01
1.412444689182553503e+01
1.412444689182553503e+01
1.412444689182553503e+01
1.415980225850629637e+01
1.415980225850629637e+01
1.415980225850629637e+01
1.415980225850629637e+01
1.415980225850629637e+01
1.415980225850629637e+01
1.415980225850629637e+01
1.415980225850629637e+01
1.419506956657838970e+01
1.419506956657838970e+01
1.419506956657838970e+01
1.419506956657838970e+01
1.419506956657838970e+01
1.419506956657838970e+01
1.419506956657838970e+01
1.419506956657838970e+01
1.419506956657838970e+01
1.419506956657838970e+01
1.419506956657838970e+01
1.419506956657838970e+01
1.419506956657838970e+01
1.419506956657838970e+01
1.419506956657838970e+01
1.419506956657838970e+01
1.419506956657838970e+01
1.419506956657838970e+01
1.419506956657838970e+01
1.419506956657838970e+01
1.419506956657838970e+01
1.419506956657838970e+01
1.419506956657838970e+01
1.419506956657838970e+01
1.419506956657838970e+01
1.419506956657838970e+01
1.419506956657838970e+01
1.419506956657838970e+01
1.419506956657838970e+01
1.419506956657838970e+01
1.419506956657838970e+01
1.419506956657838970e+01
1.419506956657838970e+01
1.419506956657838970e+01
1.419506956657838970e+01
1.419506956657838970e+01
1.419506956657838970e+01
1.419506956657838970e+01
1.419506956657838970e+01
1.419506956657838970e+01
1.419506956657838970e+01
1.419506956657838970e+01
1.419506956657838970e+01
1.419506956657838970e+01
1.419506956657838970e+01
1.419506956657838970e+01
1.419506956657838970e+01
1.419506956657838970e+01
1.419506956657838970e+01
1.419506956657838970e+01
1.419506956657838970e+01
1.419506956657838970e+01
1.419506956657838970e+01
1.419506956657838970e+01
1.419506956657838970e+01
1.419506956657838970e+01
1.423024947075770719e+01
1.423024947075770719e+01
1.423024947075770719e+01
1.423024947075770719e+01
1.423024947075770719e+01
1.423024947075770719e+01
1.423024947075770719e+01
1.423024947075770719e+01
1.423024947075770719e+01
1.423024947075770719e+01
1.423024947075770719e+01
1.423024947075770719e+01
1.423024947075770719e+01
1.423024947075770719e+01
1.423024947075770719e+01
1.423024947075770719e+01
1.423024947075770719e+01
1.423024947075770719e+01
1.423024947075770719e+01
1.423024947075770719e+01
1.423024947075770719e+01
1.423024947075770719e+01
1.423024947075770719e+01
1.423024947075770719e+01
1.423024947075770719e+01
1.423024947075770719e+01
1.423024947075770719e+01
1.423024947075770719e+01
1.423024947075770719e+01
1.423024947075770719e+01
1.423024947075770719e+01
1.423024947075770719e+01
1.423024947075770719e+01
1.423024947075770719e+01
1.423024947075770719e+01
1.423024947075770719e+01
1.423024947075770719e+01
1.423024947075770719e+01
1.423024947075770719e+01
1.423024947075770719e+01
1.423024947075770719e+01
1.423024947075770719e+01
1.423024947075770719e+01
1.423024947075770719e+01
1.423024947075770719e+01
1.423024947075770719e+01
1.423024947075770719e+01
1.423024947075770719e+01
1.423024947075770719e+01
1.423024947075770719e+01
1.423024947075770719e+01
1.423024947075770719e+01
1.423024947075770719e+01
1.423024947075770719e+01
1.423024947075770719e+01
1.423024947075770719e+01
1.426534261768710543e+01
1.426534261768710543e+01
1.426534261768710543e+01
1.426534261768710543e+01
1.426534261768710543e+01
1.426534261768710543e+01
1.426534261768710543e+01
1.426534261768710543e+01
1.426534261768710543e+01
1.426534261768710543e+01
1.426534261768710543e+01
1.426534261768710543e+01
1.426534261768710543e+01
1.426534261768710543e+01
1.426534261768710543e+01
1.426534261768710543e+01
1.430034964607509096e+01
1.430034964607509096e+01
1.430034964607509096e+01
1.430034964607509096e+01
1.430034964607509096e+01
1.430034964607509096e+01
1.430034964607509096e+01
1.430034964607509096e+01
1.430034964607509096e+01
1.430034964607509096e+01
1.430034964607509096e+01
1.430034964607509096e+01
1.430034964607509096e+01
1.430034964607509096e+01
1.430034964607509096e+01
1.430034964607509096e+01
1.430034964607509096e+01
1.430034964607509096e+01
1.430034964607509096e+01
1.430034964607509096e+01
1.430034964607509096e+01
1.430034964607509096e+01
1.430034964607509096e+01
1.430034964607509096e+01
1.430034964607509096e+01
1.430034964607509096e+01
1.430034964607509096e+01
1.430034964607509096e+01
1.430034964607509096e+01
1.430034964607509096e+01
1.430034964607509096e+01
1.430034964607509096e+01
1.430034964607509096e+01
1.430034964607509096e+01
1.430034964607509096e+01
1.430034964607509096e+01
1.430034964607509096e+01
1.430034964607509096e+01
1.430034964607509096e+01
1.430034964607509096e+01
1.430034964607509096e+01
1.430034964607509096e+01
1.430034964607509096e+01
1.430034964607509096e+01
1.433527118683145041e+01
1.433527118683145041e+01
1.433527118683145041e+01
1.433527118683145041e+01
1.433527118683145041e+01
1.433527118683145041e+01
1.433527118683145041e+01
1.433527118683145041e+01
1.433527118683145041e+01
1.433527118683145041e+01
1.433527118683145041e+01
1.433527118683145041e+01
1.433527118683145041e+01
1.433527118683145041e+01
1.433527118683145041e+01
1.433527118683145041e+01
1.433527118683145041e+01
1.433527118683145041e+01
1.433527118683145041e+01
1.433527118683145041e+01
1.433527118683145041e+01
1.433527118683145041e+01
1.433527118683145041e+01
1.433527118683145041e+01
1.433527118683145041e+01
1.433527118683145041e+01
1.433527118683145041e+01
1.433527118683145041e+01
1.433527118683145041e+01
1.433527118683145041e+01
1.433527118683145041e+01
1.433527118683145041e+01
1.433527118683145041e+01
1.433527118683145041e+01
1.433527118683145041e+01
1.433527118683145041e+01
1.433527118683145041e+01
1.433527118683145041e+01
1.433527118683145041e+01
1.433527118683145041e+01
1.440486029088793352e+01
1.440486029088793352e+01
1.440486029088793352e+01
1.440486029088793352e+01
1.440486029088793352e+01
1.440486029088793352e+01
1.440486029088793352e+01
1.440486029088793352e+01
1.440486029088793352e+01
1.440486029088793352e+01
1.440486029088793352e+01
1.440486029088793352e+01
1.440486029088793352e+01
1.440486029088793352e+01
1.440486029088793352e+01
1.440486029088793352e+01
1.440486029088793352e+01
1.440486029088793352e+01
1.440486029088793352e+01
1.440486029088793352e+01
1.440486029088793352e+01
1.440486029088793352e+01
1.440486029088793352e+01
1.440486029088793352e+01
1.440486029088793352e+01
1.440486029088793352e+01
1.440486029088793352e+01
1.440486029088793352e+01
1.440486029088793352e+01
1.440486029088793352e+01
1.440486029088793352e+01
1.440486029088793352e+01
1.443952907819365095e+01
1.443952907819365095e+01
1.443952907819365095e+01
1.443952907819365095e+01
1.443952907819365095e+01
1.443952907819365095e+01
1.443952907819365095e+01
1.443952907819365095e+01
1.443952907819365095e+01
1.443952907819365095e+01
1.443952907819365095e+01
1.443952907819365095e+01
1.443952907819365095e+01
1.443952907819365095e+01
1.443952907819365095e+01
1.443952907819365095e+01
1.443952907819365095e+01
1.443952907819365095e+01
1.443952907819365095e+01
1.443952907819365095e+01
1.443952907819365095e+01
1.443952907819365095e+01
1.443952907819365095e+01
1.443952907819365095e+01
1.447411482613012801e+01
1.447411482613012801e+01
1.447411482613012801e+01
1.447411482613012801e+01
1.447411482613012801e+01
1.447411482613012801e+01
1.447411482613012801e+01
1.447411482613012801e+01
1.447411482613012801e+01
1.447411482613012801e+01
1.447411482613012801e+01
1.447411482613012801e+01
1.447411482613012801e+01
1.447411482613012801e+01
1.447411482613012801e+01
1.447411482613012801e+01
1.447411482613012801e+01
1.447411482613012801e+01
1.447411482613012801e+01
1.447411482613012801e+01
1.447411482613012801e+01
1.447411482613012801e+01
1.447411482613012801e+01
1.447411482613012801e+01
1.447411482613012801e+01
1.447411482613012801e+01
1.447411482613012801e+01
1.447411482613012801e+01
1.447411482613012801e+01
1.447411482613012801e+01
1.447411482613012801e+01
1.447411482613012801e+01
1.450861812854690847e+01
1.450861812854690847e+01
1.450861812854690847e+01
1.450861812854690847e+01
1.450861812854690847e+01
1.450861812854690847e+01
1.450861812854690847e+01
1.450861812854690847e+01
1.450861812854690847e+01
1.450861812854690847e+01
1.450861812854690847e+01
1.450861812854690847e+01
1.450861812854690847e+01
1.450861812854690847e+01
1.450861812854690847e+01
1.450861812854690847e+01
1.450861812854690847e+01
1.450861812854690847e+01
1.450861812854690847e+01
1.450861812854690847e+01
1.450861812854690847e+01
1.450861812854690847e+01
1.450861812854690847e+01
1.450861812854690847e+01
1.450861812854690847e+01
1.450861812854690847e+01
1.450861812854690847e+01
1.450861812854690847e+01
1.450861812854690847e+01
1.450861812854690847e+01
1.450861812854690847e+01
1.450861812854690847e+01
1.450861812854690847e+01
1.450861812854690847e+01
1.450861812854690847e+01
1.450861812854690847e+01
1.450861812854690847e+01
1.450861812854690847e+01
1.450861812854690847e+01
1.450861812854690847e+01
1.450861812854690847e+01
1.450861812854690847e+01
1.450861812854690847e+01
1.450861812854690847e+01
1.450861812854690847e+01
1.450861812854690847e+01
1.450861812854690847e+01
1.450861812854690847e+01
1.450861812854690847e+01
1.450861812854690847e+01
1.450861812854690847e+01
1.450861812854690847e+01
1.450861812854690847e+01
1.450861812854690847e+01
1.450861812854690847e+01
1.450861812854690847e+01
1.454303957224898625e+01
1.454303957224898625e+01
1.454303957224898625e+01
1.454303957224898625e+01
1.454303957224898625e+01
1.454303957224898625e+01
1.454303957224898625e+01
1.454303957224898625e+01
1.454303957224898625e+01
1.454303957224898625e+01
1.454303957224898625e+01
1.454303957224898625e+01
1.454303957224898625e+01
1.454303957224898625e+01
1.454303957224898625e+01
1.454303957224898625e+01
1.454303957224898625e+01
1.454303957224898625e+01
1.454303957224898625e+01
1.454303957224898625e+01
1.454303957224898625e+01
1.454303957224898625e+01
1.454303957224898625e+01
1.454303957224898625e+01
1.454303957224898625e+01
1.454303957224898625e+01
1.454303957224898625e+01
1.454303957224898625e+01
1.454303957224898625e+01
1.454303957224898625e+01
1.454303957224898625e+01
1.454303957224898625e+01
1.454303957224898625e+01
1.454303957224898625e+01
1.454303957224898625e+01
1.454303957224898625e+01
1.454303957224898625e+01
1.454303957224898625e+01
1.454303957224898625e+01
1.454303957224898625e+01
1.454303957224898625e+01
1.454303957224898625e+01
1.454303957224898625e+01
1.454303957224898625e+01
1.454303957224898625e+01
1.454303957224898625e+01
1.454303957224898625e+01
1.454303957224898625e+01
1.454303957224898625e+01
1.454303957224898625e+01
1.454303957224898625e+01
1.454303957224898625e+01
1.454303957224898625e+01
1.454303957224898625e+01
1.454303957224898625e+01
1.454303957224898625e+01
1.457737973711325097e+01
1.457737973711325097e+01
1.457737973711325097e+01
1.457737973711325097e+01
1.457737973711325097e+01
1.457737973711325097e+01
1.457737973711325097e+01
1.457737973711325097e+01
1.457737973711325097e+01
1.457737973711325097e+01
1.457737973711325097e+01
1.457737973711325097e+01
1.457737973711325097e+01
1.457737973711325097e+01
1.457737973711325097e+01
1.457737973711325097e+01
1.457737973711325097e+01
1.457737973711325097e+01
1.457737973711325097e+01
1.457737973711325097e+01
1.457737973711325097e+01
1.457737973711325097e+01
1.457737973711325097e+01
1.457737973711325097e+01
1.461163919620245721e+01
1.461163919620245721e+01
1.461163919620245721e+01
1.461163919620245721e+01
1.461163919620245721e+01
1.461163919620245721e+01
1.461163919620245721e+01
1.461163919620245721e+01
1.461163919620245721e+01
1.461163919620245721e+01
1.461163919620245721e+01
1.461163919620245721e+01
1.461163919620245721e+01
1.461163919620245721e+01
1.461163919620245721e+01
1.461163919620245721e+01
1.461163919620245721e+01
1.461163919620245721e+01
1.461163919620245721e+01
1.461163919620245721e+01
1.461163919620245721e+01
1.461163919620245721e+01
1.461163919620245721e+01
1.461163919620245721e+01
1.461163919620245721e+01
1.461163919620245721e+01
1.461163919620245721e+01
1.461163919620245721e+01
1.461163919620245721e+01
1.461163919620245721e+01
1.461163919620245721e+01
1.461163919620245721e+01
1.461163919620245721e+01
1.461163919620245721e+01
1.461163919620245721e+01
1.461163919620245721e+01
1.461163919620245721e+01
1.461163919620245721e+01
1.461163919620245721e+01
1.461163919620245721e+01
1.461163919620245721e+01
1.461163919620245721e+01
1.461163919620245721e+01
1.461163919620245721e+01
1.461163919620245721e+01
1.461163919620245721e+01
1.461163919620245721e+01
1.461163919620245721e+01
1.461163919620245721e+01
1.461163919620245721e+01
1.461163919620245721e+01
1.461163919620245721e+01
1.461163919620245721e+01
1.461163919620245721e+01
1.461163919620245721e+01
1.461163919620245721e+01
1.461163919620245721e+01
1.461163919620245721e+01
1.461163919620245721e+01
1.461163919620245721e+01
1.461163919620245721e+01
1.461163919620245721e+01
1.461163919620245721e+01
1.461163919620245721e+01
1.461163919620245721e+01
1.461163919620245721e+01
1.461163919620245721e+01
1.461163919620245721e+01
1.461163919620245721e+01
1.461163919620245721e+01
1.461163919620245721e+01
1.461163919620245721e+01
1.464581851587680994e+01
1.464581851587680994e+01
1.464581851587680994e+01
1.464581851587680994e+01
1.464581851587680994e+01
1.464581851587680994e+01
1.464581851587680994e+01
1.464581851587680994e+01
1.464581851587680994e+01
1.464581851587680994e+01
1.464581851587680994e+01
1.464581851587680994e+01
1.464581851587680994e+01
1.464581851587680994e+01
1.464581851587680994e+01
1.464581851587680994e+01
1.467991825590319799e+01
1.467991825590319799e+01
1.467991825590319799e+01
1.467991825590319799e+01
1.467991825590319799e+01
1.467991825590319799e+01
1.467991825590319799e+01
1.467991825590319799e+01
1.467991825590319799e+01
1.467991825590319799e+01
1.467991825590319799e+01
1.467991825590319799e+01
1.467991825590319799e+01
1.467991825590319799e+01
1.467991825590319799e+01
1.467991825590319799e+01
1.467991825590319799e+01
1.467991825590319799e+01
1.467991825590319799e+01
1.467991825590319799e+01
1.467991825590319799e+01
1.467991825590319799e+01
1.467991825590319799e+01
1.467991825590319799e+01
1.471393896956216096e+01
1.471393896956216096e+01
1.471393896956216096e+01
1.471393896956216096e+01
1.471393896956216096e+01
1.471393896956216096e+01
1.471393896956216096e+01
1.471393896956216096e+01
1.471393896956216096e+01
1.471393896956216096e+01
1.471393896956216096e+01
1.471393896956216096e+01
1.471393896956216096e+01
1.471393896956216096e+01
1.471393896956216096e+01
1.471393896956216096e+01
1.471393896956216096e+01
1.471393896956216096e+01
1.471393896956216096e+01
1.471393896956216096e+01
1.471393896956216096e+01
1.471393896956216096e+01
1.471393896956216096e+01
1.471393896956216096e+01
1.471393896956216096e+01
1.471393896956216096e+01
1.471393896956216096e+01
1.471393896956216096e+01
1.471393896956216096e+01
1.471393896956216096e+01
1.471393896956216096e+01
1.471393896956216096e+01
1.471393896956216096e+01
1.471393896956216096e+01
1.471393896956216096e+01
1.471393896956216096e+01
1.471393896956216096e+01
1.471393896956216096e+01
1.471393896956216096e+01
1.471393896956216096e+01
1.471393896956216096e+01
1.471393896956216096e+01
1.471393896956216096e+01
1.471393896956216096e+01
1.471393896956216096e+01
1.471393896956216096e+01
1.471393896956216096e+01
1.471393896956216096e+01
1.471393896956216096e+01
1.471393896956216096e+01
1.471393896956216096e+01
1.471393896956216096e+01
1.471393896956216096e+01
1.471393896956216096e+01
1.471393896956216096e+01
1.471393896956216096e+01
1.471393896956216096e+01
1.471393896956216096e+01
1.471393896956216096e+01
1.471393896956216096e+01
1.471393896956216096e+01
1.471393896956216096e+01
1.471393896956216096e+01
1.471393896956216096e+01
1.474788120375262501e+01
1.474788120375262501e+01
1.474788120375262501e+01
1.474788120375262501e+01
1.474788120375262501e+01
1.474788120375262501e+01
1.474788120375262501e+01
1.474788120375262501e+01
1.474788120375262501e+01
1.474788120375262501e+01
1.474788120375262501e+01
1.474788120375262501e+01
1.474788120375262501e+01
1.474788120375262501e+01
1.474788120375262501e+01
1.474788120375262501e+01
1.478174549909448210e+01
1.478174549909448210e+01
1.478174549909448210e+01
1.478174549909448210e+01
1.478174549909448210e+01
1.478174549909448210e+01
1.478174549909448210e+01
1.478174549909448210e+01
1.478174549909448210e+01
1.478174549909448210e+01
1.478174549909448210e+01
1.478174549909448210e+01
1.478174549909448210e+01
1.478174549909448210e+01
1.478174549909448210e+01
1.478174549909448210e+01
1.481553239002905364e+01
1.481553239002905364e+01
1.481553239002905364e+01
1.481553239002905364e+01
1.481553239002905364e+01
1.481553239002905364e+01
1.481553239002905364e+01
1.481553239002905364e+01
1.481553239002905364e+01
1.481553239002905364e+01
1.481553239002905364e+01
1.481553239002905364e+01
1.481553239002905364e+01
1.481553239002905364e+01
1.481553239002905364e+01
1.481553239002905364e+01
1.481553239002905364e+01
1.481553239002905364e+01
1.481553239002905364e+01
1.481553239002905364e+01
1.481553239002905364e+01
1.481553239002905364e+01
1.481553239002905364e+01
1.481553239002905364e+01
1.484924240491749714e+01
1.484924240491749714e+01
1.484924240491749714e+01
1.484924240491749714e+01
1.484924240491749714e+01
1.484924240491749714e+01
1.484924240491749714e+01
1.484924240491749714e+01
1.484924240491749714e+01
1.484924240491749714e+01
1.484924240491749714e+01
1.484924240491749714e+01
1.484924240491749714e+01
1.484924240491749714e+01
1.484924240491749714e+01
1.484924240491749714e+01
1.484924240491749714e+01
1.484924240491749714e+01
1.484924240491749714e+01
1.484924240491749714e+01
1.484924240491749714e+01
1.484924240491749714e+01
1.484924240491749714e+01
1.484924240491749714e+01
1.484924240491749714e+01
1.484924240491749714e+01
1.484924240491749714e+01
1.484924240491749714e+01
1.488287606613721614e+01
1.488287606613721614e+01
1.488287606613721614e+01
1.488287606613721614e+01
1.488287606613721614e+01
1.488287606613721614e+01
1.488287606613721614e+01
1.488287606613721614e+01
1.488287606613721614e+01
1.488287606613721614e+01
1.488287606613721614e+01
1.488287606613721614e+01
1.488287606613721614e+01
1.488287606613721614e+01
1.488287606613721614e+01
1.488287606613721614e+01
1.488287606613721614e+01
1.488287606613721614e+01
1.488287606613721614e+01
1.488287606613721614e+01
1.488287606613721614e+01
1.488287606613721614e+01
1.488287606613721614e+01
1.488287606613721614e+01
1.491643389017629850e+01
1.491643389017629850e+01
1.491643389017629850e+01
1.491643389017629850e+01
1.491643389017629850e+01
1.491643389017629850e+01
1.491643389017629850e+01
1.491643389017629850e+01
1.491643389017629850e+01
1.491643389017629850e+01
1.491643389017629850e+01
1.491643389017629850e+01
1.491643389017629850e+01
1.491643389017629850e+01
1.491643389017629850e+01
1.491643389017629850e+01
1.491643389017629850e+01
1.491643389017629850e+01
1.491643389017629850e+01
1.491643389017629850e+01
1.494991638772605391e+01
1.494991638772605391e+01
1.494991638772605391e+01
1.494991638772605391e+01
1.494991638772605391e+01
1.494991638772605391e+01
1.494991638772605391e+01
1.494991638772605391e+01
1.494991638772605391e+01
1.494991638772605391e+01
1.494991638772605391e+01
1.494991638772605391e+01
1.494991638772605391e+01
1.494991638772605391e+01
1.494991638772605391e+01
1.494991638772605391e+01
1.494991638772605391e+01
1.494991638772605391e+01
1.494991638772605391e+01
1.494991638772605391e+01
1.494991638772605391e+01
1.494991638772605391e+01
1.494991638772605391e+01
1.494991638772605391e+01
1.494991638772605391e+01
1.494991638772605391e+01
1.494991638772605391e+01
1.494991638772605391e+01
1.494991638772605391e+01
1.494991638772605391e+01
1.494991638772605391e+01
1.494991638772605391e+01
1.494991638772605391e+01
1.494991638772605391e+01
1.494991638772605391e+01
1.494991638772605391e+01
1.494991638772605391e+01
1.494991638772605391e+01
1.494991638772605391e+01
1.494991638772605391e+01
1.494991638772605391e+01
1.494991638772605391e+01
1.494991638772605391e+01
1.494991638772605391e+01
1.494991638772605391e+01
1.494991638772605391e+01
1.494991638772605391e+01
1.494991638772605391e+01
1.498332406377169690e+01
1.498332406377169690e+01
1.498332406377169690e+01
1.498332406377169690e+01
1.498332406377169690e+01
1.498332406377169690e+01
1.498332406377169690e+01
1.498332406377169690e+01
1.498332406377169690e+01
1.498332406377169690e+01
1.498332406377169690e+01
1.498332406377169690e+01
1.498332406377169690e+01
1.498332406377169690e+01
1.498332406377169690e+01
1.498332406377169690e+01
1.501665741768120732e+01
1.501665741768120732e+01
1.501665741768120732e+01
1.501665741768120732e+01
1.501665741768120732e+01
1.501665741768120732e+01
1.501665741768120732e+01
1.501665741768120732e+01
1.501665741768120732e+01
1.501665741768120732e+01
1.501665741768120732e+01
1.501665741768120732e+01
1.501665741768120732e+01
1.501665741768120732e+01
1.501665741768120732e+01
1.501665741768120732e+01
1.501665741768120732e+01
1.501665741768120732e+01
1.501665741768120732e+01
1.501665741768120732e+01
1.501665741768120732e+01
1.501665741768120732e+01
1.501665741768120732e+01
1.501665741768120732e+01
1.501665741768120732e+01
1.501665741768120732e+01
1.501665741768120732e+01
1.501665741768120732e+01
1.501665741768120732e+01
1.501665741768120732e+01
1.501665741768120732e+01
1.501665741768120732e+01
1.504991694329241092e+01
1.504991694329241092e+01
1.504991694329241092e+01
1.504991694329241092e+01
1.504991694329241092e+01
1.504991694329241092e+01
1.504991694329241092e+01
1.504991694329241092e+01
1.504991694329241092e+01
1.504991694329241092e+01
1.504991694329241092e+01
1.504991694329241092e+01
1.504991694329241092e+01
1.504991694329241092e+01
1.504991694329241092e+01
1.504991694329241092e+01
1.504991694329241092e+01
1.504991694329241092e+01
1.504991694329241092e+01
1.504991694329241092e+01
1.504991694329241092e+01
1.504991694329241092e+01
1.504991694329241092e+01
1.504991694329241092e+01
1.504991694329241092e+01
1.504991694329241092e+01
1.504991694329241092e+01
1.504991694329241092e+01
1.504991694329241092e+01
1.504991694329241092e+01
1.504991694329241092e+01
1.504991694329241092e+01
1.508310312899835637e+01
1.508310312899835637e+01
1.508310312899835637e+01
1.508310312899835637e+01
1.508310312899835637e+01
1.508310312899835637e+01
1.508310312899835637e+01
1.508310312899835637e+01
1.508310312899835637e+01
1.508310312899835637e+01
1.508310312899835637e+01
1.508310312899835637e+01
1.508310312899835637e+01
1.508310312899835637e+01
1.508310312899835637e+01
1.508310312899835637e+01
1.511621645783097456e+01
1.511621645783097456e+01
1.511621645783097456e+01
1.511621645783097456e+01
1.511621645783097456e+01
1.511621645783097456e+01
1.511621645783097456e+01
1.511621645783097456e+01
1.511621645783097456e+01
1.511621645783097456e+01
1.511621645783097456e+01
1.511621645783097456e+01
1.511621645783097456e+01
1.511621645783097456e+01
1.511621645783097456e+01
1.511621645783097456e+01
1.514925740754311612e+01
1.514925740754311612e+01
1.514925740754311612e+01
1.514925740754311612e+01
1.514925740754311612e+01
1.514925740754311612e+01
1.514925740754311612e+01
1.514925740754311612e+01
1.514925740754311612e+01
1.514925740754311612e+01
1.514925740754311612e+01
1.514925740754311612e+01
1.514925740754311612e+01
1.514925740754311612e+01
1.514925740754311612e+01
1.514925740754311612e+01
1.514925740754311612e+01
1.514925740754311612e+01
1.514925740754311612e+01
1.514925740754311612e+01
1.514925740754311612e+01
1.514925740754311612e+01
1.514925740754311612e+01
1.514925740754311612e+01
1.518222645068897592e+01
1.518222645068897592e+01
1.518222645068897592e+01
1.518222645068897592e+01
1.518222645068897592e+01
1.518222645068897592e+01
1.518222645068897592e+01
1.518222645068897592e+01
1.518222645068897592e+01
1.518222645068897592e+01
1.518222645068897592e+01
1.518222645068897592e+01
1.518222645068897592e+01
1.518222645068897592e+01
1.518222645068897592e+01
1.518222645068897592e+01
1.518222645068897592e+01
1.518222645068897592e+01
1.518222645068897592e+01
1.518222645068897592e+01
1.518222645068897592e+01
1.518222645068897592e+01
1.518222645068897592e+01
1.518222645068897592e+01
1.518222645068897592e+01
1.518222645068897592e+01
1.518222645068897592e+01
1.518222645068897592e+01
1.518222645068897592e+01
1.518222645068897592e+01
1.518222645068897592e+01
1.518222645068897592e+01
1.521512405470293849e+01
1.521512405470293849e+01
1.521512405470293849e+01
1.521512405470293849e+01
1.521512405470293849e+01
1.521512405470293849e+01
1.521512405470293849e+01
1.521512405470293849e+01
1.521512405470293849e+01
1.521512405470293849e+01
1.521512405470293849e+01
1.521512405470293849e+01
1.521512405470293849e+01
1.521512405470293849e+01
1.521512405470293849e+01
1.521512405470293849e+01
1.521512405470293849e+01
1.521512405470293849e+01
1.521512405470293849e+01
1.521512405470293849e+01
1.521512405470293849e+01
1.521512405470293849e+01
1.521512405470293849e+01
1.521512405470293849e+01
1.521512405470293849e+01
1.521512405470293849e+01
1.521512405470293849e+01
1.521512405470293849e+01
1.521512405470293849e+01
1.521512405470293849e+01
1.521512405470293849e+01
1.521512405470293849e+01
1.521512405470293849e+01
1.521512405470293849e+01
1.521512405470293849e+01
1.521512405470293849e+01
1.521512405470293849e+01
1.521512405470293849e+01
1.521512405470293849e+01
1.521512405470293849e+01
1.521512405470293849e+01
1.521512405470293849e+01
1.521512405470293849e+01
1.521512405470293849e+01
1.521512405470293849e+01
1.521512405470293849e+01
1.521512405470293849e+01
1.521512405470293849e+01
1.521512405470293849e+01
1.521512405470293849e+01
1.521512405470293849e+01
1.521512405470293849e+01
1.521512405470293849e+01
1.521512405470293849e+01
1.521512405470293849e+01
1.521512405470293849e+01
1.524795068197690640e+01
1.524795068197690640e+01
1.524795068197690640e+01
1.524795068197690640e+01
1.524795068197690640e+01
1.524795068197690640e+01
1.524795068197690640e+01
1.524795068197690640e+01
1.524795068197690640e+01
1.524795068197690640e+01
1.524795068197690640e+01
1.524795068197690640e+01
1.524795068197690640e+01
1.524795068197690640e+01
1.524795068197690640e+01
1.524795068197690640e+01
1.524795068197690640e+01
1.524795068197690640e+01
1.524795068197690640e+01
1.524795068197690640e+01
1.524795068197690640e+01
1.524795068197690640e+01
1.524795068197690640e+01
1.524795068197690640e+01
1.528070678993612574e+01
1.528070678993612574e+01
1.528070678993612574e+01
1.528070678993612574e+01
1.528070678993612574e+01
1.528070678993612574e+01
1.528070678993612574e+01
1.528070678993612574e+01
1.528070678993612574e+01
1.528070678993612574e+01
1.528070678993612574e+01
1.528070678993612574e+01
1.528070678993612574e+01
1.528070678993612574e+01
1.528070678993612574e+01
1.528070678993612574e+01
1.528070678993612574e+01
1.528070678993612574e+01
1.528070678993612574e+01
1.528070678993612574e+01
1.528070678993612574e+01
1.528070678993612574e+01
1.528070678993612574e+01
1.528070678993612574e+01
1.528070678993612574e+01
1.528070678993612574e+01
1.528070678993612574e+01
1.528070678993612574e+01
1.528070678993612574e+01
1.528070678993612574e+01
1.528070678993612574e+01
1.528070678993612574e+01
1.528070678993612574e+01
1.528070678993612574e+01
1.528070678993612574e+01
1.528070678993612574e+01
1.528070678993612574e+01
1.528070678993612574e+01
1.528070678993612574e+01
1.528070678993612574e+01
1.528070678993612574e+01
1.528070678993612574e+01
1.528070678993612574e+01
1.528070678993612574e+01
1.528070678993612574e+01
1.528070678993612574e+01
1.528070678993612574e+01
1.528070678993612574e+01
1.531339283111355520e+01
1.531339283111355520e+01
1.531339283111355520e+01
1.531339283111355520e+01
1.531339283111355520e+01
1.531339283111355520e+01
1.531339283111355520e+01
1.531339283111355520e+01
1.534600925322280673e+01
1.534600925322280673e+01
1.534600925322280673e+01
1.534600925322280673e+01
1.534600925322280673e+01
1.534600925322280673e+01
1.534600925322280673e+01
1.534600925322280673e+01
1.534600925322280673e+01
1.534600925322280673e+01
1.534600925322280673e+01
1.534600925322280673e+01
1.534600925322280673e+01
1.534600925322280673e+01
1.534600925322280673e+01
1.534600925322280673e+01
1.537855649922969903e+01
1.537855649922969903e+01
1.537855649922969903e+01
1.537855649922969903e+01
1.537855649922969903e+01
1.537855649922969903e+01
1.537855649922969903e+01
1.537855649922969903e+01
1.537855649922969903e+01
1.537855649922969903e+01
1.537855649922969903e+01
1.537855649922969903e+01
1.537855649922969903e+01
1.537855649922969903e+01
1.537855649922969903e+01
1.537855649922969903e+01
1.537855649922969903e+01
1.537855649922969903e+01
1.537855649922969903e+01
1.537855649922969903e+01
1.537855649922969903e+01
1.537855649922969903e+01
1.537855649922969903e+01
1.537855649922969903e+01
1.541103500742244137e+01
1.541103500742244137e+01
1.541103500742244137e+01
1.541103500742244137e+01
1.541103500742244137e+01
1.541103500742244137e+01
1.541103500742244137e+01
1.541103500742244137e+01
1.541103500742244137e+01
1.541103500742244137e+01
1.541103500742244137e+01
1.541103500742244137e+01
1.541103500742244137e+01
1.541103500742244137e+01
1.541103500742244137e+01
1.541103500742244137e+01
1.541103500742244137e+01
1.541103500742244137e+01
1.541103500742244137e+01
1.541103500742244137e+01
1.541103500742244137e+01
1.541103500742244137e+01
1.541103500742244137e+01
1.541103500742244137e+01
1.544344521148050120e+01
1.544344521148050120e+01
1.544344521148050120e+01
1.544344521148050120e+01
1.544344521148050120e+01
1.544344521148050120e+01
1.544344521148050120e+01
1.544344521148050120e+01
1.544344521148050120e+01
1.544344521148050120e+01
1.544344521148050120e+01
1.544344521148050120e+01
1.544344521148050120e+01
1.544344521148050120e+01
1.544344521148050120e+01
1.544344521148050120e+01
1.544344521148050120e+01
1.544344521148050120e+01
1.544344521148050120e+01
1.544344521148050120e+01
1.544344521148050120e+01
1.544344521148050120e+01
1.544344521148050120e+01
1.544344521148050120e+01
1.550806241927082318e+01
1.550806241927082318e+01
1.550806241927082318e+01
1.550806241927082318e+01
1.550806241927082318e+01
1.550806241927082318e+01
1.550806241927082318e+01
1.550806241927082318e+01
1.550806241927082318e+01
1.550806241927082318e+01
1.550806241927082318e+01
1.550806241927082318e+01
1.550806241927082318e+01
1.550806241927082318e+01
1.550806241927082318e+01
1.550806241927082318e+01
1.550806241927082318e+01
1.550806241927082318e+01
1.550806241927082318e+01
1.550806241927082318e+01
1.550806241927082318e+01
1.550806241927082318e+01
1.550806241927082318e+01
1.550806241927082318e+01
1.554027026792005373e+01
1.554027026792005373e+01
1.554027026792005373e+01
1.554027026792005373e+01
1.554027026792005373e+01
1.554027026792005373e+01
1.554027026792005373e+01
1.554027026792005373e+01
1.554027026792005373e+01
1.554027026792005373e+01
1.554027026792005373e+01
1.554027026792005373e+01
1.554027026792005373e+01
1.554027026792005373e+01
1.554027026792005373e+01
1.554027026792005373e+01
1.557241150239743632e+01
1.557241150239743632e+01
1.557241150239743632e+01
1.557241150239743632e+01
1.560448653432723454e+01
1.560448653432723454e+01
1.560448653432723454e+01
1.560448653432723454e+01
1.560448653432723454e+01
1.560448653432723454e+01
1.560448653432723454e+01
1.560448653432723454e+01
1.560448653432723454e+01
1.560448653432723454e+01
1.560448653432723454e+01
1.560448653432723454e+01
1.560448653432723454e+01
1.560448653432723454e+01
1.560448653432723454e+01
1.560448653432723454e+01
1.560448653432723454e+01
1.560448653432723454e+01
1.560448653432723454e+01
1.560448653432723454e+01
1.560448653432723454e+01
1.560448653432723454e+01
1.560448653432723454e+01
1.560448653432723454e+01
1.560448653432723454e+01
1.560448653432723454e+01
1.560448653432723454e+01
1.560448653432723454e+01
1.560448653432723454e+01
1.560448653432723454e+01
1.560448653432723454e+01
1.560448653432723454e+01
1.560448653432723454e+01
1.560448653432723454e+01
1.560448653432723454e+01
1.560448653432723454e+01
1.560448653432723454e+01
1.560448653432723454e+01
1.560448653432723454e+01
1.560448653432723454e+01
1.560448653432723454e+01
1.560448653432723454e+01
1.560448653432723454e+01
1.560448653432723454e+01
1.560448653432723454e+01
1.560448653432723454e+01
1.560448653432723454e+01
1.560448653432723454e+01
1.563649577111188904e+01
1.563649577111188904e+01
1.563649577111188904e+01
1.563649577111188904e+01
1.563649577111188904e+01
1.563649577111188904e+01
1.563649577111188904e+01
1.563649577111188904e+01
1.563649577111188904e+01
1.563649577111188904e+01
1.563649577111188904e+01
1.563649577111188904e+01
1.563649577111188904e+01
1.563649577111188904e+01
1.563649577111188904e+01
1.563649577111188904e+01
1.563649577111188904e+01
1.563649577111188904e+01
1.563649577111188904e+01
1.563649577111188904e+01
1.563649577111188904e+01
1.563649577111188904e+01
1.563649577111188904e+01
1.563649577111188904e+01
1.566843961599239776e+01
1.566843961599239776e+01
1.566843961599239776e+01
1.566843961599239776e+01
1.566843961599239776e+01
1.566843961599239776e+01
1.566843961599239776e+01
1.566843961599239776e+01
1.570031846810758225e+01
1.570031846810758225e+01
1.570031846810758225e+01
1.570031846810758225e+01
1.570031846810758225e+01
1.570031846810758225e+01
1.570031846810758225e+01
1.570031846810758225e+01
1.570031846810758225e+01
1.570031846810758225e+01
1.570031846810758225e+01
1.570031846810758225e+01
1.570031846810758225e+01
1.570031846810758225e+01
1.570031846810758225e+01
1.570031846810758225e+01
1.570031846810758225e+01
1.570031846810758225e+01
1.570031846810758225e+01
1.570031846810758225e+01
1.570031846810758225e+01
1.570031846810758225e+01
1.570031846810758225e+01
1.570031846810758225e+01
1.570031846810758225e+01
1.570031846810758225e+01
1.570031846810758225e+01
1.570031846810758225e+01
1.570031846810758225e+01
1.570031846810758225e+01
1.570031846810758225e+01
1.570031846810758225e+01
1.570031846810758225e+01
1.570031846810758225e+01
1.570031846810758225e+01
1.570031846810758225e+01
1.570031846810758225e+01
1.570031846810758225e+01
1.570031846810758225e+01
1.570031846810758225e+01
1.573213272255227402e+01
1.573213272255227402e+01
1.573213272255227402e+01
1.573213272255227402e+01
1.573213272255227402e+01
1.573213272255227402e+01
1.573213272255227402e+01
1.573213272255227402e+01
1.573213272255227402e+01
1.573213272255227402e+01
1.573213272255227402e+01
1.573213272255227402e+01
1.573213272255227402e+01
1.573213272255227402e+01
1.573213272255227402e+01
1.573213272255227402e+01
1.573213272255227402e+01
1.573213272255227402e+01
1.573213272255227402e+01
1.573213272255227402e+01
1.573213272255227402e+01
1.573213272255227402e+01
1.573213272255227402e+01
1.573213272255227402e+01
1.579556899893131394e+01
1.579556899893131394e+01
1.579556899893131394e+01
1.579556899893131394e+01
1.579556899893131394e+01
1.579556899893131394e+01
1.579556899893131394e+01
1.579556899893131394e+01
1.579556899893131394e+01
1.579556899893131394e+01
1.579556899893131394e+01
1.579556899893131394e+01
1.579556899893131394e+01
1.579556899893131394e+01
1.579556899893131394e+01
1.579556899893131394e+01
1.579556899893131394e+01
1.579556899893131394e+01
1.579556899893131394e+01
1.579556899893131394e+01
1.579556899893131394e+01
1.579556899893131394e+01
1.579556899893131394e+01
1.579556899893131394e+01
1.579556899893131394e+01
1.579556899893131394e+01
1.579556899893131394e+01
1.579556899893131394e+01
1.579556899893131394e+01
1.579556899893131394e+01
1.579556899893131394e+01
1.579556899893131394e+01
1.585875152715370540e+01
1.585875152715370540e+01
1.585875152715370540e+01
1.585875152715370540e+01
1.585875152715370540e+01
1.585875152715370540e+01
1.585875152715370540e+01
1.585875152715370540e+01
1.585875152715370540e+01
1.585875152715370540e+01
1.585875152715370540e+01
1.585875152715370540e+01
1.585875152715370540e+01
1.585875152715370540e+01
1.585875152715370540e+01
1.585875152715370540e+01
1.585875152715370540e+01
1.585875152715370540e+01
1.585875152715370540e+01
1.585875152715370540e+01
1.585875152715370540e+01
1.585875152715370540e+01
1.585875152715370540e+01
1.585875152715370540e+01
1.589024858207070423e+01
1.589024858207070423e+01
1.589024858207070423e+01
1.589024858207070423e+01
1.589024858207070423e+01
1.589024858207070423e+01
1.589024858207070423e+01
1.589024858207070423e+01
1.589024858207070423e+01
1.589024858207070423e+01
1.589024858207070423e+01
1.589024858207070423e+01
1.589024858207070423e+01
1.589024858207070423e+01
1.589024858207070423e+01
1.589024858207070423e+01
1.589024858207070423e+01
1.589024858207070423e+01
1.589024858207070423e+01
1.589024858207070423e+01
1.589024858207070423e+01
1.589024858207070423e+01
1.589024858207070423e+01
1.589024858207070423e+01
1.589024858207070423e+01
1.589024858207070423e+01
1.589024858207070423e+01
1.589024858207070423e+01
1.589024858207070423e+01
1.589024858207070423e+01
1.589024858207070423e+01
1.589024858207070423e+01
1.592168332809065845e+01
1.592168332809065845e+01
1.592168332809065845e+01
1.592168332809065845e+01
1.592168332809065845e+01
1.592168332809065845e+01
1.592168332809065845e+01
1.592168332809065845e+01
1.592168332809065845e+01
1.592168332809065845e+01
1.592168332809065845e+01
1.592168332809065845e+01
1.592168332809065845e+01
1.592168332809065845e+01
1.592168332809065845e+01
1.592168332809065845e+01
1.592168332809065845e+01
1.592168332809065845e+01
1.592168332809065845e+01
1.592168332809065845e+01
1.592168332809065845e+01
1.592168332809065845e+01
1.592168332809065845e+01
1.592168332809065845e+01
1.592168332809065845e+01
1.592168332809065845e+01
1.592168332809065845e+01
1.592168332809065845e+01
1.592168332809065845e+01
1.592168332809065845e+01
1.592168332809065845e+01
1.592168332809065845e+01
1.598436736314578077e+01
1.598436736314578077e+01
1.598436736314578077e+01
1.598436736314578077e+01
1.598436736314578077e+01
1.598436736314578077e+01
1.598436736314578077e+01
1.598436736314578077e+01
1.598436736314578077e+01
1.598436736314578077e+01
1.598436736314578077e+01
1.598436736314578077e+01
1.598436736314578077e+01
1.598436736314578077e+01
1.598436736314578077e+01
1.598436736314578077e+01
1.601561737804696506e+01
1.601561737804696506e+01
1.601561737804696506e+01
1.601561737804696506e+01
1.601561737804696506e+01
1.601561737804696506e+01
1.601561737804696506e+01
1.601561737804696506e+01
1.607793519081352684e+01
1.607793519081352684e+01
1.607793519081352684e+01
1.607793519081352684e+01
1.607793519081352684e+01
1.607793519081352684e+01
1.607793519081352684e+01
1.607793519081352684e+01
1.607793519081352684e+01
1.607793519081352684e+01
1.607793519081352684e+01
1.607793519081352684e+01
1.607793519081352684e+01
1.607793519081352684e+01
1.607793519081352684e+01
1.607793519081352684e+01
1.610900369358701312e+01
1.610900369358701312e+01
1.610900369358701312e+01
1.610900369358701312e+01
1.610900369358701312e+01
1.610900369358701312e+01
1.610900369358701312e+01
1.610900369358701312e+01
1.617096162879622767e+01
1.617096162879622767e+01
1.617096162879622767e+01
1.617096162879622767e+01
1.617096162879622767e+01
1.617096162879622767e+01
1.617096162879622767e+01
1.617096162879622767e+01
1.617096162879622767e+01
1.617096162879622767e+01
1.617096162879622767e+01
1.617096162879622767e+01
1.617096162879622767e+01
1.617096162879622767e+01
1.617096162879622767e+01
1.617096162879622767e+01
1.617096162879622767e+01
1.617096162879622767e+01
1.617096162879622767e+01
1.617096162879622767e+01
1.617096162879622767e+01
1.617096162879622767e+01
1.617096162879622767e+01
1.617096162879622767e+01
1.620185174601964917e+01
1.620185174601964917e+01
1.620185174601964917e+01
1.620185174601964917e+01
1.620185174601964917e+01
1.620185174601964917e+01
1.620185174601964917e+01
1.620185174601964917e+01
1.620185174601964917e+01
1.620185174601964917e+01
1.620185174601964917e+01
1.620185174601964917e+01
1.620185174601964917e+01
1.620185174601964917e+01
1.620185174601964917e+01
1.620185174601964917e+01
1.620185174601964917e+01
1.620185174601964917e+01
1.620185174601964917e+01
1.620185174601964917e+01
1.620185174601964917e+01
1.620185174601964917e+01
1.620185174601964917e+01
1.620185174601964917e+01
1.623268308074792543e+01
1.623268308074792543e+01
1.623268308074792543e+01
1.623268308074792543e+01
1.623268308074792543e+01
1.623268308074792543e+01
1.623268308074792543e+01
1.623268308074792543e+01
1.623268308074792543e+01
1.623268308074792543e+01
1.623268308074792543e+01
1.623268308074792543e+01
1.623268308074792543e+01
1.623268308074792543e+01
1.623268308074792543e+01
1.623268308074792543e+01
1.626345596729059295e+01
1.626345596729059295e+01
1.626345596729059295e+01
1.626345596729059295e+01
1.626345596729059295e+01
1.626345596729059295e+01
1.626345596729059295e+01
1.626345596729059295e+01
1.626345596729059295e+01
1.626345596729059295e+01
1.626345596729059295e+01
1.626345596729059295e+01
1.626345596729059295e+01
1.626345596729059295e+01
1.626345596729059295e+01
1.626345596729059295e+01
1.626345596729059295e+01
1.629417073680032502e+01
1.629417073680032502e+01
1.629417073680032502e+01
1.629417073680032502e+01
1.629417073680032502e+01
1.629417073680032502e+01
1.629417073680032502e+01
1.629417073680032502e+01
1.629417073680032502e+01
1.629417073680032502e+01
1.629417073680032502e+01
1.629417073680032502e+01
1.629417073680032502e+01
1.629417073680032502e+01
1.629417073680032502e+01
1.629417073680032502e+01
1.629417073680032502e+01
1.629417073680032502e+01
1.632482771731450910e+01
1.632482771731450910e+01
1.632482771731450910e+01
1.632482771731450910e+01
1.632482771731450910e+01
1.632482771731450910e+01
1.632482771731450910e+01
1.632482771731450910e+01
1.632482771731450910e+01
1.632482771731450910e+01
1.632482771731450910e+01
1.632482771731450910e+01
1.632482771731450910e+01
1.632482771731450910e+01
1.632482771731450910e+01
1.632482771731450910e+01
1.635542723379612440e+01
1.635542723379612440e+01
1.635542723379612440e+01
1.635542723379612440e+01
1.635542723379612440e+01
1.635542723379612440e+01
1.635542723379612440e+01
1.635542723379612440e+01
1.635542723379612440e+01
1.635542723379612440e+01
1.635542723379612440e+01
1.635542723379612440e+01
1.635542723379612440e+01
1.635542723379612440e+01
1.635542723379612440e+01
1.635542723379612440e+01
1.635542723379612440e+01
1.635542723379612440e+01
1.635542723379612440e+01
1.635542723379612440e+01
1.635542723379612440e+01
1.635542723379612440e+01
1.635542723379612440e+01
1.635542723379612440e+01
1.638596960817394077e+01
1.638596960817394077e+01
1.638596960817394077e+01
1.638596960817394077e+01
1.638596960817394077e+01
1.638596960817394077e+01
1.638596960817394077e+01
1.638596960817394077e+01
1.638596960817394077e+01
1.638596960817394077e+01
1.641645515938200361e+01
1.641645515938200361e+01
1.641645515938200361e+01
1.641645515938200361e+01
1.641645515938200361e+01
1.641645515938200361e+01
1.641645515938200361e+01
1.641645515938200361e+01
1.641645515938200361e+01
1.641645515938200361e+01
1.641645515938200361e+01
1.641645515938200361e+01
1.641645515938200361e+01
1.641645515938200361e+01
1.641645515938200361e+01
1.641645515938200361e+01
1.647725705328408097e+01
1.647725705328408097e+01
1.647725705328408097e+01
1.647725705328408097e+01
1.647725705328408097e+01
1.647725705328408097e+01
1.647725705328408097e+01
1.647725705328408097e+01
1.653783540854122691e+01
1.653783540854122691e+01
1.653783540854122691e+01
1.653783540854122691e+01
1.653783540854122691e+01
1.653783540854122691e+01
1.653783540854122691e+01
1.653783540854122691e+01
1.653783540854122691e+01
1.653783540854122691e+01
1.653783540854122691e+01
1.653783540854122691e+01
1.653783540854122691e+01
1.653783540854122691e+01
1.653783540854122691e+01
1.653783540854122691e+01
1.653783540854122691e+01
1.653783540854122691e+01
1.653783540854122691e+01
1.653783540854122691e+01
1.653783540854122691e+01
1.653783540854122691e+01
1.653783540854122691e+01
1.653783540854122691e+01
1.653783540854122691e+01
1.653783540854122691e+01
1.656804152578089173e+01
1.656804152578089173e+01
1.656804152578089173e+01
1.656804152578089173e+01
1.656804152578089173e+01
1.656804152578089173e+01
1.656804152578089173e+01
1.656804152578089173e+01
1.668831926827863654e+01
1.668831926827863654e+01
1.668831926827863654e+01
1.668831926827863654e+01
1.668831926827863654e+01
1.668831926827863654e+01
1.668831926827863654e+01
1.668831926827863654e+01
1.674813422444422528e+01
1.674813422444422528e+01
1.674813422444422528e+01
1.674813422444422528e+01
1.674813422444422528e+01
1.674813422444422528e+01
1.674813422444422528e+01
1.674813422444422528e+01
1.674813422444422528e+01
1.674813422444422528e+01
1.677796173556251702e+01
1.677796173556251702e+01
1.677796173556251702e+01
1.677796173556251702e+01
1.677796173556251702e+01
1.677796173556251702e+01
1.677796173556251702e+01
1.677796173556251702e+01
1.677796173556251702e+01
1.677796173556251702e+01
1.677796173556251702e+01
1.677796173556251702e+01
1.677796173556251702e+01
1.677796173556251702e+01
1.677796173556251702e+01
1.677796173556251702e+01
1.680773631397160983e+01
1.680773631397160983e+01
1.680773631397160983e+01
1.680773631397160983e+01
1.680773631397160983e+01
1.680773631397160983e+01
1.680773631397160983e+01
1.680773631397160983e+01
1.680773631397160983e+01
1.680773631397160983e+01
1.680773631397160983e+01
1.680773631397160983e+01
1.680773631397160983e+01
1.680773631397160983e+01
1.680773631397160983e+01
1.680773631397160983e+01
1.683745824048273576e+01
1.683745824048273576e+01
1.683745824048273576e+01
1.683745824048273576e+01
1.683745824048273576e+01
1.683745824048273576e+01
1.683745824048273576e+01
1.683745824048273576e+01
1.683745824048273576e+01
1.683745824048273576e+01
1.683745824048273576e+01
1.683745824048273576e+01
1.683745824048273576e+01
1.683745824048273576e+01
1.683745824048273576e+01
1.683745824048273576e+01
1.683745824048273576e+01
1.683745824048273576e+01
1.683745824048273576e+01
1.683745824048273576e+01
1.683745824048273576e+01
1.683745824048273576e+01
1.683745824048273576e+01
1.683745824048273576e+01
1.686712779343299928e+01
1.686712779343299928e+01
1.686712779343299928e+01
1.686712779343299928e+01
1.686712779343299928e+01
1.686712779343299928e+01
1.686712779343299928e+01
1.686712779343299928e+01
1.689674524871580275e+01
1.689674524871580275e+01
1.689674524871580275e+01
1.689674524871580275e+01
1.689674524871580275e+01
1.689674524871580275e+01
1.689674524871580275e+01
1.689674524871580275e+01
1.692631087981075666e+01
1.692631087981075666e+01
1.692631087981075666e+01
1.692631087981075666e+01
1.692631087981075666e+01
1.692631087981075666e+01
1.692631087981075666e+01
1.692631087981075666e+01
1.695582495781317078e+01
1.695582495781317078e+01
1.695582495781317078e+01
1.695582495781317078e+01
1.695582495781317078e+01
1.695582495781317078e+01
1.695582495781317078e+01
1.695582495781317078e+01
1.695582495781317078e+01
1.695582495781317078e+01
1.695582495781317078e+01
1.695582495781317078e+01
1.695582495781317078e+01
1.695582495781317078e+01
1.695582495781317078e+01
1.695582495781317078e+01
1.698528775146303005e+01
1.698528775146303005e+01
1.698528775146303005e+01
1.698528775146303005e+01
1.698528775146303005e+01
1.698528775146303005e+01
1.698528775146303005e+01
1.698528775146303005e+01
1.701469952717355483e+01
1.701469952717355483e+01
1.707337107896387352e+01
1.707337107896387352e+01
1.707337107896387352e+01
1.707337107896387352e+01
1.707337107896387352e+01
1.707337107896387352e+01
1.707337107896387352e+01
1.707337107896387352e+01
1.719011343767108357e+01
1.719011343767108357e+01
1.719011343767108357e+01
1.719011343767108357e+01
1.719011343767108357e+01
1.719011343767108357e+01
1.719011343767108357e+01
1.719011343767108357e+01
1.733493582335971439e+01
1.733493582335971439e+01
1.733493582335971439e+01
1.733493582335971439e+01
1.733493582335971439e+01
1.733493582335971439e+01
1.733493582335971439e+01
1.733493582335971439e+01
1.733493582335971439e+01
1.733493582335971439e+01
1.733493582335971439e+01
1.733493582335971439e+01
1.733493582335971439e+01
1.733493582335971439e+01
1.733493582335971439e+01
1.733493582335971439e+01
1.733493582335971439e+01
1.733493582335971439e+01
1.736375535418533644e+01
1.736375535418533644e+01
1.736375535418533644e+01
1.736375535418533644e+01
1.736375535418533644e+01
1.736375535418533644e+01
1.736375535418533644e+01
1.736375535418533644e+01
1.736375535418533644e+01
1.736375535418533644e+01
1.736375535418533644e+01
1.736375535418533644e+01
1.736375535418533644e+01
1.736375535418533644e+01
1.736375535418533644e+01
1.736375535418533644e+01
1.742125139018434510e+01
1.742125139018434510e+01
1.742125139018434510e+01
1.742125139018434510e+01
1.742125139018434510e+01
1.742125139018434510e+01
1.742125139018434510e+01
1.742125139018434510e+01
1.742125139018434510e+01
1.742125139018434510e+01
1.742125139018434510e+01
1.742125139018434510e+01
1.742125139018434510e+01
1.742125139018434510e+01
1.742125139018434510e+01
1.742125139018434510e+01
1.742125139018434510e+01
1.742125139018434510e+01
1.742125139018434510e+01
1.742125139018434510e+01
1.742125139018434510e+01
1.742125139018434510e+01
1.742125139018434510e+01
1.742125139018434510e+01
1.744992836661514701e+01
1.744992836661514701e+01
1.744992836661514701e+01
1.744992836661514701e+01
1.744992836661514701e+01
1.744992836661514701e+01
1.744992836661514701e+01
1.744992836661514701e+01
1.750714140001159791e+01
1.750714140001159791e+01
1.750714140001159791e+01
1.750714140001159791e+01
1.750714140001159791e+01
1.750714140001159791e+01
1.750714140001159791e+01
1.750714140001159791e+01
1.759261208575918189e+01
1.759261208575918189e+01
1.759261208575918189e+01
1.759261208575918189e+01
1.759261208575918189e+01
1.759261208575918189e+01
1.759261208575918189e+01
1.759261208575918189e+01
1.770593120962577416e+01
1.770593120962577416e+01
1.790251378996815745e+01
1.790251378996815745e+01
1.790251378996815745e+01
1.790251378996815745e+01
1.790251378996815745e+01
1.790251378996815745e+01
1.790251378996815745e+01
1.790251378996815745e+01
1.793042107704110677e+01
1.793042107704110677e+01
1.793042107704110677e+01
1.793042107704110677e+01
1.793042107704110677e+01
1.793042107704110677e+01
1.793042107704110677e+01
1.793042107704110677e+01
1.793042107704110677e+01
1.793042107704110677e+01
1.793042107704110677e+01
1.793042107704110677e+01
1.793042107704110677e+01
1.793042107704110677e+01
1.793042107704110677e+01
1.793042107704110677e+01
1.795828499606797024e+01
1.795828499606797024e+01
1.795828499606797024e+01
1.795828499606797024e+01
1.795828499606797024e+01
1.795828499606797024e+01
1.795828499606797024e+01
1.795828499606797024e+01
1.798610574860494893e+01
1.798610574860494893e+01
1.798610574860494893e+01
1.798610574860494893e+01
1.798610574860494893e+01
1.798610574860494893e+01
1.798610574860494893e+01
1.798610574860494893e+01
1.804161855266871584e+01
1.804161855266871584e+01
1.804161855266871584e+01
1.804161855266871584e+01
1.804161855266871584e+01
1.804161855266871584e+01
1.804161855266871584e+01
1.804161855266871584e+01
1.812456896039185850e+01
1.812456896039185850e+01
1.847971861257632753e+01
1.847971861257632753e+01
1.847971861257632753e+01
1.847971861257632753e+01
1.847971861257632753e+01
1.847971861257632753e+01
1.847971861257632753e+01
1.847971861257632753e+01
1.850675552332174689e+01
1.850675552332174689e+01
1.850675552332174689e+01
1.850675552332174689e+01
1.850675552332174689e+01
1.850675552332174689e+01
1.850675552332174689e+01
1.850675552332174689e+01
1.853375299285063704e+01
1.853375299285063704e+01
1.853375299285063704e+01
1.853375299285063704e+01
1.853375299285063704e+01
1.853375299285063704e+01
1.853375299285063704e+01
1.853375299285063704e+01
1.858763029544110523e+01
1.858763029544110523e+01
1.906567596493761840e+01
1.906567596493761840e+01
1.906567596493761840e+01
1.906567596493761840e+01
1.906567596493761840e+01
1.906567596493761840e+01
1.906567596493761840e+01
1.906567596493761840e+01
1.909188309203678457e+01
1.909188309203678457e+01
1.963415391607185967e+01
1.963415391607185967e+01
